,category,name,price_value,quantity,dietary,origin,brand,variant,product
0,fruits-vegetables,France Legend Apple,5.9,700.0,,France,Legend,Legend,Apple
1,fruits-vegetables,Holland Potato (China),1.4,1000.0,,China,,,Holland Potato
2,fruits-vegetables,Malaysia Natural Fresh Japanese Cucumber,1.8,400.0,,Malaysia,Natural Fresh,Natural Fresh,Japanese Cucumber
3,fruits-vegetables,Fresh Blueberries,3.95,125.0,,,,Fresh Blueberries,
4,fruits-vegetables,Chef Red Onion - Large,1.7,700.0,,,Chef,Large,Red Onion
5,fruits-vegetables,Chef China Garlic - Pure White,2.85,500.0,,China,Chef,Pure White,Garlic
6,fruits-vegetables,Chef Yellow Onion - Large,2.2,700.0,,,Chef,Large,Yellow Onion
7,fruits-vegetables,Sumifru Philippines Banana,2.55,700.0,,Philippines,Sumifru,,Banana
8,fruits-vegetables,Simply Finest Xiao Bai Cai,1.95,300.0,,,Xiao Bai Cai,Simply Finest,
9,fruits-vegetables,Hokto Bunashimeiji Mushroom,1.7,125.0,,,Hokto,,Mushroom
10,fruits-vegetables,Pasar Japanese Cucumber,1.5,250.0,,Japan,Pasar,Cucumber,Cucumber
11,fruits-vegetables,Pasar Thailand Spring Onion,1.88,100.0,,Thailand,Pasar,,Spring Onion
12,fruits-vegetables,Simply Finest Round Spinach,1.95,300.0,,,,Simply Finest Round Spinach,
13,fruits-vegetables,Simply Finest Old Ginger,2.2,200.0,,,,Simply Finest Old Ginger,
14,fruits-vegetables,Pasar Red Chilli Padi,1.25,100.0,,,,,
15,fruits-vegetables,Hokto White Shimeji,1.7,125.0,,,Hokto,White Shimeji,
16,fruits-vegetables,Simply Finest French Bean,2.9,250.0,,France,Simply Finest,Simply Finest,Bean
17,fruits-vegetables,Simply Finest Lady Finger,2.2,250.0,,,Simply Finest,Simply Finest,Lady Finger
18,fruits-vegetables,Fresh Mini Thailand Watermelon,5.3,1200.0,,Thailand,Fresh Mini,Fresh Mini,Watermelon
19,fruits-vegetables,Pasar White Button Mushroom,3.5,200.0,,,Pasar,,White Button Mushroom
20,fruits-vegetables,Chef Shiitake Mushroom,2.56,250.0,,,Chef,,Shiitake Mushroom
21,fruits-vegetables,Simply Finest Long Bean,1.65,200.0,,,Simply Finest,Simply Finest,Long Bean
22,fruits-vegetables,Chef Nai Bai,1.35,200.0,,,Chef Nai Bai,,
23,fruits-vegetables,Premium Yellow Onion,2.42,700.0,,,,Premium Yellow Onion,
24,fruits-vegetables,Premium Red Onion,2.6,700.0,,,,Premium Red Onion,Premium Red Onion
25,fruits-vegetables,Pasar Long Bean,1.55,200.0,,,Pasar Long Bean,,
26,fruits-vegetables,ThyGrace Marketing Honey Cherry Tomato,2.45,200.0,,,ThyGrace Marketing,Honey,Cherry Tomato
27,fruits-vegetables,Pasar Mini Romaine,1.95,300.0,,,Pasar,Mini,Romaine
28,fruits-vegetables,Sakura Bean Sprouts,1.67,320.0,,,Sakura,Sakura,Bean Sprout
29,fruits-vegetables,Simply Finest Young Ginger,1.9,200.0,,,Simply Finest,Simply Finest,Young Ginger
30,fruits-vegetables,Pasar Baby Corn,1.38,100.0,,,,Baby Corn,Baby Corn
31,fruits-vegetables,Sumich Gourmet White Potatoes,3.3,1000.0,,,Sumich,Gourmet,White Potato
32,fruits-vegetables,Pasar French Bean,2.05,250.0,,France,Pasar,Bean,Bean
33,fruits-vegetables,Pasar Enoki Mushroom,1.45,300.0,,,Enoki,,Mushroom
34,fruits-vegetables,China Loose Garlic,2.95,500.0,,China,,Loose Garlic,Loose Garlic
35,fruits-vegetables,Chef China Old Garlic,1.6,200.0,,China,Chef,Old Garlic,Old Garlic
36,fruits-vegetables,Simply Finest Red Spinach,1.95,300.0,,,Simply Finest,,Spinach
37,fruits-vegetables,Pasar Lemon Grass,0.59,100.0,,,,,Lemon Grass
38,fruits-vegetables,Pasar Malaysia Young Ginger,1.5,200.0,,Malaysia,,Young Ginger,Young Ginger
39,fruits-vegetables,Pasar Local Celery (Daun Sup),1.65,100.0,,,Daun Sup,Daun Sup,Celery
40,fruits-vegetables,Pasar Green Chili,1.5,200.0,,,Pasar,Green Chili,Green Chili
41,fruits-vegetables,Chef Red Onion - Small,2.55,500.0,,,Chef,Small,Red Onion
42,fruits-vegetables,Pasar Red Chili,1.5,200.0,,,Pasar Red Chili,,
43,fruits-vegetables,Pasar Fresh Oyster Mushroom,1.75,150.0,,,Pasar Fresh Oyster Mushroom,,
44,fruits-vegetables,Pasar Baby Xiao Bai Cai,1.5,200.0,,,,,
45,fruits-vegetables,Pasar Red Onion,5.95,3000.0,,,,Red Onion,Red Onion
46,fruits-vegetables,Malaysia Green Capsicum,1.85,280.0,,Malaysia,,Green Capsicum,
47,fruits-vegetables,Kok Fah Baby Sweet Potato Leaves,1.6,200.0,,,Kok Fah,Baby Sweet Potato Leaves,Baby Sweet Potato Leaf
48,fruits-vegetables,Australian Strawberries,4.95,250.0,,Australia,,Strawberries,Strawberry
49,fruits-vegetables,Chef Chinese Spinach (Phuay Leng),1.45,200.0,,China,Chef,Phuay Leng,Spinach
50,fruits-vegetables,Agro Fresh Broccoli,2.55,280.0,,,Agro Fresh,Agro Fresh,Broccoli
51,fruits-vegetables,Berryworld South Africa Jumbo Blueberry,5.95,150.0,,South Africa,Berryworld,Jumbo Blueberry,
52,fruits-vegetables,Donut Peach,5.45,500.0,,,,Donut,Peach
53,fruits-vegetables,China Shanghai Green Baby,2.03,300.0,,China,Shanghai Green Baby,,
54,fruits-vegetables,Pasar Iceberg Lettuce,2.18,400.0,,,Pasar,Iceberg Lettuce,Iceberg Lettuce
55,fruits-vegetables,Sunkist Australia Delite Mandarin,4.45,400.0,,Australia,Sunkist,Delite,
56,fruits-vegetables,Pasar Longan,5.25,850.0,,,,,
57,fruits-vegetables,Pasar Bean Sprout,0.95,200.0,,,Pasar,,Bean Sprout
58,fruits-vegetables,CGPL South Africa Lemon,2.85,750.0,,South Africa,CGPL,,Lemon
59,fruits-vegetables,Yuan Zhen Yuan Tomato,2.8,500.0,,,Yuan Zhen Yuan,Yuan Zhen Yuan,Tomato
60,fruits-vegetables,Fresh Corindi Australia Super Jumbo Blueberries,12.95,200.0,,Australia,Fresh Corindi,Super Jumbo,Blueberry
61,fruits-vegetables,Sumich Fresh Carrots,0.95,500.0,,,Sumich,Fresh Carrots,Fresh Carrot
62,fruits-vegetables,FairPrice Frozen Edamame Salted Soy Beans,3.15,500.0,,,FairPrice,Salted Soy Beans,Frozen Edamame
63,fruits-vegetables,Chef Yau Mak Chye,1.32,200.0,,,Chef Yau Mak Chye,,
64,fruits-vegetables,Pasar Chinese Parsley,1.2,50.0,,China,Pasar,Parsley,Parsley
65,fruits-vegetables,Agro Fresh Old Ginger,1.98,210.0,,,Agro Fresh,Old Ginger,
66,fruits-vegetables,Kok Fah Fresh Vegetable - Baby Spinach,1.6,200.0,,,Kok Fah,Baby Spinach,Fresh Vegetable
67,fruits-vegetables,Maoxiong King Oyster Mushroom,1.5,250.0,,,,Maoxiong King Oyster Mushroom,Maoxiong King Oyster Mushroom
68,fruits-vegetables,Pasar Seedless Guava,3.0,600.0,,,,Pasar Seedless Guava,
69,fruits-vegetables,Chef Hong Kong Chye Sim,1.16,200.0,,Hong Kong,Chef Chye Sim,Chef Chye Sim,
70,fruits-vegetables,Yuan Zhen Yuan Premium Australian Carrot,2.95,1000.0,,Australia,Yuan Zhen Yuan,Premium Carrot,
71,fruits-vegetables,Pasar Royal Gala Apples,3.95,800.0,,,Royal Gala,Royal Gala,Apple
72,fruits-vegetables,Botak Farmer Tempeh,1.6,170.0,,,Botak Farmer,,Tempeh
73,fruits-vegetables,Pasar Thai Chinese Parsley,1.48,50.0,,Thailand,Pasar,Chinese,Parsley
74,fruits-vegetables,South Africa Candy Apple,1.95,500.0,,South Africa,,Candy Apple,
75,fruits-vegetables,Yuan Zhen Yuan Australian Broccoli,3.6,300.0,,Australia,Yuan Zhen Yuan,Broccoli,Broccoli
76,fruits-vegetables,Italy Red Pop Apple,5.95,700.0,,Italy,Red Pop Apple,Red Pop Apple,Red Pop Apple
77,fruits-vegetables,Agro Fresh Lotus Root,3.25,400.0,,,Agro Fresh,,Lotus Root
78,fruits-vegetables,Simply Finest Red Chilli,1.5,150.0,,,Simply Finest,,Red Chilli
79,fruits-vegetables,Nature's Best Brastagi Potatoes - Granola (Washed),4.1,1000.0,,,Nature's Best,Washed,Brastagi
80,fruits-vegetables,Agro Fresh Indian Lady Finger,2.35,260.0,,India,Agro Fresh,Lady Finger,Lady Finger
81,fruits-vegetables,FairPrice Frozen Edamame Unsalted,3.15,500.0,,,FairPrice,Unsalted,Frozen Edamame
82,fruits-vegetables,Chef Hong Kong Kailan,1.16,200.0,,Hong Kong,Chef Kailan,,
83,fruits-vegetables,Driscoll's Raspberries,6.95,125.0,,,Driscoll,,Raspberry
84,fruits-vegetables,Agro Fresh Indonesia Potato,2.68,1000.0,,Indonesia,Agro Fresh,,Potato
85,fruits-vegetables,Simply Finest Small Lime,1.7,250.0,,,Simply Finest,Simply Finest,Small Lime
86,fruits-vegetables,Pasar Thai Seedless Guava,5.5,950.0,,Thailand,Pasar,Seedless Guava,Seedless Guava
87,fruits-vegetables,Pasar Pandan Leaves,0.47,100.0,,,,,
88,fruits-vegetables,Ping Pong Tomato - Red Honey,2.75,250.0,,,Ping Pong,Red Honey,Tomato
89,fruits-vegetables,Pears Bonanza Australia Packham Pear,4.95,800.0,,Australia,Bonanza,Packham,Pear
90,fruits-vegetables,Pasar Swiss Brown Mushroom,4.2,200.0,,Switzerland,Pasar,Brown Mushroom,Brown Mushroom
91,fruits-vegetables,Simply Finest Baby Spinach,2.0,300.0,,,Simply Finest,Simply Finest,Baby Spinach
92,fruits-vegetables,Pasar Australia Mandarin,6.9,900.0,,Australia,Mandarin,Mandarin,
93,fruits-vegetables,South Africa Cara Cara Orange,3.95,800.0,,South Africa,Cara,Orange,
94,fruits-vegetables,Yuan Zhen Yuan Cauliflower China,3.3,500.0,,China,Yuan Zhen Yuan,Yuan Zhen Yuan,Cauliflower
95,fruits-vegetables,Simply Finest Large Lime,1.7,250.0,,,Simply Finest,Simply Finest,Large Lime
96,fruits-vegetables,Pasar Chilli Padi - Green,1.8,100.0,,,Pasar Chilli Padi,Green,
97,fruits-vegetables,China Enoki Mushroom,0.65,200.0,,China,,,Enoki Mushroom
98,fruits-vegetables,Sunkist Australia Premium Sweet Oranges,7.95,800.0,,Australia,Sunkist,Premium Sweet Oranges,Premium Sweet Orange
99,fruits-vegetables,Italy Joya Apple,2.95,700.0,,Italy,Joya,,Apple
100,fruits-vegetables,Sustenir Supreme Spinach,4.6,100.0,,,Sustenir,Supreme,Spinach
101,fruits-vegetables,Pasar Indonesia Water Cress,1.65,200.0,,Indonesia,,Water Cress,Water Cress
102,fruits-vegetables,Sunkist Australia Navel Orange,6.9,800.0,,Australia,Sunkist,Navel Orange,Navel Orange
103,fruits-vegetables,Agro Fresh Indian Fresh coriander leaves,2.4,75.0,,India,Agro Fresh,Fresh coriander leaves,Fresh coriander leaf
104,fruits-vegetables,Berryfield Whole Frozen Blueberries,23.9,1000.0,,,Berryfield,Whole,Blueberry
105,fruits-vegetables,Simply Finest Baby Cai Xin,2.2,300.0,,,Simply Finest,Baby Cai Xin,
106,fruits-vegetables,Agro Fresh Indian Small Red Onion,1.95,200.0,,India,Agro Fresh,,Small Red Onion
107,fruits-vegetables,FairPrice Frozen Fresh Mixed Vegetables,4.74,1000.0,,,FairPrice,Frozen Fresh Mixed Vegetables,Frozen Fresh Mixed Vegetable
108,fruits-vegetables,Salustiana Orange,4.9,800.0,,,Salustiana,,Orange
109,fruits-vegetables,New Zealand Queen Apple,6.9,700.0,,New Zealand,,Queen Apple,Queen Apple
110,fruits-vegetables,Go Fresh Baby Spinach,2.5,300.0,,,Go Fresh,Baby Spinach,Baby Spinach
111,fruits-vegetables,Go Fresh Japanese Green,1.48,250.0,,Japan,Go Fresh,Green,
112,fruits-vegetables,Simply Finest Lemon Grass,2.2,200.0,,,Simply Finest,Simply Finest,Lemon Grass
113,fruits-vegetables,Crunchy Fresh Cherry Tomato - Grape,3.25,350.0,,,,- Grape,
114,fruits-vegetables,Premium Shine Muscat Korea Grape,12.95,450.0,,South Korea,,Premium Shine Muscat Grape,
115,fruits-vegetables,Agro Fresh Shatang Mini Mandarin Orange,3.98,520.0,,,Agro Fresh,Shatang,Mini Mandarin Orange
116,fruits-vegetables,FairPrice Frozen Fresh Garden Peas,4.74,1000.0,,,FairPrice,Frozen Fresh,Garden Pea
117,fruits-vegetables,Fresh Shallot (Prepacked),1.98,140.0,,,,Prepacked,Fresh Shallot
118,fruits-vegetables,Yuan Zhen Yuan WaWa Cai,2.2,250.0,,,Yuan Zhen,Yuan Zhen,
119,fruits-vegetables,Yuan Zhen Yuan Eggplant Round,2.9,500.0,,,Yuan Zhen Yuan,Round,Eggplant
120,fruits-vegetables,Agro Fresh Red Beetroot,2.8,500.0,,,Agro Fresh,Red,Beetroot
121,fruits-vegetables,Wa Wa Chye Baby Wongbok,2.1,250.0,,,Wa Wa Chye,Baby Wongbok,
122,fruits-vegetables,Yuan Zhen Yuan Xiao Bai Cai,1.55,220.0,,,Yuan Zhen,Yuan Xiao,
123,fruits-vegetables,Simply Finest Cai Xin Hua,1.95,300.0,,,Cai Xin Hua,Simply Finest,
124,fruits-vegetables,Pasar Cherry Tomato,3.5,500.0,,,Pasar,,Cherry Tomato
125,fruits-vegetables,Pasar Sweet Beans,1.4,150.0,,,Sweet Beans,Sweet Beans,
126,fruits-vegetables,China Baby Chye Sim,1.35,200.0,,China,Baby Chye Sim,Baby Chye Sim,
127,fruits-vegetables,China Baby Kai Lan,1.35,200.0,,China,Baby Kai Lan,Baby Kai Lan,
128,fruits-vegetables,China Winter Date,3.95,350.0,,China,,Winter Date,
129,fruits-vegetables,Driscoll's China Strawberry,14.95,330.0,,China,Driscoll,,Strawberry
130,fruits-vegetables,Agro Fresh Local Cucumber,2.35,500.0,,,Agro Fresh,Local,Cucumber
131,fruits-vegetables,Pasar Asparagus Fine,2.7,100.0,,,Pasar,Fine,Asparagus
132,fruits-vegetables,Yuan Zhen Yuan Cabbage Wongbok China,5.95,1500.0,,China,Yuan Zhen Yuan,Wongbok,Cabbage
133,fruits-vegetables,Watties Frozen Sweet Corn,5.5,500.0,Halal,,Watties,Frozen Sweet Corn,Frozen Sweet Corn
134,fruits-vegetables,Agro Fresh Indian Red Onion Bag,5.95,3000.0,,India,Agro Fresh,Red Onion Bag,Red Onion Bag
135,fruits-vegetables,Agro Fresh Old Cucumber,3.65,600.0,,,Agro Fresh,Old Cucumber,Old Cucumber
136,fruits-vegetables,Simply Finest Baby Bittergourd,1.5,250.0,,,Simply Finest,Simply Finest,Baby Bittergourd
137,fruits-vegetables,Agro Fresh  China Carrot,1.2,600.0,,China,Agro Fresh,,Carrot
138,fruits-vegetables,Pasar Candy Sweet Corn,2.5,330.0,,,Pasar Candy,Sweet Corn,Sweet Corn
139,fruits-vegetables,Pasar Cai Sim,1.03,220.0,,,,,
140,fruits-vegetables,Yuan Zhen Yuan Baby Kai Lan,2.2,200.0,,,Yuan Zhen,Baby,
141,fruits-vegetables,Kangaringa Australia Potatoes - White,4.35,1000.0,,Australia,Kangaringa,White,Potato
142,fruits-vegetables,Crunchy Fresh Lollo Bionda Lettuce,2.55,120.0,,,Bionda,Crunchy Fresh,Lettuce
143,fruits-vegetables,JJ Fresh Indonesia Japanese Sweet Potato,2.85,750.0,,Indonesia,JJ Fresh,Japanese Sweet Potato,Japanese Sweet Potato
144,fruits-vegetables,Yili Farm Kang Kong,2.28,300.0,,,Yili Farm,,
145,fruits-vegetables,USA Sweet Sapphire Grapes,8.95,500.0,,USA,Sweet Sapphire,Sweet Sapphire,Grape
146,fruits-vegetables,FairPrice Frozen Fresh Corn Kernel,5.14,1000.0,,,FairPrice,Frozen Fresh Corn Kernel,Frozen Fresh Corn Kernel
147,fruits-vegetables,Defu Fresh Peeled Garlic,4.95,500.0,,,Defu,Fresh Peeled Garlic,Fresh Peeled Garlic
148,fruits-vegetables,Fungo Mushrooms - Sliced Shiitake,2.35,150.0,,,,Sliced Shiitake,Fungo Mushroom
149,fruits-vegetables,Pasar Thailand Mini Cucumber,2.95,500.0,,Thailand,Pasar,Mini Cucumber,Mini Cucumber
150,fruits-vegetables,Yili Farm Xiao Bai Cai,2.28,200.0,,,Yili Farm,Xiao Bai Cai,
151,fruits-vegetables,JJ  Fresh Indonesia Purple Sweet Potato,2.85,750.0,,Indonesia,JJ Fresh,Purple Sweet Potato,Purple Sweet Potato
152,fruits-vegetables,Agro Fresh Indian Red Onion,1.88,600.0,,India,Agro Fresh,Red Onion,Red Onion
153,fruits-vegetables,Berryfield Whole Frozen Strawberries,23.9,1000.0,,,Berryfield,Whole Frozen Strawberries,Whole Frozen Strawberry
154,fruits-vegetables,Yuan Zhen Yuan Australian Celery,4.3,750.0,,Australia,Yuan Zhen Yuan,Yuan Zhen Yuan,Celery
155,fruits-vegetables,China White Crab Mushroom,0.95,150.0,,China,White Crab,White Crab,Mushroom
156,fruits-vegetables,Packham Pears,4.1,800.0,,,Packham,,Pear
157,fruits-vegetables,Sustenir Bold Bites,3.95,100.0,,,Sustenir,Bold Bites,
158,fruits-vegetables,Sustenir Rebel Rocket,4.6,100.0,,,Sustenir,Rebel Rocket,
159,fruits-vegetables,"Agro Fresh Hairy Gourd (Marrow, Fuzzy Squash)",2.98,550.0,,,Agro Fresh,Fuzzy Squash,Hairy Gourd
160,fruits-vegetables,Simply Finest Fresh Basil,1.65,30.0,,,Simply Finest,Simply Finest,Fresh Basil
161,fruits-vegetables,Berryfield Whole Frozen Gold Mango,23.9,1000.0,,,Berryfield,Whole Frozen Gold Mango,Whole Frozen Gold Mango
162,fruits-vegetables,Vitor Australia High Brix Navel Oranges,5.95,800.0,,Australia,Vitor,High Brix,Navel Orange
163,fruits-vegetables,Yuan Zhen Yuan Baby Chye Sim,2.2,200.0,,,Yuan Zhen Yuan,Baby Chye Sim,
164,fruits-vegetables,Blush Medley Grape Tomato,5.0,200.0,,,,Blush Medley,Grape Tomato
165,fruits-vegetables,SunnyFarm Boiled Broccoli - Frozen,3.8,1000.0,,,SunnyFarm,Frozen,Broccoli
166,fruits-vegetables,ZENXIN Organic Blueberries,6.9,125.0,Organic,,ZENXIN,Organic,Blueberry
167,fruits-vegetables,Eloasis Mini King Oyster Mushroom,3.9,300.0,,,Eloasis,Mini King Oyster Mushroom,Mini King Oyster Mushroom
168,fruits-vegetables,Yuan Zhen Yuan Romaine Lettuce,3.85,500.0,,,Yuan Zhen Yuan,Romaine Lettuce,Romaine Lettuce
169,fruits-vegetables,Simply Finest Cherry Tomato Shaker,4.95,250.0,,,Simply Finest,Simply Finest,Cherry Tomato Shaker
170,fruits-vegetables,Agro Fresh Australian Yellow Onion,2.8,1000.0,,Australia,Agro Fresh,Yellow Onion,Yellow Onion
171,fruits-vegetables,Agro Fresh Green Seedless Large Lime,1.95,200.0,,,Agro Fresh,Green Seedless,Large Lime
172,fruits-vegetables,Zespri New Zealand Kiwifruit - SunGold (Organic),9.55,575.0,Organic,New Zealand,Zespri,Organic,Kiwifruit
173,fruits-vegetables,Watties Frozen Baby Peas,8.1,750.0,,,Watties,Frozen Baby Peas,Frozen Baby Pea
174,fruits-vegetables,Yuan Zhen Yuan Leek Japan,2.9,300.0,,Japan,Yuan Zhen Yuan,Yuan Zhen Yuan,Leek
175,fruits-vegetables,Yuan Zhen Yuan Lady Finger,1.65,200.0,,,Yuan Zhen Yuan,Lady Finger,Lady Finger
176,fruits-vegetables,P&L Fresh Pea Sprouts - Dou Miao,2.55,150.0,,,Dou Miao,Dou Miao,Fresh Pea Sprout
177,fruits-vegetables,Crunchy Fresh Japanese Cucumber,2.5,330.0,,Japan,,Crunchy Fresh Cucumber,
178,fruits-vegetables,Yuan Zhen Yuan Spring Onion,3.5,250.0,,,Yuan Zhen Yuan,Yuan Zhen Yuan,Spring Onion
179,fruits-vegetables,Yuan Zhen Yuan Watercress,2.95,200.0,,,Yuan Zhen Yuan,Yuan Zhen Yuan,Watercress
180,fruits-vegetables,Pasar October Sun Plum,8.95,600.0,,,October Sun,Plum,Plum
181,fruits-vegetables,Sustenir Kinky Kale,4.6,100.0,,,Sustenir,Kinky Kale,
182,fruits-vegetables,SunnyFarm Edamame Beans,3.3,500.0,,,SunnyFarm,,Edamame Bean
183,fruits-vegetables,Simply Finest Endives,1.75,300.0,,,Simply Finest,Simply Finest,Endive
184,fruits-vegetables,Pasar Snow Peas,1.4,150.0,,,Pasar,Snow Peas,Snow Pea
185,fruits-vegetables,Blush Sweet Delights Premium Snacking Tomatoes,5.0,200.0,,,Blush Sweet Delights,Blush Sweet Delights,Premium Snacking Tomato
186,fruits-vegetables,Altar Produce Mexico Asparagus,6.0,250.0,,Mexico,Altar Produce,,Asparagus
187,fruits-vegetables,Taiwan Pink Guava,4.25,600.0,,Taiwan,,Pink Guava,Pink Guava
188,fruits-vegetables,Sustenir Love Lettuce,3.95,100.0,,,Sustenir,Love,Lettuce
189,fruits-vegetables,Wattie's Rainbow Mix,7.55,700.0,,,Wattie,Rainbow Mix,
190,fruits-vegetables,JJ  Fresh Indonesia Red Sweet Potato,2.85,750.0,,Indonesia,JJ Fresh,Red Sweet Potato,Red Sweet Potato
191,fruits-vegetables,Pasar Black Plum,7.95,600.0,,,Pasar Black Plum,Pasar Black Plum,
192,fruits-vegetables,Snackables Snack Fresh Carrots,4.95,250.0,,,Snackables,Snackables,Carrot
193,fruits-vegetables,Zespri New Zealand Organic Green Kiwi,5.95,575.0,Organic,New Zealand,Zespri,Organic Green Kiwi,Organic Green Kiwi
194,fruits-vegetables,Sustenir Fragrant Fusion,3.95,100.0,,,Sustenir,Fragrant Fusion,
195,fruits-vegetables,Hokto Maitake Mushroom,1.7,100.0,,,,Hokto Maitake Mushroom,Hokto Maitake Mushroom
196,fruits-vegetables,Yuan Zhen Yuan Yellow Cherry Tomato,2.95,320.0,,,Yuan Zhen Yuan,Yellow Cherry Tomato,Yellow Cherry Tomato
197,fruits-vegetables,Malaysia Rambutan,3.75,800.0,,Malaysia,,,Rambutan
198,fruits-vegetables,Churo Edamame SoyBeans without Shell (Frozen),3.1,500.0,,,Churo Edamame,Frozen,Churo Edamame
199,fruits-vegetables,Aroi Coco Thai Pre-Cut Coconut,3.95,650.0,,Thailand,Aroi Coco,Pre-Cut Coconut,Pre-Cut Coconut
200,fruits-vegetables,Pasar Potato,4.95,3000.0,,,,,Potato
201,fruits-vegetables,Yuan Zhen Yuan Japanese Pumpkin Seg Cut,5.95,1000.0,,Japan,Yuan Zhen Yuan,Seg Cut,Pumpkin
202,fruits-vegetables,Ban Choon Sweet Mini Peppers,6.75,500.0,,,Ban Choon,,Sweet Mini Pepper
203,fruits-vegetables,Agro Fresh Pisang Mas Banana,3.4,600.0,,,Agro Fresh,Pisang Mas,Banana
204,fruits-vegetables,Pasar Curry Leaf,1.7,100.0,,,,Pasar Curry Leaf,
205,fruits-vegetables,China Baby Yau Mak Chye,1.4,200.0,,China,Baby Yau Mak Chye,Baby Yau Mak Chye,
206,fruits-vegetables,ZENXIN Organic Australia Carrot,5.8,400.0,Organic,Australia,ZENXIN,Organic,Carrot
207,fruits-vegetables,Simply Finest English Parsley,1.79,50.0,,England,,Simply Finest Parsley,
208,fruits-vegetables,Pasar Portobello Mushroom - Mini,4.9,200.0,,,Pasar,Mini,Portobello Mushroom
209,fruits-vegetables,Yuan Zhen Yuan Japanese Green,3.33,500.0,,Japan,Yuan Zhen Yuan,Green,Green
210,fruits-vegetables,Agro Fresh Holland Snow Peas,1.75,130.0,,Netherlands,Agro Fresh,,Snow Pea
211,fruits-vegetables,Pasar Malaysia Tango (Tonghoe),3.0,220.0,,Malaysia,,,
212,fruits-vegetables,Petit Sweet Cherry Tomato On Vine,7.1,200.0,,,,On Vine,Petit Sweet Cherry Tomato
213,fruits-vegetables,ZENXIN Organic Carrot,5.3,400.0,Organic,,ZENXIN,Organic,Carrot
214,fruits-vegetables,Yuan Zhen Yuan Garlic Peeled,2.2,200.0,,,Yuan Zhen Yuan,Peeled,Garlic
215,fruits-vegetables,ZENXIN Organic Banana,3.49,500.0,Organic,,ZENXIN,Organic,Banana
216,fruits-vegetables,Naturipe USA Blueberries,10.95,310.0,,USA,Naturipe,,Blueberry
217,fruits-vegetables,Korean Kyoho Grapes,10.95,450.0,,South Korea,Kyoho,Kyoho,Grape
218,fruits-vegetables,Pasar USA Red Plum,7.95,600.0,,USA,Red Plum,Red Plum,
219,fruits-vegetables,Yuan Zhen Yuan Yellow Capsicum,2.5,200.0,,,Yuan Zhen Yuan,Yellow Capsicum,Yellow Capsicum
220,fruits-vegetables,Agro Fresh Turmeric Fresh Root ( Yellow Ginger),1.78,75.0,,,Agro Fresh,Yellow Ginger,Turmeric
221,fruits-vegetables,ZENXIN Organic Siew Pak Choy,3.1,200.0,Organic,,ZENXIN,Organic,Siew Pak Choy
222,fruits-vegetables,ZENXIN Organic Coconut,1.99,800.0,Organic,,ZENXIN,Organic,Coconut
223,fruits-vegetables,Yuan Zhen Yuan Yu Mak Chye,3.5,500.0,,,Yuan Zhen,Yuan Zhen,
224,fruits-vegetables,Eloasis Mixed Mushroom Combo,4.0,200.0,,,Eloasis,Mixed Mushroom Combo,Mixed Mushroom Combo
225,fruits-vegetables,Hydrogreen SG Kai Lan,3.35,200.0,,,Kai Lan,Hydrogreen SG,
226,fruits-vegetables,Kangaringa Australia Potatoes - Red,4.35,1000.0,,Australia,Kangaringa,Red,Potato
227,fruits-vegetables,Yuan Zhen Yuan Fine Bean,3.3,250.0,,,Yuan Zhen Yuan,Fine Bean,
228,fruits-vegetables,Yuan Zhen Yuan Japan Cabbage Half Cut,4.9,400.0,,Japan,Yuan Zhen Yuan,Half Cut,Cabbage
229,fruits-vegetables,Kim Yan Cordyceps Militaris,3.0,120.0,,,Kim Yan,,Cordyceps Militaris
230,fruits-vegetables,Churo Spinach,5.1,1000.0,,,,Churo,Spinach
231,fruits-vegetables,Yuan Zhen Yuan Long Bean,2.3,200.0,,,Yuan Zhen,Yuan Long Bean,Yuan Long Bean
232,fruits-vegetables,SunnyFarm Pumpkin Diced,4.95,1000.0,,,SunnyFarm,Diced,Pumpkin
233,fruits-vegetables,Churo Frozen Cut Pumpkin,3.88,1000.0,,,Churo,Frozen Cut Pumpkin,Frozen Cut Pumpkin
234,fruits-vegetables,ZENXIN Organic Chinese Cabbage,6.45,600.0,Organic,China,ZENXIN,Organic,Cabbage
235,fruits-vegetables,Turkey Black Figs,5.95,200.0,,Turkey,,Black Figs,Black Fig
236,fruits-vegetables,Yuan Zhen Yuan Spinach Puay Leng,4.5,500.0,,,Yuan Zhen Yuan,Puay Leng,Spinach
237,fruits-vegetables,Hydrogreen SG Coco Lettuce,3.15,100.0,,,Hydrogreen,Coco,Lettuce
238,fruits-vegetables,Hydrogreen SG Komatsuna,3.35,200.0,,,Hydrogreen,SG,Komatsuna
239,fruits-vegetables,Pasar Blue Ginger Galangal,1.15,200.0,,,Pasar,Blue Ginger,Galangal
240,fruits-vegetables,Yuan Zhen Yuan Mushroom White Button,3.45,200.0,,,Yuan Zhen Yuan,White Button,Mushroom
241,fruits-vegetables,Agro Fresh Egypt Valencia Orange,3.5,600.0,,Egypt,Agro Fresh,Valencia Orange,Valencia Orange
242,fruits-vegetables,Champ Fungi Mushrooms - Sliced White Button,3.2,125.0,,,Champ,Sliced White Button,Mushroom
243,fruits-vegetables,Churo Sweet Corn Kernels (Ready To Cook),2.9,500.0,,,Churo,Ready To Cook,Sweet Corn Kernel
244,fruits-vegetables,Pasar Baby Bittergourd,1.45,250.0,,,,Baby Bittergourd,Baby Bittergourd
245,fruits-vegetables,Yuan Zhen Yuan Mint Leaf,3.3,100.0,,,Yuan Zhen Yuan,Yuan Zhen Yuan,Mint Leaf
246,fruits-vegetables,Simply Finest Lime Leaf,2.3,100.0,,,Simply Finest,Simply Finest,Lime Leaf
247,fruits-vegetables,ZENXIN Organic Lady's Finger/ Okra,2.9,150.0,Organic,,ZENXIN,Organic Lady's Finger/ Okra,
248,fruits-vegetables,Yuan Zhen Yuan Beetroot,3.8,800.0,,,Yuan Zhen Yuan,Yuan Zhen Yuan,Beetroot
249,fruits-vegetables,Yuan Zhen Yuan Zucchini Green,4.8,600.0,,,Yuan Zhen Yuan,Green,Zucchini
250,fruits-vegetables,Simply Finest Tang Oh,3.23,200.0,,,Tang Oh,Simply Finest,
251,fruits-vegetables,Simply Finest Laksa Leaf,0.9,50.0,,,Simply Finest,Simply Finest,Laksa Leaf
252,fruits-vegetables,ZENXIN Organic Sweet Potato Leaf,2.7,200.0,Organic,,ZENXIN,Organic Sweet Potato Leaf,Organic Sweet Potato Leaf
253,fruits-vegetables,Pasar Thailand Asparagus,4.4,250.0,,Thailand,Pasar,,Asparagus
254,fruits-vegetables,Churo Diced Carrot,3.7,1000.0,,,Churo,Diced Carrot,Diced Carrot
255,fruits-vegetables,Yuan Zhen Yuan Highlands Chye Sim,2.4,300.0,,,Yuan Zhen Yuan Highlands,Chye Sim,
256,fruits-vegetables,SunnyFarm Corn Kernel,3.95,1000.0,,,SunnyFarm,Corn Kernel,Corn Kernel
257,fruits-vegetables,Yuan Zhen Yuan Brussels Sprout,4.75,250.0,,,Yuan Zhen Yuan,Yuan Zhen Yuan,Brussels Sprout
258,fruits-vegetables,Sunnyfarm Mixed Vegetable,4.45,1000.0,,,Sunnyfarm,Mixed Vegetable,Mixed Vegetable
259,fruits-vegetables,ZENXIN Organic Baby Spinach,6.95,125.0,Organic,,ZENXIN,Organic,Baby Spinach
260,fruits-vegetables,YayaPapaya Guava,4.65,500.0,,,YayaPapaya,YayaPapaya,Guava
261,fruits-vegetables,China Chives,1.95,200.0,,China,,Chives,Chive
262,fruits-vegetables,P&L Fresh Golden Spring Mushroom,3.3,120.0,,,P&L,Fresh Golden Spring Mushroom,Fresh Golden Spring Mushroom
263,fruits-vegetables,Blush Sampari Cocktail Truss Tomatoes,6.2,250.0,,,Sampari,Blush,Tomato
264,fruits-vegetables,Australia Corella Pear,6.5,750.0,,Australia,,,Corella Pear
265,fruits-vegetables,Agro Fresh Green Raw Mango,2.85,400.0,,,Agro Fresh,Raw Mango,
266,fruits-vegetables,Pasar Malaysia Pearl Sweet Corn,2.7,330.0,,Malaysia,Pearl Sweet Corn,Pearl Sweet Corn,Pearl Sweet Corn
267,fruits-vegetables,OOB Organic Mixed Berries (Frozen),13.41,450.0,Organic,,,OOB,Organic Mixed Berry
268,fruits-vegetables,Yuan Zhen Yuan Australian Cauliflower,6.56,450.0,,Australia,Yuan Zhen Yuan,Yuan Zhen Yuan,Cauliflower
269,fruits-vegetables,Yuan Zhen Yuan Green Chilli,2.2,200.0,,,Yuan Zhen Yuan,Yuan Zhen Yuan,Green Chilli
270,fruits-vegetables,Agro Fresh Thai Green Papaya,2.8,400.0,,Thailand,Agro Fresh,Green Papaya,Green Papaya
271,fruits-vegetables,Yuan Zhen Yuan Butternut Pumpkin Seg Cut,5.34,500.0,,,Yuan Zhen Yuan,Seg Cut,Butternut Pumpkin
272,fruits-vegetables,Eloasis Premium Shiitake Mushroom,5.0,150.0,,,Eloasis,Premium Shiitake Mushroom,Premium Shiitake Mushroom
273,fruits-vegetables,Yuan Zhen Yuan Ginger Old,2.1,200.0,,,Yuan Zhen Yuan,Old,Ginger
274,fruits-vegetables,Thai Cut Phulae Pineapple,3.95,500.0,,Thailand,,Cut,Pineapple
275,fruits-vegetables,Pasar White Nectarine,10.95,900.0,,,Pasar,White Nectarine,White Nectarine
276,fruits-vegetables,Churo Brussels Sprouts - Frozen,5.95,1000.0,,,Churo,Frozen,Brussels Sprout
277,fruits-vegetables,Churo Frozen Mixed Vegetables,2.04,500.0,,,Churo,Frozen Mixed Vegetables,Frozen Mixed Vegetable
278,fruits-vegetables,SunnyFarm Spinach Leaf Balls,6.95,1000.0,,,SunnyFarm,Spinach Leaf Balls,
279,fruits-vegetables,ZENXIN Organic Golden Sweet Cherry Tomato,4.1,200.0,Organic,,ZENXIN,Organic Golden Sweet Cherry Tomato,Organic Golden Sweet Cherry Tomato
280,fruits-vegetables,Agro Fresh Xiao Bai Cai,1.95,250.0,,,Agro Fresh,Xiao Bai Cai,
281,fruits-vegetables,Thygrace Seedless Lime,3.1,360.0,,,,Thygrace Seedless Lime,
282,fruits-vegetables,Blush Sun Delights Golden Snacking Tomatoes,5.0,200.0,,,Blush Sun Delights,Blush Sun Delights,Golden Snacking Tomato
283,fruits-vegetables,Malaysia Mangosteen,3.95,800.0,,Malaysia,,,Mangosteen
284,fruits-vegetables,Yuan Zhen Yuan Australian Green Kale,7.9,300.0,,Australia,Yuan Zhen Yuan,Green Kale,Green Kale
285,fruits-vegetables,Pasar Local Lettuce,2.1,350.0,,,Pasar Local,Pasar Local,Lettuce
286,fruits-vegetables,Yuan Zhen Yuan Japanese Yam (Nagaimo Huai Shan),9.2,500.0,,Japan,Nagaimo Huai Shan,Nagaimo Huai Shan,Yam
287,fruits-vegetables,Yuan Zhen Yuan Indian Purple Brinjal,4.8,500.0,,India,Yuan Zhen Yuan,Purple Brinjal,Purple Brinjal
288,fruits-vegetables,Agro Fresh Indian Baby Yam,3.3,250.0,,India,Agro Fresh,Baby Yam,Baby Yam
289,fruits-vegetables,Koala Easy Peel Australia Navel Orange,6.95,1000.0,,Australia,Koala,Navel Orange,Navel Orange
290,fruits-vegetables,Churo Spinach Leaf Vegetable (Ready To Cook),2.9,500.0,,,Churo,Ready To Cook,Spinach Leaf Vegetable
291,fruits-vegetables,Yuan Zhen Yuan Lebanese Cucumber,5.5,1000.0,,Lebanon,Yuan Zhen Yuan,Cucumber,Cucumber
292,fruits-vegetables,ZENXIN Organic Broccoli,9.99,350.0,Organic,,ZENXIN,Organic,Broccoli
293,fruits-vegetables,Churo Ready To Cook Broccoli (Cut & Washed),4.05,1000.0,,,Churo,Cut & Washed,Broccoli
294,fruits-vegetables,"Agro Fresh Tapioca  Root( (Cassava,Ubi Kayu)",1.65,450.0,,,Agro Fresh,Ubi Kayu,Tapioca  Root
295,fruits-vegetables,Yuan Zhen Yuan Pea Shoots (Dou Miao),3.2,300.0,,,Dou Miao,Dou Miao,Pea Shoot
296,fruits-vegetables,Yuan Zhen Yuan Butterhead Lettuce,2.9,200.0,,,Yuan Zhen Yuan,Yuan Zhen Yuan,Butterhead Lettuce
297,fruits-vegetables,ZENXIN Organic Beetroot,5.6,350.0,Organic,,ZENXIN,Organic,Beetroot
298,fruits-vegetables,YayaPapaya Tangerines,6.5,1000.0,,,YayaPapaya,,Tangerine
299,fruits-vegetables,ZENXIN Organic Pumpkin,5.6,300.0,Organic,,ZENXIN,Organic,Pumpkin
300,fruits-vegetables,Yuan Zhen Yuan Enoki Mushroom Thailand,1.51,200.0,,Thailand,Yuan Zhen Yuan,,Enoki Mushroom
301,fruits-vegetables,Agro Fresh Mini Japanese Cucumber,3.88,500.0,,Japan,Agro Fresh,Mini Cucumber,Mini Cucumber
302,fruits-vegetables,P&L Fresh Golden Oyster Mushroom,3.3,130.0,,,P&L,Fresh Golden Oyster Mushroom,Fresh Golden Oyster Mushroom
303,fruits-vegetables,ZENXIN Organic Potato,5.3,400.0,Organic,,ZENXIN,Organic,Potato
304,fruits-vegetables,Pasar Malaysia Yellow Ginger (Kunyit),1.1,200.0,,Malaysia,,Kunyit,Yellow Ginger
305,fruits-vegetables,ZENXIN Organic Celery,8.95,400.0,Organic,,ZENXIN,Organic,Celery
306,fruits-vegetables,Pasar Thailand Asparagus (Grade A),8.8,500.0,,Thailand,Pasar,Grade A,Asparagus
307,fruits-vegetables,OOB Organic Blueberries | Frozen,15.23,450.0,Organic,,Organic,OOB,Blueberry
308,fruits-vegetables,Churo Frozen Cut Green Beans,4.12,1000.0,,,Churo,Frozen Cut Green Beans,Frozen Cut Green Bean
309,fruits-vegetables,ZENXIN Organic Baby Corn,3.2,140.0,Organic,,ZENXIN,Organic Baby Corn,Organic Baby Corn
310,fruits-vegetables,Pasar Thailand Banana Leaves,2.69,250.0,,Thailand,,Banana Leaves,Banana Leaf
311,fruits-vegetables,Yuan Zhen Yuan Petai,5.5,150.0,,,Yuan Zhen,Yuan Petai,
312,fruits-vegetables,ZENXIN Organic Mini Cos Lettuce,4.2,160.0,Organic,,ZENXIN,Organic Mini Cos Lettuce,Organic Mini Cos Lettuce
313,fruits-vegetables,ZENXIN Organic Japanese Cucumber,4.5,300.0,Organic,Japan,ZENXIN,Organic,Cucumber
314,fruits-vegetables,ZENXIN Organic Kailan,3.9,200.0,Organic,,ZENXIN,Organic,
315,fruits-vegetables,Agro Fresh  Peeled Big Red Onion - Vaccum Packed,3.6,500.0,,,Agro Fresh,Peeled,Big Red Onion
316,fruits-vegetables,Churo Cauliflower,3.71,1000.0,,,,Churo Cauliflower,Churo Cauliflower
317,fruits-vegetables,ZENXIN Organic Nai Pak,4.1,200.0,Organic,,ZENXIN,Organic,
318,fruits-vegetables,P&L Fresh Mushroom - Abalone,3.3,150.0,,,P&L,Abalone,Fresh Mushroom
319,fruits-vegetables,ZENXIN Organic New Zealand Spinach,3.0,200.0,Organic,New Zealand,ZENXIN,Organic Spinach,Organic Spinach
320,fruits-vegetables,Churo Diced Carrot,2.15,500.0,,,Churo,Diced Carrot,Diced Carrot
321,fruits-vegetables,ZENXIN Organic Japanese Sweet Choy Sum,3.0,200.0,Organic,Japan,ZENXIN,Organic Sweet Choy Sum,Organic Sweet Choy Sum
322,fruits-vegetables,Yong Kah Turmeric Leaves,1.0,50.0,,,Yong Kah,Yong Kah,Turmeric Leaf
323,fruits-vegetables,Yuan Zhen Yuan Shiitake Mushroom,2.2,200.0,,,Yuan Zhen Yuan,,Shiitake Mushroom
324,fruits-vegetables,ZENXIN Organic Long Beans,3.0,180.0,Organic,,ZENXIN,Organic Long Beans,Organic Long Bean
325,fruits-vegetables,Eloasis Oyster Mushroom,3.0,200.0,,,Eloasis,Eloasis,Oyster Mushroom
326,fruits-vegetables,Yuan Zhen Yuan Butternut Pumpkin,7.9,1000.0,,,Yuan Zhen Yuan,Yuan Zhen Yuan,Butternut Pumpkin
327,fruits-vegetables,Yuan Zhen Yuan Italian Parsley,3.5,30.0,,Italy,Yuan Zhen Yuan,Parsley,Parsley
328,fruits-vegetables,Catch Seafood Edamame Original,3.55,400.0,,,Catch,Original,Edamame
329,fruits-vegetables,ZENXIN Organic Romaine Cos Lettuce,3.4,200.0,Organic,,ZENXIN,Organic,Cos Lettuce
330,fruits-vegetables,Yuan Zhen Yuan English Parsley,1.65,50.0,,England,Yuan Zhen Yuan,,Parsley
331,fruits-vegetables,Churo Frozen Cut Potatoes,4.05,1000.0,,,Churo,Frozen Cut Potatoes,Frozen Cut Potato
332,fruits-vegetables,ZENXIN Organic Asparagus,6.95,170.0,Organic,,ZENXIN,Organic,Asparagus
333,fruits-vegetables,Yuan Zhen Yuan Australian Baby Broccoli (Calebrini),5.2,160.0,,Australia,Yuan Zhen Yuan,Calebrini,Baby Broccoli
334,fruits-vegetables,Churo Sweet Corn Kernels,4.14,1000.0,,,Churo,Sweet Corn Kernels,Sweet Corn Kernel
335,fruits-vegetables,YayaPapaya Longan,4.95,500.0,,,YayaPapaya,,Longan
336,fruits-vegetables,YayaPapaya Coconut Precut with Metal Spoon & Straw,3.65,500.0,,,YayaPapaya,Precut with Metal Spoon & Straw,Coconut
337,fruits-vegetables,ZENXIN Organic French Bean,4.1,170.0,Organic,France,ZENXIN,Organic,Bean
338,fruits-vegetables,ZENXIN Organic White Radish,2.7,300.0,Organic,,ZENXIN,Organic White Radish,
339,fruits-vegetables,Churo Wave Sliced Carrot (Frozen),2.88,1000.0,,,Churo Wave,Frozen,Sliced Carrot
340,fruits-vegetables,Agro Fresh Banana Leaf Slim Cut (Daun Pisang),1.98,100.0,,,Agro Fresh,Slim Cut,Daun Pisang
341,fruits-vegetables,OOB Organic Raspberries (Frozen),17.93,450.0,,,Organic,OOB,Raspberry
342,fruits-vegetables,ZENXIN Organic Baby Kailan,3.95,200.0,Organic,,ZENXIN,Organic Baby Kailan,
343,fruits-vegetables,Kin Yan Fresh Pink Oyster Mushroom,3.3,130.0,,,Kin Yan,Fresh Pink Oyster Mushroom,Fresh Pink Oyster Mushroom
344,fruits-vegetables,Yuan Zhen Yuan Zucchini Yellow,4.5,600.0,,,Yuan Zhen Yuan,Yellow,Zucchini
345,fruits-vegetables,ZENXIN Organic English Spinach (Puay Leng),4.1,200.0,Organic,England,ZENXIN,Puay Leng,Organic Spinach
346,fruits-vegetables,Yuan Zhen Yuan White Button Mushroom,13.9,1000.0,,,Yuan Zhen Yuan,Yuan Zhen Yuan,White Button Mushroom
347,fruits-vegetables,Churo Mixed Vegetables,3.52,1000.0,,,Churo,,Mixed Vegetable
348,fruits-vegetables,Churo Diced Potato (Frozen),4.3,1000.0,,,Churo,Frozen,Diced Potato
349,fruits-vegetables,Yuan Zhen Yuan Australian Brown Onion,2.3,500.0,,Australia,Yuan Zhen Yuan,Brown Onion,Brown Onion
350,fruits-vegetables,Yuan Zhen Yuan Mushroom Portobello,5.55,250.0,,,Yuan Zhen Yuan,Yuan Zhen Yuan,Mushroom
351,fruits-vegetables,Churo Whole Okra Lady Finger (Frozen),4.29,1000.0,,,Churo,Frozen,Lady Finger
352,fruits-vegetables,Yuan Zhen Yuan Brown Shimeiji Mushroom,2.5,300.0,,,Yuan Zhen Yuan,Brown Shimeiji Mushroom,Brown Shimeiji Mushroom
353,fruits-vegetables,OOB Organic Diced Mango,15.25,500.0,,,Organic,OOB,Diced Mango
354,fruits-vegetables,Yuan Zhen Yuan Ku Chye,2.5,200.0,,,Yuan Zhen,,
355,fruits-vegetables,Churo Frozen Cauliflower,2.16,500.0,,,Churo,Churo,Frozen Cauliflower
356,fruits-vegetables,Yuan Zhen Yuan Roma Tomato,7.9,500.0,,,Yuan Zhen,Roma,Tomato
357,fruits-vegetables,ZENXIN Organic Enoki Mushroom,3.95,140.0,Organic,,ZENXIN,Organic,Enoki Mushroom
358,fruits-vegetables,Catch Seafood Edamame Salted,3.55,400.0,,,Catch,Salted,Edamame
359,fruits-vegetables,Churo Green Pea,4.6,1000.0,,,Churo,,Green Pea
360,fruits-vegetables,ZENXIN Organic Lime - Thailand,4.3,200.0,,Thailand,ZENXIN,Organic Lime,Organic Lime
361,fruits-vegetables,ZENXIN Organic Steamed Sweet Corn,2.95,200.0,Organic,,ZENXIN,Organic,Sweet Corn
362,fruits-vegetables,SunnyFarm Green Peas,5.7,1000.0,,,SunnyFarm,Green Peas,Green Pea
363,fruits-vegetables,ZENXIN Organic Peruvian Ginger,4.5,150.0,Organic,Peru,ZENXIN,Organic Ginger,Organic Ginger
364,fruits-vegetables,OOB Organic Strawberries Frozen,15.6,500.0,,,Organic,OOB,Strawberry
365,fruits-vegetables,Yuan Zhen Yuan Mushroom Swiss Brown,4.1,200.0,,Switzerland,Yuan Zhen Yuan,Brown,Mushroom
366,fruits-vegetables,Yuan Zhen Yuan King Mushroom Thailand,2.97,200.0,,Thailand,Yuan Zhen,King Mushroom,King Mushroom
367,fruits-vegetables,Churo Frozen Green Peas,2.7,500.0,,,Churo,Frozen Green Peas,Frozen Green Pea
368,fruits-vegetables,ZENXIN Organic Parsnip,5.0,300.0,Organic,,ZENXIN,Organic,Parsnip
369,fruits-vegetables,Lilchef Brussel Sprouts,9.95,400.0,,,Lilchef,Brussel Sprouts,Brussel Sprout
370,fruits-vegetables,SunnyFarm Frozen Potato Cut,8.0,1000.0,,,SunnyFarm,Frozen Potato Cut,
371,fruits-vegetables,Yuan Zhen Yuan Fennel,7.97,250.0,,,Yuan Zhen Yuan,Yuan Zhen Yuan,Fennel
372,fruits-vegetables,ZENXIN Organic Brown Onion,7.2,400.0,Organic,,ZENXIN,Organic,Brown Onion
373,fruits-vegetables,ZENXIN Organic Red Onion,7.2,400.0,Organic,,ZENXIN,Organic Red Onion,Organic Red Onion
374,fruits-vegetables,ZENXIN Organic Pea Sprouts,3.6,100.0,Organic,,ZENXIN,Organic,Pea Sprout
375,fruits-vegetables,ZENXIN Organic Lebanese Cucumber,4.9,200.0,Organic,Lebanon,ZENXIN,Organic,Cucumber
376,fruits-vegetables,Churo Sweet Corn Cobs (Frozen),3.85,1000.0,,,Churo,Frozen,Sweet Corn Cob
377,fruits-vegetables,Yuan Zhen Yuan White Shimeiji Mushroom,2.5,300.0,,,Yuan Zhen Yuan,White Shimeiji Mushroom,White Shimeiji Mushroom
378,fruits-vegetables,ZENXIN Organic Shallots,5.2,200.0,Organic,,ZENXIN,Organic Shallots,Organic Shallot
379,fruits-vegetables,ZENXIN Organic Kiwi,8.2,390.0,Organic,,ZENXIN,Organic,Kiwi
380,fruits-vegetables,Kirei Japan Life Foods Frozen Kaneru Corn,8.35,300.0,,Japan,Kirei Life Foods,Frozen Kaneru,Corn
381,fruits-vegetables,Churo Minced Onion (Frozen),4.9,1000.0,,,Churo,Frozen,Minced Onion
382,fruits-vegetables,SunnyFarm Edamame,3.68,400.0,,,SunnyFarm,,Edamame
383,fruits-vegetables,Yuan Zhen Yuan Eryngii Mushroom- Bulk Pack,6.95,1000.0,,,Yuan Zhen Yuan,Bulk Pack,Eryngii Mushroom
384,fruits-vegetables,Yuan Zhen Yuan Japan Onion,6.9,800.0,,Japan,Yuan Zhen Yuan,,Onion
385,fruits-vegetables,Good Nature Organic Oriental Box,28.0,1500.0,,,Good Nature,Organic,
386,fruits-vegetables,ZENXIN Organic Western Box,28.0,2000.0,,,ZENXIN,Organic Western Box,Organic Western Box
387,fruits-vegetables,Good Nature Organic Fruit Box,28.0,2000.0,,,Good Nature,Organic,Fruit Box
388,fruits-vegetables,ZENXIN Organic Vegetarian Steamboat Box,22.96,1500.0,,,ZENXIN,Organic Vegetarian,Steamboat Box
389,fruits-vegetables,Red Skin Potato,9.0,500.0,,,,Red Skin Potato,Red Skin Potato
390,fruits-vegetables,Churo Edamame SoyBeans Shell on (Frozen),3.5,500.0,,,Churo,Shell on,SoyBean
391,fruits-vegetables,Kirei Frozen Edamame Seed,10.3,500.0,,,Kirei,Frozen Edamame Seed,Frozen Edamame Seed
392,fruits-vegetables,Kirei Frozen Edamame,5.2,500.0,,,Kirei,Frozen Edamame,Frozen Edamame
393,fruits-vegetables,YayaPapaya Apple Green Carton,85.0,19000.0,,,YayaPapaya,Apple Green,Carton
394,fruits-vegetables,Good Nature Organic Juicing Box,28.0,2000.0,,,Good Nature,Organic,Juicing Box
395,fruits-vegetables,AAA Premium Tea Tree Mushroom,9.25,100.0,,,,AAA Premium Tea Tree Mushroom,
396,fruits-vegetables,ZENXIN Organic Red Japanese Sweet Potato,8.5,500.0,Organic,Japan,ZENXIN,Organic Red Sweet Potato,Organic Red Sweet Potato
397,fruits-vegetables,Sun Kee Premium Shiitake Gift Set - Large,17.8,200.0,,,Sun Kee,Large,Premium Shiitake Gift Set
398,fruits-vegetables,Kirei Tokushima Premium Japan Frozen Strawberries Gyomuyo,74.6,1000.0,,Japan,Premium,Gyomuyo,Frozen Strawberry
399,fruits-vegetables,Kirei Tokushima Premium Japan Frozen Strawberries,34.2,360.0,,Japan,Premium,Frozen Strawberries,Frozen Strawberry
400,fruits-vegetables,Japan Kizami Wasabi Paste Chopped Wasabi Stem Resealable Pack,22.9,250.0,,Japan,Kizami,Chopped Wasabi Stem,Wasabi Paste
401,fruits-vegetables,Kirei Frozen Yasai Kakiage Japanese Vegetable Tempura,17.9,560.0,,Japan,Kirei,Vegetable Tempura,Yasai
402,fruits-vegetables,Sun Kee Premium Shiitake Gift Set - Medium,17.8,200.0,,,Sun Kee,Medium,Premium Shiitake Gift Set
403,fruits-vegetables,Kirei All Seasons Table Frozen Edamame,4.9,500.0,,,Kirei,All Seasons Table,Frozen Edamame
404,fruits-vegetables,Good Nature Organic Baby Box,30.0,2000.0,,,Good Nature,Organic Baby Box,Organic Baby Box
405,fruits-vegetables,YayaPapaya Guava (10KG) Carton,69.5,10000.0,,,YayaPapaya,,Guava
406,fruits-vegetables,Kirei Frozen Gobo Kakiage Burdock Vegetable Tempura,16.9,360.0,,,Kirei,Vegetable Tempura,Gobo
407,fruits-vegetables,Vegeponics Pesticide-Free Crystal Lettuce (SG Local),2.8,120.0,,Singapore,Vegeponics,,Crystal Lettuce
408,fruits-vegetables,Vegeponics Pesticide-Free Curly Kale (SG Local),5.0,120.0,,Singapore,Vegeponics,,Curly Kale
409,fruits-vegetables,FreshCo Carrots (Fresh),2.97,500.0,,,FreshCo,Fresh,Carrot
410,fruits-vegetables,Vegeponics Australia Pumpkin,5.0,500.0,,Australia,Vegeponics,,Pumpkin
411,fruits-vegetables,FreshCo Lemons (Fresh),2.25,400.0,,,FreshCo,Fresh,Lemon
412,fruits-vegetables,Sweet Basil Herbs Leaf/Leaves,4.25,20.0,,,,Sweet Basil,Herb
413,fruits-vegetables,Cherry Tomatoes on Vine,7.99,200.0,,,,on Vine,Cherry Tomato
414,fruits-vegetables,Vegeponics Pesticide-Free Spinach (SG Local),4.0,250.0,,Singapore,Vegeponics,Pesticide-Free Spinach,Pesticide-Free Spinach
415,fruits-vegetables,Dill Herbs Leaf/Leaves,3.99,20.0,,,,Leaf/Leaves,Dill
416,fruits-vegetables,Vegeponics Pesticide-Free Coriander (SG Local),4.0,60.0,,Singapore,,Pesticide-Free,Coriander
417,fruits-vegetables,Vegeponics Pesticide-Free Wild Rocket (SG Local),4.0,60.0,,Singapore,,Pesticide-Free Wild Rocket,Pesticide-Free Wild Rocket
418,fruits-vegetables,Rosemary Herbs Leaf/Leaves,5.0,20.0,,,,Leaf/Leaves,Rosemary Herb
419,fruits-vegetables,Vegeponics Pesticide-Free Xiao Bai Cai (SG Local),5.0,220.0,,Singapore,Xiao Bai Cai,Pesticide-Free,Vegeponic
420,fruits-vegetables,FreshCo Capsicum Green,3.96,260.0,,,FreshCo,Green,Capsicum
421,fruits-vegetables,Seaboss Minori No Hyakusen Mixed Berries - Frozen,11.0,500.0,,,Seaboss,Minori No Hyakusen,Mixed Berry
422,fruits-vegetables,Brussel Sprouts,5.45,250.0,,,,Brussel Sprouts,Brussel Sprout
423,fruits-vegetables,Seaboss Sunshine Avocado Cubes,12.0,500.0,,,Seaboss,Sunshine,Avocado Cube
424,fruits-vegetables,Vegeponics Pesticide-Free Crystal Lettuce (SG Local),5.6,200.0,,Singapore,Vegeponics,,Crystal Lettuce
425,fruits-vegetables,Vegeponics Netherlands Cherry Tomato On Vine,8.8,200.0,,Netherlands,Vegeponics,On Vine,Cherry Tomato
426,fruits-vegetables,FreshCo. White Dragon Fruit,3.0,400.0,,,FreshCo,White Dragon Fruit,White Dragon Fruit
427,fruits-vegetables,Vegeponics Mesclun Salad,6.0,150.0,,,Vegeponics,Mesclun Salad,
428,fruits-vegetables,Baby Broccoli (Broccolini),5.99,200.0,,,,Broccolini,Baby Broccoli
429,fruits-vegetables,Swiss Brown Mushroom,4.99,250.0,,Switzerland,,Brown Mushroom,Brown Mushroom
430,fruits-vegetables,FreshCo. Red Dragon Fruit,5.0,500.0,,,FreshCo,Red Dragon Fruit,Red Dragon Fruit
431,fruits-vegetables,FreshCo. Pineapple (Honey Variety),4.0,1300.0,,,FreshCo,Honey Variety,Pineapple
432,fruits-vegetables,Carnival Cherry Tomato Mix,9.99,200.0,,,Carnival,Cherry Tomato Mix,Cherry Tomato Mix
433,fruits-vegetables,Mesclun Mixed Salad,16.99,500.0,,,,Mesclun Mixed Salad,Mesclun Mixed Salad
434,fruits-vegetables,Punched Foods Frozen Mushroom Slices,6.9,1000.0,Halal,,,Punched Foods,Frozen Mushroom Slice
435,fruits-vegetables,Thyme Herbs Leaf/Leaves,5.3,20.0,,,,Leaf/Leaves,Herb
436,fruits-vegetables,White Button Mushroom,4.99,250.0,,,,White Button Mushroom,
437,fruits-vegetables,Farmland Frozen Sweet Corn Kernels,4.8,1000.0,Halal,,Farmland,Frozen Sweet Corn Kernels,Frozen Sweet Corn Kernel
438,fruits-vegetables,Vegeponics Pesticide-Free Japanese Tang-Oh (SG Local),6.0,150.0,,Singapore,Vegeponics,,Japanese Tang-Oh
439,fruits-vegetables,Curly Kale,8.5,300.0,,,,Curly Kale,
440,fruits-vegetables,Banana Shallots,8.14,250.0,,,,,Banana
441,fruits-vegetables,CB Sweet Corn (Grade A),4.3,1000.0,,,CB,Grade A,Sweet Corn
442,fruits-vegetables,Italian Flat Parsley Herbs Leaf/Leaves,3.99,20.0,,Italy,,Flat Parsley,Herb
443,fruits-vegetables,Baby Spinach Salad,16.99,500.0,,,,Baby Spinach Salad,
444,fruits-vegetables,Chives Herbs Leaf/Leaves,5.6,20.0,,,,Leaf/Leaves,Chive
445,fruits-vegetables,Baby Mixed Carrots,10.9,250.0,,,,Baby Mixed Carrots,Baby Mixed Carrot
446,fruits-vegetables,FreshCo. Sebago Potatoes,4.75,500.0,,,FreshCo,Sebago,Potato
447,fruits-vegetables,Pearl Onions,4.99,250.0,,,,Pearl Onions,Pearl Onion
448,fruits-vegetables,Jumbo Asparagus,16.99,250.0,,,,Jumbo Asparagus,Jumbo Asparagus
449,fruits-vegetables,Baby Rocket Salad,16.99,500.0,,,,Baby Rocket Salad,Baby Rocket Salad
450,fruits-vegetables,Ahimsa Vegetarian Monkey Head Mushroom (Vegan),25.6,1000.0,,,Ahimsa,Vegan,Monkey Head Mushroom
451,fruits-vegetables,Tarragon Herbs Leaf/Leaves,5.8,20.0,,,,Leaf/Leaves,Tarragon
452,fruits-vegetables,Punched Foods Frozen Cauliflower Florets,4.8,1000.0,Halal,,,Punched Foods,Frozen Cauliflower Floret
453,fruits-vegetables,Ken Ken Lotus Root Slices - Frozen,3.4,500.0,,,Ken,Frozen,Lotus Root Slice
454,fruits-vegetables,Butternut Pumpkin,12.99,1000.0,,,,Butternut Pumpkin,Butternut Pumpkin
455,fruits-vegetables,Seaboss Life Foods Roasted Beni Haruka Sweet Potatoes,10.5,350.0,,,Seaboss Life Foods,Roasted Beni Haruka,Sweet Potato
456,fruits-vegetables,Ken Ken Sweet Potato Cuts,7.0,1000.0,,,Ken,Sweet Potato Cuts,Sweet Potato Cut
457,fruits-vegetables,Ken Ken California Mixed Vegetable - Frozen,5.6,1000.0,,,Ken,Frozen,California Mixed Vegetable
458,fruits-vegetables,Sage Herbs Leaf/Leaves,5.5,20.0,,,,Leaf/Leaves,Sage Herb
459,fruits-vegetables,Baby Orange Carrots,10.9,250.0,,,,Baby Orange Carrots,Baby Orange Carrot
460,fruits-vegetables,Vegeponics Australia Trimmed Leek,10.0,250.0,,Australia,Vegeponics,Trimmed Leek,
461,fruits-vegetables,Bettur x LG Foods - Korean Cabbage Kimchi (Vegan),7.9,400.0,,,LG Foods,Vegan,Korean Cabbage Kimchi
462,fruits-vegetables,Ahimsa Vegan Mushroom Steak (500G),7.0,500.0,,,Ahimsa,Vegan,Mushroom Steak
463,fruits-vegetables,Ken Ken Pumpkin Cuts (Skinless) - Frozen,6.8,1000.0,,,Ken,Skinless,Pumpkin Cut
464,fruits-vegetables,Ken Ken Lotus Root Slices - Frozen,5.8,1000.0,,,Ken,Frozen,Lotus Root Slice
465,fruits-vegetables,Vegeponics Pesticide-Free Red Crystal Lettuce (SG Local),5.0,120.0,,Singapore,Vegeponics,,Red Crystal Lettuce
466,fruits-vegetables,The Way Vegan Golden Monkeyhead Mushroom,22.0,900.0,,,The Way Vegan,The Way Vegan,Golden Monkeyhead Mushroom
467,fruits-vegetables,FreshCo Chilli Padron,9.0,200.0,,,FreshCo,Chilli Padron,Chilli Padron
468,fruits-vegetables,The Meat Club Falafel Balls - Frozen,15.4,300.0,,,The Meat Club,Frozen,Falafel Ball
469,fruits-vegetables,FreshCo. Cantaloupe,15.3,2000.0,,,FreshCo,,Cantaloupe
470,fruits-vegetables,FreschCo Figs (Fresh),12.0,200.0,,,FreschCo,Fresh,Fig
471,fruits-vegetables,Baby Mixed Beetroot,8.99,250.0,,,,Baby Mixed Beetroot,Baby Mixed Beetroot
472,fruits-vegetables,Punched Foods Frozen Brussels Sprouts,8.8,1000.0,,,Punched Foods,Punched Foods,Frozen Brussels Sprout
473,fruits-vegetables,FreshCo Capsicum Yellow,5.45,300.0,,,FreshCo,Yellow,Capsicum
474,fruits-vegetables,Seaboss Skinless Edamame 250G,3.55,250.0,,,Seaboss,Skinless,Edamame
475,fruits-vegetables,Hong Yuan Vegan Monkeyhead Mushroom,23.8,900.0,,,Hong Yuan,Vegan,Monkeyhead Mushroom
476,fruits-vegetables,Dadidan Semi-Dried Persimmon,12.9,450.0,,,,Dadidan Semi-Dried Persimmon,Dadidan Semi-Dried Persimmon
477,fruits-vegetables,FreshCo Jalapeno (Fresh),10.98,200.0,,,FreshCo,Fresh,Jalapeno
478,fruits-vegetables,FreshCo. Kohlrabi,10.5,550.0,,,FreshCo,,Kohlrabi
479,fruits-vegetables,Seaboss Kuri Kabocha (Hokkaido Cut Chestnut Pumpkins Chunks),8.55,500.0,,,Seaboss,Hokkaido Cut Chestnut,Kabocha
480,fruits-vegetables,Carolina Reaper Chili Pepper,7.99,50.0,,,,Carolina Reaper,Chili Pepper
481,fruits-vegetables,Heritage Seedless Dates,6.9,400.0,,,Heritage Seedless Dates,Heritage Seedless Dates,Heritage Seedless Date
482,fruits-vegetables,Ken Ken Carrot Dices - Frozen,3.9,1000.0,,,Ken,Frozen,Carrot Dice
483,fruits-vegetables,Ken Ken Green Peas - Frozen,3.6,500.0,,,Ken,Frozen,Green Pea
484,fruits-vegetables,227 Katong Durian D13 Red Prawn Durian - Fresh (Dehusked),115.0,2750.0,,,D13,Dehusked,227 Katong Durian
485,fruits-vegetables,FreshCo. Japanese Melon Ichiba,64.5,1500.0,,Japan,FreshCo,Ichiba,Melon
486,fruits-vegetables,227 Katong Durian D13 Red Prawn Durian - Fresh (Dehusked),50.0,1100.0,,,D13,Dehusked,227 Katong Durian
487,fruits-vegetables,Oregano Herbs Leaf/Leaves,6.5,20.0,,,,Leaf/Leaves,Oregano
488,fruits-vegetables,Ken Ken Sweet Corn Cuts (Portion) - Frozen,5.9,1000.0,,,Ken,Frozen,Sweet Corn Cut
489,fruits-vegetables,Ken Ken Lotus Root Cuts - Frozen,5.8,1000.0,,,Ken,Frozen,Lotus Root Cut
490,fruits-vegetables,Spearmint Herbs Leaf/Leaves,5.3,20.0,,,,Leaf/Leaves,Spearmint
491,fruits-vegetables,Ken Ken Corn Kernels - Frozen,3.8,500.0,,,Ken,Frozen,Corn Kernel
492,fruits-vegetables,Ken Ken Mixed Vegetable - Frozen,3.2,500.0,,,Ken,Frozen,Mixed Vegetable
493,fruits-vegetables,Ken Ken Green Peas - Frozen,1.6,200.0,,,Ken,Frozen,Green Pea
494,fruits-vegetables,227 Katong Durian Old Tree Mao Shan Wang - Fresh (Dehusked),205.0,2750.0,,,Mao Shan Wang,Dehusked,227 Katong Durian
495,fruits-vegetables,227 Katong Durian Old Tree Mao Shan Wang - Fresh (Dehusked),128.0,1650.0,,,Mao Shan Wang,Dehusked,227 Katong Durian
496,fruits-vegetables,227 Katong Durian Hulu Durian - Fresh (Dehusked),115.0,2750.0,,,Katong Durian,Dehusked,Hulu Durian
497,fruits-vegetables,Durian Superman Pahang Old Tree MSW - Fresh (Dehusked),112.5,1200.0,,,MSW,Dehusked,Durian Superman
498,fruits-vegetables,227 Katong Durian Hulu Durian - Fresh (Dehusked),50.0,1100.0,,,Katong Durian,Dehusked,Hulu Durian
499,fruits-vegetables,227 Katong Durian Old Tree Mao Shan Wang - Fresh (Dehusked),44.0,550.0,,,Mao Shan Wang,Dehusked,227 Katong Durian
500,fruits-vegetables,Durian Superman Pahang Old Tree MSW Durian - Fresh (Dehusked),40.0,400.0,,,MSW,Dehusked,Durian
501,fruits-vegetables,Fairy Port Frozen Musang King Durian Puree,39.99,500.0,,,Fairy Port,Puree,Frozen Musang King Durian
502,fruits-vegetables,Lime Caviar Australian Finger Pearls - Emerald,30.2,45.0,,Australia,,Emerald,Lime Caviar
503,fruits-vegetables,FreshCo. Pumpkin,27.0,3500.0,,,FreshCo,,Pumpkin
504,fruits-vegetables,227 Katong Durian Penang Hulu Durian - Fresh (Dehusked),26.0,550.0,,,Katong Durian,Fresh,Hulu Durian
505,fruits-vegetables,Dadidan Iced persimmon,19.9,320.0,,,Dadidan,Iced persimmon,
506,fruits-vegetables,Seaboss Kaneku Kizami Yuzu (Frozen Shredded Yuzu Zest),14.0,100.0,,,Seaboss,Frozen Shredded Yuzu Zest,Yuzu
507,fruits-vegetables,Ahimsa Vegetarian Mushroom Bite,11.6,1000.0,,,Ahimsa,Vegetarian,Mushroom Bite
508,fruits-vegetables,Baby Red Beetroot,9.99,250.0,,,,Baby Red Beetroot,Baby Red Beetroot
509,fruits-vegetables,Ken Ken Potato Dices,6.7,1000.0,,,Ken,Potato Dices,Potato Dice
510,fruits-vegetables,Ken Ken Potato Cuts,6.7,1000.0,,,Ken,Potato Cuts,Potato Cut
511,fruits-vegetables,Chervil Herbs Leaf/Leaves,6.4,20.0,,,,Leaf/Leaves,Chervil Herb
512,fruits-vegetables,Ken Ken Green Peas - Frozen,5.6,1000.0,,,Ken,Frozen,Green Pea
513,fruits-vegetables,Ken Ken Corn Kernels - Frozen,5.5,1000.0,,,Ken,Frozen,Corn Kernel
514,fruits-vegetables,Ken Ken Broccoli Florets - Frozen,5.4,1000.0,,,Ken,Frozen,Broccoli Floret
515,fruits-vegetables,Ken Ken Mixed Vegetable - Frozen,4.6,1000.0,,,Ken,Frozen,Mixed Vegetable
516,fruits-vegetables,Ken Ken Edamame - Frozen,4.5,500.0,,,Ken,Frozen,Edamame
517,fruits-vegetables,Ken Ken Lotus Root Cuts - Frozen,4.5,500.0,,,Ken,Frozen,Lotus Root Cut
518,fruits-vegetables,France Organic Juliet Apple Bag,3.9,800.0,Organic,France,Juliet,,Apple Bag
519,fruits-vegetables,Pasar Prepacked Carrots,1.1,500.0,,,,Prepacked,Carrot
520,fruits-vegetables,Pasar Malaysia Spring Onion,1.25,100.0,,Malaysia,,Spring Onion,Spring Onion
521,fruits-vegetables,Fresh Tomatoes,2.3,600.0,,,,Fresh Tomatoes,
522,fruits-vegetables,Thygrace Traffic Light Premium Bell Pepper Capsicum,4.6,450.0,,,Thygrace,Traffic Light,Capsicum
523,fruits-vegetables,Simply Finest Kang Kong,1.95,300.0,,,Kang Kong,Simply Finest,
524,fruits-vegetables,Malaysia Red Capsicum,2.1,280.0,,Malaysia,,Red Capsicum,
525,fruits-vegetables,China Shine Muscat Grapes,2.45,500.0,,China,,Shine Muscat Grapes,
526,fruits-vegetables,Sumifru Sweet Mountain Bananas,4.55,820.0,,,Sumifru,Sweet Mountain,Banana
527,fruits-vegetables,Harvest Fields Red Grapes - Seedless,3.45,500.0,,,Harvest Fields,Seedless,Red Grape
528,fruits-vegetables,Simply Finest Canada Red Cherries,9.95,454.0,,Canada,Simply Finest,Red Cherries,Red Cherry
529,fruits-vegetables,Eloasis Enoki Mushroom,1.6,150.0,,,Eloasis,,Enoki Mushroom
530,fruits-vegetables,Driscoll's China Blackberries,6.95,125.0,,China,Driscoll,Blackberries,Blackberry
531,fruits-vegetables,Sumifru Poongmi Wang Banana,4.95,820.0,,,Sumifru Poongmi Wang,,Banana
532,fruits-vegetables,Oregon Berry Usa Super Crunch Jumbo Blueberries,7.95,200.0,,USA,,Super Crunch,Jumbo Blueberry
533,fruits-vegetables,Chef Shanghai Green,1.4,200.0,,,Chef Shanghai Green,,
534,fruits-vegetables,Indonesia Honey Sweet Potato,2.85,750.0,,Indonesia,,Honey Sweet Potato,Honey Sweet Potato
535,fruits-vegetables,Pasar Australia Orange,7.95,1500.0,,Australia,Pasar,Orange,Orange
536,fruits-vegetables,Sumifru Kamsookwang Banana,5.3,820.0,,,Sumifru,Kamsookwang,Banana
537,fruits-vegetables,USA Red Seedless Grapes,7.45,500.0,,USA,,Red Seedless Grapes,
538,fruits-vegetables,Fresh Red Globe Grape,4.95,500.0,,,,Fresh Red Globe Grape,
539,fruits-vegetables,Turkey Sugar Apricot,6.95,350.0,,Turkey,,Sugar,Apricot
540,fruits-vegetables,Australia Premium Sweet Potato,7.95,1000.0,,Australia,,Premium Sweet Potato,Premium Sweet Potato
541,fruits-vegetables,USA Green Grapes (Seedless),7.45,500.0,,USA,,Seedless,Green Grape
542,fruits-vegetables,Agro Fresh Indonesia Honey Sweet Potato- Washed,3.99,500.0,,Indonesia,Agro Fresh,Washed,Honey Sweet Potato
543,fruits-vegetables,Agro Fresh Purple Sweet Potato,3.95,500.0,,,Agro Fresh,Purple Sweet Potato,Purple Sweet Potato
544,fruits-vegetables,Eloasis King Oyster Mushroom,3.6,300.0,,,Eloasis,,King Oyster Mushroom
545,fruits-vegetables,Vietnam Prepacked Japanese Sweet Potato,3.5,750.0,,Vietnam,,Prepacked Japanese Sweet Potato,Prepacked Japanese Sweet Potato
546,fruits-vegetables,Thailand Pink Guava,6.2,950.0,,Thailand,,Pink Guava,Pink Guava
547,fruits-vegetables,Sumifru Kamsookwang Banana,1.95,300.0,,,Sumifru,Kamsookwang,Banana
548,fruits-vegetables,Pasar Koo Chye,0.95,100.0,,,,,
549,fruits-vegetables,Churo Broccoli Frozen,3.0,500.0,,,,Churo Broccoli,Frozen
550,fruits-vegetables,Vietnam Prepacked Sweet Potato - Purple,3.55,750.0,,Vietnam,,Purple,Prepacked Sweet Potato
551,fruits-vegetables,Candy Heart US Red Grapes (Seedless),10.95,454.0,,USA,Candy Heart,Seedless,Red Grape
552,fruits-vegetables,Sweet Globe Green Seedless Grapes,8.95,500.0,,,,Sweet Globe,Green Seedless Grape
553,fruits-vegetables,Pasar Soya Bean Sprout,1.5,200.0,,,,,Soya Bean Sprout
554,fruits-vegetables,SunnyFarm California Mix,3.95,1000.0,Halal,,SunnyFarm,California Mix,
555,fruits-vegetables,USA Premium Peach XL,8.95,550.0,,USA,Premium,XL,Peach
556,fruits-vegetables,Chef China Garlic Sprout,1.4,200.0,,China,Chef,Garlic Sprout,Garlic Sprout
557,fruits-vegetables,Malaysia Golden Passion Fruit,4.95,500.0,,Malaysia,,Golden Passion Fruit,
558,fruits-vegetables,USA Sweet Celebration Premium Red Seedless Grapes,10.95,500.0,,USA,Sweet Celebration,Premium Red Seedless Grapes,Premium Red Seedless Grape
559,fruits-vegetables,China Baby Yam,2.98,500.0,,China,Baby Yam,Baby Yam,
560,fruits-vegetables,China Pepino Melon,4.8,500.0,,China,Pepino Melon,,
561,fruits-vegetables,ZENXIN Organic Hong Kong Choy Sum,3.1,200.0,Organic,Hong Kong,ZENXIN,Organic,Choy Sum
562,fruits-vegetables,ZENXIN Organic Queen Apple,5.95,500.0,Organic,,ZENXIN,Organic Queen,Apple
563,fruits-vegetables,ZENXIN Organic Round Tomato,4.2,300.0,Organic,,ZENXIN,Organic,Round Tomato
564,fruits-vegetables,ZENXIN Organic Morado Garlic,5.8,150.0,Organic,,ZENXIN,Organic,Garlic
565,fruits-vegetables,Harvest Fields Seedless Grapes - Black,4.95,500.0,,,Harvest Fields,Black,Seedless Grape
566,fruits-vegetables,ZENXIN Organic Green Bayam/ Spinach,3.0,150.0,Organic,,ZENXIN,,Organic Green
567,fruits-vegetables,ZENXIN Organic Purple Sweet Potato,5.9,400.0,Organic,,ZENXIN,Organic,Purple Sweet Potato
568,fruits-vegetables,ZENXIN Organic Crystal Lettuce,3.65,200.0,Organic,,ZENXIN,Organic Crystal Lettuce,Organic Crystal Lettuce
569,fruits-vegetables,Thygrace Butterhead Lettuce,3.75,300.0,,,,Thygrace,Butterhead Lettuce
570,fruits-vegetables,Sunnydale Farm Baby Carrots,9.95,2500.0,,,Sunnydale Farm,Baby Carrots,Baby Carrot
571,fruits-vegetables,USA Jumbo Cherry,19.95,400.0,,USA,,Jumbo Cherry,
572,fruits-vegetables,Canada Red Cherries,8.95,250.0,,Canada,,Red Cherries,Red Cherry
573,fruits-vegetables,ZENXIN Organic Lemongrass,3.3,120.0,Organic,,ZENXIN,Organic,Lemongrass
574,fruits-vegetables,Idaho Russet Potato,6.0,500.0,,,,Idaho Russet Potato,Idaho Russet Potato
575,fruits-vegetables,ZENXIN Organic Ginger,3.7,140.0,Organic,,ZENXIN,Organic,Ginger
576,fruits-vegetables,SG Farmers' Market Golden Oak Shiitake Mushroom,3.5,120.0,,,SG Farmers' Market,Golden Oak Shiitake Mushroom,Golden Oak Shiitake Mushroom
577,fruits-vegetables,Autentica Organic Baby Spinach,5.4,125.0,Organic,,Autentica,,Organic Baby Spinach
578,fruits-vegetables,Altamura Foglia Sublime Leaves - Baby Spinach,5.3,125.0,,,Altamura Foglia,Sublime Leaves,
579,fruits-vegetables,Altamura Foglia Sublime Leaves - Mesclun Mix,5.3,125.0,,,Altamura Foglia,Mesclun Mix,Sublime Leaf
580,fruits-vegetables,Absolute Organic Medjool Date,9.99,150.0,,,Absolute Organic,Absolute Organic,Medjool
581,fruits-vegetables,Orgo Fresh South Africa Red Seedless Grapes Class1,7.96,500.0,,South Africa,Orgo Fresh,Class1,Red Seedless Grape
582,fruits-vegetables,Orgo Fresh Japanese Sweet Potato,6.98,300.0,,Japan,Orgo,,Sweet Potato
583,fruits-vegetables,ZENXIN Organic Granny Smith Apple,5.95,500.0,Organic,,ZENXIN,Organic,Granny Smith Apple
584,fruits-vegetables,ZENXIN Organic Purple Japanese Sweet Potato,5.9,400.0,Organic,Japan,ZENXIN,Organic,Purple Sweet Potato
585,fruits-vegetables,Agro Fresh Rambutan,5.8,400.0,,,Agro Fresh,,Rambutan
586,fruits-vegetables,"Agro Fresh Tri Colour Capsicum(Red,Yellow,Green)",5.58,460.0,,,Agro Fresh,"Red,Yellow,Green",Tri Colour Capsicum
587,fruits-vegetables,Eden Tunisian Dates 500G -- By Dashmesh,5.3,500.0,,,Eden,By Dashmesh,Tunisian Date
588,fruits-vegetables,Zenxin Organic Baby Rocket Mix,4.8,80.0,Organic,,Zenxin,Organic Baby Rocket Mix,Organic Baby Rocket Mix
589,fruits-vegetables,Zenxin Organic Oriental Salad Mix,4.8,80.0,Organic,,Zenxin,Organic Oriental Salad Mix,Organic Oriental Salad Mix
590,fruits-vegetables,Orgo Fresh Ready to Cook Peeled Tapioca Cassava Vaccum Packed,3.98,300.0,,,Orgo,Fresh,Cassava
591,fruits-vegetables,Orgo Fresh Garlic Chives,3.72,150.0,,,Orgo,Fresh Garlic Chives,Fresh Garlic Chive
592,fruits-vegetables,Vegeponics Pesticide-Free Nai Bai (SG Local),4.0,220.0,,Singapore,Nai Bai,Pesticide-Free,Vegeponic
593,fruits-vegetables,Vegeponics Pesticide-Free Romaine Lettuce (SG Local),4.0,120.0,,Singapore,,Pesticide-Free,Romaine Lettuce
594,fruits-vegetables,FreshCo. Seedless Watermelon,17.0,4100.0,,,FreshCo,Seedless Watermelon,Seedless Watermelon
595,fruits-vegetables,FreshCo. Chayote,2.3,350.0,,,FreshCo,Chayote,Chayote
596,fruits-vegetables,Italian Mesclun Mix Salad,5.55,125.0,,Italy,,Mesclun Mix Salad,Mesclun Mix Salad
597,fruits-vegetables,Italian Baby Spinach Salad,6.0,125.0,,Italy,,Baby Spinach Salad,Baby Spinach Salad
598,fruits-vegetables,FreshCo. Honeydew Melon,12.0,1500.0,,,FreshCo,Honeydew Melon,Honeydew Melon
599,fruits-vegetables,Durian Superman D24 Durian - Fresh (Dehusked),25.0,400.0,,,Superman,Dehusked,Durian
600,fruits-vegetables,Vegeponics Pesticide-Free Baby Spinach (SG Local),7.0,120.0,,Singapore,Vegeponics,,Baby Spinach
601,fruits-vegetables,Durian Superman Pahang Black Gold MSW - Fresh (Dehusked),118.0,1200.0,,,MSW,Fresh,Durian Superman
602,fruits-vegetables,Durian Superman Pahang Black Gold MSW - Fresh (Dehusked),45.0,400.0,,,MSW,Fresh,Durian Superman
603,fruits-vegetables,Gelcampo Brussel Sprouts,31.28,2500.0,,,Gelcampo,Gelcampo,Brussel Sprout
604,fruits-vegetables,Durian Superman Black Thorn Durian - Fresh (Dehusked),28.0,400.0,,,Superman,Dehusked,Durian
605,fruits-vegetables,Vegeponics Bunashimeiji Mushroom,2.92,100.0,,,Vegeponics,Bunashimeiji,Mushroom
606,fruits-vegetables,Vegeponics White Shimeiji Mushroom,2.92,100.0,,,Vegeponics,White Shimeiji Mushroom,White Shimeiji Mushroom
607,meat-seafood,Pasar Fresh Malaysia Lean Minced Pork,5.8,300.0,,Malaysia,Pasar Fresh,Lean Minced Pork,Lean Minced Pork
608,meat-seafood,Pasar Fresh Malaysia Pork Spare Rib,10.65,400.0,,Malaysia,Pasar Fresh,,Pork Spare Rib
609,meat-seafood,Pasar Fresh Malaysia Pork Soft Bone,8.7,300.0,,Malaysia,Pasar Fresh,Pork Soft Bone,Pork Soft Bone
610,meat-seafood,Pasar Fresh Malaysia Pork Shoulder Butt - Collar,7.5,300.0,,Malaysia,Pasar Fresh,Collar,Pork Shoulder Butt
611,meat-seafood,Pasar Fresh Malaysia Pork Belly,8.4,300.0,,Malaysia,Pasar Fresh,Pork Belly,Pork Belly
612,meat-seafood,Pasar Fresh Malaysia Pork Prime Rib,14.35,400.0,,Malaysia,Pasar Fresh,Pork Prime Rib,Pork Prime Rib
613,meat-seafood,FarmFresh GG French Poulet Drumlets (An Xin Chicken),7.0,350.0,Halal,France,FarmFresh,An Xin Chicken,Poulet Drumlet
614,meat-seafood,Okeanoss Frozen IQF Shrimp Meat (Tail Off),11.0,400.0,Halal,,Okeanoss,Tail Off,Frozen IQF
615,meat-seafood,FarmFresh GG French Poulet Medium Portion Cut,9.92,1000.0,Halal,France,GG,Medium Portion Cut,Poulet
616,meat-seafood,FarmFresh X Olagud RTE Chicken Breast (Himalayan Pink Salt),2.36,90.0,Halal,,FarmFresh,X Olagud,Chicken Breast
617,meat-seafood,Kee Song Fresh Chicken - Boneless Breast,5.8,300.0,Halal,,Kee Song,Boneless Breast,Fresh Chicken
618,meat-seafood,FarmFresh GG French Poulet Medium (An Xin Chicken),14.15,1000.0,Halal,France,FarmFresh,An Xin Chicken,Poulet Medium
619,meat-seafood,FarmFresh Chicken Half Portion-Cut,5.05,450.0,Halal,,FarmFresh,Half Portion-Cut,Chicken
620,meat-seafood,Pasar Fresh Malaysia Pork Boneless Loin,7.4,300.0,,Malaysia,Pasar Fresh,Boneless Loin,Pork
621,meat-seafood,FarmFresh Kampong Chicken Whole Portion Cut,9.24,800.0,,,FarmFresh,Kampong Chicken,Kampong Chicken
622,meat-seafood,Pasar Fresh Malaysia Pork Soup Bone,9.45,400.0,,Malaysia,Pasar Fresh,Pork Soup Bone,Pork Soup Bone
623,meat-seafood,Pasar Fresh Malaysia Pork Hind Lean,6.45,300.0,,Malaysia,Pasar Fresh,Hind,Pork
624,meat-seafood,Kee Song Fresh Chicken - Kampong,12.3,900.0,Halal,,Kee Song,Kampong,Fresh Chicken
625,meat-seafood,Kee Song Fresh Chicken - Thighs,5.1,300.0,Halal,,Kee Song,Thighs,Fresh Chicken
626,meat-seafood,Pasar Fresh Malaysia Pork Fillet - Tenderloin,11.4,300.0,,Malaysia,Pasar Fresh,Tenderloin,Pork Fillet
627,meat-seafood,Kee Song Fresh Chicken - Drumstick,5.5,300.0,Halal,,Kee Song,- Drumstick,Fresh Chicken
628,meat-seafood,Ocean Fresh Delite Frozen Paste - Shrimp,4.9,150.0,,,Ocean Fresh Delite,Shrimp,Frozen Paste
629,meat-seafood,Ocean Fresh Delite Frozen Paste - Fish Roe Shrimp,4.9,150.0,,,Ocean Fresh Delite,,Frozen Paste
630,meat-seafood,FairPrice Frozen Crab Sticks,1.95,250.0,Halal,,FairPrice,Frozen Crab Sticks,Frozen Crab Stick
631,meat-seafood,FarmFresh Chicken Breast Boneless,2.68,200.0,Halal,,FarmFresh,Boneless,Chicken Breast
632,meat-seafood,Seawaves Premium Frozen Cuttlefish Ball,10.9,650.0,,,Seawaves,Premium Frozen Cuttlefish Ball,Premium Frozen Cuttlefish Ball
633,meat-seafood,Sakura Fresh Chicken - Boneless Skinless Breast,6.4,350.0,,,Sakura Fresh Chicken,Boneless Skinless Breast,Sakura Fresh Chicken
634,meat-seafood,FarmFresh Whole Chicken - Large,8.88,1200.0,Halal,,FarmFresh,Large,Whole Chicken
635,meat-seafood,Sakura Fresh Chicken - Drumstick,3.4,200.0,,,Sakura Fresh Chicken,Drumstick,
636,meat-seafood,Serve by Hai Sia Barramundi Fillet - Fresh,6.99,240.0,,,Hai Sia,Fresh,Barramundi Fillet
637,meat-seafood,Sakura Fresh Chicken - Thigh,5.4,350.0,,,Sakura,Thigh,Chicken
638,meat-seafood,Aw's Market Fresh Malaysian Pork Big Spare Ribs,7.0,300.0,,Malaysia,Aw's Market,Fresh Pork,Big Spare Rib
639,meat-seafood,Okeanoss Frozen Jumbo Tiger Prawn Meat,16.5,400.0,,,Okeanoss,Meat,Frozen Jumbo Tiger Prawn
640,meat-seafood,FarmFresh GG French Poulet Large (An Xin Chicken),14.07,1300.0,Halal,France,FarmFresh,An Xin Chicken,Poulet Large
641,meat-seafood,Sakura Fresh Chicken - Boneless Leg,8.0,350.0,,,Sakura,Boneless Leg,Chicken
642,meat-seafood,Armiya Frozen Beef Meat Ball,2.86,200.0,,,Armiya,Meat Ball,Frozen Beef
643,meat-seafood,Sakura Fresh Chicken - Fillet,4.4,200.0,,,Sakura Fresh Chicken,Fillet,
644,meat-seafood,Aw's Market Fresh Asian Seabass Fillet,7.56,250.0,,,Aw's,,Seabass
645,meat-seafood,PMK Quality Frozen Shrimp,17.9,800.0,,,PMK,,Frozen Shrimp
646,meat-seafood,Aw's Market Whole Chicken Cut,10.56,1100.0,,,Aw's Market,Whole Chicken Cut,Whole Chicken Cut
647,meat-seafood,FarmFresh Chicken Mid Wings,3.17,200.0,Halal,,FarmFresh,Mid Wings,Chicken
648,meat-seafood,Aw's Market Chicken Breast (Skinless),3.9,200.0,,,Aw's,Skinless,Chicken Breast
649,meat-seafood,Seafood Boy - Jumbo Frozen Peeled Prawn Meat (Tail On),9.81,500.0,,,Seafood Boy,Tail On,Jumbo Frozen Peeled Prawn Meat
650,meat-seafood,Serve by Hai Sia - Fresh Whole Barramundi Seabass,7.79,480.0,,,Hai Sia,Fresh Whole Barramundi,Seabass
651,meat-seafood,Aw's Market Fresh Australia Pork Loin Boneless,5.59,300.0,,Australia,Market Fresh,Boneless,Pork Loin
652,meat-seafood,Tasty Food Affair Beef Shin Shank Cube,8.9,500.0,,,Tasty Food Affair,Tasty Food Affair,Beef Shin Shank Cube
653,meat-seafood,Serve by Hai Sia Norwegian Salmon Portion - Fresh,11.49,240.0,,Norway,Hai Sia,Fresh,Salmon Portion
654,meat-seafood,Serve by Hai Sia Golden Pomfret (Scaled & Gutted) - Fresh,8.62,350.0,,,Hai Sia,Scaled & Gutted,Golden Pomfret
655,meat-seafood,FairPrice Frozen Tempura Fish Fillets,5.15,220.0,Halal,,FairPrice,Frozen Tempura Fish Fillets,Frozen Tempura Fish Fillet
656,meat-seafood,Serve by Hai Sia Tiger Prawn Hotpot Steamboat - Fresh,5.92,200.0,,,Hai Sia,Fresh,Tiger Prawn
657,meat-seafood,Aw's Market Fresh Australia Pork Collar,6.0,300.0,,Australia,Market Fresh,,Pork Collar
658,meat-seafood,Aw's Market Fresh Malaysian Pork Lean Hind Minced,6.22,300.0,,Malaysia,Aw's Market,Lean Hind Minced,Fresh Pork
659,meat-seafood,Seawaves Frozen Premium Cuttlefish Ball,3.9,200.0,,,Seawaves,Frozen Premium Cuttlefish Ball,Frozen Premium Cuttlefish Ball
660,meat-seafood,FarmFresh Chicken Thigh,2.68,200.0,Halal,,FarmFresh,FarmFresh,Chicken Thigh
661,meat-seafood,FarmFresh Whole Chicken - Medium,7.81,1050.0,Halal,,FarmFresh,Medium,Whole Chicken
662,meat-seafood,Aw's Market Fresh Australia Pork Small Ribs,7.0,300.0,,Australia,Market Fresh,,Pork Small Rib
663,meat-seafood,Ocean Fresh Delite Frozen Paste - Sichuan Shrimp,4.9,150.0,,,Ocean Fresh Delite,Sichuan Shrimp,Frozen Paste
664,meat-seafood,Aw's Market Fresh Malaysian Pork Soup Bone,6.0,250.0,,Malaysia,,,Pork Soup Bone
665,meat-seafood,FarmFresh Chicken Bone,2.0,250.0,Halal,,FarmFresh,Chicken Bone,Chicken Bone
666,meat-seafood,FarmFresh Chicken Feet,3.05,500.0,Halal,,FarmFresh,FarmFresh,Chicken Foot
667,meat-seafood,Tasty Food Affair Australia Chilled Beef Striploin Steak,9.95,200.0,,Australia,Tasty Food Affair,Chilled Beef Striploin Steak,Chilled Beef Striploin Steak
668,meat-seafood,Aw's Market Fresh XL Tiger Prawn,5.4,150.0,,,Market Fresh,XL Tiger Prawn,XL Tiger Prawn
669,meat-seafood,Serve by Hai Sia Norwegian Salmon Portion S-Cut - Fresh,9.58,200.0,,Norway,Hai Sia,S-Cut,Salmon
670,meat-seafood,Birds Eye Frozen Breaded Fish Fingers - Omega 3,7.5,280.0,,,Birds Eye,Omega 3,Frozen Breaded Fish Finger
671,meat-seafood,Ocean Fresh Delite IQF Cooked White Shrimp (Tail-Off),10.95,400.0,,,IQF,Tail-Off,Cooked White Shrimp
672,meat-seafood,Catch Seafood Prawn Meat Without Shell - Large,17.99,1000.0,,,,Large,Seafood
673,meat-seafood,Ocean Fresh Delite Frozen Bay Scallop,8.5,380.0,,,Ocean Fresh Delite,,Frozen Bay Scallop
674,meat-seafood,EB Food Cheese Tofu,6.52,500.0,Halal,,EB Food,,Tofu
675,meat-seafood,Aw's Market Fresh Golden Pomfret - Clean & Gutted,9.96,450.0,,,Market Fresh,Clean & Gutted,Golden Pomfret
676,meat-seafood,FarmFresh Whole Chicken Medium - Portion-Cut,7.92,1050.0,,,FarmFresh,Medium - Portion-Cut,Whole Chicken
677,meat-seafood,Aw's Market Beef Grassfed Mince,6.4,150.0,,,Aw's Market,Grassfed Mince,Beef
678,meat-seafood,Aw's Market Fresh Australia Pork Mince (Tender),6.0,300.0,,Australia,Market Fresh,Tender,Pork Mince
679,meat-seafood,Aw's Market Fresh Australia Pork Belly,6.66,250.0,,Australia,Market Fresh,,Pork Belly
680,meat-seafood,Aw's Market Chicken Leg (Boneless),4.9,200.0,,,Aw's,Boneless,Chicken Leg
681,meat-seafood,EB Kranch Mini Cheese Stick,8.2,280.0,Halal,,EB Kranch,,Mini Cheese Stick
682,meat-seafood,FarmFresh Chicken Leg - Boneless,4.85,200.0,Halal,,FarmFresh,Boneless,Chicken Leg
683,meat-seafood,FarmFresh Chicken Drumstick,3.35,200.0,Halal,,FarmFresh,FarmFresh,Chicken Drumstick
684,meat-seafood,Jing Li Hwa Frozen Fish Ball - Roe,10.9,500.0,,,Jing Li Hwa,Roe,Frozen Fish Ball
685,meat-seafood,Mr Joy's Yong Tau Foo Mini Tofu Puff Non Msg,5.6,240.0,,,Mr Joy,Mini Tofu Puff,Yong Tau Foo
686,meat-seafood,Aw's Market Fresh Whole Seabass Glutted (Kukup Sea),7.56,450.0,,,Aw's,Glutted,Market Fresh Whole Seabass
687,meat-seafood,Birds Eye Cod Fish Fingers,22.65,504.0,,,,Birds Eye Cod,Fish Finger
688,meat-seafood,CP Tsukune Chicken Meatball with Teriyaki Sauce,6.5,360.0,Halal,,CP Tsukune,with Teriyaki Sauce,Chicken Meatball
689,meat-seafood,Tasty Food Affair Australia Chilled Beef Ribeye Steak,12.5,200.0,,Australia,Tasty Food Affair,Chilled Beef Ribeye Steak,Chilled Beef Ribeye Steak
690,meat-seafood,Pacific West Frozen Natural Cod Fingers,10.59,300.0,,,Pacific West,,Frozen Natural Cod Finger
691,meat-seafood,FarmFresh Chicken Fillet,4.15,200.0,Halal,,FarmFresh,FarmFresh,Chicken Fillet
692,meat-seafood,Aw's Market Fresh Australia Pork Soft Bone,6.8,300.0,,Australia,Market Fresh,Pork Soft Bone,Pork Soft Bone
693,meat-seafood,FarmFresh Chicken Liver,1.85,200.0,Halal,,FarmFresh,FarmFresh,Chicken Liver
694,meat-seafood,Fassler Marinated Smoked Salmon - Dill and Olive Oil,8.38,75.0,,,Fassler,Dill and Olive Oil,Marinated Smoked Salmon
695,meat-seafood,Fassler Smoked Salmon - Traditional,8.38,75.0,,,Fassler,Traditional,
696,meat-seafood,Sakura Fresh Chicken - 3 Joint Wings,4.0,350.0,,,Sakura Fresh Chicken,3 Joint Wings,
697,meat-seafood,FarmFresh Kampong Chicken,9.24,700.0,Halal,,FarmFresh,Kampong Chicken,
698,meat-seafood,Frozen Dory Sutchi Fillet (IQF),5.66,600.0,,,IQF,IQF,Sutchi Fillet
699,meat-seafood,Ocean Fresh Delite Frozen Hokkaido Scallop,33.95,700.0,,,Ocean Fresh Delite,,Frozen Hokkaido Scallop
700,meat-seafood,Ocean Fresh Delite Frozen IQF Black Tiger Prawn - Shell On,19.95,700.0,Halal,,Ocean Fresh Delite,Shell On,Black Tiger Prawn
701,meat-seafood,Serve by Hai Sia Fresh Squid Ring,7.9,200.0,,,Hai Sia,,Fresh Squid Ring
702,meat-seafood,FarmFresh Chicken Minced,6.04,500.0,,,FarmFresh,Minced,Chicken
703,meat-seafood,Ocean Fresh Delite Frozen Boiled Scallops,8.95,400.0,,,Ocean Fresh Delite,Frozen,Boiled Scallop
704,meat-seafood,Catch Seafood King Grouper Fish Slice,9.99,240.0,,,Catch Seafood,Fish Slice,King Grouper
705,meat-seafood,Aw's Market Fresh Malaysian Pork Shoulder Minced (Twee Bak),6.02,250.0,,Malaysia,,Twee Bak,Pork Shoulder Minced
706,meat-seafood,Okeanoss Frozen Shrimp Paste,4.7,150.0,Halal,,Okeanoss,,Frozen Shrimp Paste
707,meat-seafood,Aw's Market Fresh Kampong Chicken Chopped (S),15.62,1000.0,,,Market Fresh,Chopped,Kampong Chicken
708,meat-seafood,Seaco Frozen Snow Crab Flavoured Leg Meat,7.0,300.0,,,Seaco,Flavoured Leg Meat,Frozen Snow Crab
709,meat-seafood,Lion Dance Chao Shan Beef Balls - Original,13.6,400.0,,,,Original,Lion Dance Chao Shan Beef Ball
710,meat-seafood,Aw's Market Fresh Malaysian Pork Lean Hind (Sliced),6.46,300.0,,Malaysia,Aw's Market,Lean Hind (Sliced),Fresh Pork
711,meat-seafood,Aw's Market Whole Chicken,9.9,1100.0,,,Aw's Market,,Whole Chicken
712,meat-seafood,Fukuyama Cooked Snow Crab Portions,21.9,250.0,,,Fukuyama,,
713,meat-seafood,Yamasa Japanese Jumbo Crab Stick,15.95,600.0,,Japan,Yamasa,Jumbo Crab Stick,Jumbo Crab Stick
714,meat-seafood,Aw's Market Chicken Thigh Cube (Boneless),5.0,200.0,,,Aw's Market,Boneless,Chicken Thigh Cube
715,meat-seafood,Aw's Market Fresh Chinese Pomfret,11.76,400.0,,China,Aw's Market Fresh,,Pomfret
716,meat-seafood,Hego Grass Fed Beef Minced - Chilled,13.15,400.0,Halal,,Hego,Chilled,Minced
717,meat-seafood,Okeanoss Frozen IQF Shrimp Meat (Tail On),10.9,400.0,,,Okeanoss,Tail On,Shrimp Meat
718,meat-seafood,Catch Seafood Broken Shrimp,10.99,1000.0,,,,Broken Shrimp,Seafood
719,meat-seafood,Pacific West Frozen Fish Bites Tempura,10.08,400.0,,,Pacific West,Tempura,Frozen Fish Bite
720,meat-seafood,Mr Joy's Yong Tau Foo Premium Fresh Taokee Non Msg,5.6,220.0,,,Yong Tau Foo,Premium Fresh Taokee,
721,meat-seafood,Serve by Hai Sia Angoli (Ang Go Li) Steak & Tail - Fresh,7.43,240.0,,,Ang Go Li,Fresh,Steak & Tail
722,meat-seafood,Seafood Boy - Jumbo Frozen Peeled Tiger Prawn Meat,14.25,500.0,,,Seafood Boy,Meat,Jumbo Frozen Peeled Tiger Prawn
723,meat-seafood,Aw's Market Fresh Balai Threadfin Fillet,9.72,150.0,,,Market Fresh Balai,,Threadfin Fillet
724,meat-seafood,Aw's Market Fresh Malaysian Pork Fillet,8.5,300.0,,Malaysia,Aw's Market,,
725,meat-seafood,Fassler Smoked Salmon - Black Pepper,8.38,75.0,,,Fassler,Black Pepper,Smoked Salmon
726,meat-seafood,Catch Seafood Venus White Clam,3.85,500.0,,,Catch Seafood,Venus White Clam,Venus White Clam
727,meat-seafood,Serve by Hai Sia Threadfin Portion - Fresh,10.78,200.0,,,Hai Sia,Fresh,Threadfin Portion
728,meat-seafood,Fassler Smoked Salmon - Traditional,17.5,200.0,Halal,,Fassler,Traditional,
729,meat-seafood,FarmFresh Chicken Black,6.81,400.0,Halal,,FarmFresh,Black,Chicken
730,meat-seafood,Aw's Market Chicken Drumstick,3.9,200.0,,,Aw's Market,,Chicken Drumstick
731,meat-seafood,FarmFresh X Olagud  RTE Chicken Breast (Peri Peri),2.36,90.0,Halal,,FarmFresh,Peri Peri,Chicken Breast
732,meat-seafood,Fukuyama Hokkaido Scallops,29.9,400.0,,,Fukuyama,,Hokkaido Scallop
733,meat-seafood,Mr Joy's Yong Tau Foo Premium Fish Taopok Non Msg,5.6,240.0,,,Yong Tau Foo,Taopok,Premium Fish
734,meat-seafood,DoDo Mini Fish Cake - Saito,3.15,210.0,,,Saito,DoDo Mini Fish Cake,DoDo Mini Fish Cake
735,meat-seafood,Ocean Fresh Delite French Scallops,36.95,700.0,,France,Ocean Fresh Delite,Scallops,
736,meat-seafood,Catch Seafood Premium Black Tiger Prawns - Large,13.5,600.0,,,Catch Seafood,Large,Premium Black Tiger Prawn
737,meat-seafood,FarmFresh Chicken Whole Wings,3.0,300.0,Halal,,FarmFresh,Whole Wings,Chicken
738,meat-seafood,Serve by Hai Sia Batang (Spanish Mackerel) Steaks - Fresh,6.95,240.0,,Spain,Hai Sia Batang,Fresh,Mackerel
739,meat-seafood,Mr Joy's Shrimps With Tail Frozen,13.33,800.0,,,Mr Joy,With Tail,Shrimp
740,meat-seafood,FarmFresh X Olagud RTE Chicken Breast (Herbs),2.36,90.0,Halal,,FarmFresh,Herbs,Chicken Breast
741,meat-seafood,Aw's Market Fresh Malaysian Pork Big Bone,4.0,300.0,,Malaysia,,,Big Bone
742,meat-seafood,Aw's Market Beef Oxtail,25.35,1000.0,,,Aw,,Beef Oxtail
743,meat-seafood,FarmFresh Chicken Gizzard,1.85,200.0,Halal,,FarmFresh,FarmFresh,Chicken Gizzard
744,meat-seafood,FarmFresh Chicken Leg - Whole,4.85,250.0,Halal,,FarmFresh,Whole,Chicken Leg
745,meat-seafood,Aw's Market Fresh Malaysian Pork Knuckle Chopped,8.28,500.0,,Malaysia,,Chopped,Aw's Market Fresh Pork Knuckle
746,meat-seafood,Seaco Snow Crab Claw,27.9,200.0,,,Seaco,Snow Crab Claw,Snow Crab Claw
747,meat-seafood,Tasty Food Affair Young Prime Beef Chuck Roll Shabu Shabu,12.8,300.0,,,Tasty Food Affair,Shabu Shabu,Chuck Roll
748,meat-seafood,Seawaves Premium Frozen Prawn Ball,10.9,650.0,,,Seawaves,Premium Frozen Prawn Ball,Premium Frozen Prawn Ball
749,meat-seafood,Aw's Market Fresh Malaysian Pork Belly Minced,6.1,250.0,,Malaysia,,Minced,
750,meat-seafood,Seawaves Frozen Premium Prawn Ball,3.9,200.0,,,Seawaves,Frozen Premium Prawn Ball,Frozen Premium Prawn Ball
751,meat-seafood,Tasty Food Affair Australia Young Prime Beef Striploin Steak,15.0,250.0,,Australia,Tasty Food Affair,Young Prime Beef Striploin Steak,Young Prime Beef Striploin Steak
752,meat-seafood,Eb Food Frozen Seafood Tofu,5.9,500.0,Halal,,Eb Food,Tofu,Frozen Seafood
753,meat-seafood,Catch Seafood Squid Ring 1Kg,6.99,1000.0,,,Catch Seafood,,Squid Ring
754,meat-seafood,Okeanoss Imitation Snow Crab (Leg),6.9,250.0,,,Okeanoss,Leg,Imitation Snow Crab
755,meat-seafood,Serve by Hai Sia Atlantic Salmon Portion - Fresh,6.93,150.0,,,Hai Sia,Fresh,Atlantic Salmon Portion
756,meat-seafood,Ocean Fresh Delite Frozen Boiled Clam Meat,6.06,400.0,,,Ocean Fresh Delite,Frozen,Boiled Clam Meat
757,meat-seafood,Aw's Market Fresh Australia Pork Lean Hind,5.66,300.0,,Australia,Market Fresh,Lean Hind,Pork
758,meat-seafood,FarmFresh X Olagud RTE Chicken Breast (Miso Shoyu),2.36,90.0,Halal,,FarmFresh,Miso Shoyu,RTE Chicken Breast
759,meat-seafood,Aw's Market Fresh Australia Pork Shoulder (TweeBak),5.46,250.0,,Australia,Market Fresh,TweeBak,Pork Shoulder
760,meat-seafood,Aw's Market Fresh Malaysian Pork Soft Bone,8.0,300.0,,Malaysia,Aw's Market,,Soft Bone
761,meat-seafood,Hai Sia Fresh Barramundi Fillet,6.99,240.0,Halal,,Hai Sia,Fresh Barramundi Fillet,Fresh Barramundi Fillet
762,meat-seafood,Aw's Market Fresh Australia Pork Fillet,7.65,300.0,,Australia,Market Fresh,,Pork Fillet
763,meat-seafood,Serve by Hai Sia Toman Slices Hotpot Steamboat - Fresh,6.19,200.0,,,,Fresh,Hotpot Steamboat
764,meat-seafood,Serve by Hai Sia Salmon Belly Skinless - Fresh,9.95,200.0,,,Hai Sia,Fresh,Salmon Belly
765,meat-seafood,Aw's Market Beef Shin/Shank (Heel Muscle),18.95,500.0,,,Aw,Shin/Shank,Beef
766,meat-seafood,Aw's Market Kampong Chicken Bones,7.8,380.0,,,Aw's Market,Kampong,Chicken Bone
767,meat-seafood,Mr Joy's Yong Tau Foo Premium Fish Roll Non Msg,5.33,220.0,,,Mr Joy,Premium Fish Roll,Yong Tau Foo
768,meat-seafood,FarmFresh Great Hills Chicken - Whole,11.04,1400.0,Halal,,Great Hills,Whole,Chicken
769,meat-seafood,Serve by Hai Sia Stingray Steaks - Fresh,6.96,240.0,,,Hai Sia,Fresh,Stingray Steak
770,meat-seafood,Aw's Market Fresh Malaysian Pork Collar,6.6,300.0,,Malaysia,Aw's Market Fresh,,Pork Collar
771,meat-seafood,DoDo Fish Ball - Fried,3.15,250.0,Halal,,DoDo,Fried,Fish Ball
772,meat-seafood,Seafood Boy Frozen Jumbo Peeled Prawn Meat - Tail On,9.81,500.0,,,Seafood Boy,Tail On,Frozen Jumbo Peeled Prawn
773,meat-seafood,Aw's Market Fresh Whole Seabass Butterfly Cut (Kukup Sea),7.56,400.0,,,Aw's,Kukup Sea,Whole Seabass
774,meat-seafood,Aw's Market Beef Flank Steak,9.6,200.0,,,Aw,,Beef Flank Steak
775,meat-seafood,Serve by Hai Sia Red Snapper Portions - Fresh,14.95,240.0,,,Hai Sia,Fresh,Red Snapper
776,meat-seafood,Serve by Hai Sia Peeled Prawns (Chemical-Free) - Fresh,7.93,150.0,,,Hai Sia,Chemical-Free,Peeled Prawn
777,meat-seafood,Aw's Market Fresh Malaysian Pork Fillet Minced,6.58,300.0,,Malaysia,Aw's Market,Minced,
778,meat-seafood,Aw's Market Kampong Chicken Breast Fillet Cube,9.96,300.0,,,Aw's Market,Kampong,Chicken Breast Fillet Cube
779,meat-seafood,Hai Sia Fresh Salmon Portion,6.93,150.0,Halal,,Hai Sia,Portion,Fresh Salmon
780,meat-seafood,Aw's Market Beef Ribeye Shabu,11.2,200.0,,,Aw's Market,Shabu,Beef Ribeye
781,meat-seafood,Aw's Market Fresh Malaysian Pork Mince,5.02,300.0,,Malaysia,Aw's Market,Fresh Pork Mince,
782,meat-seafood,Serve by Hai Sia Salmon Head Half Hotpot - Fresh,5.43,300.0,,,Hai Sia,Fresh,Salmon Head Half Hotpot
783,meat-seafood,Catch Seafood Baby Shrimp 1kg,11.99,1000.0,,,Catch Seafood,Baby Shrimp,Baby Shrimp
784,meat-seafood,Aw's Market Chicken Drumettes (Wing Stick),3.5,200.0,,,Aw,Wing Stick,Chicken Drumette
785,meat-seafood,Tegel Free Range Chicken Boneless Thigh Fillet - Chilled,13.25,330.0,Halal,,Tegel,Chilled,Free Range Chicken
786,meat-seafood,Ocean Fresh Delite US Scallops,39.95,700.0,,USA,Ocean Fresh Delite,,Scallop
787,meat-seafood,Aw's Market Kampong Chicken Breast,5.88,400.0,,,Aw's Market,Kampong,Chicken Breast
788,meat-seafood,Tasty Food Affair New Zealand Chilled Striploin Beef Steak,12.25,250.0,,New Zealand,Tasty Food Affair,,Chilled Striploin Beef Steak
789,meat-seafood,Aw's Market Fresh Malaysian Pork Loin Boneless,6.55,300.0,,Malaysia,Aw's Market Fresh,Boneless,Pork Loin
790,meat-seafood,Aw's Market Chicken Leg(Whole),4.8,210.0,,,Aw's,Whole,Market Chicken Leg
791,meat-seafood,Mt Cook Alpine King Salmon Portion - Chilled,13.51,150.0,,,Mt Cook,Chilled,Alpine King Salmon
792,meat-seafood,Aw's Market Fresh Malaysian Pork Trotter Chopped,9.54,500.0,,Malaysia,Aw's Market,Chopped,Fresh Pork Trotter
793,meat-seafood,Royal Delights Tempura Fish Finger - Frozen,8.95,500.0,,,Royal Delights,Frozen,Tempura Fish Finger
794,meat-seafood,Aw's Market Fresh Malaysian Pork Belly Chunk,7.7,250.0,,Malaysia,Aw's Market,Fresh Pork Belly Chunk,
795,meat-seafood,Aw's Market Fresh Whole Salmon Fillet,49.4,1000.0,,,Aw's,Market Fresh Whole Salmon Fillet,Market Fresh Whole Salmon Fillet
796,meat-seafood,Emerald Seafood Frozen Sea Scallops,27.5,400.0,,,Emerald Seafood,,Frozen Sea Scallop
797,meat-seafood,Catch Seafood Halibut Steak,13.99,500.0,,,,Halibut Steak,Halibut Steak
798,meat-seafood,Serve by Hai Sia Salmon Chunks - Fresh,9.0,200.0,,,Hai Sia,Fresh,Salmon Chunk
799,meat-seafood,Aw's Market Beef Grassfed Knuckle Cubes,6.72,150.0,,,Aw,Grassfed,Beef
800,meat-seafood,Serve Grey Vannamei Prawns Hotpot Steamboat - Fresh,5.75,200.0,,,,Fresh,Grey Vannamei Prawn
801,meat-seafood,Hego Skin on Boneless Chicken Leg Chilled,3.49,240.0,,,Hego,Chilled,Boneless Chicken Leg
802,meat-seafood,Aw's Market Beef Point End Grassfed Brisket,13.46,500.0,,,Aw,Grassfed Brisket,Beef
803,meat-seafood,Tasty Food Affair Young Prime Beef Chuck Roll Cube,18.0,500.0,,,Tasty Food Affair,Young Prime Beef,Young Prime Beef
804,meat-seafood,Creacook Bacon Wrapped Scallop,7.45,260.0,,,Creacook,Bacon Wrapped Scallop,
805,meat-seafood,Ocean Fresh Delite Peeled White Shrimp - Cooked,10.95,400.0,,,Ocean Fresh Delite,Cooked,Peeled White Shrimp
806,meat-seafood,Aw's Market Fresh Australia Pork Liver,4.88,300.0,,Australia,Market Fresh,,Pork Liver
807,meat-seafood,FarmFresh X Olagud RTE Chicken Breast (Hainanese),2.36,90.0,Halal,,FarmFresh,Hainanese,Chicken Breast
808,meat-seafood,Hai Sia Fresh Threadfin Portion,10.78,200.0,Halal,,Hai Sia,Fresh Threadfin Portion,
809,meat-seafood,Tegel Free Range Chicken Breast Fillet - Chilled,13.25,380.0,Halal,,Tegel,Chilled,Free Range Chicken Breast Fillet
810,meat-seafood,Aw's Market Kampong Chicken Thigh,9.22,300.0,,,Aw's Market,Kampong,Chicken
811,meat-seafood,Aw's Market Fresh Batang Fillet (Spanish Mackeral),7.56,150.0,,Spain,Aw's Market Fresh,Mackeral,Batang Fillet
812,meat-seafood,Aw's Market Fresh Milk Fish,5.88,400.0,,,,,Fresh Milk Fish
813,meat-seafood,Aw's Market Fresh Selar Fish,12.0,500.0,,,Market Fresh,,Selar Fish
814,meat-seafood,Catch Seafood Flower Clam (Asari),4.2,500.0,,,,,Seafood
815,meat-seafood,Catch Seafood Banana Prawns (Angka) - Medium,19.99,1000.0,,,Angka,Medium,Banana Prawn
816,meat-seafood,Emerald Frozen Shrimp Paste - Cod,4.9,150.0,,,,Cod,Emerald Frozen Shrimp Paste
817,meat-seafood,Aw's Market Fresh Australia Char Siew Pork,6.1,300.0,,Australia,Aw's Market Fresh,Char Siew Pork,
818,meat-seafood,Aw's Market Fresh Australia Pork Loin Chop,5.52,300.0,,Australia,Aw's Market Fresh,,Pork Loin Chop
819,meat-seafood,FarmFresh X Olagud RTE Chicken Breast (Smokey),2.36,90.0,Halal,,FarmFresh,Smokey,Chicken Breast
820,meat-seafood,AW'S Market Black Tilapia,6.65,300.0,,,AW'S Market,Black Tilapia,
821,meat-seafood,Ocean Fresh Delite Peeled White Shrimp - Raw,20.95,700.0,,,Ocean Fresh Delite,Raw,Peeled White Shrimp
822,meat-seafood,Aw's Market Fresh Balai Threadfin Steak,9.72,250.0,,,Market Fresh,Balai,Threadfin Steak
823,meat-seafood,FairPrice Fishball with Roe,8.64,500.0,,,FairPrice,with Roe,Fishball
824,meat-seafood,Aw's Market Fresh Malaysian Pork Collar Steak Cut,6.6,300.0,,Malaysia,Aw's Market Fresh,,Pork Collar Steak Cut
825,meat-seafood,FarmFresh Duck Breast Boneless,10.3,400.0,Halal,,FarmFresh,Boneless,Duck Breast
826,meat-seafood,Mr Joy's Yong Tau Foo Fried Fish Tofu,5.6,450.0,,,Mr Joy,Yong Tau Foo,Fried Fish Tofu
827,meat-seafood,Aw's Market Fresh Malaysian Pork Small Ribs,8.5,300.0,,Malaysia,Aw's Market,Fresh Pork,Small Rib
828,meat-seafood,Hego Grass Fed Beef Chuck Tender Chilled,13.92,400.0,,,Hego,Chilled,Grass Fed Beef
829,meat-seafood,Catch Seafood Smoke Salmon Gravlax,7.41,100.0,,,Catch Seafood,Smoke Salmon,Gravlax
830,meat-seafood,Mr Joy's Steamboat Premium Prawn Paste,6.9,250.0,,,Mr Joy,Premium Prawn Paste,Premium Prawn Paste
831,meat-seafood,FarmFresh GG French Poulet Breast Boneless (An Xin Chicken),5.0,300.0,Halal,France,FarmFresh,Boneless,Poulet
832,meat-seafood,Hai Sia Fresh Whole Barramundi,7.8,480.0,Halal,,Hai Sia,Fresh Whole Barramundi,Fresh Whole Barramundi
833,meat-seafood,Aw's Market Fresh Batang Sliced (Spanish Mackeral),7.98,150.0,,Spain,,Mackeral,Mackeral
834,meat-seafood,Hai Sia Fresh Tiger Prawn,5.78,200.0,Halal,,Hai Sia,Fresh Tiger Prawn,Fresh Tiger Prawn
835,meat-seafood,FarmFresh Duck Leg - Whole,6.05,250.0,Halal,,FarmFresh,Whole,Duck Leg
836,meat-seafood,FarmFresh Kampong Chicken Half Portion Cut,5.04,400.0,,,FarmFresh,Half Portion Cut,Kampong Chicken
837,meat-seafood,Aw's Market Fresh Australia Pork Big Bone,4.0,300.0,,Australia,Market Fresh,Pork Big Bone,Pork Big Bone
838,meat-seafood,Fassler Marinated Smoked Salmon - Graved Lax,17.5,200.0,,,Fassler,Graved,Smoked Salmon
839,meat-seafood,Serve by Hai Sia Milkfish (Scaled & Gutted) - Fresh,5.85,400.0,,,Hai Sia,Scaled & Gutted,Milkfish
840,meat-seafood,Aw's Market Kampong Chicken - Chopped (M),19.88,1400.0,,,Aw's Market,Chopped,Kampong Chicken
841,meat-seafood,FarmFresh GG French Poulet Large Potion Cut (An Xin Chicken),14.07,1300.0,Halal,France,FarmFresh,An Xin Chicken,Poulet
842,meat-seafood,Aw's Market Chicken Thigh,3.9,200.0,,,Aw,,Chicken Thigh
843,meat-seafood,Catch Seafood Whole Squid Large (Wild Caught),9.85,300.0,,,Catch Seafood,Wild Caught,Whole Squid
844,meat-seafood,Aw's Market Fresh Baby White Snapper (Ang Go Li Kia),6.24,300.0,,,Market Fresh,Ang Go Li Kia,Baby White Snapper
845,meat-seafood,Tasty Food Affair Australia Young Prime Beef Ribeye Steak,19.0,250.0,,Australia,Tasty Food Affair,Young Prime Beef Ribeye Steak,Young Prime Beef Ribeye Steak
846,meat-seafood,Aw's Market Fresh Malaysian Pork Belly (Sliced) (No Skin),7.6,250.0,,Malaysia,,No Skin,Pork Belly
847,meat-seafood,Aw's Market Chicken Mince,3.9,200.0,,,Aw's,Chicken Mince,Chicken Mince
848,meat-seafood,Aw's Market Chicken Mid Joint,3.7,200.0,,,Aw's,,Chicken Mid Joint
849,meat-seafood,Hego Chicken Mid Joint Wing - Chilled,3.6,240.0,,,Hego,Chilled,Chicken Mid Joint Wing
850,meat-seafood,Aw's Market Beef Grassfed Prime Steer Tenderloin,13.28,150.0,,,Aw,Grassfed,Prime Steer
851,meat-seafood,Catch Seafood Jumbo White Clams Naturally Sweet,4.26,500.0,,,Catch Seafood,Naturally Sweet,Jumbo White Clam
852,meat-seafood,Aw's Market Chicken Bones,3.8,250.0,,,Aw's,,Chicken Bone
853,meat-seafood,Farm Fresh Smoked Duck Breast Slice,2.17,60.0,Halal,,,Farm Fresh Smoked Duck Breast Slice,Farm Fresh Smoked Duck Breast Slice
854,meat-seafood,Hai Sia Fresh Salmon Portion,11.5,240.0,Halal,,Hai Sia,Portion,Fresh Salmon
855,meat-seafood,Catch Seafood Chilean Mussels Whole,8.9,1000.0,,Chile,Catch Seafood,Whole,Mussel
856,meat-seafood,Okeanoss Imitation Crab Stick,2.22,250.0,,,Okeanoss,Imitation Crab Stick,Imitation Crab Stick
857,meat-seafood,Hai Sia Fresh Salmon Portion S-Cut,9.58,200.0,Halal,,Hai Sia,S-Cut,Fresh Salmon
858,meat-seafood,Hego Chicken Fillet - Chilled,3.81,240.0,,,Hego,Chilled,Chicken Fillet
859,meat-seafood,Aw's Market Kampong Chicken (M),19.32,1400.0,,,Aw's Market,M,Kampong Chicken
860,meat-seafood,Li Chuan Sea Stick,2.6,250.0,,,Li Chuan,Sea Stick,Sea Stick
861,meat-seafood,Figo Thai Fish Cake,7.0,500.0,,Thailand,Figo,Fish Cake,Fish Cake
862,meat-seafood,Aw's Market Fresh Australia Pork Belly (Sliced),6.9,250.0,,Australia,Market Fresh,Sliced,Pork Belly
863,meat-seafood,Aw's Market Beef Point End Grassfed Brisket Stir Fry,6.4,150.0,,,Aw,Grassfed Brisket,Beef
864,meat-seafood,Catch Seafood Large Prawn Meat,5.99,250.0,,,,Large Prawn,Seafood
865,meat-seafood,Serve Golden Pomfret Slice Hotpot Steamboat - Fresh,11.55,220.0,,,,Fresh,Hotpot Steamboat
866,meat-seafood,Aw's Market Beef Grassfed Knuckle Minced,6.72,150.0,,,Aw,Grassfed,Beef
867,meat-seafood,Tasty Food Affair Marinated Smokey BBQ Chicken Boneless Leg,5.6,220.0,,,Tasty Food Affair,Marinated,Boneless Leg
868,meat-seafood,Mr Joy's Steamboat Mixed Pack HotPot,5.06,270.0,,,Mr Joy,Mixed Pack HotPot,Mixed Pack HotPot
869,meat-seafood,Aw's Market Kampong Chicken (S),15.18,1000.0,,,Aw's Market,S,Kampong Chicken
870,meat-seafood,Tasty Food Affair Marinated Black Angus Sliced Beef (Gyudon),6.0,150.0,,,Tasty Food Affair,Marinated Black Angus,Sliced Beef
871,meat-seafood,Mr Joy's Yong Tau Foo Bittergourd,5.99,300.0,,,Mr Joy,Yong Tau Foo,Bittergourd
872,meat-seafood,Aw's Market Fresh Australia Pork Loin Bone W Meat,5.3,300.0,,Australia,Market Fresh,W,Pork Loin Bone
873,meat-seafood,Aw's Market Chicken Thigh Boneless (Sliced),5.0,200.0,,,Aw's,Boneless,Chicken Thigh
874,meat-seafood,Mr Joy's Steamboat Taiwan Fish Ball with Roe,4.2,120.0,,Taiwan,Mr Joy,with Roe,Fish Ball
875,meat-seafood,Aw's Market Beef Angus Short Ribs - Galbi Cut,32.0,200.0,,,Aw,Galbi Cut,Angus Short Rib
876,meat-seafood,Aw's Market Fresh Australia Pork Trotter,6.72,500.0,,Australia,Market Fresh,,Pork Trotter
877,meat-seafood,Serve by Hai Sia Batang (Spanish Mackerel) Portions - Fresh,8.9,240.0,,Spain,Hai Sia Batang,Fresh,Mackerel
878,meat-seafood,FarmFresh GG French Poulet Leg Whole (An Xin Chicken),8.17,400.0,Halal,France,FarmFresh,An Xin Chicken,Poulet
879,meat-seafood,Hego Skinless Boneless Chicken Breast Chilled,4.1,240.0,,,Hego,Chilled,Skinless Boneless Chicken Breast
880,meat-seafood,Hego Black Angus Free Range Beef Minced | Chilled,22.36,500.0,,,Hego,Chilled,Free Range Beef Minced
881,meat-seafood,Oriental Delight Frozen Imitation Jumbo Snow Crab Legs,6.9,240.0,,,Oriental Delight,Frozen Imitation,Jumbo Snow Crab Leg
882,meat-seafood,Aw's Market Fresh Australia Pork Muscle,6.36,300.0,,Australia,Market Fresh,,Pork Muscle
883,meat-seafood,Aw's Market Fresh Malaysian Pork Lean Hind,6.32,300.0,,Malaysia,Aw's Market,Lean Hind,Fresh Pork
884,meat-seafood,Aw's Market Fresh XL Tiger Prawns (Peeled) CNY Steamboat,6.0,100.0,,,Market Fresh,Peeled,XL Tiger Prawn
885,meat-seafood,Tasty Food Affair Lamb Loin Chop,15.0,500.0,,,Tasty Food Affair,,Lamb Loin Chop
886,meat-seafood,Twinfish Squid Flower Cut,5.95,500.0,,,Twinfish,Flower Cut,Squid
887,meat-seafood,FarmFresh GG French Poulet Drumstick (An Xin Chicken),8.17,350.0,Halal,France,FarmFresh,An Xin Chicken,Poulet Drumstick
888,meat-seafood,Aw's Market Fresh Malaysian Pork Jowl Minced,6.7,300.0,,Malaysia,Aw's Market,,
889,meat-seafood,Aw's Market Fresh Malaysian Pork Liver Sliced,5.8,300.0,,Malaysia,Aw's Market,Fresh Pork Liver Sliced,
890,meat-seafood,FarmFresh Boneless Chicken Leg - Strip,4.24,250.0,Halal,,FarmFresh,- Strip,Boneless Chicken Leg
891,meat-seafood,Aw's Market Fresh A Grade Fresh XL Sotong (Squid),21.29,500.0,,,Market Fresh,XL,Sotong
892,meat-seafood,Mr Joy's Crab Meat A Grade,19.0,500.0,,,Mr Joy,A Grade,Crab Meat
893,meat-seafood,Mr Joy's TIGER PRAWNS,17.6,1000.0,,,Mr Joy,,TIGER PRAWN
894,meat-seafood,Aw's Market Kampong Old Mother Hen (Whole),12.98,1200.0,,,Aw's Market,Whole,Kampong Old Mother Hen
895,meat-seafood,Catch Seafood Squid Tube (Bulk Pack) (Frozen),8.99,1000.0,,,Catch Seafood,Frozen,Squid Tube
896,meat-seafood,FarmFresh GG French Poulet Leg Boneless (An Xin Chicken),8.17,320.0,Halal,France,FarmFresh,Boneless,Poulet
897,meat-seafood,Mr Joy's Sandwich Tofu Hotpot,5.06,270.0,,,Mr Joy,,Tofu Hotpot
898,meat-seafood,Emerald Hokkaido Scallops,55.9,700.0,,,Emerald,,Hokkaido Scallop
899,meat-seafood,Snow Treasures Premium Live Frozen Raw Grey Prawn,17.71,1000.0,,,Snow Treasures,Premium,Live Frozen Raw Grey Prawn
900,meat-seafood,Aw's Market Fresh Milk Fish (Chopped),6.24,400.0,,,Aw's,Chopped,Market Fresh Milk Fish
901,meat-seafood,FarmFresh Boneless Chicken Leg - Cube,4.24,250.0,Halal,,FarmFresh,- Cube,Boneless Chicken Leg
902,meat-seafood,Seafood Boy Frozen Norwegian Salmon Belly,23.22,500.0,,Norway,Seafood Boy,Frozen Salmon Belly,Frozen Salmon Belly
903,meat-seafood,Aw's Market Fresh Australia Pork Belly Roast,11.14,500.0,,Australia,Market Fresh,,Pork Belly Roast
904,meat-seafood,Catch Seafood Jumbo Pealed Prawn Meat,7.45,300.0,,,Catch Seafood,Jumbo Pealed Prawn,
905,meat-seafood,Aw's Market Fresh Yellow Tail,7.44,400.0,,,Market Fresh,,Yellow Tail
906,meat-seafood,Catch Seafood Baby Shrimp,3.99,250.0,,,Catch Seafood,Baby Shrimp,Baby Shrimp
907,meat-seafood,FarmFresh Olagud Gourmet White Fish (Chimichurri),3.13,85.0,Halal,,FarmFresh,Chimichurri,White Fish
908,meat-seafood,FarmFresh Duck Whole,26.45,2300.0,Halal,,FarmFresh,,Whole
909,meat-seafood,Ocean Fresh Delite Frozen Sea Cucumber,13.95,450.0,,,Ocean Fresh Delite,Frozen Sea Cucumber,Frozen Sea Cucumber
910,meat-seafood,Mt Cook Fresh Alpine King Salmon Portion,13.5,150.0,Halal,,Mt Cook,Fresh Alpine King Salmon Portion,
911,meat-seafood,Aw's Market Kampong Chicken Thigh Boneless W/O skin,10.08,200.0,,,Aw's Market,Boneless,Kampong Chicken Thigh
912,meat-seafood,Rich Seas Mussel Meat - Frozen,5.0,500.0,,,Rich Seas,Frozen,Mussel Meat
913,meat-seafood,Okeanoss Frozen Boiled Scallop,13.5,400.0,,,Okeanoss,Frozen Boiled Scallop,Frozen Boiled Scallop
914,meat-seafood,Mr Joy's Flower Crab Meat,10.0,250.0,,,Mr Joy,Flower Crab Meat,Flower Crab Meat
915,meat-seafood,Aw's Market Fresh Malaysian Pork Fillet (Sliced),8.28,300.0,,Malaysia,,Sliced,Aw's Market Fresh Pork Fillet
916,meat-seafood,FarmFresh Olagud Gourmet White Fish (Lime And Chilli),3.13,85.0,Halal,,FarmFresh,Lime And Chilli,Gourmet White Fish
917,meat-seafood,Catch Seafood Deep Sea Loligo Squid (Value Pack) - Frozen,19.9,1000.0,,,Catch Seafood,Value Pack,Loligo Squid
918,meat-seafood,Aw's Market Beef Point End Grassfed Brisket Cube,6.4,150.0,,,Aw,Grassfed,Beef
919,meat-seafood,Aw's Market Beef Point End Grassfed Brisket Minced,6.4,150.0,,,Aw,Grassfed,Point End
920,meat-seafood,Aw's Market Fresh Asian Seabass Fillet Sliced,6.24,150.0,,,Aw's,Sliced,Asian Seabass
921,meat-seafood,Mr Joy's Vegetable Ball Hotpot 270 G,4.67,270.0,,,Mr Joy,,Vegetable Ball Hotpot
922,meat-seafood,Aw's Market Fresh Australia Pork Keybone with Meat,5.7,300.0,,Australia,Market Fresh,with Meat,Pork Keybone
923,meat-seafood,Mr Joy's Fish Solo Hotpot,5.06,270.0,,,Mr Joy,Solo,Fish
924,meat-seafood,Aw's Market Beef Grassfed Prime Steer Tenderloin Roast,36.0,500.0,,,Aw's,Grassfed,Prime Steer
925,meat-seafood,Aw's Market Whole Chicken (Large),19.6,1800.0,,,Aw's Market,Large,Whole Chicken
926,meat-seafood,Snow Treasures Premium Tiger Prawns HOSO 1kg,17.71,1000.0,,,Snow Treasures,HOSO,Premium Tiger Prawn
927,meat-seafood,Aw's Market Fresh Black Grouper Sliced,7.56,150.0,,,Market Fresh,Sliced,Black Grouper
928,meat-seafood,Aw's Market Fresh Malaysian Pork Loin Bone with Meat,6.48,300.0,,Malaysia,Aw's Market Fresh,with Meat,Pork Loin Bone
929,meat-seafood,FarmFresh Great Hills Chicken Leg - Boneless,4.4,200.0,Halal,,Great Hills,Boneless,Chicken Leg
930,meat-seafood,Snow Treasures Premium Tiger Prawns (Peeled & Deveined),29.26,1000.0,,,Snow Treasures,Peeled & Deveined,Premium Tiger Prawn
931,meat-seafood,Hai Sia Fresh Salmon Belly - Skinless,9.5,200.0,Halal,,Hai Sia,Skinless,Fresh Salmon Belly
932,meat-seafood,Rich Seas Clam Meat,4.95,500.0,,,Rich Seas,Clam Meat,Clam Meat
933,meat-seafood,Catch Seafood Oyster Meat,14.5,1000.0,,,,Oyster,Seafood
934,meat-seafood,Aw's Market Kampong Chicken Wings,5.88,220.0,,,Aw's Market,,Kampong Chicken Wing
935,meat-seafood,Mr Joy's Seafood Tofu Semi Round Hotpot,5.06,270.0,,,Mr Joy,Semi Round Hotpot,Seafood
936,meat-seafood,Aw's Market Fresh Australia Pork Lard (Fats),4.02,300.0,,Australia,Market Fresh,Fats,Pork Lard
937,meat-seafood,Ocean Fresh Delite Frozen Formed Scallop,10.95,380.0,,,Ocean Fresh Delite,Frozen Formed Scallop,Frozen Formed Scallop
938,meat-seafood,Tegel Free Range Chicken Drumsticks - Chilled,10.45,400.0,Halal,,Tegel,Chilled,Free Range Chicken Drumstick
939,meat-seafood,Serve by Hai Sia Sole Fillet - Fresh,7.26,240.0,,,Hai Sia,Fresh,Sole Fillet
940,meat-seafood,Aw's Market Fresh Malaysian Pork Shoulder (Twee Bak),6.42,250.0,,Malaysia,,Twee Bak,Pork Shoulder
941,meat-seafood,Aw's Market Fresh Malaysian Pork Muscle Minced,5.94,300.0,,Malaysia,Aw's Market,,
942,meat-seafood,Hego Canterbury Frenched Spring Lamb Rack Chop - Chilled,42.85,500.0,Halal,,Hego,Chilled,Frenched
943,meat-seafood,Aw's Market USDA Boneless Short Ribs Galbi Cut,19.2,200.0,,,Aw's Market,Galbi Cut,USDA Boneless Short Rib
944,meat-seafood,Fisher's Catch River Prawns,18.95,1000.0,,,Fisher's Catch,,River Prawn
945,meat-seafood,Rich Seas Frozen Cooked Prawn with Shell (Ready-to-Eat),17.5,1000.0,,,Rich Seas,Ready-to-Eat,Frozen Cooked Prawn with Shell
946,meat-seafood,Aw's Market Beef Cheek,12.0,300.0,,,Aw's Market,,Beef Cheek
947,meat-seafood,Tasty Food Affair Young Prime Beef Flank Steak,9.5,200.0,,,Tasty Food Affair,,Young Prime Beef Flank Steak
948,meat-seafood,Aw's Market Fresh Malaysian Pork Jowl (Sliced),9.3,300.0,,Malaysia,,Sliced,Pork Jowl
949,meat-seafood,Aw's Market Chicken Breast Cube,4.5,200.0,,,Aw,,Chicken Breast Cube
950,meat-seafood,Catch Seafood Wild Banana Prawn (Ang Kar) Small sz 30-50,17.5,700.0,,,Catch Seafood,Ang Kar,Wild Banana Prawn
951,meat-seafood,Serve XL Fried Bean Curd Tau Kee Steamboat - Frozen,8.52,300.0,,,,Serve XL Fried Bean Curd,Tau Kee Steamboat
952,meat-seafood,Aw's Market Fresh Malaysian Pork Stomach,8.0,400.0,,Malaysia,,,Pork Stomach
953,meat-seafood,Aw's Market Beef Grassfed Prime Steer Ribeye Roast,67.2,1000.0,,,Aw's,Grassfed,Ribeye Roast
954,meat-seafood,Hego Black Angus Beef Flank Steak - Chilled,23.49,400.0,Halal,,Hego,Chilled,Black Angus Beef Flank Steak
955,meat-seafood,Aw's Market Fresh Salmon Steak,9.6,200.0,,,Aw's Market,Fresh Salmon Steak,Fresh Salmon Steak
956,meat-seafood,Yorihada Lotte World Lotty Shrimp Cutlet,8.45,250.0,,,Yorihada,,Shrimp Cutlet
957,meat-seafood,FarmFresh Olagud Gourmet White Fish (Herbs),3.13,85.0,Halal,,FarmFresh,Herbs,White Fish
958,meat-seafood,Tasty Food Affair 150D GrainFed Black Angus Beef Denver Steak,14.5,200.0,,,Tasty Food Affair,Denver Steak,Denver Steak
959,meat-seafood,AW'S Market Black Chicken - Chopped,10.8,400.0,,,AW'S Market,Chopped,Black Chicken
960,meat-seafood,Aw's Market Fresh Duck Breast Fillet,10.3,400.0,,,Aw's,Market Fresh Duck Breast Fillet,Market Fresh Duck Breast Fillet
961,meat-seafood,Aw's Market Fresh Salmon Head,8.0,500.0,,,Aw,,
962,meat-seafood,FarmFresh Spring Chicken,7.19,600.0,Halal,,FarmFresh,,Spring Chicken
963,meat-seafood,Aw's Market Fresh Stingray Cube,6.96,200.0,,,Market Fresh,,Stingray Cube
964,meat-seafood,Aw's Market Fresh XL Glass Prawns CNY Steamboat,5.4,150.0,,,Market Fresh,CNY Steamboat,XL Glass Prawn
965,meat-seafood,Aw's Market Fresh Mackeral Batang Head (1PC),3.2,400.0,,,Aw's Market Fresh,Batang Head,Mackeral
966,meat-seafood,Aw's Market Beef Angus Rump Cap Minced (Picanha),17.0,300.0,,,Aw,Picanha,Beef
967,meat-seafood,Catch Seafood Flower Crab 1/2 cut,15.9,1000.0,,,Catch Seafood,1/2 cut,Flower Crab
968,meat-seafood,Aw's Market Beef Skirt Stir Fry,15.9,300.0,,,Aw,Beef Skirt Stir Fry,Beef Skirt Stir Fry
969,meat-seafood,Aw's Market Kampong Chicken Thigh Boneless Cube,10.08,200.0,,,Aw's Market,Boneless Cube,Kampong Chicken Thigh
970,meat-seafood,Aw's Market Beef Cheek Minced,8.8,150.0,,,Aw's Market,Beef Cheek Minced,Beef Cheek Minced
971,meat-seafood,AW'S Market Fresh White Snapper Head (Ang Go Li),7.7,600.0,,,AW,Ang Go Li,White Snapper Head
972,meat-seafood,Aw's Market Fresh Black Grouper Fillet,7.56,150.0,,,Aw's,Market Fresh,Black Grouper Fillet
973,meat-seafood,Aw's Market Fresh Malaysian Pork Loin Chop,6.58,300.0,,Malaysia,,,Pork Loin Chop
974,meat-seafood,FarmFresh Chicken Drumlets,3.05,200.0,Halal,,FarmFresh,FarmFresh,Chicken Drumlet
975,meat-seafood,FarmFresh GG French Poulet Wing Middle (An Xin Chicken),8.51,250.0,Halal,France,FarmFresh,An Xin Chicken,Poulet
976,meat-seafood,Aw's Market Fresh Malaysian Pork Shoulder Sliced (Twee Bak),6.42,250.0,,Malaysia,,Twee Bak,Pork Shoulder Sliced
977,meat-seafood,Kirei Naruto Maki Ramen Pink Spiral Fish Cake,5.1,160.0,,,Kirei,Naruto Maki Ramen,Pink Spiral Fish Cake
978,meat-seafood,Aw's Market Chicken Fillet,4.5,200.0,,,Aw's,,Chicken Fillet
979,meat-seafood,Serve Threadfin Slice Hotpot Steamboat - Fresh,12.33,180.0,,,,Fresh,Hotpot Steamboat
980,meat-seafood,Okeanoss Minced Crab Bite,12.0,1000.0,,,Okeanoss,Minced Crab Bite,Minced Crab Bite
981,meat-seafood,Aw's Market Fresh Malaysian Pork Back Leg,6.94,500.0,,Malaysia,,,
982,meat-seafood,Aw's Market Fresh Australia Pork Cubes (Lean Hind),5.76,300.0,,Australia,Market Fresh,Lean Hind,Pork Cube
983,meat-seafood,Catch Seafood Medium Prawn Meat without Shell,4.91,250.0,,,,without Shell,Seafood
984,meat-seafood,FarmFresh Duck Half,14.15,1100.0,Halal,,FarmFresh,,Duck Half
985,meat-seafood,Tasty Food Affair Australian Beef Hanging Tenderloin,13.5,200.0,,Australia,Tasty Food Affair,,Beef
986,meat-seafood,Aw's Market Beef Flank Stir Fry Cut,10.4,150.0,,,Aw's,Cut,Beef Flank
987,meat-seafood,Aw's Market Fresh Malaysian Pork Jowl,9.3,300.0,,Malaysia,,,Pork Jowl
988,meat-seafood,Chemical-Free Peeled Prawns 0% Glazing Steamboat - Frozen,7.63,150.0,,,,0%,Chemical-Free Peeled Prawn
989,meat-seafood,Aw's Market Fresh Malaysian Pork Muscle,6.88,300.0,,Malaysia,Aw's Market,,
990,meat-seafood,Aw's Market Fresh Asian Seabass Fillet Cube,6.24,150.0,,,Aw's,,Seabass
991,meat-seafood,Tasty Food Affair Marinated Teriyaki Chicken Boneless Leg,5.6,220.0,,,Tasty Food Affair,Teriyaki,Boneless Leg
992,meat-seafood,Aw's Market Skinless Chicken Leg (Boneless),5.0,180.0,,,Aw's Market,Boneless,Skinless Chicken Leg
993,meat-seafood,Aw's Market USDA Boneless Short Ribs Cube,17.6,150.0,,,Aw's Market,Cube,USDA Boneless Short Rib
994,meat-seafood,Tasty Food Affair New Zealand Chilled Ribeye Beef Steak,16.8,250.0,,New Zealand,Tasty Food Affair,Chilled Ribeye Beef Steak,Chilled Ribeye Beef Steak
995,meat-seafood,Aw's Market Fresh Red Snapper Sliced,8.32,150.0,,,Aw's,Sliced,Market Fresh Red Snapper
996,meat-seafood,Mr Joy's Yong Tau Foo Frozen Ladyfinger,7.2,280.0,,,Mr Joy,Frozen Ladyfinger,Yong Tau Foo
997,meat-seafood,Catch Seafood Deep Sea Loligo Calamari Rings - Frozen,6.25,220.0,,,,Frozen,Calamari Ring
998,meat-seafood,Aw's Market Half Chicken,5.6,550.0,,,Aw's,,Half Chicken
999,meat-seafood,Mr Joy's Steamboat Taiwan Fish Ball with Double Cheese,4.2,120.0,,Taiwan,Mr Joy,Double Cheese,Fish Ball
1000,meat-seafood,Seaco Australia Frozen Scallops,23.9,200.0,,Australia,Seaco,,Frozen Scallop
1001,meat-seafood,Mr Joy's WHITE VANAMEI PRAWNS,16.0,1000.0,,,Mr Joy,WHITE VANAMEI PRAWNS,WHITE VANAMEI PRAWN
1002,meat-seafood,Aw's Market Lamb Shoulder Minced,9.92,150.0,,,Aw,,Lamb Shoulder
1003,meat-seafood,Aw's Market Fresh Malaysian Pork Collar (Sliced),7.0,300.0,,Malaysia,,Sliced,Pork Collar
1004,meat-seafood,Hai Sia Fresh Vannamei Prawn,5.75,200.0,Halal,,Hai Sia Fresh,,Vannamei Prawn
1005,meat-seafood,Aw's Market Fresh Malaysian Pork Liver,5.34,300.0,,Malaysia,,,Pork Liver
1006,meat-seafood,Aw's Market Fresh Australia Pork Collar Roast,10.5,500.0,,Australia,Market Fresh,,Pork Collar Roast
1007,meat-seafood,Aw's Market Kampong Chicken Thigh (Chopped),10.08,300.0,,,Aw's Market,Chopped,Chicken Thigh
1008,meat-seafood,Aw's Market Fresh Golden Pomfret (Chopped),9.96,450.0,,,Market Fresh,Chopped,Golden Pomfret
1009,meat-seafood,Aw's Market Fresh Malaysian Pork Eye Round,6.88,300.0,,Malaysia,,,Pork Eye Round
1010,meat-seafood,Catch Seafood New Zealand Mussels,6.84,300.0,,New Zealand,Catch Seafood,,Mussel
1011,meat-seafood,FarmFresh Duck Wing,5.25,300.0,Halal,,FarmFresh,FarmFresh,Duck Wing
1012,meat-seafood,Yorokobi Frozen Japan Scallops,37.95,900.0,,Japan,Yorokobi,,Frozen Scallop
1013,meat-seafood,Catch Seafood Jumbo Tiger Prawns,32.5,1000.0,,,Catch Seafood,,Jumbo Tiger Prawn
1014,meat-seafood,Seaco Frozen Cooked King Crab,26.95,200.0,,,Seaco,Frozen Cooked King Crab,Frozen Cooked King Crab
1015,meat-seafood,Aw's Market Fresh Red Grouper Fillet (Ang Gau),19.6,150.0,,,Aw's,Ang Gau,Red Grouper Fillet
1016,meat-seafood,The Straits Fish Tilapia Skinless Slice - Fresh,15.5,200.0,,,The Straits Fish,Fresh,Tilapia Skinless Slice
1017,meat-seafood,SSW NZ Wagyu MB5/6 Beef Diced 250g (Chilled),14.8,250.0,,,SSW NZ Wagyu,Chilled,Beef
1018,meat-seafood,Aw's Market Fresh Australia Pork Jowl,9.3,300.0,,Australia,Market Fresh,,Pork Jowl
1019,meat-seafood,Aw's Market Chicken Wing,3.5,230.0,,,Aw's,,Chicken Wing
1020,meat-seafood,Aw's Market Chicken Wing (Whole),3.5,230.0,,,Aw's,Whole,Chicken Wing
1021,meat-seafood,Hego Canterbury Lamb Diced Chilled,13.2,250.0,,,Hego,Chilled,Canterbury Lamb
1022,meat-seafood,Aw's Market Kampong Chicken Breast Fillet,9.96,300.0,,,Aw's Market,Kampong,Chicken Breast Fillet
1023,meat-seafood,Tasty Food Affair Marinated Teriyaki Chicken Mid Joint Wings,8.95,400.0,,,Tasty Food Affair,Marinated,Mid Joint Wing
1024,meat-seafood,Aw's Market Fresh Kee Fish,8.04,400.0,,,Aw's Market Fresh Kee Fish,,
1025,meat-seafood,Catch Seafood Clam Meat,6.8,400.0,,,,Clam Meat,Seafood
1026,meat-seafood,Mr Joy's Crab Nugget Hotpot 270 G,4.8,270.0,,,Mr Joy,Hotpot,Crab Nugget
1027,meat-seafood,Aw's Market Chicken Thigh Cube,4.5,200.0,,,Aw,Chicken Thigh Cube,Chicken Thigh Cube
1028,meat-seafood,Catch Seafood Wild Crab meat Special,28.7,454.0,,,,Special,Seafood
1029,meat-seafood,Ocean Fresh Delite Frozen Premium Tiger Sea Cucumbers,22.55,500.0,,,Ocean Fresh Delite,Premium Tiger,Sea Cucumber
1030,meat-seafood,Hego Grass Fed Beef Ribeye - Chilled,15.08,300.0,Halal,,Hego,Chilled,Grass Fed Beef Ribeye
1031,meat-seafood,Aw's Market Fresh Salmon Fillet Cube,10.88,150.0,,,Aw,Cube,Fresh Salmon
1032,meat-seafood,Tasty Food Affair Marinated Signature Soy Chicken Mid Wings,8.95,400.0,,,Tasty Food Affair,Marinated,Mid Wing
1033,meat-seafood,Aw's Market Fresh Australia Pork Knuckle,7.95,500.0,,Australia,Market Fresh,,Pork Knuckle
1034,meat-seafood,Serve by Hai Sia Barramundi Chunks - Fresh,6.15,200.0,,,Hai Sia,Fresh,Barramundi Chunk
1035,meat-seafood,Aw's Market Fresh Australia Pork Heart,5.88,220.0,,Australia,Market Fresh,,Pork Heart
1036,meat-seafood,FarmFresh Chicken Half,5.05,450.0,Halal,,FarmFresh,FarmFresh,Chicken Half
1037,meat-seafood,Hego Canterbury Minced Lamb Chilled,24.44,500.0,,,Hego,Chilled,Minced Lamb
1038,meat-seafood,Catch Seafood Medium Cooked Prawns with Shell On,22.0,1000.0,,,,with Shell On,Prawn
1039,meat-seafood,Mr Joy's Steamboat Sea Cucumber,20.0,500.0,,,Mr Joy,Steamboat,Sea Cucumber
1040,meat-seafood,Snow Treasures Premium Half Shell Mussels,18.48,907.0,,,Snow Treasures,Premium Half Shell Mussels,Premium Half Shell Mussel
1041,meat-seafood,Hego Black Angus Beef Cheek Chilled,16.96,400.0,,,Hego,Chilled,Black Angus Beef Cheek
1042,meat-seafood,Catch Seafood Japanese Scallops Medium,13.99,300.0,,Japan,,Medium,Scallop
1043,meat-seafood,Tegel Free Range Chicken Mini Fillet - Chilled,13.25,380.0,Halal,,Tegel,Chilled,Free Range Chicken Mini Fillet
1044,meat-seafood,Aw's Market Fresh Salmon Sliced,11.2,150.0,,,Aw's Market,Sliced,Fresh Salmon
1045,meat-seafood,Tasty Food Affair Marinated Smokey BBQ Pork Belly,8.65,350.0,,,Tasty Food Affair,Marinated,Pork Belly
1046,meat-seafood,FarmFresh GG French Poulet Wing (An Xin Chicken),6.93,350.0,Halal,France,FarmFresh,An Xin Chicken,Poulet Wing
1047,meat-seafood,Aw's Market Fresh Duck Thigh,6.8,240.0,,,Aw's,,Market Fresh Duck Thigh
1048,meat-seafood,Aw's Market Fresh Australia Pork Tail,6.66,300.0,,Australia,Market Fresh,,Pork Tail
1049,meat-seafood,Mr Joy's Yong Tau Foo Frozen Chilli,6.0,250.0,,,Mr Joy,Frozen Chilli,Frozen Chilli
1050,meat-seafood,FarmFresh Duck Liver,4.05,300.0,Halal,,FarmFresh,FarmFresh,Duck Liver
1051,meat-seafood,Aw's Market Fresh Assorted Fish Bones,2.6,300.0,,,Market Fresh,Assorted Fish Bones,Assorted Fish Bone
1052,meat-seafood,Serve by Hai Sia Chinese Pomfret (Cleaned & Gutted) - Fresh,25.96,400.0,,China,Hai Sia,Cleaned & Gutted,Pomfret
1053,meat-seafood,Mr Joy's Frozen Cooked Crab Claw,22.0,500.0,,,Mr Joy,Frozen Cooked Crab Claw,Frozen Cooked Crab Claw
1054,meat-seafood,Aw's Market Fresh White Snapper Fillet Cube (Ang Go Li),8.96,150.0,,,Ang Go Li,Ang Go Li,
1055,meat-seafood,Figo Seafood Tofu,8.07,500.0,,,Figo,Tofu,Seafood
1056,meat-seafood,Aw's Market Fresh Malaysian Pork Eye Round (Sliced),6.98,300.0,,Malaysia,,Sliced,Pork Eye Round
1057,meat-seafood,Aw's Market Fresh Malaysian Pork Shank,6.48,500.0,,Malaysia,,,
1058,meat-seafood,Tasty Food Affair Marinate Signature Soy Chicken Boneless Leg,5.6,220.0,,,Marinate,Signature,Boneless Leg
1059,meat-seafood,FarmFresh Duck Gizzard,4.05,300.0,Halal,,FarmFresh,FarmFresh,Duck Gizzard
1060,meat-seafood,Farm Fresh Smoked Duck Breast Yakitori,2.17,60.0,Halal,,Yakitori,Farm Fresh Smoked Duck Breast,Farm Fresh Smoked Duck Breast
1061,meat-seafood,Hego Canterbury Lamb Bone-In Fore Shank - Chilled,28.47,700.0,Halal,,Hego,Chilled,Bone-In Fore Shank
1062,meat-seafood,Aw's Market Beef Grassfed Prime Steer Striploin Roast,25.8,500.0,,,Aw,Grassfed,Striploin Roast
1063,meat-seafood,Catch Seafood New Zealand Mussels,19.5,907.0,,New Zealand,Catch Seafood,,Mussel
1064,meat-seafood,Catch Seafood Boston Lobster Tail,18.5,110.0,,,Catch Seafood,Boston,Lobster Tail
1065,meat-seafood,Mr Joy's Frozen Scallop - Half Shell,14.5,1000.0,,,Mr Joy,Half Shell,Frozen Scallop
1066,meat-seafood,Twinfish Breaded Fish Fillet,13.95,1000.0,,,Twinfish,Breaded Fish,Fillet
1067,meat-seafood,Seaco Braised Abalone,12.9,160.0,,,Seaco,Braised Abalone,Braised Abalone
1068,meat-seafood,Aw's Market Fresh Black Chicken,10.8,400.0,,,Market Fresh,Black Chicken,Black Chicken
1069,meat-seafood,Hego Grass Fed Beef Diced Chilled,9.44,250.0,,,Hego,Chilled,Grass Fed Beef
1070,meat-seafood,Aw's Market Fresh Malaysian Pork Knuckle German No Cut,8.28,500.0,,Malaysia,,German No Cut,Pork Knuckle
1071,meat-seafood,Aw's Market Fresh Malaysian Pork Belly (Sliced),7.7,250.0,,Malaysia,,Sliced,Pork Belly
1072,meat-seafood,Aw's Market Fresh Duck Gizzard,6.5,500.0,,,Aw's,,Market Fresh Duck Gizzard
1073,meat-seafood,Oriental Delight Sea Urchin Ball,4.4,200.0,,,Oriental Delight,Sea Urchin Ball,Sea Urchin Ball
1074,meat-seafood,FarmFresh Duck Bone,4.05,300.0,Halal,,FarmFresh,Duck Bone,Duck Bone
1075,meat-seafood,FarmFresh Duck Feet,4.05,300.0,Halal,,FarmFresh,FarmFresh,Duck Foot
1076,meat-seafood,Aw's Market Fresh Australia Pork Skin,3.99,300.0,,Australia,Market Fresh,Pork Skin,Pork Skin
1077,meat-seafood,Snow Treasures Premium Japanese Scallops,44.66,1000.0,,Japan,Snow Treasures,Premium Scallops,Premium Scallop
1078,meat-seafood,Seaco Frozen Seafood in a Bag,33.95,1200.0,,,Seaco,in a Bag,Frozen Seafood
1079,meat-seafood,AW'S Market Fresh Duck Whole - Chopped,28.8,2000.0,,,AW'S,Chopped,Market Fresh Duck
1080,meat-seafood,Port65 Canadian King Salmon Portion - Fresh,14.37,150.0,,Canada,Port65,Fresh,King Salmon
1081,meat-seafood,Serve by Hai Sia Canadian Scallops - Frozen,9.91,150.0,,Canada,Hai Sia,Frozen,Scallop
1082,meat-seafood,The Straits Fish Tilapia (Scaled & Gutted) - Fresh,9.45,400.0,,,The Straits Fish,Scaled & Gutted,Tilapia
1083,meat-seafood,Tasty Food Affair Marinated Smokey BBQ Chicken Mid Wings,8.95,400.0,,,Tasty Food Affair,Marinated,Mid Wing
1084,meat-seafood,Aw's Market Beef Grassfed Prime Steer Striploin Minced,8.8,150.0,,,Aw,Grassfed,Prime Steer
1085,meat-seafood,FarmFresh GG French Poulet Thigh (An Xin Chicken),8.17,250.0,Halal,France,FarmFresh,An Xin Chicken,Poulet Thigh
1086,meat-seafood,Aw's Market Fresh XL Sea Prawns CNY Steamboat,7.8,150.0,,,Market Fresh,CNY Steamboat,XL Sea Prawn
1087,meat-seafood,Aw's Market Fresh Malaysian Char Siew Pork,6.7,300.0,,Malaysia,Aw's Market Fresh,,Char Siew Pork
1088,meat-seafood,Tasty Food Affair Marinated Korean Spicy Pork Collar,5.95,350.0,,,Tasty Food Affair,Marinated Korean,Spicy Pork Collar
1089,meat-seafood,Aw's Market Beef Angus Short Ribs,34.0,500.0,,,Aw,Angus Short Ribs,Angus Short Rib
1090,meat-seafood,Catch Seafood 1/2 Shell Scallops,17.0,1000.0,,,,1/2 Shell Scallops,Seafood
1091,meat-seafood,Hego Black Angus Beef Stir Fry - Chilled,12.75,250.0,Halal,,Hego,Chilled,Black Angus Beef Stir Fry
1092,meat-seafood,Aw's Market Fresh Balai Threadfin Sliced,10.44,150.0,,,Market Fresh,Threadfin Sliced,Threadfin Sliced
1093,meat-seafood,Aw's Market Fresh White Snapper Bones,8.54,300.0,,,Aw's,Market Fresh White Snapper Bones,
1094,meat-seafood,Aw's Market Fresh Sotong Ring (Squid),8.0,200.0,,,Market Fresh,Sotong Ring,Sotong Ring
1095,meat-seafood,Aw's Market Fresh Malaysian Pork Keybone with Meat,7.25,300.0,,Malaysia,,with Meat,Pork Keybone
1096,meat-seafood,Aw's Market Fresh Duck Liver,6.5,500.0,,,Aw's,,Market Fresh Duck Liver
1097,meat-seafood,Aw's Market Fresh XL Glass Prawns (Peeled) CNY Steamboat,6.0,100.0,,,Market Fresh,Peeled,XL Glass Prawn
1098,meat-seafood,Aw's Market Chicken Breast (Sliced),4.5,200.0,,,Aw's,Sliced,Chicken Breast
1099,meat-seafood,FarmFresh Great Hills Chicken Leg - Whole,4.4,250.0,Halal,,FarmFresh,Whole,Chicken Leg
1100,meat-seafood,Catch Seafood Jumbo Hokkaido Scallop,27.9,500.0,,,Catch Seafood,Jumbo Hokkaido Scallop,Jumbo Hokkaido Scallop
1101,meat-seafood,Catch Seafood Crab Meat Claw Signature Catch,19.9,454.0,,,Catch,Signature Catch,Seafood
1102,meat-seafood,Aw's Market Beef Tendon,19.0,700.0,,,Aw's Market,,Beef Tendon
1103,meat-seafood,Hego Black Angus Beef Chuck Tender - Chilled,18.56,400.0,Halal,,Hego,Chuck Tender,Black Angus Beef
1104,meat-seafood,Aw's Market Yellow Croaker (Butterfly),17.86,400.0,,,Aw's Market,Butterfly,Yellow Croaker
1105,meat-seafood,Catch Seafood Mala Crawfish,16.63,500.0,,,Catch Seafood,Mala Crawfish,
1106,meat-seafood,Aw's Market Beef Grassfed Prime Steer Ribeye,12.16,150.0,,,Aw,Grassfed,Prime Steer
1107,meat-seafood,Aw's Market Beef Cheek Cube,12.0,300.0,,,Aw's Market,,Beef Cheek Cube
1108,meat-seafood,Aw's Market Beef Grassfed Prime Steer Striploin Stir Fry,9.92,150.0,,,Aw,Grassfed,Prime Steer
1109,meat-seafood,Hego Beef Meat Balls,9.0,500.0,,,Hego,,Meat Ball
1110,meat-seafood,AW'S Market Frozen Prawn Head,7.5,1000.0,,,AW'S Market,Frozen Prawn Head,Frozen Prawn Head
1111,meat-seafood,Aw's Market Fresh Malaysian Pork Shoulder Flap Minced,6.5,300.0,,Malaysia,Aw's Market Fresh,Minced,Pork Shoulder Flap
1112,meat-seafood,Aw's Market Fresh Australia Pork Feet,5.94,250.0,,Australia,Market Fresh,,Pork Foot
1113,meat-seafood,Aw's Market Fresh Malaysian Pork Lard,4.5,300.0,,Malaysia,,,
1114,meat-seafood,Mr Joy's Steamboat Taiwan Fish Ball with Shrimp,4.2,120.0,,Taiwan,Mr Joy,with Shrimp,Fish Ball
1115,meat-seafood,Hego Canterbury Frenched Lamb Rack Chilled,41.48,400.0,,,Hego,Chilled,Frenched Lamb Rack
1116,meat-seafood,Mr Joy's Sea Cucumber Sandfish,36.0,500.0,,,Mr Joy,Sandfish,Sea Cucumber
1117,meat-seafood,Aw's Market Beef Grassfed Prime Steer Ribeye Roast (Bone Out),34.4,500.0,,,Aw's,Bone Out,Ribeye Roast
1118,meat-seafood,Catch Seafood Jumbo Peeled Prawns - Family Pack,23.5,650.0,,,Catch Seafood,Family Pack,Jumbo Peeled Prawn
1119,meat-seafood,Hego Black Angus Grass Fed Tenderloin,18.7,200.0,,,Hego,Grass Fed,Tenderloin
1120,meat-seafood,Aw's Market Beef Grassfed Prime Steer Tenderloin Stir Fry,13.28,150.0,,,Aw's,Grassfed,Prime Steer
1121,meat-seafood,Mr Joy's Frozen Boiled Scallop,12.8,500.0,,,Mr Joy,Frozen Boiled Scallop,Frozen Boiled Scallop
1122,meat-seafood,Serve by Hai Sia Fresh Trout Portion,10.57,200.0,,,Hai Sia,,Fresh Trout Portion
1123,meat-seafood,Tegel Free Range Chicken Mid Joint Wings - Chilled,10.45,320.0,Halal,,Tegel,Chilled,Free Range Chicken
1124,meat-seafood,Aw's Market Beef Grassfed Prime Steer Striploin Cube,9.92,150.0,,,Aw,Grassfed,Striploin Cube
1125,meat-seafood,Aw's Market Fresh Red Snapper Fillet,8.32,150.0,,,Aw's,Market Fresh Red Snapper Fillet,Market Fresh Red Snapper Fillet
1126,meat-seafood,Aw's Market Chicken Gizzard,3.84,200.0,,,Aw's Market,,Chicken Gizzard
1127,meat-seafood,Aw's Market Fresh Red Snapper Head,16.0,800.0,,,Aw's,,Market Fresh Red Snapper Head
1128,meat-seafood,Hego NZ Grass Fed Beef Striploin with Garlic Herb Butter,15.95,250.0,,,Hego,with Garlic Herb Butter,Grass Fed Beef
1129,meat-seafood,Catch Seafood Crab Meat Claw Tub,15.9,227.0,,,,Crab Meat Claw Tub,Seafood
1130,meat-seafood,Aw's Market Beef Skirt Cube,15.9,300.0,,,Aw's Market,,Beef Skirt Cube
1131,meat-seafood,Catch Seafood Garlic Crawfish,15.75,500.0,,,,Garlic Crawfish,Seafood
1132,meat-seafood,Hego Grass Fed Beef Knuckle Chilled,13.92,400.0,,,Hego,Chilled,Grass Fed Beef
1133,meat-seafood,Aw's Market Fresh Balai Threadfin Fillet (Cube),10.44,150.0,,,Market Fresh Balai,Cube,Threadfin Fillet
1134,meat-seafood,Aw's Market Kampong Chicken Thigh Boneless Stir-Fry,10.08,200.0,,,Aw's Market,Boneless Stir-Fry,Kampong Chicken Thigh
1135,meat-seafood,Kirei Kikkoman Ita Aka Kamaboko Frozen Japanese Fish Cake,9.3,220.0,,Japan,Kirei Kikkoman,Ita Aka Kamaboko,Frozen Fish Cake
1136,meat-seafood,Tasty Food Affair Marinated Korean Spicy Pork Belly,8.65,350.0,,,Tasty Food Affair,Marinated Korean,
1137,meat-seafood,Aw's Market Fresh Malaysian Pork Tail,8.0,300.0,,Malaysia,,Aw's Market Fresh Pork Tail,
1138,meat-seafood,Aw's Market Fresh Australia Pork Stomach,8.0,400.0,,Australia,Market Fresh,,Pork Stomach
1139,meat-seafood,Aw's Market Fresh Australia Pork Kidney,8.0,200.0,,Australia,Market Fresh,,Pork Kidney
1140,meat-seafood,FarmFresh Great Hills Chicken Breast - Boneless Skinless,7.04,200.0,Halal,,Great Hills,Boneless,Chicken Breast
1141,meat-seafood,Aw's Market Fresh Malaysian Pork Tongue,5.5,120.0,,Malaysia,,,
1142,meat-seafood,Oriental Delight Imitation King Crab Chunk,3.95,250.0,,,Oriental Delight,Imitation King Crab Chunk,Imitation King Crab Chunk
1143,meat-seafood,Port65 Kami No Ebi (God-like) Jumbo Live - Frozen Prawn (ASC),36.5,1000.0,,,ASC,God-like,Jumbo Live - Frozen Prawn
1144,meat-seafood,Aw's Market Fresh Duck (Whole),28.16,2000.0,,,Aw's,Whole,Market Fresh Duck
1145,meat-seafood,Aw's Market USDA Boneless Shortrib Shabu Shabu,19.2,200.0,,,Aw's Market,Shabu Shabu,USDA Boneless Shortrib
1146,meat-seafood,Aw's Market USDA Boneless Short Ribs Stir Fry,17.6,150.0,,,Aw's Market,Stir Fry,USDA Boneless Short Rib
1147,meat-seafood,Aw's Market Beef Grassfed Prime Steer Ribeye Cube,12.48,150.0,,,Aw's,Grassfed,Prime Steer
1148,meat-seafood,Snow Treasures Premium Grade Jumbo Peeled Prawns,11.55,300.0,,,Snow Treasures,Premium Grade Jumbo Peeled Prawns,Premium Grade Jumbo Peeled Prawn
1149,meat-seafood,Aw's Market Fresh Salmon Bones,9.6,300.0,,,Aw,,Fresh Salmon Bone
1150,meat-seafood,EHF Boiled Whole Shell White Clam,9.0,1000.0,,,EHF,White Clam,White Clam
1151,meat-seafood,Aw's Market Fresh Red Snapper Bones,8.32,300.0,,,Aw's,Market Fresh Red Snapper Bones,Market Fresh Red Snapper Bone
1152,meat-seafood,Aw's Market Fresh White Snapper Steak,8.26,200.0,,,Aw's,,
1153,meat-seafood,Aw's Market Fresh Malaysian Pork Char Siew Flap,8.0,300.0,,Malaysia,Aw's Market,Char Siew Flap,
1154,meat-seafood,Aw's Market Beef Bone,7.8,500.0,,,Aw,,Beef Bone
1155,meat-seafood,Aw's Market Beef Grassfed Knuckle,6.72,150.0,,,Aw,Grassfed,Beef
1156,meat-seafood,Aw's Market Fresh Malaysian Pork Skin,4.66,300.0,,Malaysia,Aw's Market,Fresh Pork Skin,Fresh Pork Skin
1157,meat-seafood,Tasty Food Affair New Zealand Fresh Ribeye Slab,72.5,1000.0,,New Zealand,Tasty Food Affair,Fresh Ribeye Slab,Fresh Ribeye Slab
1158,meat-seafood,Aw's Market Beef Grassfed Prime Steer Tenderloin Roast,70.4,1000.0,,,Aw's,Grassfed,Prime Steer
1159,meat-seafood,Eastern Harbour Crab Meat Lump,32.5,454.0,,,Eastern Harbour,Lump,Crab Meat
1160,meat-seafood,Tasty Food Affair Whole Cooked Prawn,28.5,1000.0,,,Tasty Food Affair,Whole Cooked Prawn,Whole Cooked Prawn
1161,meat-seafood,SSW NZ Wagyu MB5/6 Beef Chuck Tender (Chilled),28.0,400.0,,,SSW NZ Wagyu,Chilled,Beef Chuck
1162,meat-seafood,Mermaid Whole Boston Lobster - Cooked,26.5,350.0,,,Mermaid,Cooked,Whole Boston Lobster
1163,meat-seafood,Aw's Market Beef Angus Rump Cap Steak (Picanha),21.0,300.0,,,Aw,Picanha,Angus Rump Cap Steak
1164,meat-seafood,Hego NZ Black Angus Beef Shabu-Shabu (Chilled),16.0,250.0,Halal,,Hego,Chilled,Shabu-Shabu
1165,meat-seafood,Tasty Food Affair Marinated Sweet Soy Beef Yakiniku,14.5,350.0,,,Tasty Food Affair,Marinated Sweet Soy Beef,Yakiniku
1166,meat-seafood,Aw's Market Fresh Black Grouper Head,14.0,1000.0,,,Market Fresh,,Black Grouper Head
1167,meat-seafood,Hego Grass Fed Beef Striploin - Chilled,12.0,250.0,,,Hego,Chilled,Striploin
1168,meat-seafood,Mr Joy's Seafood Stick Big,9.5,1000.0,,,Mr Joy,Big,Seafood Stick
1169,meat-seafood,Aw's Market Beef Flank Minced,9.12,150.0,,,Aw,Minced,Beef Flank
1170,meat-seafood,Serve by Hai Sia Barramundi Portions - Fresh,8.58,240.0,,,Hai Sia,Fresh,Barramundi
1171,meat-seafood,Catch Seafood Premium Whole Loligo Squid Small,6.88,270.0,,,Catch Seafood,Small,Loligo Squid
1172,meat-seafood,Aw's Market Fresh Malaysian Pork Heart,6.36,220.0,,Malaysia,,,
1173,meat-seafood,Aw's Market Fresh Malaysian Pork Eye Round Minced,6.02,300.0,,Malaysia,Aw's Market Fresh,,Pork Eye Round Minced
1174,meat-seafood,Aw's Market Fresh Malaysian Pork Feet,6.0,250.0,,Malaysia,Aw's Market,,
1175,meat-seafood,Mr Joy's Mini Chicken Cheese Cocktail,4.9,250.0,,,Mr Joy,Cheese Cocktail,Mini Chicken
1176,meat-seafood,FarmFresh Great Hills - Chicken Wing,4.81,300.0,Halal,,FarmFresh,,Chicken Wing
1177,meat-seafood,Aw's Market Fresh Australia Pork Tongue,4.62,120.0,,Australia,Market Fresh,,Pork Tongue
1178,meat-seafood,Aw's Market Lamb Rack,60.0,700.0,,,Aw,,Lamb Rack
1179,meat-seafood,Aw's Market Fresh Red Grouper Head (Ang Gao),37.62,800.0,,,Market Fresh,Ang Gao,Red Grouper Head
1180,meat-seafood,Signature Catch Wild Crab Meat Super Lump,36.5,227.0,,,Signature Catch,Super Lump,Wild Crab Meat
1181,meat-seafood,Catch Seafood Cooked Boston Lobster Whole,22.79,400.0,,,,Whole,Boston Lobster
1182,meat-seafood,Aw's Market Red Grouper Sliced (Ang Gau) CNY Steamboat,20.16,150.0,,,Aw's Market,Ang Gau,Red Grouper
1183,meat-seafood,Hego Black Angus Beef Striploin - Chilled,18.88,250.0,,,Hego,Chilled,Striploin
1184,meat-seafood,Twinfish Imitation Abalone Slice,16.0,600.0,,,Twinfish,Imitation Abalone Slice,Imitation Abalone Slice
1185,meat-seafood,Aw's Market Fresh Duck Breast (Whole),14.4,800.0,,,Aw's,Whole,Market Fresh Duck Breast
1186,meat-seafood,Aw's Market Fresh Malaysian Pork Belly Roast,13.6,500.0,,Malaysia,,,Pork Belly Roast
1187,meat-seafood,Aw's Market Fresh Malaysian Pork Collar Roast,12.2,500.0,,Malaysia,,,Pork Collar Roast
1188,meat-seafood,Aw's Market Fresh Golden Snapper Fillet (Ang Zhor),12.06,250.0,,,,Ang Zhor,Golden Snapper Fillet
1189,meat-seafood,Kirei Ebi Tempura,9.7,300.0,,,Kirei Ebi Tempura,,
1190,meat-seafood,Aw's Market Fresh Malaysian Pork Jowl Char Siew,9.3,300.0,,Malaysia,Aw's Market Fresh,Char Siew,Pork Jowl
1191,meat-seafood,Aw's Market Fresh White Snapper Sliced (Ang Go Li),9.24,150.0,,,Ang Go Li,Ang Go Li,
1192,meat-seafood,Aw's Market Fresh XL Sea Prawns (Peeled) CNY Steamboat,8.64,100.0,,,Market Fresh,Peeled,XL Sea Prawn
1193,meat-seafood,Aw's Market Fresh Malaysian Pork Kidney (2 PCS / PACK),8.0,200.0,,Malaysia,,2 PCS / PACK,Pork Kidney
1194,meat-seafood,Aw's Market Fresh Malaysian Pork Shoulder Cube (Twee Bak),6.32,250.0,,Malaysia,Aw's Market Fresh,Twee Bak,Pork Shoulder Cube
1195,meat-seafood,Okeanoss Imitation Breaded Scallop,3.5,227.0,,,Okeanoss,Imitation,Breaded Scallop
1196,meat-seafood,Pescanova Argentina Red Shrimp Aka Ebi,49.95,2000.0,,Argentina,Aka Ebi,Aka Ebi,Red Shrimp
1197,meat-seafood,Aw's Market Fresh Red Grouper Whole Butterfly (Ang Gau),48.96,700.0,,,Market Fresh,Ang Gau,Whole Butterfly
1198,meat-seafood,Aw's Market Red Grouper (Whole),48.96,700.0,,,Aw's Market,Whole,Red Grouper
1199,meat-seafood,Catch Seafood Colossal Sea Tiger Prawn,38.9,1000.0,,,Catch Seafood,Colossal Sea Tiger Prawn,Colossal Sea Tiger Prawn
1200,meat-seafood,Catch Seafood Cooked Prawn Meat,29.9,1000.0,,,,Cooked Prawn,Seafood
1201,meat-seafood,Mr Joy's Fs Handmade Shrimp Balls,25.33,1000.0,,,Mr Joy,Fs,Handmade Shrimp Ball
1202,meat-seafood,Aw's Market Ha Ha Prawn Bundle (1-2 Pax),18.0,450.0,,,Ha Ha,,Prawn Bundle
1203,meat-seafood,The Straits Fish Local Fresh Tilapia Fillet Skin On,14.51,200.0,,,The Straits Fish,Skin On,Fresh Tilapia Fillet
1204,meat-seafood,Hego Grass Fed Beef Topside (Inside) Chilled,13.92,400.0,,,Hego,Inside,Grass Fed Beef
1205,meat-seafood,Aw's Market Beef Grassfed Prime Steer Ribeye Stir Fry,12.48,150.0,,,Aw's,Grassfed,Prime Steer
1206,meat-seafood,Aw's Market Beef Grassfed Prime Steer Ribeye Minced,11.36,150.0,,,Aw's,Grassfed,Prime Steer
1207,meat-seafood,Aw's Market Kampong Chicken Breast Stir Fry,9.96,300.0,,,Aw's Market,Kampong Chicken Breast Stir Fry,
1208,meat-seafood,Aw's Market Lamb Shoulder Cube,9.92,150.0,,,Aw,,Lamb Shoulder Cube
1209,meat-seafood,Kirei Kikkoman Ita Kamaboko Frozen Japanese White Fish Cake,9.3,220.0,,Japan,Kirei Kikkoman,Ita Kamaboko,Frozen White Fish Cake
1210,meat-seafood,Kirei Kamaage Sakura Ebi Dried Shrimp,8.9,40.0,,,Sakura Ebi,,Dried Shrimp
1211,meat-seafood,Aw's Market Fresh Malaysian Pork Cubes (Lean Hind),6.88,300.0,,Malaysia,,Lean Hind,Aw's Market Fresh Pork Cube
1212,meat-seafood,Aw's Market Fresh Australia Pork Eye Round (Tender),6.26,300.0,,Australia,Market Fresh,Tender,Pork Eye Round
1213,meat-seafood,Aw's Market Skinless Chicken Leg (Whole),5.0,190.0,,,Aw's Market,Whole,Skinless Chicken Leg
1214,meat-seafood,Snow Treasures Premium Raw King Crab Leg,137.0,900.0,,,Snow Treasures,Premium Raw King Crab Leg,Premium Raw King Crab Leg
1215,meat-seafood,Catch Seafood Crab Meat Jumbo Lump,78.0,454.0,,,,Jumbo Lump,Seafood
1216,meat-seafood,SSW NZ Wagyu MB5/6 Beef Ribeye (Chilled),57.15,320.0,,,SSW NZ Wagyu,Chilled,Beef Ribeye
1217,meat-seafood,Catch Seafood Crab Meat Jumbo Lump,39.9,227.0,,,,Jumbo Lump,Seafood
1218,meat-seafood,Tasty Food Affair 21/25 HOSO Tiger Prawn,27.0,1000.0,,,Tasty Food Affair,21/25,HOSO Tiger Prawn
1219,meat-seafood,Hego Canterbury Frenched Lamb Rump (Lamb Picanha) - Chilled,19.52,300.0,Halal,,Hego,Lamb Picanha,Lamb Rump
1220,meat-seafood,Catch Seafood US Scallops Large,17.5,300.0,,USA,Catch Seafood,Large,Scallop
1221,meat-seafood,Kirei Marine Foods Ebi Japanese Shrimp Creamy Croquette,13.7,440.0,,Japan,Kirei Marine Foods,Ebi,Creamy Croquette
1222,meat-seafood,Tasty Food Affair New Zealand Chilled Ribeye Yakiniku,12.0,150.0,,New Zealand,Tasty Food Affair,Yakiniku,Chilled Ribeye
1223,meat-seafood,Hego Black Angus Beef Diced (Chilled),11.89,250.0,Halal,,Hego,Chilled,Black Angus Beef
1224,meat-seafood,The Straits Fish Local Barramundi Seabass Fillet Skin On,11.03,190.0,,,Local,Skin On,Seabass
1225,meat-seafood,Aw's Market Lamb Shoulder Stir Fry,10.88,150.0,,,Aw's,,Lamb Shoulder
1226,meat-seafood,Aw's Market Fresh Malaysian Pork Shoulder Flap,8.6,300.0,,Malaysia,,,Pork Shoulder Flap
1227,meat-seafood,Aw's Market Fresh Australia Pork Shoulder Flap,7.9,300.0,,Australia,Market Fresh,,Pork Shoulder Flap
1228,meat-seafood,Aw's Market Half Chicken Portion,6.08,550.0,,,Aw's,,Half Chicken Portion
1229,meat-seafood,Aw's Market Fresh Malaysian Pork Shank Chopped,5.22,300.0,,Malaysia,,Chopped,Aw's Market Fresh Pork Shank
1230,meat-seafood,Aw's Market Chicken Backside,3.84,200.0,,,Aw's,Market Chicken Backside,
1231,meat-seafood,Kirei Marutama Age Hotate Satsuma Age Scallop Fish Cake,3.1,45.0,,,Age,Hotate Satsuma,Scallop Fish Cake
1232,meat-seafood,Snow Treasures Premium Cooked King Crab Leg,138.6,900.0,,,Snow Treasures,Premium Cooked King Crab Leg,Premium Cooked King Crab Leg
1233,meat-seafood,Tasty Food Affair New Zealand Fresh Striploin Slab,55.0,1000.0,,New Zealand,Tasty Food Affair,Fresh Striploin Slab,Fresh Striploin Slab
1234,meat-seafood,Aw's Market Beef Grassfed Prime Steer Striploin Roast,50.4,1000.0,,,Aw,Grassfed,Striploin Roast
1235,meat-seafood,SSW NZ Wagyu MB5/6 Beef Striploin (Chilled),47.9,320.0,,,SSW NZ Wagyu,Chilled,Beef Striploin
1236,meat-seafood,Yorokobi Chuka Idako Seasoned Baby Octopus,38.0,2000.0,,,Yorokobi Chuka Idako,Seasoned Baby Octopus,Seasoned Baby Octopus
1237,meat-seafood,Catch Seafood Sea Cucumber Tiger,36.9,1000.0,,,Tiger,Catch,Seafood
1238,meat-seafood,Hego Black Angus Beef Ribeye - Chilled,27.45,300.0,,,Hego,Chilled,Black Angus Beef Ribeye
1239,meat-seafood,Aw's Market Lamb Shoulder,25.5,500.0,,,Aw,,Lamb Shoulder
1240,meat-seafood,Aw's Market Beef Angus Rump Cap Shabu (Picanha),18.4,300.0,,,Aw,Shabu,Angus
1241,meat-seafood,Aw's Market Beef Grain Fed Ribeye,18.0,220.0,,,Aw,Grain Fed Ribeye,Beef
1242,meat-seafood,Aw's Market Beef Angus Rump Cap Cubes (Picanha),18.0,300.0,,,Aw,Picanha,Angus Rump Cap Cube
1243,meat-seafood,Hego Black Angus Beef Knuckle - Chilled,17.1,400.0,,,Hego,Chilled,Black Angus Beef Knuckle
1244,meat-seafood,Kirei Kani Gratin Frozen Japanese Crab Cheese Gratin,15.9,360.0,,Japan,Kirei Kani,Cheese Gratin,Frozen Crab
1245,meat-seafood,Kirei Fancy Lovers Japanese Crab Kani Gratin,15.7,195.0,,Japan,Kirei Fancy Lovers,Kani Gratin,Crab
1246,meat-seafood,Aw's Market Beef Skirt,15.6,300.0,,,Aw,,Beef Skirt
1247,meat-seafood,Aw's Market Beef Grain Fed Striploin,15.5,220.0,,,Aw,Grain Fed Striploin,Beef
1248,meat-seafood,Aw's Market Fresh Duck (Half),15.2,1100.0,,,Aw's,Half,Market Fresh Duck
1249,meat-seafood,Aw's Market Beef Grassfed Prime Steer Tenderloin Cube,13.28,150.0,,,Aw's,Grassfed,Prime Steer
1250,meat-seafood,Catch Seafood Handy Santa Fe Crab Cakes (Pack of 3),12.8,300.0,,,Handy Santa Fe,Pack of 3,Crab Cake
1251,meat-seafood,Aw's Market Beef Grassfed Prime Steer Tenderloin Minced,12.32,150.0,,,Aw's,Grassfed,Prime Steer
1252,meat-seafood,Aw's Market Beef Grassfed Prime Steer Striploin,9.6,150.0,,,Aw,Grassfed,Striploin
1253,meat-seafood,Catch Seafood Chilean Mussel Meat 500g,9.5,500.0,,Chile,,Mussel Meat,Seafood
1254,meat-seafood,Aw's Market Fresh Balai Threadfin Head (Half),9.36,550.0,,,Market Fresh,,Threadfin Head
1255,meat-seafood,Aw's Market Fresh Malaysian Pork Shoulder Flap (Sliced),8.6,300.0,,Malaysia,Aw's Market Fresh,Sliced,Pork Shoulder Flap
1256,meat-seafood,Wakamatsuya Tempura Tako-Ten Fish Cake,4.3,90.0,,,Wakamatsuya,Tako-Ten,Tempura
1257,meat-seafood,Catch Seafood Red King Crab Extra Large,188.0,1400.0,,,Catch Seafood,Extra Large,Red King Crab
1258,meat-seafood,SSW NZ Wagyu MB5/6 Beef OP Rib Bone in Ribeye (Chilled),153.51,1400.0,,,SSW NZ Wagyu,Chilled,Rib Bone in Ribeye
1259,meat-seafood,Tasty Food Affair Lamb Rack Frenched Cut,79.0,750.0,,,Tasty Food Affair,Frenched Cut,Lamb Rack
1260,meat-seafood,Aw's Market Black Angus Beef Ribs,68.0,800.0,,,Aw's Market,Black Angus Beef Ribs,Black Angus Beef Rib
1261,meat-seafood,Catch Seafood Wild Premium Giant Tiger Prawn,63.8,700.0,,,Catch Seafood,Wild,Giant Tiger Prawn
1262,meat-seafood,Kirei Mentaiko Tube,45.6,500.0,,,Kirei Mentaiko,,Tube
1263,meat-seafood,Aw's Market USDA Super Prime Striploin,38.4,300.0,,,Aw's Market,USDA Super Prime Striploin,USDA Super Prime Striploin
1264,meat-seafood,SSW NZ Wagyu MB5/6 Beef Flank Steak (Chilled),37.8,450.0,,,SSW NZ Wagyu,Chilled,Beef Flank Steak
1265,meat-seafood,PS Seafood Natural Flavour Whole Crawfish,35.9,800.0,,,PS Seafood,Natural Flavour,Whole Crawfish
1266,meat-seafood,Hego US Beef Ribeye with Garlic Herb Butter,35.4,350.0,,USA,Hego,with Garlic Herb Butter,Beef Ribeye
1267,meat-seafood,Hego US Beef Striploin with Garlic Herb Butter,32.8,350.0,,USA,Hego,with Garlic Herb Butter,Beef Striploin
1268,meat-seafood,Kirei Frozen Aji Fry Breaded Horse Mackerel,31.1,800.0,,,Kirei,,Frozen Aji Fry Breaded Horse Mackerel
1269,meat-seafood,Churo Scallop,29.79,375.0,,,,Churo Scallop,Churo Scallop
1270,meat-seafood,Catch Seafood Wild Rock Lobster Deep Sea,23.9,350.0,,,,Deep Sea,Seafood
1271,meat-seafood,Okeanoss Half Cut Swimming Crab (Flower Crab),22.9,800.0,,,Okeanoss,Flower Crab,Swimming Crab
1272,meat-seafood,Kirei Sushi Yo Ebi - Boiled,21.5,185.0,,,Kirei Sushi Yo Ebi,Boiled,
1273,meat-seafood,Hego NZ Canterbury Lamb Shabu-Shabu Chilled,21.11,250.0,,,Hego,Chilled,Shabu-Shabu
1274,meat-seafood,Kirei Ika Shiokara Black Japanese Seasoned Frozen Squid,20.8,200.0,,Japan,Kirei Ika,Black,Frozen Squid
1275,meat-seafood,Kirei Ika No Shiokara White Japanese Seasoned Frozen Squid,20.8,200.0,,Japan,Kirei Ika No Shiokara,White,Frozen Squid
1276,meat-seafood,Kirei Ika Shiokara Red Japanese Seasoned Frozen Squid,19.8,200.0,,Japan,Kirei Ika,Red,Frozen Squid
1277,meat-seafood,Aw's Market Fresh Red Grouper Fillet Cube (Ang Gau),19.6,150.0,,,Market Fresh,Ang Gau,Red Grouper Fillet Cube
1278,meat-seafood,Kirei Black Tiger Nobashi Ebi,18.6,360.0,,,Kirei Black Tiger,Nobashi Ebi,
1279,meat-seafood,Aw's Market Yellow Croaker,17.86,400.0,,,Aw's Market,Yellow Croaker,
1280,meat-seafood,Aw's Market Fresh Red Grouper Steak (Ang Gau),16.8,150.0,,,Aw's,Ang Gau,Red Grouper Steak
1281,meat-seafood,Catch Seafood Cooked Boston Lobster Half cut,12.5,200.0,,,,Half cut,Boston Lobster
1282,meat-seafood,Catch Seafood Red Lumpfish Roe (Norway),11.93,100.0,,Norway,,Red Lumpfish Roe,Catch Seafood
1283,meat-seafood,Aw's Market Fresh Red Snapper Fillet Cube,8.32,150.0,,,Aw's,Market Fresh Red Snapper Fillet Cube,Market Fresh Red Snapper Fillet Cube
1284,meat-seafood,Aw's Market Fresh Malaysian Pork Maw Raw,8.0,400.0,,Malaysia,Aw's Market,Raw,Fresh Pork Maw
1285,meat-seafood,Aw's Market Fresh Black Pomfret,7.92,400.0,,,Market Fresh,Black Pomfret,Black Pomfret
1286,meat-seafood,Aw's Market Fresh Duck Wings,7.8,250.0,,,Aw's,,Market Fresh Duck Wing
1287,meat-seafood,Kirei Kamakurayama Tezukuri Kotsubu Premium Pack,7.8,80.0,,,Kirei,Premium Pack,
1288,meat-seafood,Wakamatsuya Tempura Ebi Mayo Stick Fish Cake,7.8,120.0,,,Wakamatsuya,Ebi Mayo,Stick Fish Cake
1289,meat-seafood,Wakamatsuya Tempura Ika Stick Fish Cake,7.4,110.0,,,Wakamatsuya,Tempura,Fish Cake
1290,meat-seafood,Aw's Market Fresh Duck Bone,6.5,300.0,,,Aw's,,
1291,meat-seafood,Catch Seafood Wild Caught Slipper Lobster,5.85,150.0,,,,Wild Caught,Slipper Lobster
1292,meat-seafood,Wakamatsuya Tempura Gobo-Ten Fish Cakes,4.3,90.0,,,Wakamatsuya,Gobo-Ten,Fish Cake
1293,meat-seafood,Wakamatsuya Tempura Shoga-Ten Fish Cake,4.3,90.0,,,Wakamatsuya,Shoga-Ten,Fish Cake
1294,meat-seafood,Aw's Market Aw's Market Duck Head & Neck,3.6,200.0,,,Aw's Market,Duck Head & Neck,Duck Head & Neck
1295,meat-seafood,Hego Chicken Drumettes - Chilled,2.99,240.0,,,Hego,Chilled,Chicken Drumette
1296,meat-seafood,Aw's Market Fresh Malaysian Pork Collar Minced,6.0,300.0,,Malaysia,,Minced,Pork Collar
1297,meat-seafood,DODO Breaded Fish Nuggets,3.95,400.0,,,DODO,Breaded Fish Nuggets,Breaded Fish Nugget
1298,meat-seafood,DODO Fish Ball (S) - Lower In Sodium,2.85,180.0,Halal,,DODO,S,Fish Ball
1299,meat-seafood,DODO Crab Flavoured Stick,3.35,250.0,,,DODO,,Crab Flavoured Stick
1300,meat-seafood,DODO Breaded Fish Fillets,5.5,500.0,,,DODO,Breaded Fish Fillets,Breaded Fish Fillet
1301,meat-seafood,DODO Kiddos Fish Nuggets - Original,4.95,300.0,,,DODO,Original,Kiddo Fish Nugget
1302,meat-seafood,Master Grocer Chicken Leg Boneless Skin On - Chilled,4.95,330.0,,,Master Grocer,Skin On,Chicken Leg
1303,meat-seafood,Master Grocer 99% Fat Free Chicken Breast Skinless 2pc-Ch,4.95,250.0,,,Master Grocer,Skinless,Chicken Breast
1304,meat-seafood,Master Grocer Grassfed Australia Minced Beef 250g - Chilled,7.95,250.0,,Australia,Master Grocer,Grassfed,Minced Beef
1305,meat-seafood,Pacific West Frozen Seafood - Tempura Fish Fillet,11.15,325.0,,,Pacific West,Tempura Fish Fillet,Frozen Seafood
1306,meat-seafood,DODO Breaded Fish Finger,3.65,360.0,,,DODO,Breaded Fish Finger,Breaded Fish Finger
1307,meat-seafood,DODO Handmade Fish Cake,2.95,220.0,,,DODO,Handmade Fish Cake,Handmade Fish Cake
1308,meat-seafood,DODO Fish Cake (Lower In Sodium),3.35,230.0,,,DODO,Lower In Sodium,Fish Cake
1309,meat-seafood,DODO Fish Ball (M),2.85,200.0,,,DODO,M,Fish Ball
1310,meat-seafood,DODO Fish Assortment For Hotpot,4.65,300.0,,,DODO,For Hotpot,Fish Assortment
1311,meat-seafood,DODO Chilli Fish Ball,2.85,200.0,,,DODO,Chilli Fish Ball,
1312,meat-seafood,Master Grocer Chicken Drumette 500g - Chilled,4.95,500.0,,,Master Grocer,Chilled,Chicken Drumette
1313,meat-seafood,CB Cuttlefish Ball (25pcs),7.5,500.0,,,,CB Cuttlefish Ball,CB Cuttlefish Ball
1314,meat-seafood,Pacific West Frozen Seafood - Chunky Fish Fillet,6.5,360.0,,,Pacific West,Chunky Fish Fillet,Frozen Seafood
1315,meat-seafood,DODO Premium Fried Saito Fishball,4.3,350.0,,,DODO,Premium Fried Saito Fishball,
1316,meat-seafood,DODO Premium Tofu Fish Cake,2.85,200.0,,,DODO,Premium Tofu Fish Cake,Premium Tofu Fish Cake
1317,meat-seafood,DODO Fish Dumpling,2.5,80.0,,,DODO,,Fish Dumpling
1318,meat-seafood,DODO Breaded Cuttlefish Fillets,9.85,500.0,,,DODO,Breaded Cuttlefish,Fillet
1319,meat-seafood,Master Grocer Fresh Chicken Thigh Boneless and Skinless,9.4,330.0,,,Master Grocer,Boneless and Skinless,Fresh Chicken Thigh
1320,meat-seafood,Master Grocer 99% Extra Lean Minced Chicken Breast 250g-Ch,4.95,250.0,,,Master Grocer,99% Extra Lean Minced Chicken Breast,99% Extra Lean Minced Chicken Breast
1321,meat-seafood,DODO Kiddos Fish Nuggets - Cheese,4.95,300.0,,,DODO,Kiddos,Fish Nugget
1322,meat-seafood,CB Frozen Food Vannamei Butterfly Cut PD Prawn(16/20),16.8,1000.0,,,CB Frozen Food,PD,Vannamei Butterfly Cut
1323,meat-seafood,DODO Cooked Fish Ball (L),4.25,450.0,,,DODO,L,Cooked Fish Ball
1324,meat-seafood,Master Grocer Beef Ribeye Sliced-Korean BBQ Style C,12.95,250.0,,,Master Grocer,Sliced-Korean BBQ Style,Beef Ribeye
1325,meat-seafood,CB Frozen Squid Ring,7.5,1000.0,,,CB,,Frozen Squid Ring
1326,meat-seafood,DODO Hokkaido Milk Cheese Tofu Fish Cake,4.4,200.0,,,DODO,Hokkaido Milk Cheese,Tofu Fish Cake
1327,meat-seafood,DODO Cooked Chilli Fish Ball (L),4.25,450.0,,,DODO,L,Cooked Chilli Fish Ball
1328,meat-seafood,DODO Breaded Fish Finger,2.8,200.0,,,DODO,Breaded Fish Finger,Breaded Fish Finger
1329,meat-seafood,CB Korean Style Fish Cake 10pcs,5.01,320.0,,,CB,Korean Style Fish Cake,Korean Style Fish Cake
1330,meat-seafood,Punched Foods Australia Grass Fed Beef Tenderloin,14.8,200.0,Halal,Australia,Punched Foods,Grass Fed Beef Tenderloin,
1331,meat-seafood,Master Grocer Chicken Breast Cube-Chilled,4.95,250.0,,,Master Grocer,Cube-Chilled,Chicken Breast
1332,meat-seafood,DODO Fried Fish Roll,2.4,180.0,,,DODO,Fried Fish Roll,Fried Fish Roll
1333,meat-seafood,CB 31/40 Frozen Live Grey Prawn Hoso,14.8,1000.0,,,Hoso,CB 31/40,Frozen Live Grey Prawn
1334,meat-seafood,CB Lobster Ball Flavoured (21pcs),7.5,500.0,,,CB,Flavoured,Lobster Ball
1335,meat-seafood,Master Grocer Minced Chicken 350g - Chilled,4.95,350.0,,,Master Grocer,Chilled,Minced Chicken
1336,meat-seafood,DODO Breaded Prawn Finger,2.8,200.0,,,DODO,Breaded Prawn Finger,
1337,meat-seafood,Gim's Heritage Fish Fillet,8.5,500.0,,,Gim's,Heritage Fish Fillet,Heritage Fish Fillet
1338,meat-seafood,Kizmiq Cuttlefish Chip Halal - Frozen,6.9,500.0,Halal,,Kizmiq,Halal,Cuttlefish Chip
1339,meat-seafood,DODO Imitation Breaded Scallop Nuggets (Orange),4.0,220.0,,,DODO,Imitation,Breaded Scallop Nugget
1340,meat-seafood,DODO Teochew Fishball,3.85,240.0,,,DODO,Teochew,Fishball
1341,meat-seafood,CB Frozen Squid Flower,7.5,1000.0,,,CB,Flower,Frozen Squid
1342,meat-seafood,DODO Kiddos Fish Nuggets - Mixed Vege,4.95,300.0,,,DODO,Mixed Vege,Fish Nugget
1343,meat-seafood,Ryan's Organic Beef Mince Lean (300g-320g) (CH),16.1,300.0,Organic,,Ryan's,Lean,Organic Beef Mince
1344,meat-seafood,Punched Foods Australia Grass Fed YG Striploin Steak Chilled,10.0,200.0,Halal,Australia,YG,Chilled,Striploin Steak
1345,meat-seafood,CB Steamboat Mini Fish Bean Curd (30pcs),6.5,240.0,,,CB Steamboat,Mini Fish Bean Curd,Mini Fish Bean Curd
1346,meat-seafood,DODO Breaded Fish Burgers (L),20.0,2400.0,,,DODO,L,Breaded Fish Burger
1347,meat-seafood,Punched Foods Frozen Chicken Whole Leg (economical pack),15.8,2000.0,Halal,,Punched Foods,economical pack,Frozen Chicken
1348,meat-seafood,Meat Affair Australia Fresh Pork Minced,9.95,500.0,,Australia,Meat Affair,Minced,Fresh Pork
1349,meat-seafood,CB Fish Ball with Fish Roe (23pcs),7.5,500.0,,,CB,,Fish Ball
1350,meat-seafood,Kizmiq Fish Chip Halal - Frozen,6.9,500.0,Halal,,Kizmiq,Halal,Fish Chip
1351,meat-seafood,Pan Royal Frozen Oyster Meat,5.5,300.0,,,Pan Royal,Frozen Oyster,Frozen Oyster
1352,meat-seafood,Master Grocer Chicken Wing 500g - Chilled,4.95,500.0,,,Master Grocer,Chilled,Chicken Wing
1353,meat-seafood,CB Shrimp Paste,4.3,130.0,,,CB,,Shrimp Paste
1354,meat-seafood,DODO Breaded Fish Finger With Cheese,4.25,360.0,,,DODO,With Cheese,Breaded Fish Finger
1355,meat-seafood,Ryan's Organic Beef Ribeye Steak (300g-350g) (CH),29.4,300.0,Organic,,Ryan's,CH,Organic Beef Ribeye Steak
1356,meat-seafood,Ryan's Guanciale (230g-250g) (Chilled),21.4,230.0,,,Ryan's,Chilled,Guanciale
1357,meat-seafood,Ryan's Organic Beef Minced,14.7,300.0,,,Ryan's,,Beef Minced
1358,meat-seafood,CB Frozen Food PTO Grey Prawn (41/50 ),12.8,1000.0,,,PTO,Grey Prawn,CB Frozen Food
1359,meat-seafood,Seaboss Kibun Kanimi Chunk - Frozen,7.5,250.0,,,Seaboss,Kibun Kanimi Chunk,
1360,meat-seafood,CB Japanese Cheese Fish Tofu (25pcs),7.5,500.0,,Japan,CB,,Fish Tofu
1361,meat-seafood,CB Cuttlefish Ball with Squid Ink (25pcs),7.5,500.0,,,CB,,Cuttlefish Ball
1362,meat-seafood,Maruha Nichiro Tempura Ebi Fry,6.95,210.0,,,Maruha,Tempura,Tempura
1363,meat-seafood,Subi Frozen - Crumbed Spicy Korean Pollock Fish Fingers,5.5,400.0,,South Korea,Subi,Spicy,Fish Finger
1364,meat-seafood,DoDo Breaded Fish Chip With Potato,4.25,500.0,Halal,,DoDo,With Potato,Breaded Fish
1365,meat-seafood,CB Spanish Mackerel Fish Paste,3.3,300.0,,Spain,CB,,Fish Paste
1366,meat-seafood,Maruha Nichiro Ready-to-eat Steamed Octopus,22.0,480.0,,,Maruha Nichiro,Ready-to-eat,Steamed Octopus
1367,meat-seafood,Meat Affair Australia Pork Soup Bone,20.9,1000.0,,Australia,Meat Affair,Pork Soup Bone,Pork Soup Bone
1368,meat-seafood,Ken Ken Vannamei Peeled Deveined Prawn - Frozen,18.4,1000.0,,,Ken,Peeled Deveined Prawn,Vannamei
1369,meat-seafood,ST JAMES Scottish Smoked Salmon Whiskey & Honey,15.9,114.0,,Scotland,ST JAMES,Whiskey & Honey,Smoked Salmon
1370,meat-seafood,SEABOSS Kanifumi Kamaboko Surimi (Japanese Crabstick) (Halal),12.9,500.0,,Japan,SEABOSS,Halal,Crabstick
1371,meat-seafood,DoDo Bulk Pack Frozen Crab Flavoured Stick,10.0,800.0,Halal,,DoDo,,Frozen Crab Flavoured Stick
1372,meat-seafood,Pan Royal Fresh Flower Grouper - Cleaned and Gutted,9.5,400.0,,,,Cleaned and Gutted,Grouper
1373,meat-seafood,Seaco Tempura Fish Chunk,8.9,500.0,,,Seaco,Tempura Fish Chunk,
1374,meat-seafood,Subi Frozen Seafood - Tempura Pollock Fish Fillets,8.0,260.0,,,Subi,Tempura,Frozen Seafood
1375,meat-seafood,Master Grocer Australia Grain fed Beef Cube 200gm - Chilled,6.95,200.0,,Australia,Master Grocer,Chilled,Grain fed Beef Cube
1376,meat-seafood,MasterGrocer Marinated CK Breast Classic Original Flavour-C,5.95,250.0,,,CK,Original Flavour-C,Marinated
1377,meat-seafood,SEABOSS Premium Shrimp Paste,5.5,150.0,,,SEABOSS,Premium Shrimp Paste,Premium Shrimp Paste
1378,meat-seafood,Master Grocer Premium Minced Pork - Chilled,4.95,350.0,,,Master Grocer,Chilled,Premium Minced Pork
1379,meat-seafood,Fishy King Frozen Prawn Paste,4.9,150.0,,,Fishy King,Frozen Prawn Paste,Frozen Prawn Paste
1380,meat-seafood,CB 10/12 Frozen Live Black Tiger Prawn Hoso,29.33,1000.0,,,Hoso,Hoso,Frozen Live Black Tiger Prawn
1381,meat-seafood,KSP Australian Grass fed Wagyu Beef Striploin Steak MB4,17.54,200.0,,Australia,KSP,Grass fed,Wagyu Beef Striploin Steak
1382,meat-seafood,Seaboss Oden Set,13.0,450.0,,,Seaboss,Oden,Set
1383,meat-seafood,Punched Foods Australia Grass Fed Flank Beef Stir Fry Chilled,13.0,300.0,Halal,Australia,Punched Foods,Chilled,Beef Stir Fry
1384,meat-seafood,"Zac Butchery Chicken Breast Pack, Peri-Peri-Marinated",12.0,500.0,,,Zac Butchery,Peri-Peri-Marinated,Chicken Breast Pack
1385,meat-seafood,Pan Royal Frozen Prawn Meat,12.0,1000.0,,,Pan Royal,Frozen Prawn,Frozen Prawn
1386,meat-seafood,Master Grocer Grassfed Beef Chuck Eye Steak 250g - Chilled,11.95,250.0,,,Master Grocer,Grassfed Beef,Chuck Eye Steak
1387,meat-seafood,Master Grocer Fresh Organic Kampung Chicken Minced,10.95,300.0,,,Master Grocer,Fresh Organic,Chicken
1388,meat-seafood,Gim's Heritage Sotong Fillet,8.6,500.0,,,Gim's Heritage,,Sotong Fillet
1389,meat-seafood,Ryan's Borrowdale FR Pork Minced (300g-320g) (CH),7.8,300.0,,,Ryan's Borrowdale,CH,Pork Minced
1390,meat-seafood,Meat Affair Korean Spicy Chicken Bulgogi,6.9,250.0,,South Korea,Meat Affair,Spicy Chicken Bulgogi,Spicy Chicken Bulgogi
1391,meat-seafood,DODO Chilli Fish Cake,2.85,200.0,,,DODO,Chilli Fish Cake,Chilli Fish Cake
1392,meat-seafood,Ryan's Organic Beef Sirloin Steak (300g-350g) (CH),26.1,300.0,Organic,,Ryan's,CH,Organic Beef Sirloin Steak
1393,meat-seafood,Ken Ken Black Tiger Prawn (Large) 21/25 - Frozen,23.75,1000.0,,,Ken,Large,Black Tiger Prawn
1394,meat-seafood,"Meat Affair Australia Pork Shoulder Lean S/O, Twee Bah",18.9,1000.0,,Australia,Meat Affair,Lean S/O,Pork Shoulder
1395,meat-seafood,Ryan's Organic Beef Meatballs (350g-370g) (CH),17.6,350.0,Organic,,Ryan's,CH,Organic Beef Meatball
1396,meat-seafood,Pan Royal Frozen Frog Leg,17.0,1000.0,,,Pan Royal,,Frozen Frog Leg
1397,meat-seafood,Meat Affair Australia Pork Minced,16.95,1000.0,,Australia,Meat Affair,Pork Minced,Pork Minced
1398,meat-seafood,Viya Crab Frozen Crab Roll Halal - Frozen,16.85,250.0,Halal,,Viya Crab,Halal,Frozen Crab Roll
1399,meat-seafood,Ryan's 200 Day Grain Fed Beef Yakiniku (Chilled),15.3,300.0,,,Ryan's,Chilled,Yakiniku
1400,meat-seafood,Ryan's Organic Beef Stir Fry (300-320g) (CH),15.2,300.0,Organic,,,CH,Ryan's Organic Beef Stir Fry
1401,meat-seafood,Meat Affair Marinated Pork Baby Rib - Honey,14.95,500.0,,,Meat Affair,Honey,Marinated Pork
1402,meat-seafood,Pan Royal Fresh Squid Cut With Head,13.5,500.0,,,Pan Royal Fresh,With Head,Squid
1403,meat-seafood,Punched Foods Australia Grass Fed YG Ribeye Steak Chilled,13.0,200.0,Halal,Australia,Punched Foods,Grass Fed,Ribeye Steak
1404,meat-seafood,Master Grocer Australia Black Angus Oyster Blade Steak-Chill,12.95,200.0,,Australia,Master Grocer,Steak-Chill,Black Angus
1405,meat-seafood,Master Grocer Australia Grass fed Beef Hangers steak - Chille,12.95,200.0,,Australia,Master Grocer,Chille,Hanger steak
1406,meat-seafood,Master Grocer Australia Pork Tenderloin - Chilled,11.95,400.0,,Australia,Master Grocer,Chilled,Pork Tenderloin
1407,meat-seafood,Master Grocer Aus B.Angus Beef Flank Stir Fry 200g - Chill,11.95,200.0,,,Master Grocer,,Angus Beef Flank Stir Fry
1408,meat-seafood,Pan Royal Fresh White Threadfin - Cleaned and Gutted,11.5,500.0,,,Royal Fresh,Cleaned and Gutted,White Threadfin
1409,meat-seafood,Pan Royal Fresh Black Pomfret - Cleaned and Gutted,11.0,400.0,,,Royal Fresh,Cleaned and Gutted,Black Pomfret
1410,meat-seafood,"Zac Butchery Chicken Thigh Pack, Peri-Peri-Marinated",10.5,500.0,,,Zac Butchery,Peri-Peri-Marinated,Chicken Thigh Pack
1411,meat-seafood,Zac Butchery Chicken Schnitzel Pack,9.2,340.0,,,Zac Butchery,Chicken Schnitzel Pack,Chicken Schnitzel Pack
1412,meat-seafood,Pan Royal Fresh Baby Sotong,8.0,300.0,,,Royal Fresh,Baby Sotong,Baby Sotong
1413,meat-seafood,CB Prawn Flavoured Ball with Fish Roe (21pcs),7.64,500.0,,,CB,Prawn Flavoured Ball with Fish Roe,Prawn Flavoured Ball with Fish Roe
1414,meat-seafood,CB Salmon Ball with Cheese (21pcs),7.5,500.0,,,CB,,Salmon Ball
1415,meat-seafood,Ken Ken Chicken Meatball - Frozen,7.3,500.0,,,Ken,Frozen,Chicken Meatball
1416,meat-seafood,Meat Affair Korean Beef Bulgogi,6.9,200.0,,South Korea,Meat Affair,Beef Bulgogi,Beef Bulgogi
1417,meat-seafood,CB Seafood Tofu (21pcs),6.0,500.0,,,CB Seafood,,Tofu
1418,meat-seafood,Master Grocer Pork Shoulder Butt - Chilled,5.95,250.0,,,Master Grocer,Chilled,Pork Shoulder Butt
1419,meat-seafood,Zac Butchery Minced Chicken Pack,5.1,250.0,,,Zac Butchery,Minced Chicken Pack,Minced Chicken Pack
1420,meat-seafood,Pan Royal Frozen White Clam,5.0,1000.0,,,Pan Royal,,Frozen White Clam
1421,meat-seafood,Master Grocer 99% Fat Free Chicken Tenderloin 250g - Chilled,4.95,250.0,,,Master Grocer,99% Fat Free,Chicken Tenderloin
1422,meat-seafood,Master Grocer Fresh Organic Chicken Carcass 250g - Chilled,4.95,250.0,,,Master Grocer,Chilled,Fresh Organic Chicken Carcass
1423,meat-seafood,Master Grocer Chicken Mid joint Wing 300g - Chilled,4.95,300.0,,,Master Grocer,Chilled,Chicken Mid joint Wing
1424,meat-seafood,Ahimsa Vegan Otak-Otak Crab / Vegetarian Food,4.9,300.0,,,Ahimsa,Vegetarian Food,Otak-Otak Crab
1425,meat-seafood,DODO Otah Fish Cake,3.35,200.0,,,DODO,Otah Fish Cake,Otah Fish Cake
1426,meat-seafood,Master Grocer Australia Grassfed Lamb 4 Rack - Chilled,36.95,400.0,,Australia,Master Grocer,Chilled,Grassfed Lamb
1427,meat-seafood,Pan Royal Fresh Red Grouper,30.5,400.0,,,Pan Royal Fresh,Pan Royal Fresh,Red Grouper
1428,meat-seafood,Master Grocer Grassfed Beef Ribeye Steak 2pc,26.95,400.0,,,Master Grocer,Grassfed,Ribeye Steak
1429,meat-seafood,Master Grocer Whole Duck 2.5kg Fresh Frozen,26.95,2500.0,,,Master Grocer,Fresh Frozen,Whole Duck
1430,meat-seafood,Ryan's Wagyu Stir Fry (Chilled),23.95,300.0,,,Ryan's,Chilled,Wagyu Stir Fry
1431,meat-seafood,Pan Royal Frozen Tiger Prawn 13/15,23.0,1000.0,,,Pan Royal,13/15,Frozen Tiger Prawn
1432,meat-seafood,Meat Affair Australia Pork Hind Lean,21.9,1000.0,,Australia,Meat Affair,Lean,Pork
1433,meat-seafood,Ken Ken Vannamei Peeled Deveined Prawn 26 / 30 - Frozen,20.0,1000.0,,,Ken,Peeled Deveined Prawn,Vannamei
1434,meat-seafood,Master Grocer M.Grocer Grassfed Beef Ribeye ThickCut 1pc Chil,19.95,280.0,,,Master Grocer,ThickCut,Ribeye
1435,meat-seafood,CB 31/40 Frozen Live Black Tiger Prawn Hoso,18.8,1000.0,,,CB 31/40,Hoso,Frozen Live Black Tiger Prawn
1436,meat-seafood,CB 41/50 Frozen Live Cooked Tiger Prawn Hoso,17.82,1000.0,,,Hoso,CB 41/50,Frozen Live Cooked Tiger Prawn
1437,meat-seafood,"Zac Butchery Chicken Wings Pack, Cajun-Marinated",17.5,1000.0,,,Zac Butchery,Cajun-Marinated,Chicken Wing Pack
1438,meat-seafood,Master Grocer Master Grocer NZ Black Angus Beef Striploin Chi,15.95,250.0,,,Master Grocer,Chi,Striploin
1439,meat-seafood,ST JAMES Scottish Smoked Salmon Gravadlax,15.9,114.0,,Scotland,ST JAMES,Gravadlax,Smoked Salmon
1440,meat-seafood,ST JAMES Scottish Smoked Salmon Garlic & Pepper,15.9,114.0,,Scotland,ST JAMES,Garlic & Pepper,Smoked Salmon
1441,meat-seafood,KSP Australian Wagyu Beef Minced,15.13,300.0,,Australia,KSP,Beef Minced,
1442,meat-seafood,Gim's Heritage Sotong Ball,14.2,1000.0,,,Gim's Heritage,,Sotong Ball
1443,meat-seafood,Ryan's AUS FR Chicken Mid Wing (400g-450g) (CH),14.1,400.0,,,Ryan's,CH,Chicken Mid Wing
1444,meat-seafood,Zac Butchery Beef Stirfry Pack,12.4,250.0,,,Zac Butchery,Beef Stirfry Pack,Beef Stirfry Pack
1445,meat-seafood,"Zac Butchery Chicken Breast Pack, Cajun-Marinated",12.0,500.0,,,Zac Butchery,Cajun-Marinated,Chicken Breast Pack
1446,meat-seafood,Master Grocer Aus Beef Flank Steak 200g - Chill,11.95,200.0,,,Master Grocer,Chill,Beef Flank Steak
1447,meat-seafood,"Zac Butchery Chicken Breast Pack, Original",11.8,500.0,,,Zac Butchery,Original,Chicken Breast Pack
1448,meat-seafood,"Meat Affair Australia Fresh Pork  Shoulder Lean S/O, Twee Bah",11.3,500.0,,Australia,Meat Affair,Lean S/O,Fresh Pork Shoulder
1449,meat-seafood,Meat Affair Free Range Hind Lean,10.8,250.0,,,Meat Affair,Free Range,
1450,meat-seafood,Pacific West Frozen Seafood - Breaded Oysters,10.6,400.0,,,Pacific West,Breaded Oysters,Frozen Seafood
1451,meat-seafood,"Zac Butchery Chicken Thigh Pack, Basil-Marinated",10.5,500.0,,,Zac Butchery,Basil-Marinated,Chicken Thigh Pack
1452,meat-seafood,KiomKee Crispy Prawn Ball,10.32,400.0,,,KiomKee,Crispy Prawn Ball,
1453,meat-seafood,Master Grocer Grassfed Lamb Leg Cube 250g - Chilled,9.95,250.0,,,Master Grocer,Grassfed,
1454,meat-seafood,Meat Affair Brisket Soft Bone,9.95,500.0,,,Meat Affair,Soft Bone,Brisket
1455,meat-seafood,DODO Chicken Mushroom Paste,9.9,120.0,,,DODO,Chicken Mushroom Paste,
1456,meat-seafood,Ouseolrang THE HAYAN - PURE Fish cake Bar,8.9,300.0,,,THE HAYAN,PURE,Fish cake
1457,meat-seafood,Ken Ken Squid Tube - Frozen,8.9,1000.0,,,Ken,Frozen,Squid Tube
1458,meat-seafood,Punched Foods Fresh Chicken Whole Leg (2pc),8.5,500.0,,,Punched Foods,,Fresh Chicken
1459,meat-seafood,DODO Snow Crab Leg (Flavoured),8.35,250.0,,,DODO,Flavoured,Snow Crab Leg
1460,meat-seafood,Punched Foods Australia Grass Fed Flank Beef Chilled,8.0,200.0,Halal,Australia,Punched Foods,Grass Fed Flank Beef,Grass Fed Flank Beef
1461,meat-seafood,CB Japanese Fish Tofu (25pcs),7.64,500.0,,Japan,CB,,Fish Tofu
1462,meat-seafood,Pan Royal Fresh Kembong 3pcs - Cleaned and Gutted,7.0,450.0,,,Royal Fresh,Cleaned and Gutted,Kembong
1463,meat-seafood,Meat Affair Spicy Korean Beef Bulgogi,6.9,200.0,,South Korea,Meat Affair,Spicy Beef Bulgogi,
1464,meat-seafood,CB Bean Curd King (18pcs),6.5,500.0,,,CB,,
1465,meat-seafood,Pan Royal Frozen Flower La La,5.8,500.0,,,Pan Royal,Frozen Flower La La,
1466,meat-seafood,Master Grocer Fresh Chicken Feet 300g - Chilled,4.95,300.0,,,Master Grocer,Chilled,Fresh Chicken Foot
1467,meat-seafood,Master Grocer Pre-Cuts Pork Cube 300g - Chilled,4.95,300.0,,,Master Grocer,Chilled,Pre-Cut
1468,meat-seafood,Master Grocer 99% Fat Free Chicken Breast Skinless 1pc-Ch,4.95,250.0,,,Master Grocer,Skinless,Chicken Breast
1469,meat-seafood,Ken Ken Minced Crab Bite - Frozen,4.65,200.0,,,Ken,Frozen,Minced Crab Bite
1470,meat-seafood,RMC 450D Grain Fed Wagyu Ribeye (Approx 450g) (CH),68.9,450.0,,,RMC,CH,Ribeye
1471,meat-seafood,Punched Foods Premium Hokkaido Sea Scallops,58.0,1000.0,,,Punched Foods,Premium Hokkaido Sea Scallops,Premium Hokkaido Sea Scallop
1472,meat-seafood,Ryan's Borrowdale FR Pork Collar (Chilled),46.0,1000.0,,,Ryan's Borrowdale,Chilled,Pork Collar
1473,meat-seafood,Ryan's Borrowdale FR Pork Bak Kut Teh (500g-550g) (CH),31.3,500.0,,,Ryan's Borrowdale,CH,Pork Bak Kut Teh
1474,meat-seafood,Ryan's Borrowdale FR Pork Belly B/Less S/Less (CH),29.0,500.0,,,Ryan's Borrowdale,B/Less,Pork Belly
1475,meat-seafood,Ken Ken Black Tiger Prawn (Jumbo) (13/15) - Frozen,27.9,1000.0,,,Ken Ken,Jumbo,Black Tiger Prawn
1476,meat-seafood,Pan Royal Fresh Chinese Pomfret - Cleaned and Gutted,26.5,500.0,,China,Royal Fresh,Cleaned and Gutted,Pomfret
1477,meat-seafood,Ryan's Organic Beef Shin Shank (500g-550g) (CH),24.5,500.0,Organic,,Ryan's,CH,Shin Shank
1478,meat-seafood,Ryan's Wagyu Cubes,23.95,300.0,,,Ryan's,,Wagyu Cube
1479,meat-seafood,Ryan's Wagyu Minced,23.95,300.0,,,Ryan's,Minced,Wagyu
1480,meat-seafood,KSP Fresh Pork Prime Ribs Cuts,21.91,500.0,,,KSP,Prime Ribs Cuts,Fresh Pork
1481,meat-seafood,Warilba Organic Carbon Neutral Lamb Cubes,21.9,300.0,,,Warilba,Organic Carbon Neutral,Lamb Cube
1482,meat-seafood,KSP Australian Premium Wagyu Shabu,18.32,300.0,,Australia,KSP,Shabu,Premium Wagyu
1483,meat-seafood,Pan Royal Frozen Vannamei Prawn 16/20,18.0,1000.0,,,Pan Royal,16/20,Frozen Vannamei Prawn
1484,meat-seafood,"Zac Butchery Chicken Wings Pack, Peri-Peri-Marinated",17.5,1000.0,,,Zac Butchery,Peri-Peri-Marinated,Chicken Wing Pack
1485,meat-seafood,"Zac Butchery Chicken Wings Pack, Basil-Marinated",17.5,1000.0,,,Zac Butchery,Basil-Marinated,Chicken Wing Pack
1486,meat-seafood,Ryan's AUS FR Chicken Tenderloin Fillet (400g-450g) (CH),17.2,400.0,,,Ryan's,CH,Chicken Tenderloin Fillet
1487,meat-seafood,Pan Royal Fresh White Pomfret,16.5,300.0,,,Pan Royal Fresh,White Pomfret,White Pomfret
1488,meat-seafood,Ryan's AUS FR Chicken Minced (400g-420g) (CH),16.4,400.0,,,Ryan's,CH,Chicken Minced
1489,meat-seafood,ST JAMES Scottish Smoked Salmon Orange and Pepper,15.9,114.0,,Scotland,ST JAMES,Orange and Pepper,Smoked Salmon
1490,meat-seafood,Pan Royal Fresh Stingray Cut,15.5,500.0,,,Pan Royal Fresh,Stingray Cut,
1491,meat-seafood,Pan Royal Fresh Batang STEAK Airflown,15.5,500.0,,,Royal Fresh,Airflown,Batang STEAK
1492,meat-seafood,Ryan's 200 Day Grain Fed Beef Stir Fry (Chilled),15.3,300.0,,,,Chilled,Ryan's 200 Day Grain Fed Beef Stir Fry
1493,meat-seafood,KSP Australian Wagyu Striploin Steak MB2,15.06,200.0,,Australia,KSP,MB2,Wagyu Striploin Steak
1494,meat-seafood,Meat Affair Australia Fresh Pork Shoulder Butt,15.0,500.0,,Australia,Meat Affair,Fresh Pork Shoulder Butt,Fresh Pork Shoulder Butt
1495,meat-seafood,Master Grocer Manhattan NY Grassfed Beef Filet 200g - Chilled,14.95,200.0,,,Master Grocer,Chilled,Grassfed Beef Filet
1496,meat-seafood,Meat Affair Marinated Baby Rib - Chicago,14.95,500.0,,,Meat Affair,Marinated Baby Rib,Marinated Baby Rib
1497,meat-seafood,Zac Butchery Chicken Cordon Bleu Pack,14.5,500.0,,,Zac Butchery,Chicken Cordon Bleu Pack,Chicken Cordon Bleu Pack
1498,meat-seafood,CB IQF 40/60 Baby Cuttlefish,13.8,1000.0,,,CB IQF,40/60,Baby Cuttlefish
1499,meat-seafood,Master Grocer Aus Black Angus Ribeye - Normal Cut,13.5,280.0,,,Master Grocer,Normal Cut,Aus Black Angus Ribeye
1500,meat-seafood,Zac Butchery Chicken Kiev Pack,13.2,500.0,,,Zac Butchery,Chicken Kiev Pack,Chicken Kiev Pack
1501,meat-seafood,Pan Royal Fresh Squid Whole,13.0,500.0,,,Royal Fresh,Whole,Squid
1502,meat-seafood,Maruha Nichiro Breaded Butterfly Cut Scad,12.9,600.0,,,Maruha Nichiro,Breaded Butterfly,Breaded Butterfly
1503,meat-seafood,Master Grocer Aus Lamb Shoulder Chop Boneless Chill,11.95,250.0,,,Master Grocer,Boneless,Aus Lamb Shoulder Chop
1504,meat-seafood,KSP Fresh Pork Twee Bak ( Pork Shoulder ),11.08,500.0,,,KSP,Fresh Pork Twee Bak,Pork Shoulder
1505,meat-seafood,Zac Butchery Premium Minced Beef Pack,11.0,250.0,,,Zac Butchery,Premium Minced Beef Pack,Premium Minced Beef Pack
1506,meat-seafood,Zac Butchery Homemade Chicken Meatball - 12 pcs,10.8,360.0,,,Zac Butchery,Homemade Chicken Meatball,Homemade Chicken Meatball
1507,meat-seafood,"Zac Butchery Chicken Thigh Pack, Original",10.4,500.0,,,Zac Butchery,Original,Chicken Thigh Pack
1508,meat-seafood,Master Grocer Antibiotics Free Chicken Leg Boneless Skin On-C,9.95,300.0,,,Master Grocer,Antibiotics Free,Chicken Leg
1509,meat-seafood,Seaboss Small Peeled Prawns,9.9,500.0,,,Seaboss,Small Peeled Prawns,Small Peeled Prawn
1510,meat-seafood,DODO Tobiko Prawn Paste,9.9,120.0,,,DODO,Tobiko,Prawn Paste
1511,meat-seafood,Gim's Heritage Shrimp Paste,9.6,300.0,,,Gim,,Heritage Shrimp Paste
1512,meat-seafood,Meat Affair Free Range Loin Boneless,9.5,250.0,,,Meat Affair,Free Range,Loin
1513,meat-seafood,Zac Butchery Chicken Drumstick Pack,9.2,500.0,,,Zac Butchery,Chicken Drumstick Pack,Chicken Drumstick Pack
1514,meat-seafood,Ken Ken Squid Flower - Frozen,8.5,1000.0,,,Ken,Frozen,Squid Flower
1515,meat-seafood,Zac Butchery Chicken Leg Bone-in Pack,8.3,440.0,,,Zac Butchery,Chicken Leg Bone-in Pack,Chicken Leg Bone-in Pack
1516,meat-seafood,Pan Royal Frozen Shrimp Paste,8.0,150.0,,,Pan Royal,,Frozen Shrimp Paste
1517,meat-seafood,Seaboss Lobster-flavoured Ball with Tobiko,7.9,500.0,,,Seaboss,with Tobiko,Lobster-flavoured Ball
1518,meat-seafood,CB Sea Urchin Flavoured Ball (21pcs),7.5,500.0,,,CB,,Sea Urchin Flavoured Ball
1519,meat-seafood,Xiao Xiang Rou Hunan Hanshou Pork Hind Trotter,7.0,300.0,,,Hunan Hanshou,Xiao Xiang Rou,Hind Trotter
1520,meat-seafood,Master Grocer Chicken Drumstick Skinless - Chilled,6.95,200.0,,,Master Grocer,Skinless,Chicken Drumstick
1521,meat-seafood,Master Grocer Whole Duck leg Bone in 250-300g - Chilled,6.95,250.0,,,Master Grocer,Chilled,Whole Duck leg
1522,meat-seafood,Xiao Xiang Rou Hunan Hanshou Pork Mince,6.9,300.0,,,Hunan Hanshou,Xiao Xiang Rou,Pork Mince
1523,meat-seafood,Seaco Surimi Breaded Scallop Meat,6.9,200.0,,,Seaco,Breaded Scallop,Breaded Scallop
1524,meat-seafood,Seaboss Tamanegi Ten (Onion Tempura),6.9,150.0,,,Seaboss,Tamanegi Ten,
1525,meat-seafood,Seaboss Yasai Ten (Mixed Vegetable Tempura),6.9,200.0,,,Seaboss,Mixed Vegetable Tempura,
1526,meat-seafood,Seaboss Frozen Asari Clams (Short necked clams),6.56,500.0,,,Seaboss,Short necked clams,Frozen Asari Clam
1527,meat-seafood,Pan Royal Frozen Clam Meat,6.0,500.0,,,Pan Royal,Frozen Clam Meat,Frozen Clam Meat
1528,meat-seafood,CB Frozen Simulated Snow Crab Leg (30pcs),6.0,270.0,,,CB,,Frozen Simulated Snow Crab Leg
1529,meat-seafood,Kibun Hello Kitty Kamaboko - Frozen,5.6,70.0,,,Hello Kitty,Frozen,
1530,meat-seafood,Master Grocer 99% Fat Free Chicken Breast Skinless Strips-Ch,4.95,250.0,,,Master Grocer,Skinless Strips-Ch,Chicken Breast
1531,meat-seafood,Seaboss Cut Tako (Cut Octopus),4.9,100.0,,,Seaboss,Cut Tako,
1532,meat-seafood,CB Hong Kong Soybean Roll (14pcs),4.8,180.0,,Hong Kong,CB,14pcs,Soybean Roll
1533,meat-seafood,CB Lobster Ball Flavoured,3.96,190.0,,,CB,Flavoured,
1534,meat-seafood,Ken Ken Premium AAA Seafood Stick (Flavoured Crab Stick),3.6,250.0,,,Ken,Flavoured Crab Stick,Premium AAA Seafood Stick
1535,meat-seafood,CB Thai Filament Crab Sticks (A) 16pcs,2.64,250.0,,Thailand,,A,CB Filament Crab Stick
1536,meat-seafood,Zac Butchery Lamb Leg Bone-In Whole,104.0,2000.0,,,Zac Butchery,Bone-In,Lamb Leg
1537,meat-seafood,Zac Butchery Lamb Rack Pack,99.8,950.0,,,Zac Butchery,Lamb Rack Pack,Lamb Rack Pack
1538,meat-seafood,Zac Butchery Wagyu Beef Rib-Eye Pack (MB 6-7),98.0,500.0,,,Zac Butchery,MB 6-7,Wagyu Beef Rib-Eye Pack
1539,meat-seafood,Zac Butchery Wagyu Beef Sirloin Pack (MB 6-7),97.2,500.0,,,Zac Butchery,MB 6-7,Wagyu Beef Sirloin Pack
1540,meat-seafood,The Meat Club Grass Fed Tomahawk Steak - AUS - Chilled,93.5,900.0,,,The Meat Club,Chilled,Grass Fed Tomahawk Steak
1541,meat-seafood,Master Grocer Ready to Roast Beef Tenderloin-Chilled,80.0,800.0,,,Master Grocer,Tenderloin-Chilled,Ready to Roast Beef
1542,meat-seafood,Master Grocer Ready to Roast Beef Ribeye-Chilled,78.0,1500.0,,,Master Grocer,Ribeye-Chilled,Ready to Roast Beef
1543,meat-seafood,Ryan's Borrowdale Pork Rack Whole B/In R/On S/On (1.4-1.6Kg),74.3,1400.0,,,,S/On,Pork Rack
1544,meat-seafood,Master Grocer Ready to Roast-Beef Striploin Chilled,68.0,1500.0,,,Master Grocer,Ready to Roast-Beef,Striploin
1545,meat-seafood,RMC 450D Grain Fed Wagyu Striploin MB 6-7 (Chilled),62.6,450.0,,,RMC,Chilled,Grain Fed Wagyu Striploin
1546,meat-seafood,Ryan's Wagyu Striploin MB 4-5 (Chilled),59.6,400.0,,,Ryan's,Chilled,Wagyu Striploin
1547,meat-seafood,Ryan's Wagyu Tenderloin MB 4-5 (Chilled),55.1,300.0,,,Ryan's,Chilled,Wagyu Tenderloin
1548,meat-seafood,Vegetarian World Vegan Small Tiger Prawn,54.0,3000.0,,,Vegetarian World Vegan,,Small Tiger Prawn
1549,meat-seafood,Zac Butchery Lamb Chops Pack,54.0,500.0,,,Zac Butchery,Lamb Chops Pack,Lamb Chop Pack
1550,meat-seafood,Zac Butchery Lamb Kebabs Pack,53.8,1000.0,,,Zac Butchery,Lamb Kebabs Pack,Lamb Kebab Pack
1551,meat-seafood,Zac Butchery Beef Kebabs Pack,51.5,1000.0,,,Zac Butchery,,Beef Kebab
1552,meat-seafood,Pan Royal Frozen Canada Scotia Bay Scallop Meat,50.0,1000.0,,Canada,Pan Royal,Meat,Meat
1553,meat-seafood,Zac Butchery Angus Beef Rib-Eye Pack,49.8,500.0,,,Zac Butchery,Angus Beef Rib-Eye Pack,Angus Beef Rib-Eye Pack
1554,meat-seafood,Zac Butchery Chicken Kebabs Pack,47.3,1000.0,,,Zac Butchery,,Chicken Kebab
1555,meat-seafood,Ryan's Borrowdale FR Pork Loin Ribs B/In (Chilled),47.2,800.0,,,Ryan's Borrowdale FR,B/In,Pork Loin Rib
1556,meat-seafood,Master Grocer Master Grocer USA Angus Beef Ribeye Steak Chill,46.5,400.0,,USA,Master Grocer,Chill,Ribeye Steak
1557,meat-seafood,Ryan's AUS FR Chicken Kiev (1Kg-1.2Kg) (CH),45.7,1000.0,,,Ryan's,CH,Chicken Kiev
1558,meat-seafood,Zac Butchery Angus Beef Sirloin Pack,42.5,500.0,,,Zac Butchery,Angus Beef Sirloin Pack,Angus Beef Sirloin Pack
1559,meat-seafood,KSP Australian Wagyu Beef Short Ribs - English Style,42.17,500.0,,,KSP,English Style,Beef Short Rib
1560,meat-seafood,Zac Butchery Grass-Fed Beef Tenderloin Pack,42.0,500.0,,,Zac Butchery,Grass-Fed Beef,Tenderloin Pack
1561,meat-seafood,Toriyama A4 Wagyu Yakiniku (200g-210g) (CH),41.8,200.0,,,Toriyama,CH,Yakiniku
1562,meat-seafood,Zac Butchery Grass-Fed Beef Rib-Eye Pack,40.5,500.0,,,Zac Butchery,Grass-Fed Beef,Rib-Eye Pack
1563,meat-seafood,Seaboss XL Tiger Prawn 10/12 PCS,38.5,1000.0,,,Seaboss,XL Tiger Prawn,XL Tiger Prawn
1564,meat-seafood,Ryan's Wagyu Mini Steak MB 4-5 (Chilled),38.1,300.0,,,Ryan's,Chilled,Wagyu Mini Steak
1565,meat-seafood,KSP Australian Wagyu Beef Short Ribs,36.44,450.0,,Australia,KSP,,Beef Short Rib
1566,meat-seafood,Meat Affair Australia Pork Belly,35.9,1000.0,,Australia,Meat Affair,Pork Belly,Pork Belly
1567,meat-seafood,BlueYou Premium Black Tiger Selva Shrimp,35.1,1000.0,,,BlueYou,Premium Black Tiger,Selva Shrimp
1568,meat-seafood,Zac Butchery Beef Sirloin Pack,35.1,500.0,,,Zac Butchery,Beef Sirloin Pack,Beef Sirloin Pack
1569,meat-seafood,Zac Butchery Lamb Shoulder Chop,33.4,1000.0,,,Zac Butchery,Lamb Shoulder Chop,Lamb Shoulder Chop
1570,meat-seafood,Master Grocer Australia Grassfed Lamb Chop 400g - Chilled,32.5,400.0,,Australia,Master Grocer,Grassfed,Lamb Chop
1571,meat-seafood,Punched Foods Premium Hokkaido Sea Scallops,32.0,500.0,,,Punched Foods,Premium Hokkaido Sea Scallops,Premium Hokkaido Sea Scallop
1572,meat-seafood,The Meat Club Jumbo King Prawns,30.8,500.0,,,The Meat Club,The Meat Club,Jumbo King Prawn
1573,meat-seafood,CB 10/20 Hokkaido Sea Scallop,29.9,500.0,,,CB 10/20,CB 10/20,Hokkaido Sea Scallop
1574,meat-seafood,"Zac Butchery Lamb Butterfly Steak, Rosemary & Garlic Marinate",29.8,450.0,,,Zac Butchery,Rosemary & Garlic Marinate,Lamb Butterfly Steak
1575,meat-seafood,Ken Ken Sea Scallop Meat (20/30) L - Frozen,29.3,800.0,,,Ken,L,Sea Scallop Meat
1576,dairy-chilled-eggs,F & N NutriWell Reduced Sugar Drink - Barley,2.77,946.0,Halal,,F & N,Barley,Reduced Sugar Drink
1577,dairy-chilled-eggs,Zheng An Korea Kimchi,7.15,400.0,,South Korea,Zheng An,Kimchi,
1578,dairy-chilled-eggs,[BCRS] Farm Fresh Milk - Pure,6.7,2000.0,Halal,,BCRS,Pure,Farm Fresh Milk
1579,dairy-chilled-eggs,Marigold HL Milk - Plant Sterols,3.86,946.0,Halal,,Marigold,HL,Plant Sterol
1580,dairy-chilled-eggs,FairPrice Bacon - Streaky,4.95,200.0,,,FairPrice,Streaky,Bacon
1581,dairy-chilled-eggs,FairPrice Breakfast Ham,3.1,200.0,,,FairPrice,Breakfast Ham,
1582,dairy-chilled-eggs,Johnsonville Smoked Pork Sausage - Beddar with Cheddar,11.65,360.0,,,Johnsonville,Beddar with Cheddar,
1583,dairy-chilled-eggs,Delicato Chicken Sausage - Smoked,9.11,360.0,,,Delicato,Smoked,Chicken Sausage
1584,dairy-chilled-eggs,FairPrice Honey Baked Ham,3.25,200.0,,,FairPrice,Honey Baked Ham,Honey Baked Ham
1585,dairy-chilled-eggs,Delicato Shaved Ham - Honey Baked,5.4,90.0,,,Delicato,Honey Baked,Shaved Ham
1586,dairy-chilled-eggs,Marigold HL Milk - Select Matcha Latte,3.95,946.0,,,Marigold,Select,Matcha Latte
1587,dairy-chilled-eggs,Delicato Pork Sausage - Hot & Spicy,9.11,360.0,,,Delicato,Hot & Spicy,Pork Sausage
1588,dairy-chilled-eggs,Johnsonville Brats - Smoked,11.65,360.0,,,Johnsonville,Smoked,Brat
1589,dairy-chilled-eggs,Marigold HL Dark Chocolate Milk with Plant Sterols,3.86,946.0,Halal,,Marigold,Dark Chocolate Milk,
1590,dairy-chilled-eggs,Delicato Bratwurst Pork Sausage - Cheddar,9.11,360.0,,,Delicato,Cheddar,Pork Sausage
1591,dairy-chilled-eggs,Delicato Bratwurst Pork Sausage - Smoked,9.11,360.0,,,Delicato,Smoked,Pork Sausage
1592,dairy-chilled-eggs,Delicato Shaved Ham - Apple Baked,5.4,90.0,,,Delicato,Baked,Shaved Ham
1593,dairy-chilled-eggs,FairPrice Bacon - Back,4.95,200.0,,,FairPrice,Back,Bacon
1594,dairy-chilled-eggs,Delicato Pork Sausage - Truffle Cheese,9.11,300.0,,,Delicato,Truffle Cheese,Pork Sausage
1595,dairy-chilled-eggs,Delicato Smoked Duck - Original,6.06,220.0,,,Delicato,Original,Smoked Duck
1596,dairy-chilled-eggs,Johnsonville Smoked Pork Sausage - Garlic Brats,11.65,360.0,,,Johnsonville,Garlic Brats,
1597,dairy-chilled-eggs,Johnsonville Smoked Pork Sausage - Hot & Spicy,11.65,360.0,,,Johnsonville,Hot & Spicy,
1598,dairy-chilled-eggs,FairPrice Free Range Ham - Gammon,5.05,200.0,,,FairPrice,Free Range Ham,Free Range Ham
1599,dairy-chilled-eggs,Delicato Smoked Duck - Black Pepper,6.06,220.0,,,Delicato,Black Pepper,Smoked Duck
1600,dairy-chilled-eggs,Tradition Bacon - Bits,3.92,190.0,,,,Tradition,Bacon
1601,dairy-chilled-eggs,[BCRS] Farm Fresh Milk - Lactose Free,4.45,1000.0,Halal,,BCRS,Lactose Free,Farm Fresh Milk
1602,dairy-chilled-eggs,BoBo Chicken Sausage - Cheese,3.87,200.0,Halal,,BoBo,- Cheese,Chicken Sausage
1603,dairy-chilled-eggs,FairPrice Free Range Baked Ham - Honey,5.05,200.0,,,FairPrice,- Honey,Free Range Baked Ham
1604,dairy-chilled-eggs,Delicato Shaved Ham - Smoked,5.4,90.0,,,Delicato,Smoked,Shaved Ham
1605,dairy-chilled-eggs,FairPrice Mini Honey Baked Ham - Roll,10.7,800.0,,,FairPrice,Roll,Mini Honey Baked Ham
1606,dairy-chilled-eggs,FairPrice Chicken Ham - Honey Baked,3.31,200.0,,,FairPrice,Honey Baked,Chicken Ham
1607,dairy-chilled-eggs,Delicato Cheddar Chicken Sausage,9.11,360.0,,,Delicato,Cheddar,Chicken Sausage
1608,dairy-chilled-eggs,Delicato Streaky Bacon -  Applewood Smoked,6.95,200.0,,,Delicato,Applewood Smoked,Streaky Bacon
1609,dairy-chilled-eggs,BoBo Turkey Ham,3.87,200.0,Halal,,BoBo,,Ham
1610,dairy-chilled-eggs,Tradition Bacon - Streaky,6.31,270.0,,,,Streaky,Bacon
1611,dairy-chilled-eggs,Delicato Pork Sausages - Little Smokies,6.95,300.0,,,Delicato,Little Smokies,Pork Sausage
1612,dairy-chilled-eggs,Johnsonville Smoked Chicken Sausage - Cheese,11.65,360.0,,,Johnsonville,- Cheese,Smoked Chicken Sausage
1613,dairy-chilled-eggs,Delicato Pork Cheddar Sausage - Little Smokies,6.95,300.0,,,Delicato,Little Smokies,Pork Cheddar Sausage
1614,dairy-chilled-eggs,Johnsonville Smoked Chicken Sausage,11.65,360.0,,,Johnsonville,,
1615,dairy-chilled-eggs,Kelly's Sliced Ham - Premium Apple Baked,4.79,200.0,,,Kelly's,Baked,Sliced Ham
1616,dairy-chilled-eggs,Delicato Streaky Bacon - Beechwood Smoked,6.95,200.0,,,Delicato,Beechwood Smoked,Streaky Bacon
1617,dairy-chilled-eggs,Johnsonville Cooked Pork Sausage - Lemon & Pepper,11.65,360.0,,,Johnsonville,Lemon & Pepper,Cooked Pork Sausage
1618,dairy-chilled-eggs,Willms German Sausage - Bockwurst,10.69,400.0,,Germany,Willms,Bockwurst,Sausage
1619,dairy-chilled-eggs,Pasar Fresh Eggs,2.85,550.0,,,Fresh Eggs,,Fresh Egg
1620,dairy-chilled-eggs,Yakult Cultured Milk Bottle Drink - Assorted Flavours (Twin Pack),6.91,1000.0,Halal,,Yakult,Assorted Flavours,Cultured Milk Bottle Drink
1621,dairy-chilled-eggs,Fortune Japanese Silken Tofu - Omega 3 DHA,0.95,300.0,Halal,Japan,Fortune,Omega 3 DHA,Silken Tofu
1622,dairy-chilled-eggs,Chew's Fresh Eggs with Vitamin E,3.75,600.0,,,Chew's,with Vitamin E,Fresh Egg
1623,dairy-chilled-eggs,Dasoon Premium Fresh Eggs,4.7,900.0,,,Dasoon,Premium Fresh Eggs,Premium Fresh Egg
1624,dairy-chilled-eggs,F & N Magnolia Fresh Milk,3.63,946.0,,,Magnolia,,Fresh Milk
1625,dairy-chilled-eggs,Fortune Silken Egg Tofu - Extra Smooth with Omega 3 (Tube),1.0,150.0,Halal,,Fortune,Extra Smooth with Omega 3,Silken Egg Tofu
1626,dairy-chilled-eggs,Fortune Tau Kwa - Original,1.42,450.0,Halal,,Fortune Tau Kwa,Original,
1627,dairy-chilled-eggs,Fortune Silken Tofu - Japanese,0.95,300.0,Halal,Japan,Fortune,,Silken Tofu
1628,dairy-chilled-eggs,F & N NutriSoy High Calcium Fresh Soya Milk - Reduced Sugar,2.77,946.0,,,F & N,Reduced Sugar,Fresh Soya Milk
1629,dairy-chilled-eggs,Meiji Flavoured Yoghurt with Nata De Coco - Kyoho Grape,1.01,135.0,Halal,,Meiji,with Nata De Coco,Flavoured Yoghurt
1630,dairy-chilled-eggs,Meiji Low Fat Yoghurt - Strawberry,1.01,135.0,Halal,,Meiji,Strawberry,Low Fat Yoghurt
1631,dairy-chilled-eggs,Cowhead Cheese Slices - Cheddar,9.95,750.0,Halal,,,Cheddar,Cowhead Cheese Slice
1632,dairy-chilled-eggs,[BCRS] Meiji Low Fat High Protein Milk - Chocolate,3.75,350.0,Halal,,Meiji,Chocolate,Milk
1633,dairy-chilled-eggs,Meiji Low Fat Yoghurt - Mango,1.01,135.0,Halal,,Meiji,Mango,Low Fat Yoghurt
1634,dairy-chilled-eggs,Chew's Fresh Eggs - Omega 3,4.3,550.0,,,Chew,Omega 3,Fresh Egg
1635,dairy-chilled-eggs,Meiji Flavoured Yoghurt with Nata De Coco - Peach,1.01,135.0,Halal,,Meiji,with Nata De Coco,Flavoured Yoghurt
1636,dairy-chilled-eggs,Seng Choon Large Eggs,4.24,630.0,Halal,,Seng Choon,Large Eggs,Large Egg
1637,dairy-chilled-eggs,Vitagen Cultured Milk - Less Sugar (Assorted),6.6,1250.0,Halal,,Vitagen,Less Sugar,Cultured Milk
1638,dairy-chilled-eggs,F & N NutriSoy High Calcium Fresh Soya Milk - No Sugar Added,2.77,946.0,,,F & N,No Sugar Added,Fresh Soya Milk
1639,dairy-chilled-eggs,Fortune Tau Kwa - Original with Omega 3,1.45,450.0,Halal,,Fortune Tau Kwa,Original with Omega 3,
1640,dairy-chilled-eggs,Farmers Union Greek Style Yoghurt - Natural,9.65,1000.0,,,Farmers Union,Natural,Greek Style Yoghurt
1641,dairy-chilled-eggs,Farmhouse Milk - Fresh,3.73,946.0,,,Farmhouse,Fresh,
1642,dairy-chilled-eggs,N&N Big Fresh Eggs,4.55,650.0,,,N&N,Big Fresh Eggs,Big Fresh Egg
1643,dairy-chilled-eggs,Meiji Low Fat Yoghurt - Mixed Berry,1.01,135.0,Halal,,Meiji,Mixed Berry,Low Fat Yoghurt
1644,dairy-chilled-eggs,Chew's Singapore Fresh Eggs - Omega 6,4.15,550.0,,Singapore,Chew,Omega 6,Fresh Egg
1645,dairy-chilled-eggs,Greenfields Fresh Milk - Regular,6.05,1890.0,Halal,,Greenfields,Regular,Fresh Milk
1646,dairy-chilled-eggs,Yakult Cultured Milk Bottle Drink - Assorted Flavours,3.53,500.0,Halal,,Yakult,Assorted Flavours,Cultured Milk Bottle Drink
1647,dairy-chilled-eggs,Marigold Low Fat Yoghurt - Mixed Berries,1.0,130.0,Halal,,Marigold,Mixed Berries,Low Fat Yoghurt
1648,dairy-chilled-eggs,Seng Choon Lower Cholesterol Eggs - Carrot,4.55,640.0,,,Seng Choon,Carrot,Egg
1649,dairy-chilled-eggs,Marigold HL Milk - Plain,3.56,946.0,,,Marigold,Plain,HL Milk
1650,dairy-chilled-eggs,Meiji Low Fat Yoghurt - Nata De Coco,1.01,135.0,,,Meiji,Nata De Coco,Low Fat Yoghurt
1651,dairy-chilled-eggs,Marigold Greek Style Yoghurt - Natural,7.8,1000.0,Halal,,Marigold,Natural,Greek Style Yoghurt
1652,dairy-chilled-eggs,Bulla Cottage Cheese - Original,6.6,200.0,,,Bulla,Original,Cottage Cheese
1653,dairy-chilled-eggs,Emborg Sliced Cheese - Perfect Slices (Cheddar),10.38,600.0,,,Emborg,Perfect Slices,Sliced Cheese
1654,dairy-chilled-eggs,Yakult Cultured Milk Drink - Gold,7.34,1000.0,Halal,,Yakult,Gold,Cultured Milk Drink
1655,dairy-chilled-eggs,Meiji Pasteurized Lactose Free Milk,5.25,946.0,Halal,,Meiji,Pasteurized Lactose Free Milk,Pasteurized Lactose Free Milk
1656,dairy-chilled-eggs,Seng Choon Eggs - Farm Fresh,3.88,550.0,,,Seng Choon,Farm Fresh,Egg
1657,dairy-chilled-eggs,Yotsuba Hokkaido Fresh Milk,6.87,1000.0,,,Yotsuba,,Hokkaido Fresh Milk
1658,dairy-chilled-eggs,Paul's Fresh Milk - Full Cream,4.54,1000.0,Halal,,Paul's,Full Cream,Fresh Milk
1659,dairy-chilled-eggs,Peng Wang Cheese Tofu,3.2,200.0,Halal,,Peng Wang,,Tofu
1660,dairy-chilled-eggs,Tamar Valley Dairy Greek Style Yoghurt - Strawberry,2.97,110.0,,,Tamar Valley Dairy,Strawberry,Greek Style Yoghurt
1661,dairy-chilled-eggs,BoBo Fried Tau Kee - Hand-Made,2.35,110.0,,,BoBo,Hand-Made,Fried Tau Kee
1662,dairy-chilled-eggs,Marigold Low Fat Yoghurt - Strawberry,1.0,130.0,Halal,,Marigold,Strawberry,Low Fat Yoghurt
1663,dairy-chilled-eggs,Marigold Power Beans Fresh Soya Milk - Unsweetened,2.34,946.0,Halal,,Marigold Power Beans,Unsweetened,Fresh Soya Milk
1664,dairy-chilled-eggs,SCS Pure Creamery Butter Block - Unsalted,5.5,227.0,,,SCS,Unsalted,Pure Creamery Butter Block
1665,dairy-chilled-eggs,Tradition Shredded Mozzarella & Red Cheddar,5.24,225.0,,,,Tradition,Shredded Mozzarella
1666,dairy-chilled-eggs,SCS Pure Creamery Butter Block - Salted,5.5,227.0,,,SCS,Salted,Pure Creamery Butter Block
1667,dairy-chilled-eggs,F & N NutriSoy High Calcium Fresh Soya Milk - Regular,2.77,946.0,,,F & N,Regular,Fresh Soya Milk
1668,dairy-chilled-eggs,Chef Quail Eggs,2.85,140.0,,,,Chef,Quail Egg
1669,dairy-chilled-eggs,BoBo Flat Fish Cake - Big,3.15,230.0,Halal,,BoBo,Big,Flat Fish Cake
1670,dairy-chilled-eggs,Farmers Union Greek Style Yoghurt - High Protein,6.9,500.0,Halal,,Farmers Union,Greek Style Yoghurt,Greek Style Yoghurt
1671,dairy-chilled-eggs,Magnolia Fresh Milk - Cholest Care Low Fat Hi-Calcium,3.95,946.0,Halal,,Magnolia,Cholest Care,Fresh Milk
1672,dairy-chilled-eggs,Nuyolk Vitamins Enriched Eggs,6.01,530.0,,,Nuyolk,Vitamins,Enriched Egg
1673,dairy-chilled-eggs,[BCRS] Meiji Low Fat High Protein Milk - Original,3.75,350.0,Halal,,Meiji,Original,Low Fat High Protein Milk
1674,dairy-chilled-eggs,BoBo Fish Ball,4.8,500.0,,,BoBo,Fish Ball,Fish Ball
1675,dairy-chilled-eggs,Fortune Silken Tofu - Extra Smooth (Box),0.95,300.0,Halal,,Fortune,Extra Smooth,Silken Tofu
1676,dairy-chilled-eggs,Chew's Rise & Shine Farm Fresh Eggs,3.05,450.0,Halal,,Chew,Rise & Shine,Farm Fresh Egg
1677,dairy-chilled-eggs,Fortune Pasar Tau Kwa,1.41,450.0,Halal,,Fortune Pasar Tau Kwa,,
1678,dairy-chilled-eggs,Greenfields Fresh Milk - Low Fat,6.05,1890.0,Halal,,Greenfields,Low Fat,Fresh Milk
1679,dairy-chilled-eggs,Emborg European Cooking Cream,4.63,200.0,,,Emborg,European Cooking Cream,European Cooking Cream
1680,dairy-chilled-eggs,Marigold Low Fat Yoghurt - Natural,1.0,130.0,Halal,,Marigold,Natural,Low Fat Yoghurt
1681,dairy-chilled-eggs,F & N NutriSoy High Calcium Fresh Soya Milk - Matcha Latte,2.97,946.0,Halal,,F & N NutriSoy,Matcha Latte,Fresh Soya Milk
1682,dairy-chilled-eggs,Emborg Shredded Cheese - Mozzarella,5.95,200.0,Halal,,Emborg,Mozzarella,Shredded Cheese
1683,dairy-chilled-eggs,Chew's Fresh Eggs - Organic Selenium,4.9,550.0,,,Chew,Organic Selenium,Fresh Egg
1684,dairy-chilled-eggs,FairPrice Unsalted Butter,4.99,250.0,Halal,,FairPrice,Unsalted,Butter
1685,dairy-chilled-eggs,BoBo Seafood Tofu - Cheese,3.6,200.0,,,BoBo,Cheese,Tofu
1686,dairy-chilled-eggs,Brownes Dairy Greek Yoghurt,9.5,1000.0,,Greece,Brownes Dairy,Yoghurt,Yoghurt
1687,dairy-chilled-eggs,Chobani Greek Yogurt - Strawberry,4.02,160.0,,Greece,Chobani,Strawberry,Yogurt
1688,dairy-chilled-eggs,Pauls Natural Set Yogurt,8.95,1400.0,,,Pauls,Natural Set,Yogurt
1689,dairy-chilled-eggs,Greenfields Fresh Milk - Regular,3.51,1000.0,Halal,,Greenfields,Regular,Fresh Milk
1690,dairy-chilled-eggs,F & N Magnolia Low Fat Hi-Cal Milk - Fresh,3.63,946.0,,,F & N Magnolia,Fresh,Hi-Cal Milk
1691,dairy-chilled-eggs,Chobani Greek Yogurt - Blueberry,4.02,160.0,,Greece,Chobani,Blueberry,Yogurt
1692,dairy-chilled-eggs,Tamar Valley Dairy Kids Greek Style Yoghurt - Blueberry,2.97,110.0,,,Tamar Valley Dairy,Blueberry,Greek Style Yoghurt
1693,dairy-chilled-eggs,Chobani Greek Yogurt - Natural Light,4.02,160.0,,Greece,Chobani,Natural Light,Yogurt
1694,dairy-chilled-eggs,Marigold Low Fat Yoghurt - Peach,1.0,130.0,Halal,,Marigold,Peach,Low Fat Yoghurt
1695,dairy-chilled-eggs,FairPrice Butter - Salted,4.99,250.0,Halal,,FairPrice,Salted,Butter
1696,dairy-chilled-eggs,Yakult Cultured Milk Bottle Drink - Original,3.53,500.0,Halal,,Yakult,Original,Cultured Milk Bottle Drink
1697,dairy-chilled-eggs,Tamar Valley Dairy Kids Greek Style Yoghurt - Tropical,2.97,110.0,,,Tamar Valley Dairy,Tropical,Greek Style Yoghurt
1698,dairy-chilled-eggs,Brownes The Greek Yoghurt - Honey,9.5,1000.0,,Greece,Brownes,Honey,The Yoghurt
1699,dairy-chilled-eggs,Greenfields Fresh Milk - Low Fat,3.51,1000.0,Halal,,Greenfields,Low Fat,Fresh Milk
1700,dairy-chilled-eggs,FairPrice Cheese Slices,10.25,750.0,,,FairPrice,Cheese Slices,Cheese Slice
1701,dairy-chilled-eggs,Buttercup Luxury Spread Block - Salted,2.7,227.0,,,Buttercup,Salted,Luxury Spread Block
1702,dairy-chilled-eggs,Farmhouse Low Fat Flavoured Milk - Dark Chocolate,3.73,946.0,,,Farmhouse,Dark Chocolate,Low Fat Flavoured Milk
1703,dairy-chilled-eggs,Yakult Cultured Milk Bottle Drink - Grape,3.53,500.0,Halal,,Yakult,Grape,Cultured Milk Bottle Drink
1704,dairy-chilled-eggs,Freedom Range Cage-Free Eggs - Extra Large,9.5,800.0,,,Freedom Range,Extra Large,Cage-Free Egg
1705,dairy-chilled-eggs,Brownes Dairy Greek Yoghurt - Plain,8.5,1000.0,,Greece,Brownes Dairy,Plain,Yoghurt
1706,dairy-chilled-eggs,[BCRS] F & N Magnolia Fresh Milk,5.95,1890.0,Halal,,,Magnolia Fresh Milk,Magnolia Fresh Milk
1707,dairy-chilled-eggs,Marigold Greek Style Yoghurt - Vanilla,7.8,1000.0,Halal,,Marigold,Vanilla,Greek Style Yoghurt
1708,dairy-chilled-eggs,Cowhead Cheese - Mozzarella (Shredded),6.5,250.0,Halal,,,Shredded,Cowhead Cheese
1709,dairy-chilled-eggs,Yakult Cultured Milk Bottle Drink - Original (Twin Pack),6.91,1000.0,Halal,,Yakult,Original,Cultured Milk Bottle Drink
1710,dairy-chilled-eggs,Tamar Valley Dairy Greek Style Yoghurt - Raspberry,2.97,110.0,,,Tamar Valley Dairy,Raspberry,Greek Style Yoghurt
1711,dairy-chilled-eggs,Naturel Cholesterol Free Margarine - Soft,4.1,500.0,Halal,,Naturel,Soft,Cholesterol Free Margarine
1712,dairy-chilled-eggs,I'm Kimchi Korean Cabbage Kimchi,7.95,500.0,,,Kimchi,,Kimchi
1713,dairy-chilled-eggs,Pauls Natural Set Yoghurt,4.64,470.0,,,Pauls,Natural Set,Yoghurt
1714,dairy-chilled-eggs,FairPrice Cheese Slices - Reduced Fat,4.6,250.0,Halal,,FairPrice,Reduced Fat,Cheese Slice
1715,dairy-chilled-eggs,Emmi Swiss Premium Low Fat Yogurt - Strawberry,1.52,100.0,,Switzerland,Emmi,Strawberry,Premium Low Fat Yogurt
1716,dairy-chilled-eggs,Unicurd Tofu Puff,1.5,65.0,Halal,,,Tofu Puff,Tofu Puff
1717,dairy-chilled-eggs,Marigold Power Beans Fresh Soya Milk - Reduced Sugar,2.34,946.0,Halal,,Marigold Power Beans,Reduced Sugar,Fresh Soya Milk
1718,dairy-chilled-eggs,Fortune Chinese Tofu - Traditional,0.95,300.0,Halal,China,Fortune,Traditional,Tofu
1719,dairy-chilled-eggs,Chew's Kampong Chicken Eggs,4.15,180.0,,,Chew's,,Chicken Egg
1720,dairy-chilled-eggs,Vitagen Cultured Milk - Less Sugar (Assorted),3.56,625.0,Halal,,Vitagen,Less Sugar,Cultured Milk
1721,dairy-chilled-eggs,Farmers Union Greek Style Yoghurt - Vanilla Bean,9.65,950.0,Halal,,Farmers Union,Vanilla Bean,Greek Style Yoghurt
1722,dairy-chilled-eggs,Emmi Swiss Premium Low Fat Yogurt - Blueberry,1.52,100.0,,Switzerland,Emmi,Blueberry,Premium Low Fat Yogurt
1723,dairy-chilled-eggs,Marigold Peel Fresh Juice - Powerberries (No Sugar),2.74,946.0,,,Powerberries,No Sugar,Fresh Juice
1724,dairy-chilled-eggs,Tamar Valley Dairy Kids Greek Style Yoghurt - Vanilla,2.97,110.0,,,Tamar Valley Dairy,Vanilla,Greek Style Yoghurt
1725,dairy-chilled-eggs,Brownes Yoghurt Pouch - Blueberry,2.95,90.0,,,Brownes,Blueberry,Yoghurt Pouch
1726,dairy-chilled-eggs,President Cheese Slices - Sandwich Cheddar,6.81,200.0,,,President,Sandwich,Cheddar
1727,dairy-chilled-eggs,Marigold Peel Fresh Juice - Pomegranate Cranberry with Apple,2.74,946.0,,,,Marigold Peel,Fresh Juice
1728,dairy-chilled-eggs,Fortune Chinese Tofu - Omega 3 DHA,0.95,300.0,Halal,China,Fortune,Tofu,Tofu
1729,dairy-chilled-eggs,Anchor Pure New Zealand Block Butter - Unsalted,5.7,227.0,,New Zealand,Anchor,Unsalted,Pure Block Butter
1730,dairy-chilled-eggs,SCS Spreadable Butter - Salted,8.1,250.0,Halal,,SCS,Salted,Spreadable Butter
1731,dairy-chilled-eggs,Chobani Greek Yogurt - Mango,4.02,160.0,,Greece,Chobani,Mango,Yogurt
1732,dairy-chilled-eggs,Seng Choon Lower Cholesterol Eggs - Golden Corn,3.59,520.0,,,Seng Choon,Golden Corn,Egg
1733,dairy-chilled-eggs,Farmers Union Greek Style Yoghurt - Natural,4.0,280.0,Halal,,Farmers Union,Natural,Greek Style Yoghurt
1734,dairy-chilled-eggs,CJ Bibigo Korean Sliced Kimchi,8.1,500.0,,,CJ Bibigo,Korean Sliced Kimchi,Korean Sliced Kimchi
1735,dairy-chilled-eggs,BoBo Fuzhou Fish Ball with Chicken Fillings,3.95,270.0,,,BoBo,with Chicken Fillings,Fish Ball
1736,dairy-chilled-eggs,Lurpak Spreadable Butter - Slightly Salted,10.9,250.0,,,Lurpak,Slightly Salted,Spreadable Butter
1737,dairy-chilled-eggs,Marigold Non Fat Yoghurt - Natural (No Sugar Added),6.4,1000.0,Halal,,Marigold,Natural,Non Fat Yoghurt
1738,dairy-chilled-eggs,Marigold Greek Style Yoghurt - Natural,1.85,130.0,Halal,,Marigold,Natural,Greek Style Yoghurt
1739,dairy-chilled-eggs,Marigold HL Milk - Chocolate,3.56,946.0,,,Marigold,Milk - Chocolate,
1740,dairy-chilled-eggs,Cowhead Triple Pack Cheese - Burger Cheddar,6.95,600.0,Halal,,Cowhead,Cheese - Burger,Cheddar
1741,dairy-chilled-eggs,BoBo Fish Ball,3.6,250.0,Halal,,BoBo,Fish Ball,Fish Ball
1742,dairy-chilled-eggs,Brownes Yogurt Pouch - Mango,2.95,90.0,,,Brownes,Mango,Yogurt Pouch
1743,dairy-chilled-eggs,Meiji Bulgaria Yoghurt - Golden Honey,2.85,220.0,Halal,,Meiji Bulgaria,Golden Honey,Yoghurt
1744,dairy-chilled-eggs,Farmers Union Greek Style High Protein Yogurt Cup - Strawberry,3.5,150.0,Halal,,Farmers Union,Strawberry,Greek Style High Protein Yogurt Cup
1745,dairy-chilled-eggs,Yakult Cultured Milk Drink - Gold,3.74,500.0,Halal,,Yakult,Gold,Cultured Milk Drink
1746,dairy-chilled-eggs,Buttercup Luxury Spread Block - Unsalted,2.7,227.0,Halal,,Buttercup,Unsalted,Luxury Spread Block
1747,dairy-chilled-eggs,Chew's Singapore Fresh Eggs - Cage Free,4.15,330.0,Halal,Singapore,Chew,Cage Free,Fresh Egg
1748,dairy-chilled-eggs,Naturel Cholesterol Free Spread - Extra Virgin Olive,5.7,500.0,Halal,,Naturel,Extra Virgin Olive,Cholesterol Free Spread
1749,dairy-chilled-eggs,Philadelphia Cream Cheese Block - All Natural,7.8,250.0,Halal,,Philadelphia,All Natural,Block
1750,dairy-chilled-eggs,Kong Guan Pau - BBQ Pork,3.68,360.0,,,Kong Guan Pau,BBQ Pork,
1751,dairy-chilled-eggs,Meiji Bulgaria Yoghurt - Natural,2.85,220.0,Halal,,Meiji Bulgaria,Natural,Yoghurt
1752,dairy-chilled-eggs,Arla Cheese Slices - Mozzarella,8.55,150.0,,,Arla,Mozzarella,Cheese Slice
1753,dairy-chilled-eggs,President Butter - Salted,6.85,200.0,,,President,Salted,Butter
1754,dairy-chilled-eggs,F & N Magnolia Fresh Milk - Chocolate,3.63,946.0,Halal,,F & N,Chocolate,Magnolia Fresh Milk
1755,dairy-chilled-eggs,Farmers Union Greek Style High Protein Yogurt Cup - Mango,3.5,150.0,Halal,,Farmers Union,Greek Style High Protein Yogurt Cup,Greek Style High Protein Yogurt Cup
1756,dairy-chilled-eggs,Meiji Greek Style Yoghurt - Natural,7.95,1000.0,Halal,,Meiji,Natural,Greek Style Yoghurt
1757,dairy-chilled-eggs,Arla Kids Cheese Sticks - Original,7.2,108.0,,,Arla,Original,Kid Cheese Stick
1758,dairy-chilled-eggs,President Butter - Unsalted,6.85,200.0,,,President,Unsalted,Butter
1759,dairy-chilled-eggs,Emborg Shredded Cheese - 3 Cheese Bake,5.95,200.0,Halal,,Emborg,3 Cheese Bake,Shredded Cheese
1760,dairy-chilled-eggs,F & N Magnolia Plus Lo-Fat Hi-Cal Milk - Omega,3.63,946.0,Halal,,F & N,Omega,Hi-Cal Milk
1761,dairy-chilled-eggs,SCS Pure Creamery Butter Portion - Salted,4.9,120.0,,,SCS,Salted,Pure Creamery Butter
1762,dairy-chilled-eggs,Chobani Greek Yogurt - Strawberry (No Sugar Added),2.95,100.0,,Greece,Chobani,No Sugar Added,Yogurt
1763,dairy-chilled-eggs,Bobo Traditional Yellowtail Fishball,4.38,230.0,,,Bobo,Traditional Yellowtail Fishball,
1764,dairy-chilled-eggs,[BCRS] Farmhouse Milk - Low Fat,6.75,1890.0,Halal,,BCRS,Low Fat,Farmhouse Milk
1765,dairy-chilled-eggs,Snow Brand Neo Soft Spread,5.45,320.0,,,Snow Brand,Neo Soft Spread,Neo Soft Spread
1766,dairy-chilled-eggs,BoBo Xi Dao Handmade Fish Cake,3.25,330.0,,,BoBo Xi Dao,Handmade Fish Cake,Handmade Fish Cake
1767,dairy-chilled-eggs,CJ Bibigo Korean Sliced Kimchi,2.9,150.0,,,CJ Bibigo,Korean Sliced Kimchi,Korean Sliced Kimchi
1768,dairy-chilled-eggs,Marigold Greek Style Yoghurt - Vanilla,1.85,130.0,Halal,,Marigold,Vanilla,Greek Style Yoghurt
1769,dairy-chilled-eggs,Chobani No Sugar Added - Blueberry,2.95,100.0,,,Chobani,No Sugar Added,
1770,dairy-chilled-eggs,The Laughing Cow Cheese Spread - Creamy & Milky,8.6,240.0,,,The Laughing Cow,Creamy & Milky,Cheese Spread
1771,dairy-chilled-eggs,Westgold Block Butter - Unsalted,5.7,250.0,,,Westgold,Unsalted,Block Butter
1772,dairy-chilled-eggs,Chobani Greek Yogurt - Raspberry,4.02,160.0,,Greece,Chobani,Raspberry,Yogurt
1773,dairy-chilled-eggs,Farmers Union Greek Style Yoghurt - Honey,4.0,280.0,Halal,,Farmers Union,Greek Style Yoghurt,Greek Style Yoghurt
1774,dairy-chilled-eggs,Emborg Parmesan - Shredded,5.95,150.0,Halal,,Emborg,Shredded,Parmesan
1775,dairy-chilled-eggs,Chobani Fit - Vanilla,4.35,160.0,,,Chobani,Vanilla,Fit
1776,dairy-chilled-eggs,Farmers Union Greek Style High Protein Yogurt Pouch - Strawberry,4.4,150.0,Halal,,Farmers Union,Strawberry,Greek Style High Protein Yogurt
1777,dairy-chilled-eggs,Kong Guan Pau - Chicken,3.68,360.0,,,Kong Guan Pau,,Chicken
1778,dairy-chilled-eggs,President Cheese Slices - Emmental Toast,6.81,200.0,,,President,Emmental Toast,Cheese Slice
1779,dairy-chilled-eggs,Brownes Yogurt Pouch - Vanilla Bean,2.95,90.0,,,Brownes,Vanilla Bean,Yogurt Pouch
1780,dairy-chilled-eggs,Yakult Cultured Milk Bottle Drink - Peach,3.53,500.0,Halal,,Yakult,Peach,Cultured Milk Bottle Drink
1781,dairy-chilled-eggs,Chew's Sakura Fresh Eggs,4.2,550.0,,,Sakura,Fresh Eggs,Fresh Egg
1782,dairy-chilled-eggs,Perfect Italiano Cheese - Traditional Hard Cheese (Block),10.55,250.0,Halal,,Perfect Italiano,Traditional Hard Cheese,Cheese
1783,dairy-chilled-eggs,FairPrice Fried Beancurd Sheet,2.7,150.0,,,FairPrice,Fried Beancurd Sheet,
1784,dairy-chilled-eggs,Farmers Union Greek Style Yoghurt - Natural,6.9,500.0,,,Farmers Union,Natural,Greek Style Yoghurt
1785,dairy-chilled-eggs,Cowhead Cheese - Cheddar (Grated),6.5,250.0,Halal,,,Grated,Cheddar
1786,dairy-chilled-eggs,Chobani Flip Greek Yogurt - Cookies & Cream Crunch,4.69,140.0,,Greece,Chobani,Cookies & Cream,Yogurt
1787,dairy-chilled-eggs,Greenfields Fresh Milk - Skimmed,3.51,1000.0,Halal,,Greenfields,Skimmed,Fresh Milk
1788,dairy-chilled-eggs,Chobani Fit Greek Yogurt - Blueberry,4.35,160.0,,Greece,Chobani,Blueberry,Yogurt
1789,dairy-chilled-eggs,Dasoon Salted Duck Eggs - Cooked,2.55,240.0,,,Dasoon,Cooked,Salted Duck Egg
1790,dairy-chilled-eggs,Meiji Lactose Free High Calcium Milk,5.25,946.0,Halal,,Meiji,Lactose Free,Milk
1791,dairy-chilled-eggs,Westgold Block Butter - Salted,5.7,250.0,,,Westgold,Salted,Block Butter
1792,dairy-chilled-eggs,Chobani Greek Yogurt - Plain Milk,16.5,907.0,,Greece,Chobani,Plain Milk,Yogurt
1793,dairy-chilled-eggs,Chobani Greek Yogurt - Vanilla,16.5,907.0,,Greece,Chobani,Vanilla,Yogurt
1794,dairy-chilled-eggs,Golden Dragon Oriental Cocktail Sausage - Pork,3.56,250.0,,,Golden Dragon,Pork,Oriental Cocktail Sausage
1795,dairy-chilled-eggs,Marigold HL Milk - Banana,3.56,946.0,,,Marigold,Banana,Milk
1796,dairy-chilled-eggs,Chobani Flip Yogurt - Triple Brownie,4.69,140.0,,,Chobani,Triple Brownie,Flip Yogurt
1797,dairy-chilled-eggs,Golden Dragon Oriental Sausage - Pork,3.56,250.0,,,Golden Dragon,Pork,Oriental Sausage
1798,dairy-chilled-eggs,Cowhead Cheese - Toast Melt (Cheddar),4.95,250.0,Halal,,,Cheddar,Cowhead Cheese
1799,dairy-chilled-eggs,Farmers Union Greek Style High Protein Yogurt Cup - Passionfruit,3.5,150.0,Halal,,Farmers Union,Passionfruit,Greek Style High Protein Yogurt Cup
1800,dairy-chilled-eggs,Greenfields Fresh Milk - Chocolate Malt,3.51,1000.0,Halal,,Greenfields,Chocolate Malt,Fresh Milk
1801,dairy-chilled-eggs,Farmers Union Greek Style High Protein Yogurt Pouch - Mango,4.4,150.0,Halal,,Farmers Union,Greek Style High Protein Yogurt Pouch,Mango
1802,dairy-chilled-eggs,Bulla Thickened Cream,5.2,300.0,,,Bulla,Thickened Cream,Thickened Cream
1803,dairy-chilled-eggs,[BCRS] Meiji Low Fat Fresh Milk - Chocolate,6.7,2000.0,Halal,,Meiji,Chocolate,Low Fat Fresh Milk
1804,dairy-chilled-eggs,Golden Churn Butter Block - Salted,6.35,250.0,,,Golden Churn,Salted,Butter Block
1805,dairy-chilled-eggs,Chobani Fit Greek Yogurt - Passionfruit,4.35,160.0,,Greece,Chobani,Passionfruit,Yogurt
1806,dairy-chilled-eggs,Meiji Pasteurized Lactose Free Milk - Dark Chocolate,5.25,946.0,,,Meiji,Dark Chocolate,Pasteurized Lactose Free Milk
1807,dairy-chilled-eggs,Chobani Greek Yogurt - Vanilla (No Sugar Added),2.95,100.0,,Greece,Chobani,No Sugar Added,Yogurt
1808,dairy-chilled-eggs,Vitagen Cultured Milk - Less Sugar (Green Apple),3.56,625.0,Halal,,Vitagen,Less Sugar,Cultured Milk
1809,dairy-chilled-eggs,Nestle Cream - Pure Dairy Sterilised,3.01,170.0,,,Nestle,Pure Dairy,Cream
1810,dairy-chilled-eggs,Chobani No Sugar Added Greek Yoghurt - Vanilla,4.1,150.0,,Greece,Chobani,Vanilla,Yoghurt
1811,dairy-chilled-eggs,Marigold HL Milk - Strawberry,3.56,946.0,,,Marigold,Strawberry,Milk
1812,dairy-chilled-eggs,Farmhouse Milk - French Vanilla,3.73,946.0,Halal,France,Farmhouse,Vanilla,Milk
1813,dairy-chilled-eggs,Farmers Union Greek Style High Protein Yogurt Cup - Vanilla,3.5,150.0,Halal,,Farmers Union,Vanilla,Greek Style High Protein Yogurt Cup
1814,dairy-chilled-eggs,Chobani Greek Yogurt - Honey,4.02,160.0,,Greece,Chobani,Honey,Yogurt
1815,dairy-chilled-eggs,LG Noodles - Yellow,2.95,1000.0,Halal,,LG Noodles,Yellow,LG Noodle
1816,dairy-chilled-eggs,Everbest Bean Curd Sheet - Fried,3.56,200.0,,,Everbest,Fried,Bean Curd Sheet
1817,dairy-chilled-eggs,Vitagen Cultured Milk - Less Sugar (Grape),3.56,625.0,Halal,,Vitagen,Less Sugar,Cultured Milk
1818,dairy-chilled-eggs,Nuyolk Eggnergy Eggs,6.87,530.0,,,Nuyolk Eggnergy,Nuyolk Eggnergy,Egg
1819,dairy-chilled-eggs,Meiji Greek Style Yoghurt - Natural,4.95,500.0,Halal,,Meiji,Natural,Greek Style Yoghurt
1820,dairy-chilled-eggs,Naturel Margarine Spread - Reduced Fat,4.5,500.0,Halal,,Naturel,Reduced Fat,Margarine Spread
1821,dairy-chilled-eggs,President Cheese Slices - Burger Cheddar,6.81,200.0,,,President,Burger Cheddar,Cheese Slice
1822,dairy-chilled-eggs,Emmi Swiss Premium Greek Style Yogurt - Natural (0% Fat),3.56,150.0,Halal,,Emmi Swiss,Natural,Premium Greek Style Yogurt
1823,dairy-chilled-eggs,Arla Cheese Slices - Emmental,8.55,150.0,,,Arla,Emmental,Cheese Slice
1824,dairy-chilled-eggs,Meiji Paigen Culture Milk - Less Sugar,2.85,500.0,,,Meiji Paigen,Less Sugar,Culture Milk
1825,dairy-chilled-eggs,Chobani Fit Greek Yoghurt - Tropical,4.35,160.0,,Greece,Chobani,Tropical,Yoghurt
1826,dairy-chilled-eggs,F & N Magnolia Low Fat Milk - Cookies and Cream,3.63,946.0,,,F & N,Cookies and Cream,Low Fat Milk
1827,dairy-chilled-eggs,Meiji Multivitamin Low Fat Milk,4.95,946.0,,,Meiji Multivitamin,Low Fat Milk,Low Fat Milk
1828,dairy-chilled-eggs,Lurpak Butter - Salted,6.6,200.0,Halal,,Lurpak,Salted,Butter
1829,dairy-chilled-eggs,[BCRS] Meiji Low Fat Fresh Milk - Strawberry,3.53,830.0,Halal,,Meiji,Strawberry,Low Fat Fresh Milk
1830,dairy-chilled-eggs,Chobani Fit Greek Yoghurt - Cookies & Cream,4.35,160.0,,Greece,Chobani,Cookies & Cream,Yoghurt
1831,dairy-chilled-eggs,Chobani No Sugar Added Greek Yoghurt - Strawberry,4.1,150.0,,Greece,Chobani,Strawberry,Yoghurt
1832,dairy-chilled-eggs,Seng Choon Lower Cholesterol Eggs - 1st Born,3.15,400.0,,,Seng Choon,1st Born,Egg
1833,dairy-chilled-eggs,Lurpak Butter - Unsalted,6.6,200.0,Halal,,Lurpak,Unsalted,Butter
1834,dairy-chilled-eggs,Marigold Peel Fresh Select Juice - Yuzu,7.2,1890.0,Halal,,Fresh Select,Yuzu,Juice
1835,dairy-chilled-eggs,Chobani Greek Yogurt - Lemon,4.02,160.0,,Greece,Chobani,Lemon,Yogurt
1836,dairy-chilled-eggs,Chobani Flip Low Fat Greek Yogurt - Mint Chocolate Chip,4.69,140.0,,Greece,Chobani,Mint Chocolate Chip,Low Fat Yogurt
1837,dairy-chilled-eggs,Marigold Non Fat Yoghurt - Mixed Berries,6.4,1000.0,,,Marigold,Mixed Berries,Yoghurt
1838,dairy-chilled-eggs,Kang Kang Pasteurised Fresh Laksa Noodles,1.67,420.0,,,Kang Kang,Pasteurised Fresh Laksa Noodles,Pasteurised Fresh Laksa Noodle
1839,dairy-chilled-eggs,Arla Cheese Slices - Cheddar,8.55,150.0,,,Arla,Cheddar,Cheese Slice
1840,dairy-chilled-eggs,Yakult Cultured Milk Bottle Drink - Ace Light,4.34,400.0,Halal,,Yakult,Ace Light,Cultured Milk Bottle Drink
1841,dairy-chilled-eggs,Perfect Italiano Cheese - Mozzarella (Grated),8.63,250.0,Halal,,Perfect Italiano,Grated,Mozzarella
1842,dairy-chilled-eggs,FairPrice Cheese Portion Spread,3.55,128.0,Halal,,FairPrice,Spread,Cheese
1843,dairy-chilled-eggs,[BCRS] Meiji Low Fat Fresh Milk - Chocolate,3.53,830.0,Halal,,Meiji,Chocolate,Low Fat Fresh Milk
1844,dairy-chilled-eggs,Vitagen Cultured Milk Collagen - Less Sugar (Assorted),4.38,625.0,Halal,,Vitagen,Assorted,Collagen
1845,dairy-chilled-eggs,Meiji Fresh Milk - Chocolate,3.63,946.0,Halal,,Meiji,Chocolate,Fresh Milk
1846,dairy-chilled-eggs,The Laughing Cow Cheese Spread Belcube - Plain,7.15,125.0,Halal,,The Laughing Cow,Plain,Belcube
1847,dairy-chilled-eggs,Jongga Kimchi Bottle - Cut Cabbage,7.7,380.0,Halal,,Jongga Kimchi,Cut Cabbage,Bottle
1848,dairy-chilled-eggs,Chobani Flip Greek Yogurt - Pine Lime,4.02,160.0,,Greece,Chobani,Flip,Yogurt
1849,dairy-chilled-eggs,Perfect Italiano Cheese - Mozzarella (Grated),12.1,450.0,,,Perfect Italiano,Grated,Mozzarella
1850,dairy-chilled-eggs,Anchor Cheddar Cheese Slices,10.04,600.0,Halal,,Anchor,,
1851,dairy-chilled-eggs,SCS Pure Creamery Butter Block - Salted,19.95,908.0,,,SCS,Salted,Pure Creamery Butter Block
1852,dairy-chilled-eggs,Emborg Block Butter - Salted,6.06,200.0,,,Emborg,Salted,Block Butter
1853,dairy-chilled-eggs,Freedom Range Barn Laid Eggs - Medium,4.09,330.0,,,Freedom Range,Medium,Barn Laid Egg
1854,dairy-chilled-eggs,Kraft Cheese Slices - Singles (Value Pack),13.95,500.0,,,Kraft,Value Pack,
1855,dairy-chilled-eggs,Kong Guan Siew Mai - Pork,4.35,250.0,,,Kong Guan Siew Mai,Pork,
1856,dairy-chilled-eggs,Marigold Power Beans Fresh Soya Milk - Reduced Sugar Almond,2.34,946.0,Halal,,Marigold Power Beans,Reduced Sugar Almond,Fresh Soya Milk
1857,dairy-chilled-eggs,[BCRS] Sunkist Fruit Bottle Juice - Orange (No Sugar Added),5.15,1890.0,,,Sunkist,No Sugar Added,Juice - Orange
1858,dairy-chilled-eggs,FairPrice Oriental Sausages - Pork Cocktail,3.25,250.0,,,FairPrice,Pork Cocktail,Oriental Sausage
1859,dairy-chilled-eggs,Arla Cheese Slices - Gouda,8.55,150.0,,,Arla,Gouda,Cheese Slice
1860,dairy-chilled-eggs,Harvest Fields Free Range Eggs - Extra Large,4.5,350.0,,,Harvest Fields,Extra Large,Free Range Egg
1861,dairy-chilled-eggs,Yotsuba Hokkaido 4.0 Fresh Milk,7.5,1000.0,,,Yotsuba Hokkaido,4.0,Fresh Milk
1862,dairy-chilled-eggs,FairPrice Ring Roll,3.56,120.0,,,FairPrice,Ring Roll,
1863,dairy-chilled-eggs,Cowhead All Purpose Cream,2.34,170.0,Halal,,Cowhead,All Purpose Cream,All Purpose Cream
1864,dairy-chilled-eggs,Emborg Cheese Strips,5.8,168.0,Halal,,Emborg,,Cheese
1865,dairy-chilled-eggs,Meiji Low Fat Yoghurt - Natural,4.3,500.0,Halal,,Meiji,Natural,Low Fat Yoghurt
1866,dairy-chilled-eggs,Emborg European Whipping Cream,11.61,600.0,,,Emborg,European Whipping Cream,European Whipping Cream
1867,dairy-chilled-eggs,Yeo's Jelly Buddies - Groovy Grape,1.4,100.0,Halal,,Yeo's,Groovy Grape,Jelly Buddy
1868,dairy-chilled-eggs,Bobo Cheese Sticks,4.38,150.0,Halal,,Bobo,,Cheese Stick
1869,dairy-chilled-eggs,Kong Guan Pau - Yam,3.68,360.0,,,Kong Guan Pau,Yam,
1870,dairy-chilled-eggs,Nobo Soy Milk - Almond,2.7,1000.0,Halal,,Nobo,Almond,Soy Milk
1871,dairy-chilled-eggs,Zeagold Liquid Egg White,13.29,980.0,,,Zeagold,Liquid Egg White,Liquid Egg White
1872,dairy-chilled-eggs,Dairy Farmers Thick & Creamy Yoghurt - Classic Vanilla,9.55,600.0,,,Dairy Farmers,Classic Vanilla,Thick & Creamy Yoghurt
1873,dairy-chilled-eggs,Kang Kang Pasteurised Ipoh Hor Fun,1.67,420.0,,,Kang Kang,Ipoh Hor Fun,Pasteurised
1874,dairy-chilled-eggs,Kang Kang Pasteurised Fresh Bee Tai Mak,1.67,420.0,,,Kang Kang,Pasteurised,
1875,dairy-chilled-eggs,Brownes High Protein Yogurt Pouch - Mango,3.45,150.0,,,Brownes,Mango,High Protein Yogurt Pouch
1876,dairy-chilled-eggs,Emborg Pasta Cheese - Shredded,5.95,200.0,,,Emborg,Shredded,Pasta Cheese
1877,dairy-chilled-eggs,Peng Wang Fish Cake - Tofu,3.0,200.0,Halal,,Peng Wang,Tofu,Fish Cake
1878,dairy-chilled-eggs,Yeo's Jelly Buddies - Lucky Lychee,1.4,100.0,Halal,,Yeo's,Lucky Lychee,Jelly Buddy
1879,dairy-chilled-eggs,Vitagen Cultured Milk - Less Sugar (Pineapple),3.56,625.0,Halal,,Vitagen,Less Sugar,Cultured Milk
1880,dairy-chilled-eggs,Chobani Greek Yogurt - Strawberry (No Sugar),14.95,680.0,,Greece,Chobani,No Sugar,Yogurt
1881,dairy-chilled-eggs,Kerrygold Pure Irish Butter - Salted,6.62,227.0,,Ireland,Kerrygold,Salted,Pure Butter
1882,dairy-chilled-eggs,[BCRS] Meiji Low Fat High Protein Milk - Green Tea,3.75,350.0,Halal,,Meiji,Green Tea,Low Fat High Protein Milk
1883,dairy-chilled-eggs,Brownes High Protein Yogurt Pouch - Strawberry,3.45,150.0,,,Brownes,Strawberry,High Protein Yogurt Pouch
1884,dairy-chilled-eggs,Castello Danish Cheese - Brie,8.55,125.0,,Denmark,Castello,Brie,Cheese
1885,dairy-chilled-eggs,The Laughing Cow Cheese Spread - Light,4.95,120.0,,,The Laughing Cow,Light,Cheese Spread
1886,dairy-chilled-eggs,Brownes Dairy Natural Yoghurt - Vanilla Bean,2.65,170.0,,,Brownes Dairy,Vanilla Bean,Natural Yoghurt
1887,dairy-chilled-eggs,Lurpak Spreadable Butter - Slightly Salted,17.95,500.0,Halal,,Lurpak,Slightly Salted,Spreadable Butter
1888,dairy-chilled-eggs,Arla Protein Pudding - Chocolate,3.8,200.0,,,Arla,Chocolate,Protein Pudding
1889,dairy-chilled-eggs,Vitagen Cultured Milk - Less Sugar (LB),3.56,625.0,Halal,,Vitagen,Less Sugar,Cultured Milk
1890,dairy-chilled-eggs,Kang Kang Pasteurised Fresh Hokkien Noodles,1.67,420.0,,,Kang Kang,Pasteurised Fresh Hokkien Noodles,
1891,dairy-chilled-eggs,Meiji Greek Style Yoghurt - Triple Berry,7.95,1000.0,Halal,,Meiji,Triple Berry,Greek Style Yoghurt
1892,dairy-chilled-eggs,CJ Bibigo Korean Sliced Kimchi (Vegan),8.0,500.0,Halal,,CJ Bibigo,Vegan,Korean Sliced Kimchi
1893,dairy-chilled-eggs,[BCRS] Marigold HL Bottle Milk - Plain,6.55,1890.0,Halal,,BCRS,Plain,Bottle Milk
1894,dairy-chilled-eggs,Chobani Greek Yogurt - Vanilla,4.02,160.0,,Greece,Chobani,Vanilla,Yogurt
1895,dairy-chilled-eggs,F & N Magnolia Plus Lo-Fat Hi-Cal Milk - Oats,3.63,946.0,,,F & N,Lo-Fat,Milk
1896,dairy-chilled-eggs,Babybel Mini Cheese - Cheddar,6.25,100.0,,,Babybel,Cheddar,Mini Cheese
1897,dairy-chilled-eggs,Cowhead Whipping Cream,9.0,1000.0,Halal,,Cowhead,,
1898,dairy-chilled-eggs,Sharelife Kimchi Box - Sliced Cabbage,5.9,500.0,,,Sharelife,Sliced Cabbage,Kimchi Box
1899,dairy-chilled-eggs,NuYolk Premium Fresh Eggs,4.99,330.0,,,NuYolk,Premium Fresh Eggs,Premium Fresh Egg
1900,dairy-chilled-eggs,The Laughing Cow Cheese Spread - Creamy & Milky,4.95,120.0,,,The Laughing Cow,Creamy & Milky,Cheese Spread
1901,dairy-chilled-eggs,Lurpak Spreadable Mini Butter - Slightly Salted,9.5,160.0,,,Lurpak,Slightly Salted,Spreadable Mini Butter
1902,dairy-chilled-eggs,Kerrygold Pure Irish Butter - Unsalted,6.62,227.0,,Ireland,Kerrygold,Unsalted,Pure Butter
1903,dairy-chilled-eggs,Meiji Bulgaria Yoghurt - Strawberry,2.85,220.0,Halal,,Meiji Bulgaria,Strawberry,Yoghurt
1904,dairy-chilled-eggs,Lim Kee Mini Siew Mai - Pork,3.7,240.0,,,Lim Kee Mini Siew Mai,Pork,
1905,dairy-chilled-eggs,Zhi Zhong He Herbal Jelly - Original,1.15,215.0,,,Zhi Zhong He,Original,Herbal Jelly
1906,dairy-chilled-eggs,Yeo's Jelly Buddies - Brainy Blueberry,1.4,100.0,Halal,,Yeo's,Brainy Blueberry,Jelly Buddy
1907,dairy-chilled-eggs,Yeo's Jelly Buddies - Atomic Apple,1.4,100.0,Halal,,Yeo's,Atomic Apple,Jelly Buddy
1908,dairy-chilled-eggs,Cowhead Natural Cheese Slices - Cheddar,7.6,150.0,Halal,,Cowhead,Cheddar,Natural Cheese Slice
1909,dairy-chilled-eggs,Golden Churn Butter Block - Unsalted,6.35,227.0,Halal,,Golden Churn,Unsalted,Butter Block
1910,dairy-chilled-eggs,Everbest Ring Roll,5.05,168.0,,,Everbest,Ring Roll,
1911,dairy-chilled-eggs,Meiji Bulgaria Yoghurt - Wildberry,2.85,220.0,,,Meiji Bulgaria,Wildberry,Yoghurt
1912,dairy-chilled-eggs,Yeo's Jelly Buddies - Snazzy Strawberry,1.4,100.0,Halal,,Yeo's,Snazzy Strawberry,Jelly Buddy
1913,dairy-chilled-eggs,Dairy Farmers Thick & Creamy Yoghurt - Field Strawberries,3.45,150.0,,,Dairy Farmers,Thick & Creamy Yoghurt,Field Strawberry
1914,dairy-chilled-eggs,[BCRS] Magnolia High Protein Milk - Chocolate,4.75,375.0,Halal,,Magnolia,Chocolate,High Protein Milk
1915,dairy-chilled-eggs,The Laughing Cow Cheez Dippers - Strawberry,6.3,105.0,,,The Laughing Cow,Strawberry,Cheez Dipper
1916,dairy-chilled-eggs,SCS Pure Creamery Butter Block - Unsalted,19.95,908.0,,,SCS,Unsalted,Pure Creamery Butter Block
1917,dairy-chilled-eggs,Farmer Brown Free Range Eggs,12.95,530.0,Halal,,Farmer Brown,Farmer Brown,Free Range Egg
1918,dairy-chilled-eggs,Lurpak Spreadable Butter - Slightly Salted (Lighter),10.9,250.0,,,Lurpak,Lighter,Spreadable Butter
1919,dairy-chilled-eggs,Emborg Whipped Cream Spray,6.67,250.0,,,Emborg,Whipped Cream Spray,Whipped Cream Spray
1920,dairy-chilled-eggs,Perfect Italiano Cheese - Perfect Pizza,13.6,450.0,,,Perfect Italiano,Perfect Pizza,Cheese
1921,dairy-chilled-eggs,Brownes High Protein Yogurt Pouch - Vanilla,3.45,150.0,,,Brownes,Vanilla,High Protein Yogurt Pouch
1922,dairy-chilled-eggs,Ribena Jelly Drink - Blackcurrant with Peach,1.94,160.0,Halal,,Ribena,Blackcurrant with Peach,Jelly Drink
1923,dairy-chilled-eggs,Lim Kee BBQ Char Siew Rice,1.85,200.0,,,Lim Kee,BBQ,
1924,dairy-chilled-eggs,Amul Paneer (Diced) -- By Dashmesh,3.87,200.0,,,Amul,Diced,Paneer
1925,dairy-chilled-eggs,Harvest Fields Cage Free Eggs - Extra Large,3.95,350.0,,,Harvest Fields,Extra Large,Cage Free Egg
1926,dairy-chilled-eggs,Dasoon Ramen Egg,1.3,35.0,Halal,,Dasoon,Ramen Egg,
1927,dairy-chilled-eggs,Meiji Greek Style Yoghurt - Triple Berry,4.95,500.0,Halal,,Meiji,Triple Berry,Greek Style Yoghurt
1928,dairy-chilled-eggs,Dairy Farmers Thick & Creamy Yoghurt - Yellow Box Honey,3.45,150.0,,,Dairy Farmers,Yellow Box,Yoghurt
1929,dairy-chilled-eggs,Lim Kee Loh Mai Kai,1.65,170.0,,,Lim Kee Loh Mai Kai,,
1930,dairy-chilled-eggs,Yeo's Packet Drink - Brown Sugar Soy Milk,3.05,1500.0,Halal,,Yeo's,Brown Sugar,Soy Milk
1931,dairy-chilled-eggs,SCS Spreadable Butter - Extra Virgin Olive Oil with Canola Oil,8.1,250.0,Halal,,SCS,with Canola Oil,Extra Virgin Olive Oil
1932,dairy-chilled-eggs,Emmi Swiss Premium Low Fat Yogurt - Strawberry,11.95,1000.0,Halal,Switzerland,Emmi,Strawberry,Premium Low Fat Yogurt
1933,dairy-chilled-eggs,Lim Kee Big Bun - Pork,4.0,260.0,,,Lim Kee,Pork,Big Bun
1934,dairy-chilled-eggs,Meiji Greek Style Yoghurt - Triple Berry,2.75,180.0,,,Meiji,Triple Berry,Greek Style Yoghurt
1935,dairy-chilled-eggs,Buttercup Luxury Spread Block - Salted,7.45,681.0,Halal,,Buttercup,Salted,Luxury Spread Block
1936,dairy-chilled-eggs,Meiji Greek Style Yoghurt - Mango,2.75,180.0,,,Meiji,Mango,Greek Style Yoghurt
1937,dairy-chilled-eggs,EB Frozen Squid Prawn Cake,7.8,200.0,,,EB,Cake,Frozen Squid
1938,dairy-chilled-eggs,Super Belgian Fresh Burrata,6.9,125.0,,Belgium,,Super Fresh Burrata,
1939,dairy-chilled-eggs,Golden Churn Spreadable Butter - Salted,7.18,250.0,,,Golden Churn,Salted,Spreadable Butter
1940,dairy-chilled-eggs,BoBo Flavoured Snow Crab Leg,3.9,100.0,Halal,,BoBo,,Flavoured Snow Crab Leg
1941,dairy-chilled-eggs,Marigold Power Beans Fresh Soya Milk,2.34,946.0,Halal,,Marigold Power Beans,Marigold Power Beans,Fresh Soya Milk
1942,dairy-chilled-eggs,Brownes High Protein Yogurt Cup - Vanilla,4.65,160.0,,,Brownes,Vanilla,High Protein Yogurt Cup
1943,dairy-chilled-eggs,Vitagen Cultured Milk - Less Sugar (Mixed Berries),6.6,1250.0,Halal,,Vitagen,Less Sugar,Cultured Milk
1944,dairy-chilled-eggs,Chobani Fit Pouch Greek Yoghurt - Raspberry,4.35,150.0,,Greece,Chobani,Raspberry,Yoghurt
1945,dairy-chilled-eggs,Lurpak Spreadable Butter - Unsalted,10.9,250.0,,,Lurpak,Unsalted,Spreadable Butter
1946,dairy-chilled-eggs,FairPrice Oriental Sausages - Chicken Cocktail,3.25,250.0,,,FairPrice,Chicken Cocktail,Oriental Sausage
1947,dairy-chilled-eggs,Vitagen Cultured Milk - Less Sugar (Mixed Berries),3.56,625.0,Halal,,Vitagen,Less Sugar,Cultured Milk
1948,dairy-chilled-eggs,Galbani Cheese - Mascarpone,11.95,250.0,,,Galbani,Mascarpone,Cheese
1949,dairy-chilled-eggs,Farmers Union Greek Style High Protein Yogurt Cup - Lactose Free,6.9,500.0,Halal,,Farmers Union,Lactose Free,Greek Style High Protein Yogurt Cup
1950,dairy-chilled-eggs,Yeo's Packet Drink - Brown Sugar Soy Milk,1.85,1000.0,Halal,,Yeo's,Brown Sugar,Soy Milk
1951,dairy-chilled-eggs,Arla Protein Pudding - Hazelnut Latte,3.8,200.0,,,Arla,Hazelnut Latte,Protein Pudding
1952,dairy-chilled-eggs,SCS Sliced Cheese - Reduced Fat,4.75,200.0,Halal,,SCS,Reduced Fat,Sliced Cheese
1953,dairy-chilled-eggs,Emborg Block Butter - Unsalted,6.06,200.0,,,Emborg,Unsalted,Block Butter
1954,dairy-chilled-eggs,Arla Protein Pudding - Salted Caramel,3.8,200.0,,,Arla,Salted Caramel,Protein Pudding
1955,dairy-chilled-eggs,Marigold Low Fat Yoghurt - Natural,1.95,260.0,Halal,,Marigold,Natural,Low Fat Yoghurt
1956,dairy-chilled-eggs,Arla Apetina Feta Cheese Cubes In Brine,10.75,430.0,,,Arla,Apetina,Feta Cheese
1957,dairy-chilled-eggs,Brownes High Protein Yogurt Cup - Strawberry,4.65,160.0,,,Brownes,Strawberry,High Protein Yogurt Cup
1958,dairy-chilled-eggs,SCS Sliced Cheese - Reduced Fat,10.95,600.0,,,SCS,Reduced Fat,Sliced Cheese
1959,dairy-chilled-eggs,[BCRS] Magnolia High Protein Milk - Vanilla,4.75,375.0,Halal,,Magnolia,Vanilla,High Protein Milk
1960,dairy-chilled-eggs,Lim Kee Big Bun - Chicken,4.0,260.0,,,Lim Kee Big Bun,Chicken,
1961,dairy-chilled-eggs,Yeo's Jelly Buddy Gift Box + Free Plush Keyring,19.8,1800.0,Halal,,Yeo's,Jelly Buddy Gift Box,Jelly Buddy Gift Box
1962,dairy-chilled-eggs,[BCRS] Marigold HL Bottle Milk - Chocolate,6.55,1890.0,Halal,,BCRS,Chocolate,Milk
1963,dairy-chilled-eggs,Emborg Shredded Cheese - Cheddar,7.95,200.0,Halal,,Emborg,Cheddar,Shredded Cheese
1964,dairy-chilled-eggs,SCS Sliced Cheese - Original,4.75,200.0,Halal,,SCS,Original,Sliced Cheese
1965,dairy-chilled-eggs,BoBo Prawn & Chestnut Roll,3.15,150.0,Halal,,BoBo,Prawn & Chestnut Roll,
1966,dairy-chilled-eggs,SCS Sliced Cheese - Original,10.95,600.0,,,SCS,Original,Sliced Cheese
1967,dairy-chilled-eggs,Tradition Natural USA Shredded Cheese - Mac & Cheese Melt,6.6,225.0,,USA,Tradition Natural,Mac & Cheese Melt,Shredded Cheese
1968,dairy-chilled-eggs,Dasoon Quail Eggs - Soy Braised,1.82,145.0,Halal,,Dasoon,Soy Braised,Quail Egg
1969,dairy-chilled-eggs,Sanhee Beancurd Stick,2.75,150.0,,,Sanhee,Beancurd Stick,
1970,dairy-chilled-eggs,Daisy Margarine,3.36,480.0,Halal,,Daisy,,Margarine
1971,dairy-chilled-eggs,Sunity Herbal Jelly,1.5,215.0,,,Sunity,Herbal Jelly,Herbal Jelly
1972,dairy-chilled-eggs,Tamar Valley Greek Style Creamery Yoghurt - Blueberries,9.95,700.0,,,Tamar Valley Greek Style Creamery,Blueberries,Yoghurt
1973,dairy-chilled-eggs,Chobani Fit Pouch Greek Yoghurt - Tropical,4.35,150.0,,Greece,Chobani,Tropical,Yoghurt
1974,dairy-chilled-eggs,Vitagen Cultured Milk - Less Sugar (LB),6.6,1250.0,Halal,,Vitagen,Less Sugar,Cultured Milk
1975,dairy-chilled-eggs,Yorokobi Cabbage Kimchi - Chilled,5.95,1000.0,,,Yorokobi,Chilled,Cabbage Kimchi
1976,dairy-chilled-eggs,Lim Kee Bun - Braised Pork Belly,4.0,160.0,,,Lim Kee Bun,Braised Pork Belly,
1977,dairy-chilled-eggs,Golden Bridge Chinese Sausages,5.4,200.0,,China,Golden Bridge,Sausages,Sausage
1978,dairy-chilled-eggs,Zhi Zhong He Herbal Jelly - Luo Han Guo,1.52,215.0,,,Luo Han Guo,Luo Han Guo,Zhi Zhong He
1979,dairy-chilled-eggs,Emborg Whipping Cream,9.95,1000.0,,,Emborg,,Whipping Cream
1980,dairy-chilled-eggs,FairPrice Oriental Sausages - Pork,3.25,250.0,,,FairPrice,Oriental Sausages,Oriental Sausage
1981,dairy-chilled-eggs,Golden Bridge Sausage - Red Wine,5.8,360.0,,,Golden Bridge,Red Wine,Sausage
1982,dairy-chilled-eggs,Good Today Konjac Jelly - Green Grape,1.85,150.0,,,Good Today,Green Grape,Konjac Jelly
1983,dairy-chilled-eggs,Bulla Froyo Frozen Yogurt - Strawberry Tub,9.95,1000.0,,,Bulla,Strawberry Tub,Frozen Yogurt
1984,dairy-chilled-eggs,Good Today Konjac Jelly - Peach,1.85,150.0,,,,- Peach,Konjac Jelly
1985,dairy-chilled-eggs,Emborg Sour Cream,12.95,1000.0,,,Emborg,Sour Cream,Sour Cream
1986,dairy-chilled-eggs,Farm Fresh Organic Milk,4.75,1000.0,Organic,,Farm Fresh,,Organic Milk
1987,dairy-chilled-eggs,Tamar Valley Greek Style All Natural Yoghurt,12.9,1000.0,,,,,Yoghurt
1988,dairy-chilled-eggs,Bulla Froyo Frozen Yogurt - Boysenberry,9.95,1000.0,,,Bulla,Boysenberry,Frozen Yogurt
1989,dairy-chilled-eggs,Lim Kee Braised Pork Rice,2.15,200.0,,,Lim Kee,Braised Pork Rice,Braised Pork Rice
1990,dairy-chilled-eggs,Cowhead Cheese - Pama & Son (Grated),5.05,100.0,Halal,,Pama & Son,Grated,Cowhead Cheese
1991,dairy-chilled-eggs,Bulla Froyo Frozen Yogurt - Mango,9.95,1000.0,,,Bulla,Mango,Frozen Yogurt
1992,dairy-chilled-eggs,Harvest Fields Slice Cheese - Gouda,6.4,160.0,Halal,,Harvest Fields,Gouda,Slice Cheese
1993,dairy-chilled-eggs,The Laughing Cow Cheese Slices - Sandwich,6.0,200.0,,,The Laughing Cow,Sandwich,Cheese Slice
1994,dairy-chilled-eggs,Lim Kee Exclusive Bun - BBQ Chicken,4.1,280.0,,,Lim Kee,BBQ Chicken,Exclusive Bun
1995,dairy-chilled-eggs,[BCRS] Meiji Bulgaria Yoghurt Drink - Low Sugar,1.94,150.0,Halal,,Meiji Bulgaria,Low Sugar,Yoghurt Drink
1996,dairy-chilled-eggs,Yeo's Jelly Buddies - Groovy Grape,13.8,1000.0,Halal,,Yeo's,Groovy Grape,Jelly Buddy
1997,dairy-chilled-eggs,Gippsland Yoghurt - Mango & Blood Orange Twist,11.9,700.0,,,Gippsland,Mango & Blood Orange Twist,Yoghurt
1998,dairy-chilled-eggs,The Laughing Cow Cheese Slices - Toast,6.0,200.0,,,The Laughing Cow,Toast,Cheese Slice
1999,dairy-chilled-eggs,Cowhead Whipped Butter Portions,3.95,100.0,Halal,,Cowhead,Whipped Butter,Portion
2000,dairy-chilled-eggs,Kiri Petit Sweets Cheese Rubiks - Strawberry,5.65,78.0,,,Kiri,Strawberry,Cheese
2001,dairy-chilled-eggs,Lim Kee Exclusive Bun - Braised Pork,4.1,280.0,,,Lim Kee,Exclusive Bun,Braised Pork
2002,dairy-chilled-eggs,Emborg Gran Amici (Parmesan Grated),28.95,1000.0,,,Emborg,Parmesan Grated,
2003,dairy-chilled-eggs,Yeo's Jelly Buddies - Lucky Lychee,13.8,1000.0,Halal,,Yeo's,Lucky Lychee,Jelly Buddy
2004,dairy-chilled-eggs,Chobani Greek Yogurt - Strawberry,4.1,140.0,,Greece,Chobani,Strawberry,Yogurt
2005,dairy-chilled-eggs,Good Today Konjac Jelly - Pomegranate,1.85,150.0,,,,- Pomegranate,Konjac Jelly
2006,dairy-chilled-eggs,Gippsland Yoghurt - Strawberry & Cream Twist,11.9,700.0,,,Gippsland,Strawberry & Cream Twist,Yoghurt
2007,dairy-chilled-eggs,Harvest Fields Slice Cheese - Cheddar (Mild),6.4,160.0,Halal,,Harvest Fields,Mild,Slice Cheese
2008,dairy-chilled-eggs,Lim Kee Mini Pau - Pandan,3.3,280.0,,,Lim Kee,Pandan,Mini Pau
2009,dairy-chilled-eggs,Aw's Market Chicken Cocktail,11.7,500.0,,,Aw's,Market Chicken Cocktail,
2010,dairy-chilled-eggs,Delicato Pork Sausage - Japanese Curry,4.4,150.0,,Japan,Delicato,Curry,Pork Sausage
2011,dairy-chilled-eggs,Everbest Ring Roll Bundle of 2,9.9,168.0,,,Everbest,Ring Roll Bundle of 2,
2012,dairy-chilled-eggs,FairPrice Oriental Sausages - Garlic & Chilli Pork,3.25,250.0,,,FairPrice,Garlic & Chilli Pork,Oriental Sausage
2013,dairy-chilled-eggs,Lim Kee Siew Mai - Pork (Reduced Fat),5.0,240.0,,,Lim Kee Siew Mai,Reduced Fat,Pork
2014,dairy-chilled-eggs,Golden Bridge Sausage - Special Grade,5.4,200.0,,,Golden Bridge,Special Grade,Sausage
2015,dairy-chilled-eggs,Chobani Greek Yogurt - Raspberry,4.1,140.0,,Greece,Chobani,Raspberry,Yogurt
2016,dairy-chilled-eggs,FairPrice Oriental Sausages - Chicken,3.25,250.0,,,FairPrice,Chicken,Oriental Sausage
2017,dairy-chilled-eggs,Emborg  Cheese Slice - Yellow Cheddar,15.0,1030.0,,,Emborg,Yellow Cheddar,Cheese Slice
2018,dairy-chilled-eggs,Yeo's Jelly Buddies - Brainy Blueberry,13.8,1000.0,Halal,,Yeo's,Brainy Blueberry,Jelly Buddy
2019,dairy-chilled-eggs,Delicato Pork Sausage - Bonito Seaweed,4.4,150.0,,,Delicato,Bonito Seaweed,Pork Sausage
2020,dairy-chilled-eggs,Chobani Greek Yogurt - Blueberry,4.1,140.0,,Greece,Chobani,Blueberry,Yogurt
2021,dairy-chilled-eggs,Aw's Market Baby Honey Baked Ham (Whole),17.36,1000.0,,,Aw's,Whole,Honey Baked Ham
2022,dairy-chilled-eggs,Yeo's Jelly Buddies - Atomic Apple,13.8,1000.0,Halal,,Yeo's,Atomic Apple,Jelly Buddy
2023,dairy-chilled-eggs,Golden Churn Butter,12.73,454.0,Halal,,Golden Churn,Golden Churn,Butter
2024,dairy-chilled-eggs,Woodland Free Range Egg White - Chilled,10.51,500.0,Halal,,Woodland Free Range Egg White,Chilled,Woodland Free Range Egg White
2025,dairy-chilled-eggs,Amul Butter (Salted) -- By Dashmesh [Bundle of 2],4.74,100.0,,,Amul,Salted,Butter
2026,dairy-chilled-eggs,Yeo's Jelly Buddies - Snazzy Strawberry,13.8,1000.0,Halal,,Yeo's,Snazzy Strawberry,Jelly Buddy
2027,dairy-chilled-eggs,Lim Kee Mini Pau - Yam,3.3,280.0,,,Lim Kee Mini Pau,Yam,
2028,dairy-chilled-eggs,Amul Butter (Salted) 500G -- By Dashmesh,9.5,500.0,,,Amul,Salted,Butter
2029,dairy-chilled-eggs,Woodland Free Range Eggs,15.49,530.0,,,Woodland Free Range Eggs,Woodland Free Range Eggs,Woodland Free Range Egg
2030,dairy-chilled-eggs,Aw's Market Pork Cocktail,11.7,500.0,,,Aw's,Pork Cocktail,Pork Cocktail
2031,dairy-chilled-eggs,Aw's Market Honey Baked Ham (Sliced),6.24,200.0,,,Aw's Market,Sliced,Honey Baked Ham
2032,dairy-chilled-eggs,Aw's Market Gammon Ham (Sliced),8.8,200.0,,,Aw's,Sliced,Gammon Ham
2033,dairy-chilled-eggs,Sanhee Degreased Dry Beancurd - Knot,3.85,150.0,,,Sanhee,Knot,Dry Beancurd
2034,dairy-chilled-eggs,Bakoma Men Protein Skyr Yogurt - Mango & Passionfruit,5.95,300.0,,,Bakoma,Mango & Passionfruit,Man Protein Skyr Yogurt
2035,dairy-chilled-eggs,Olagud X FarmFresh Chicken Sausage (Smokey),1.19,40.0,Halal,,FarmFresh,Smokey,Chicken Sausage
2036,dairy-chilled-eggs,Olagud X FarmFresh Chicken Sausage (Honey),1.19,40.0,Halal,,FarmFresh,Honey,Chicken Sausage
2037,dairy-chilled-eggs,AW'S Market Taiwan Pork Cocktail Sausage,6.0,250.0,,Taiwan,AW'S Market,Pork Cocktail Sausage,Pork Cocktail Sausage
2038,dairy-chilled-eggs,Lim Kee Wholemeal Bun - Stewed Pork,2.45,140.0,,,Lim Kee,Stewed Pork,Wholemeal Bun
2039,dairy-chilled-eggs,Lim Kee Wholemeal Bun - Chicken Char Siew,2.45,140.0,,,Lim Kee,Chicken Char Siew,Wholemeal Bun
2040,dairy-chilled-eggs,Golden Irish Free Range Eggs,13.49,530.0,,Ireland,,Golden Free Range Eggs,
2041,dairy-chilled-eggs,Kirei Marusan Premium Peach Soy Milk,2.6,200.0,,,Kirei Marusan,Premium Peach,Soy Milk
2042,dairy-chilled-eggs,Aw's Market Breakfast Ham (Sliced),6.0,200.0,,,Aw's,Sliced,Market Breakfast Ham
2043,dairy-chilled-eggs,Quailico Braised Quail Eggs,4.85,160.0,Halal,,Quailico,Braised Quail Eggs,
2044,dairy-chilled-eggs,Churo Tamagoyaki (Chilled),4.8,250.0,,,Churo Tamagoyaki,Chilled,Churo Tamagoyaki
2045,dairy-chilled-eggs,Aw's Market Chicken Sausage,7.2,250.0,,,Aw's,,Chicken Sausage
2046,dairy-chilled-eggs,Amul Cheese Chiplets 200G -- By Dashmesh,5.6,200.0,,,Amul,,Cheese Chiplet
2047,dairy-chilled-eggs,Kelly's Truffle Pork Ham,4.7,200.0,,,Kelly's,,Ham
2048,dairy-chilled-eggs,Kirei Ishibashiya Miikeyama Shirataki Noodles,4.15,300.0,,,Miikeyama,Shirataki Noodles,Shirataki Noodle
2049,dairy-chilled-eggs,AW'S Market Taiwan Chicken Cocktail Sausage,6.0,250.0,,Taiwan,AW'S Market,Chicken Cocktail Sausage,Chicken Cocktail Sausage
2050,dairy-chilled-eggs,Kirei Marusan Marusan Premium Soy Milk,2.6,200.0,,,Marusan,Premium,Soy Milk
2051,dairy-chilled-eggs,Marumiya Mabo Tofu No Moto Instant Chukara Medium Spicy,7.5,162.0,,,Marumiya,Spicy,Instant Chukara
2052,dairy-chilled-eggs,Bakoma Men Protein Skyr Yogurt - Vanilla,5.95,300.0,,,Bakoma,Vanilla,Protein Skyr
2053,dairy-chilled-eggs,AW'S Market Taiwan Pork Sausage,6.0,250.0,,Taiwan,AW'S Market,Pork Sausage,Pork Sausage
2054,dairy-chilled-eggs,Churo Pork Sausage,12.2,1000.0,,,,Churo Pork Sausage,Churo Pork Sausage
2055,dairy-chilled-eggs,Amul Butter (Unsalted)  500G -- By Dashmesh,9.5,500.0,,,Amul,Unsalted,Butter
2056,dairy-chilled-eggs,Kirei Miyakoichi Yude Udon Japanese Noodles 5 Pieces Pack,9.0,1000.0,,Japan,Kirei Miyakoichi,Yude Udon,Noodle
2057,dairy-chilled-eggs,Orihiro Purun To Konnyaku Jelly Apple and Grape,6.9,240.0,,,Orihiro Purun,Apple and Grape,Konnyaku Jelly
2058,dairy-chilled-eggs,Kirei Kanesu Aji No Furusato Tororo Premium Japan Soba Noodle,8.7,450.0,,Japan,Premium,Aji No Furusato,Soba Noodle
2059,dairy-chilled-eggs,Miyakoichi Instant Fresh Udon Japanese Noodle - Kirei,8.6,600.0,,Japan,Miyakoichi,Instant Fresh Udon,Noodle
2060,dairy-chilled-eggs,Fukuyama Tonkotsu Ramen Noodle With Soup Base,5.8,240.0,,,Fukuyama Tonkotsu,,
2061,dairy-chilled-eggs,Itsuki Fresh Yaki Udon Noodle With Sauce,5.05,406.0,,,Itsuki,With Sauce,Yaki Udon Noodle
2062,dairy-chilled-eggs,Konjac Konnyaku Kuro Chill,4.0,250.0,,,Konjac,Kuro,Chill
2063,dairy-chilled-eggs,Kirei Zaru Soba,2.9,200.0,,,Kirei Zaru,Soba,
2064,dairy-chilled-eggs,Aw's Market Truffle Ham - Sliced,9.9,200.0,,,Aw's Market,Sliced,Truffle Ham
2065,dairy-chilled-eggs,Aw's Market Back Bacon,6.6,200.0,,,Aw's,Market Back Bacon,
2066,dairy-chilled-eggs,Amul Lassi 1L -- By Dashmesh,3.46,1000.0,,,Amul,By Dashmesh,Lassi
2067,dairy-chilled-eggs,Impressed Essentials Green Supreme,2.95,300.0,,,Impressed Essentials,Green,
2068,dairy-chilled-eggs,Emborg Cheese Slice - White Cheddar,15.0,1030.0,,,Emborg,White Cheddar,Cheese Slice
2069,dairy-chilled-eggs,Miyakoichi Curry Udon Noodle (3 Servings With Soup Base),9.05,642.0,,,Miyakoichi,Curry Udon Noodle,Curry Udon Noodle
2070,dairy-chilled-eggs,Kimura Kyushu Tenpiboshi Takuan Pickled Radish,8.6,200.0,,,Kimura,Takuan,Pickled Radish
2071,dairy-chilled-eggs,Churo Salmon Tamagoyaki (Chilled),8.51,250.0,,,Churo,Chilled,Tamagoyaki
2072,dairy-chilled-eggs,Amul Butter (Unsalted) -- By Dashmesh [Bundle of 2],4.74,100.0,,,Amul,Unsalted,Butter
2073,dairy-chilled-eggs,Konjac Konnyaku Shiro Chill,4.0,250.0,,,Konjac,Shiro,Chill
2074,dairy-chilled-eggs,Emborg U'GO Yogurt - Raspberry,1.59,100.0,,,Emborg U'GO,Raspberry,Yogurt
2075,dairy-chilled-eggs,Zeagold Liquid Scrambled Egg Mix,11.92,1000.0,,,Zeagold,Liquid Scrambled Egg Mix,
2076,dairy-chilled-eggs,Aw's Market Pork Sausage,7.2,250.0,,,Aw's,Pork Sausage,Pork Sausage
2077,dairy-chilled-eggs,AW'S Market Taiwan Chicken Sausage,6.0,250.0,,Taiwan,AW'S Market,Chicken Sausage,Chicken Sausage
2078,dairy-chilled-eggs,Kirei Rice And Konjac Shirataki Japan Konnyaku Noodles,4.6,200.0,,Japan,Shirataki,Konnyaku Noodles,Konnyaku Noodle
2079,dairy-chilled-eggs,Kirei  Konnyaku Pasta Shirataki Noodle Ninjin - Carrot,4.6,200.0,,,Ninjin,Carrot,Shirataki Noodle
2080,dairy-chilled-eggs,Marusan Soybean Milk Matcha With 50-Percent Reduced Calories,2.95,200.0,,,Marusan,With 50-Percent Reduced Calories,Matcha
2081,dairy-chilled-eggs,Sunko Ice pop,21.9,10800.0,,,Sunko,Ice pop,
2082,dairy-chilled-eggs,Miyakoichi Teppan Japanese Yakisoba Noodle - Kirei,9.3,480.0,,Japan,Miyakoichi Teppan,Kirei,Yakisoba Noodle
2083,dairy-chilled-eggs,Kimura Yamagata Takuan Pickled Radish,8.5,250.0,,,Kimura,Takuan,Pickled Radish
2084,dairy-chilled-eggs,Miyakochi Shoyu Japanese Ramen Noodle,8.2,600.0,,Japan,Miyakochi Shoyu,,Ramen Noodle
2085,dairy-chilled-eggs,Aw's Market Pork Cheese Sausage,7.2,250.0,,,Aw's,Sausage,Pork
2086,dairy-chilled-eggs,Kirei Ishibashiya Hontenobe Konnyaku Kuro,5.7,400.0,,,Kirei Ishibashiya,Hontenobe,
2087,dairy-chilled-eggs,Orihiro Purun To Konnyaku Jelly Premium Coffee,4.64,120.0,,,Premium Coffee,Premium Coffee,Konnyaku Jelly
2088,dairy-chilled-eggs,Orihiro Purun To Konnyaku Jelly Grape,3.5,120.0,,,Orihiro Purun,Grape,Konnyaku Jelly
2089,dairy-chilled-eggs,Haguruma Yuzu Juice,12.36,100.0,,,Haguruma,,
2090,dairy-chilled-eggs,Kirei Japanese Premium Handmade Tenobe Yuzu Somen Noodle Pack,12.1,200.0,,Japan,Kirei,Premium Handmade,Somen Noodle Pack
2091,dairy-chilled-eggs,Aw's Market Streaky Bacon,7.93,200.0,,,Aw's Market,Streaky Bacon,
2092,dairy-chilled-eggs,La Molisana Potato Gnocchi Gluten Free,7.01,500.0,,,La Molisana,Gluten Free,Potato Gnocchi
2093,dairy-chilled-eggs,Kirei Ishibashiya  Yuzu Sashimi Konnyaku,6.3,120.0,,,Yuzu,Sashimi Konnyaku,Sashimi Konnyaku
2094,dairy-chilled-eggs,Aw's Market Nian Nian You Yu Bundle (3-4Pax),32.9,800.0,,,Nian Nian You Yu,3-4Pax,Bundle
2095,dairy-chilled-eggs,Kirei Yuzuya Honten 100% Yuzu Juice Glass Bottle,31.0,200.0,,,Honten,100% Yuzu Juice,
2096,dairy-chilled-eggs,Aw's Market Smoked Duck Breast - Combo,27.36,800.0,,,Aw's Market,Combo,Smoked Duck Breast
2097,dairy-chilled-eggs,Zeagold Liquid Sugared Egg Yolk,13.4,1000.0,,,Zeagold,Liquid Sugared Egg Yolk,
2098,dairy-chilled-eggs,Otsuka Mamman Hikari Shirataki Rice (4p),12.21,152.0,,,Otsuka Mamman,Hikari,Rice
2099,dairy-chilled-eggs,Kirei Japanese Premium Handmade 5 Colors Somen Noodle Pack,10.9,300.0,,Japan,Kirei,5 Colors,Somen Noodle Pack
2100,dairy-chilled-eggs,Miyakoichi Hiyashi Chukka Ramen With Sauce Noodle - Kirei,9.3,675.0,,,Miyakoichi,With Sauce Noodle,
2101,dairy-chilled-eggs,Miyakoichi Hiyashi Chukka Ramen With Soy Sauce Base Noodle,9.3,690.0,,,Miyakoichi,Hiyashi Chukka Ramen,
2102,dairy-chilled-eggs,MAEHARA Roasted Soybean Kinako Powder,8.98,70.0,,,MAEHARA,Roasted Soybean,
2103,dairy-chilled-eggs,Kimura Takuan Duke Pickled Radish,8.5,180.0,,,Duke,,Pickled Radish
2104,dairy-chilled-eggs,Aw's Market Chicken Cheese Sausage,7.2,250.0,,,Aw's,Sausage,Chicken
2105,dairy-chilled-eggs,Kirei Ishibashiya  Nori Sashimi Konnyaku,6.3,120.0,,,Kirei,Konnyaku,
2106,dairy-chilled-eggs,Tablelands Pickled Ajitsuke Kanpyo,4.54,60.0,,,Ajitsuke,Tablelands Pickled,Tableland Pickled
2107,dairy-chilled-eggs,Aw's Market Golden Dragon Feast Bundle (3-5Pax),40.8,2500.0,,,Aw's Market,3-5Pax,Golden Dragon Feast Bundle
2108,dairy-chilled-eggs,Amul Cheese Block (2 Blocks Of 500G)  1 Kg -- By Dashmesh,37.14,1000.0,,,Amul,By Dashmesh,Cheese Block
2109,dairy-chilled-eggs,Aw's Market Hotty Christmas Bundle,36.6,600.0,,,Aw's,Market Hotty Christmas Bundle,
2110,dairy-chilled-eggs,Aw's Market Delightful Christmas Bundle,35.75,700.0,,,Aw's Market,Delightful Christmas Bundle,
2111,dairy-chilled-eggs,Xianzhibao Jelly Peach,14.9,2000.0,,,Xianzhibao,Jelly Peach,
2112,dairy-chilled-eggs,Higashimaru Takako Bukkake Udon,10.1,138.0,,,Higashimaru Takako,Bukkake Udon,
2113,dairy-chilled-eggs,Marusan Oat Soy Milk,9.58,1000.0,,,Marusan,Oat,Soy Milk
2114,dairy-chilled-eggs,Xian Zhi Bao Peach Jelly,8.8,1000.0,,,Xian Zhi Bao,,Peach Jelly
2115,dairy-chilled-eggs,Marusanai Soy Milk - Banana,7.72,1000.0,,,Marusanai,Banana,Soy Milk
2116,dairy-chilled-eggs,Fukuyama Hiroshima Ramen With Soup Base (Tonkotsu Shoyu),7.5,230.0,,,Tonkotsu Shoyu,Tonkotsu Shoyu,Ramen With Soup Base
2117,dairy-chilled-eggs,Fukuyama Hiroshima Masuyamiso Miso Ramen Noodle With Soup Bas,7.05,250.0,,,Masuyamiso,Bas,Miso Ramen Noodle With Soup
2118,dairy-chilled-eggs,Kirei Ishibashiya  Miikeyama Komaru Konnyaku,6.7,300.0,,,Miikeyama,Kirei Ishibashiya,
2119,dairy-chilled-eggs,Ina Kanten Cook,6.56,16.0,,,Ina Kanten Cook,,
2120,dairy-chilled-eggs,Kirei Ishibashiya  Hontenobe Konnyaku Kuro,5.7,400.0,,,Kirei Ishibashiya,Hontenobe,
2121,dairy-chilled-eggs,Otsuka Sugou Original Soybean-Small,3.15,200.0,,,Otsuka Sugou,Original Soybean-Small,Original Soybean-Small
2122,dairy-chilled-eggs,Marusan Japanese Sweetened Soy Milk,2.95,200.0,,Japan,Marusan,Sweetened Soy Milk,Sweetened Soy Milk
2123,dairy-chilled-eggs,MARUSAN Marusan Oat Soy Milk,2.95,200.0,,,MARUSAN,Oat,Soy Milk
2124,dairy-chilled-eggs,Vatan Se Fresh Paneer,11.5,500.0,,,Vatan Se,Fresh Paneer,
2125,dairy-chilled-eggs,Jian Bo Chee Cheong Fun Steamed Rice Rolls,4.25,279.0,,,Jian Bo,Chee Cheong Fun,Steamed Rice Roll
2126,dairy-chilled-eggs,Vatan Se Low Fat Paneer,6.5,200.0,,,Vatan Se,Low Fat,Paneer
2127,dairy-chilled-eggs,KAGOME Tomato Juice No Salt Added,19.69,2400.0,,,KAGOME,No Salt Added,Tomato Juice
2128,dairy-chilled-eggs,Kelly's Bacon Bits (Nitrites/MSG Free) - Chilled,3.9,190.0,,,Kelly's,Nitrites/MSG Free,Bacon Bit
2129,dairy-chilled-eggs,Jian Bo Shui Kueh Steamed Rice Cakes,4.8,221.0,,,Jian Bo Shui Kueh,Jian Bo Shui Kueh,Steamed Rice Cake
2130,dairy-chilled-eggs,LG Foods Pressed Tofu,1.5,300.0,,,LG Foods,Pressed Tofu,
2131,dairy-chilled-eggs,The King's Dairy Mature White Cheddar Cheese,8.5,200.0,,,The King's Dairy,Mature White Cheddar Cheese,Mature White Cheddar Cheese
2132,dairy-chilled-eggs,The King's Dairy Extra Mature White Cheddar Cheese,8.5,200.0,,,The King's Dairy,Extra Mature White Cheddar Cheese,Extra Mature White Cheddar Cheese
2133,dairy-chilled-eggs,Jill's Sausages Turkey Breast Ham (Nitrite Free),8.5,150.0,,,Jill,Nitrite Free,Ham
2134,dairy-chilled-eggs,Jill's Sausages Applewood Smoked Streaky Bacon (Nitrite Free),9.0,250.0,,,,Nitrite Free,Applewood Smoked Streaky Bacon
2135,dairy-chilled-eggs,Kagome Yasai Seikatsu100 - Carrot and Orange,19.69,2400.0,,,Kagome Yasai Seikatsu100,Carrot and Orange,
2136,dairy-chilled-eggs,Kelly's Honey Glazed Ham - Chilled,3.9,200.0,,,Kelly's,Honey Glazed Ham,Honey Glazed Ham
2137,dairy-chilled-eggs,Kagome Yasai Seikatsu100 - Carrot and Grape,19.69,2400.0,,,Kagome Yasai Seikatsu100,Carrot and Grape,
2138,dairy-chilled-eggs,Muller Crunch Corner Vanilla Chocolate Balls,4.5,124.0,,,Muller,Vanilla Chocolate Balls,Crunch Corner
2139,dairy-chilled-eggs,Vatan Se Fresh Paneer,5.25,200.0,,,Vatan Se,Fresh Paneer,
2140,dairy-chilled-eggs,Lim Kee Mini Tau Sar Pau,3.16,280.0,,,Lim Kee Mini Tau Sar Pau,Lim Kee Mini Tau Sar Pau,
2141,dairy-chilled-eggs,Kagome Yasai Seikatsu100 - Carrot and Apple,19.69,2400.0,,,Kagome Yasai Seikatsu100,Carrot and Apple,
2142,dairy-chilled-eggs,Jill's Sausages Classic Bockwurst (Nitrite Free),11.0,320.0,,,Jill,Nitrite Free,Classic Bockwurst
2143,dairy-chilled-eggs,Jill's Sausages Artisanal Chicken Hot Dogs (Nitrite Free),10.0,280.0,,,,Nitrite Free,Artisanal Chicken Hot Dog
2144,dairy-chilled-eggs,Jill's Sausages Arabiki Cocktail Weiners (Nitrite Free),7.5,200.0,,,,Nitrite Free,Arabiki Cocktail Weiner
2145,dairy-chilled-eggs,Jill's Sausages Smoked Chicken Ham (Nitrite Free),7.5,200.0,,,Jill,Nitrite Free,Smoked Chicken Ham
2146,dairy-chilled-eggs,Kelly's Chicken Picnic Ham - Chilled,3.7,200.0,,,Kelly's Chicken,Chilled,Picnic Ham
2147,dairy-chilled-eggs,Jill's Sausages Smoked Pork Ham (Nitrite Free),7.5,200.0,,,Jill,Nitrite Free,Smoked Pork Ham
2148,dairy-chilled-eggs,COYO Dairy Free Organic Greek Style Coconut Yoghurt,15.95,500.0,,,COYO,Greek Style,Coconut Yoghurt
2149,dairy-chilled-eggs,COYO Dairy Free Organic Natural Coconut Milk Yogurt,15.95,500.0,,,COYO,Dairy Free,Coconut Milk Yogurt
2150,dairy-chilled-eggs,Master Grocer Chicken Meat Ball 500g Frozen,7.95,500.0,,,Master Grocer,Frozen,Chicken Meat Ball
2151,dairy-chilled-eggs,Jian Bo Yam Cake,4.8,267.0,,,,Jian Bo Yam Cake,Jian Bo Yam Cake
2152,dairy-chilled-eggs,French Gruyere  de Savoie 12 mths by The Cheese Shop,12.9,200.0,,France,The Cheese Shop,,Gruyere de Savoie
2153,dairy-chilled-eggs,Clawson Blue Stilton by The Cheese Shop,8.9,150.0,,,The Cheese Shop,Clawson Blue Stilton,Clawson Blue Stilton
2154,dairy-chilled-eggs,"JIN ""Radish"" Kimchi",8.9,345.0,,,JIN,Radish,Kimchi
2155,dairy-chilled-eggs,Calveley Mill White Mature Cheddar Cheese,8.5,200.0,,,Calveley Mill,White Mature Cheddar Cheese,White Mature Cheddar Cheese
2156,dairy-chilled-eggs,Yummy Hunter Cooked Quail Egg,6.9,850.0,,,Yummy Hunter,Cooked Quail Egg,
2157,dairy-chilled-eggs,Kelly's Streaky Bacon - Chilled,4.88,200.0,,,Kelly's,Chilled,Streaky Bacon
2158,dairy-chilled-eggs,Kelly's Chicken Cocktail with Cheese - Chilled,4.05,200.0,,,Kelly,- Chilled,Chicken Cocktail
2159,dairy-chilled-eggs,Pecorino Romano 12mths by The Cheese Shop,20.8,200.0,,,The Cheese Shop,12mths,Pecorino Romano
2160,dairy-chilled-eggs,Kagome Yasai Ichinichi Koreippon,19.69,2400.0,,,Ichinichi,Koreippon,
2161,dairy-chilled-eggs,"JIN ""Spring Onion"" Kimchi",8.9,345.0,,,JIN,Spring Onion,Kimchi
2162,dairy-chilled-eggs,The King's Dairy Red Leicester Cheese,8.5,200.0,,,The King's Dairy,Red Leicester Cheese,Red Leicester Cheese
2163,dairy-chilled-eggs,Ryan's German Salami (Chilled),7.9,100.0,,Germany,Ryan's,Chilled,Salami
2164,dairy-chilled-eggs,LG Foods Medium Taukwa,5.5,1500.0,,,LG Foods,Medium Taukwa,
2165,dairy-chilled-eggs,Lim Kee Mini Lian Yong Pau,3.59,280.0,,,Lim Kee,Lian Yong Pau,
2166,dairy-chilled-eggs,Delamere Dairy Medium Hard Goats Cheese,12.9,150.0,,,Delamere Dairy,Medium Hard Goats Cheese,Medium Hard Goat Cheese
2167,dairy-chilled-eggs,JIN Kimchi - Geongang,8.6,400.0,,,JIN Kimchi,Geongang,
2168,dairy-chilled-eggs,Muller Crunch Corner Milk Chocolate Digestive,4.5,124.0,,,Muller,Milk Chocolate,
2169,dairy-chilled-eggs,LG Foods Silken Tofu,1.5,300.0,,,LG Foods,Silken Tofu,Silken Tofu
2170,dairy-chilled-eggs,Parmigiano Reggiano 36mths by The Cheese Shop,20.0,250.0,,,The Cheese Shop,Parmigiano Reggiano,Parmigiano Reggiano
2171,dairy-chilled-eggs,"JIN ""Cucumber"" Kimchi",8.9,345.0,,,JIN,Kimchi,
2172,dairy-chilled-eggs,Vatan Se Basil & Oregano Paneer,5.5,200.0,,,Vatan Se,Basil & Oregano,Paneer
2173,dairy-chilled-eggs,Sunfresh Pineapple Juice with No Added Sugar,3.7,1000.0,,,Sunfresh,No Added Sugar,Pineapple Juice
2174,dairy-chilled-eggs,Double Brie with Garlic and Herbs by The Cheese Shop,13.5,200.0,,,The Cheese Shop,with Garlic and Herbs,Double Brie
2175,dairy-chilled-eggs,Rachel's Luscious Fruits Yoghurt,13.5,440.0,,,Rachel's Luscious Fruits,,Yoghurt
2176,dairy-chilled-eggs,Biotiful Kefir Original Yogurt,10.95,350.0,,,Biotiful,Original,Kefir
2177,dairy-chilled-eggs,The King's Dairy Mild White Cheddar Cheese,8.5,200.0,,,The King's Dairy,Mild White Cheddar Cheese,
2178,dairy-chilled-eggs,LG Foods Large Taukwa,5.5,1200.0,,,LG Foods,Large Taukwa,
2179,dairy-chilled-eggs,LG Foods Golden Tofu,1.5,300.0,,,LG Foods,Golden Tofu,
2180,dairy-chilled-eggs,Fage Total 0% Fat Greek Yogurt - Honey,18.95,450.0,,Greece,Fage,Total,Yogurt
2181,dairy-chilled-eggs,Delice Triple Cream Brie by The Cheese Shop,14.1,200.0,,,The Cheese Shop,Delice Triple Cream Brie,Delice Triple Cream Brie
2182,dairy-chilled-eggs,Kelly's Streaky Bacon - Frozen,11.2,500.0,,,Kelly's,Frozen,Streaky Bacon
2183,dairy-chilled-eggs,Kizmiq Honey Baked Chicken Slice - Chilled,9.75,500.0,Halal,,Kizmiq,Chilled,Honey Baked Chicken Slice
2184,dairy-chilled-eggs,The King's Dairy Mild Coloured Cheddar Cheese,8.5,200.0,,,The King's Dairy,Mild Coloured Cheddar Cheese,
2185,dairy-chilled-eggs,Bettur x LG Foods - Korean Cabbage Kimchi (Spicy),7.9,400.0,,,Bettur,Spicy,Korean Cabbage Kimchi
2186,dairy-chilled-eggs,Golden Bridge Taiwan Sausage - BBQ Pork,5.4,250.0,,Taiwan,Golden Bridge,BBQ Pork,Sausage
2187,dairy-chilled-eggs,Janier Brie with Truffles by The Cheese Shop,26.4,200.0,,,The Cheese Shop,Janier Brie with Truffles,
2188,dairy-chilled-eggs,Applewood Smoked Cheddar by The Cheese Shop,17.6,250.0,,,The Cheese Shop,Applewood Smoked Cheddar,Applewood Smoked Cheddar
2189,dairy-chilled-eggs,Bute Island Vegan Grated Cheese Mozzarella Style,12.9,200.0,,,Bute Island Vegan,Mozzarella Style,Grated Cheese
2190,dairy-chilled-eggs,Gouda Tendre 6 Months Raw Milk by The Cheese Shop,12.5,200.0,,,The Cheese Shop,Tendre,Gouda
2191,dairy-chilled-eggs,Kelly's Back Bacon - Frozen,10.76,500.0,,,,Frozen,Kelly's Back Bacon
2192,dairy-chilled-eggs,Kizmiq Smoked Chicken Cheese Cocktail - Frozen,9.4,500.0,Halal,,Kizmiq,Frozen,Smoked Chicken Cheese Cocktail
2193,dairy-chilled-eggs,"JIN ""White"" Kimchi",8.9,345.0,,,JIN,White,Kimchi
2194,dairy-chilled-eggs,Kizmiq Smoked Chicken Hotdog Halal - Chilled,8.9,500.0,Halal,,Kizmiq,Halal,Smoked Chicken Hotdog
2195,dairy-chilled-eggs,Calveley Mill White Mild Cheddar Cheese,8.5,200.0,,,Calveley Mill,White Mild Cheddar Cheese,White Mild Cheddar Cheese
2196,dairy-chilled-eggs,Grahams Family Dairy High Protein 25 Peach Yogurt,6.25,200.0,,,Grahams Family Dairy,High Protein 25 Peach Yogurt,
2197,dairy-chilled-eggs,Lim Kee Gourmet Hainanese Chicken Bun,4.46,280.0,,,Lim Kee Gourmet,Hainanese Chicken Bun,
2198,dairy-chilled-eggs,Kelly's Back Bacon - Chilled,3.6,200.0,,,Kelly's Back Bacon,Chilled,Kelly's Back Bacon
2199,dairy-chilled-eggs,Gouda with Truffles by The Cheese Shop,17.0,200.0,,,The Cheese Shop,with Truffles,Gouda
2200,dairy-chilled-eggs,Gouda Reypenaer VSOP by The Cheese Shop,14.7,200.0,,,The Cheese Shop,VSOP,Gouda
2201,dairy-chilled-eggs,Rachel's Organic Greek Style Set Natural Bio-Live Yoghurt,13.95,450.0,,,Rachel's,Natural Bio-Live Yoghurt,Natural Bio-Live Yoghurt
2202,dairy-chilled-eggs,Grahams Family Dairy Skyr Strawberry Icelandic Style Yogurt,12.25,450.0,,,Grahams Family Dairy,Strawberry,Skyr
2203,dairy-chilled-eggs,Lindahls High Protein Greek Cheese,11.9,135.0,,Greece,Lindahls,High Protein Cheese,
2204,dairy-chilled-eggs,Alpro Soya Cuisine Single Cream,6.9,250.0,,,Alpro,Soya Cuisine,Single Cream
2205,dairy-chilled-eggs,Nush Blueberry High Protein Almond Yogurt Vegan & Dairy Free,6.9,120.0,,,Nush,Vegan & Dairy Free,Yogurt
2206,dairy-chilled-eggs,Vatan Se Fresh Paneer Slices,5.5,200.0,,,Vatan Se,Fresh Paneer Slices,
2207,dairy-chilled-eggs,CB Crispy Mini Beancurd (50pcs),5.2,350.0,,,CB,Crispy Mini Beancurd,
2208,dairy-chilled-eggs,Rachel's Organic Greek Style Lemon Bio-Live Yoghurt,13.95,450.0,,,Rachel's,Greek Style,Bio-Live Yoghurt
2209,dairy-chilled-eggs,Tomme de Savoie Fermier by The Cheese Shop,13.0,200.0,,,The Cheese Shop,Tomme de Savoie Fermier,Tomme de Savoie Fermier
2210,dairy-chilled-eggs,Master Grocer Australia Premium Beef Meatball 500G Frozen,12.95,500.0,,Australia,Master Grocer,Premium Beef Meatball,Frozen
2211,dairy-chilled-eggs,Bute Island Vegan Grated Cheese - Mature Cheddar Style,12.9,200.0,,,Bute Island,Mature Cheddar Style,Vegan Grated Cheese
2212,dairy-chilled-eggs,Alpro Greek Style Plain Natural Yoghurt,12.5,400.0,,,Alpro,Greek Style,Natural Yoghurt
2213,dairy-chilled-eggs,Bute Island Sheese Vegan Greek Style Block,11.9,200.0,,,Bute Island Sheese,Vegan,Bute Island Sheese
2214,dairy-chilled-eggs,Willms Bockwurst Pork Sausage - Made in Germany,10.95,400.0,,Germany,Willms,Bockwurst,Pork Sausage
2215,dairy-chilled-eggs,Ryan's Italian Mortadella (Chilled),10.5,300.0,,Italy,Ryan's,Chilled,Mortadella
2216,dairy-chilled-eggs,Lindahls High Protein Gouda Cheese Slices,9.9,125.0,,,Lindahls,High Protein,Gouda Cheese Slice
2217,dairy-chilled-eggs,Zac Butchery Mexican Chilli Chicken Sausage Pack,9.7,300.0,,Mexico,Zac Butchery,Chilli,Chicken Sausage Pack
2218,dairy-chilled-eggs,Naturli Organic Vegan Butter Block,9.5,200.0,,,Naturli,Organic,Block
2219,dairy-chilled-eggs,Kizmiq Chicken Chipolata - Frozen,9.4,500.0,Halal,,Kizmiq,Frozen,Chicken Chipolata
2220,dairy-chilled-eggs,Ryan's Chicken Hotdog Sausages,7.8,300.0,,,Ryan's,Chicken Hotdog Sausages,Chicken Hotdog Sausage
2221,dairy-chilled-eggs,Nush Strawberry High Protein Almond Yogurt Vegan & Dairy Free,6.9,120.0,,,Nush,Vegan & Dairy Free,High Protein Almond Yogurt
2222,dairy-chilled-eggs,Golden Bridge Mini BBQ Pork Sausages - Chilled,4.82,250.0,,,Golden Bridge,Chilled,Mini BBQ Pork Sausage
2223,dairy-chilled-eggs,Muller Crunch Corner Banana Chocolate Flakes,4.5,124.0,,,Muller,Crunch Corner,Banana
2224,dairy-chilled-eggs,Lim Kee Big Curry Chicken Bun,4.35,260.0,,,Lim Kee,Big Curry,Chicken Bun
2225,dairy-chilled-eggs,Lim Kee Mini Coffee Pau,3.59,280.0,,,Lim Kee,Pau,Mini Coffee
2226,dairy-chilled-eggs,Lim Kee Vegetable Bun,2.72,180.0,,,Lim Kee,Vegetable Bun,
2227,dairy-chilled-eggs,Swiss Gruyere Reserve 18Mths by The Cheese Shop,19.9,200.0,,Switzerland,The Cheese Shop,Gruyere Reserve,Gruyere Reserve
2228,dairy-chilled-eggs,Kizmiq Chicken Frankfurter 5.5inch Halal - Frozen,19.85,1000.0,Halal,,Kizmiq,Halal,Chicken Frankfurter
2229,dairy-chilled-eggs,Alpro Plant-Based Dessert - Vanilla,14.95,500.0,,,Alpro,Vanilla,Plant-Based Dessert
2230,dairy-chilled-eggs,Gorgonzola Piccante DOP by The Cheese Shop,14.0,200.0,,,The Cheese Shop,Piccante,Gorgonzola
2231,dairy-chilled-eggs,Alpro Plant-Based Dessert - Dark Chocolate,13.95,500.0,,,Alpro,Dark Chocolate,Plant-Based Dessert
2232,dairy-chilled-eggs,Smoked Gouda Raw Milk by The Cheese Shop,13.0,200.0,,,The Cheese Shop,Raw Milk,Smoked Gouda
2233,dairy-chilled-eggs,Gouda with Cumin Raw Milk by The Cheese Shop,13.0,200.0,,,The Cheese Shop,with Cumin,Gouda
2234,dairy-chilled-eggs,Wensleydale with Cranberries by The Cheese Shop,12.6,200.0,,,The Cheese Shop,with Cranberries,Wensleydale
2235,dairy-chilled-eggs,Jill's Sausages Raclette and Cheddar Kransky (Nitrite Free),12.0,320.0,,,Kransky,Nitrite Free,Raclette and Cheddar
2236,dairy-chilled-eggs,Delamere Dairy Goats Butter,11.95,250.0,,,Delamere Dairy Goats,,Butter
2237,dairy-chilled-eggs,Taleggio Fermier by The Cheese Shop,11.85,200.0,,,The Cheese Shop,Taleggio Fermier,Taleggio Fermier
2238,dairy-chilled-eggs,Asiago d'Allevo Aged by The Cheese Shop,11.5,200.0,,,The Cheese Shop,Aged,Asiago d'Allevo
2239,dairy-chilled-eggs,Ryan's Bacon - Back Sliced (Chilled),10.8,300.0,,,,Back Sliced,Bacon
2240,dairy-chilled-eggs,Flora Vegan Plant Based Salted Butter Block,9.5,200.0,,,Flora,Vegan,Block
2241,dairy-chilled-eggs,Jill's Sausages Black Truffle Ham (Nitrite Free),8.5,200.0,,,,Nitrite Free,Black Truffle Ham
2242,dairy-chilled-eggs,Bee Sim Pork Siew Mai,7.05,375.0,,,Bee Sim,Bee Sim,Pork Siew Mai
2243,dairy-chilled-eggs,Golden Bridge Taiwan Sausage - BBQ Chicken,5.4,250.0,,Taiwan,Golden Bridge,BBQ Chicken,Sausage
2244,dairy-chilled-eggs,Armando Pasta Orzo (Rice Shape),4.9,400.0,,,Armando,Rice Shape,Pasta Orzo
2245,dairy-chilled-eggs,Kelly's Breakfast Ham - Chilled,3.95,200.0,,,Kelly's Breakfast Ham,Chilled,Kelly's Breakfast Ham
2246,dairy-chilled-eggs,Coombe Castle Luxury Clotted Cream 56% Fat,3.95,28.0,,,Coombe Castle,Luxury Clotted Cream,Luxury Clotted Cream
2247,dairy-chilled-eggs,LG Foods Tai Lok Mee,3.33,1000.0,,,LG Foods,Tai Lok Mee,
2248,dairy-chilled-eggs,Kelly's Chicken Cocktail with Cheese - Chilled (CTN),39.6,2000.0,,,CTN,Chilled,Chicken Cocktail
2249,dairy-chilled-eggs,Coombe Castle Clotted Cream,29.9,454.0,,,Coombe Castle,,Clotted Cream
2250,dairy-chilled-eggs,Kagome Yasai Seikatsu100 - White Peach Mix,27.0,2400.0,,,Kagome Yasai Seikatsu100,White Peach Mix,
2251,dairy-chilled-eggs,Mimolette 18 mths by The Cheese Shop,19.3,200.0,,,The Cheese Shop,Mimolette,Mimolette
2252,dairy-chilled-eggs,Kelly's Jumbo Hunter Sausage - Frozen,18.99,1000.0,,,Kelly's,Frozen,Jumbo Hunter Sausage
2253,dairy-chilled-eggs,Vacherousse Double Cream Brie by The Cheese Shop,15.7,200.0,,,The Cheese Shop,Double Cream Brie,Vacherousse
2254,dairy-chilled-eggs,Cut Butchery Mint & Rosemary Lamb Sausage,15.0,330.0,,,,Mint & Rosemary,Lamb Sausage
2255,dairy-chilled-eggs,The Meat Club Nitrate Free Streaky Bacon - Frozen,14.9,250.0,,,The Meat Club,Nitrate Free,Streaky Bacon
2256,dairy-chilled-eggs,Alpro Plant-Based Dessert - Chocolate,13.95,125.0,,,Alpro,Chocolate,Plant-Based Dessert
2257,dairy-chilled-eggs,Rachel's Organic Greek Style Natural Stirred Bio-Live Yoghurt,13.95,450.0,,,Rachel's,Greek Style,Bio-Live Yoghurt
2258,dairy-chilled-eggs,Fage Fruits Mango and Passion Fruit Strained Yogurt,13.9,380.0,,,Fage Fruits,Mango and Passion Fruit,Strained Yogurt
2259,dairy-chilled-eggs,Fage Fruits Strawberry Strained Yogurt,13.9,380.0,,,Fage Fruits,Strawberry Strained Yogurt,Strawberry Strained Yogurt
2260,dairy-chilled-eggs,Morbier Fermier by The Cheese Shop,13.0,200.0,,,The Cheese Shop,Morbier Fermier,Morbier Fermier
2261,dairy-chilled-eggs,Ryan's Apple Baked Ham (Chilled),12.9,300.0,,,,Chilled,Baked Ham
2262,dairy-chilled-eggs,Cut Butchery Garlicky Beef Sausage,12.8,330.0,,,,Garlicky Beef Sausage,
2263,dairy-chilled-eggs,Ryan's Turkey Smoked Ham (Chilled),12.6,300.0,,,Ryan's,Chilled,Smoked Ham
2264,dairy-chilled-eggs,Raclette de Savoie by The Cheese Shop,12.5,200.0,,,The Cheese Shop,,Raclette de Savoie
2265,dairy-chilled-eggs,Bute Island Sheese Vegan Cheddar Block Cheese,11.9,200.0,,,Bute Island Sheese,,Vegan Cheddar Block Cheese
2266,dairy-chilled-eggs,Cut Butchery Italian Pork Chipolata Sausage,10.8,330.0,,Italy,,Pork,Sausage
2267,dairy-chilled-eggs,Sublime No. 6 Garlic Rosemary and Mint Butter,9.9,90.0,,,Sublime,No. 6,Butter
2268,dairy-chilled-eggs,Elmlea Plant Double Cream,9.9,250.0,,,Elmlea Plant,Double Cream,
2269,dairy-chilled-eggs,Ryan's Premium Chicken Breast Smoked Ham (Chilled),8.7,300.0,,,Ryan's,Chilled,Smoked Ham
2270,dairy-chilled-eggs,Calveley Mill Double Gloucester Cheese,8.5,200.0,,,Calveley Mill,Double Gloucester Cheese,Double Gloucester Cheese
2271,dairy-chilled-eggs,Ryan's Pork Cocktail Sausages (Chilled),7.9,300.0,,,Ryan's,Chilled,Pork Cocktail Sausage
2272,dairy-chilled-eggs,Jill's Sausages Sai Oua (Nitrite Free),6.9,220.0,,,Sai Oua,Nitrite Free,Sai Oua
2273,dairy-chilled-eggs,Food For Friends Cheese Chunk - Cheddar Mild,6.8,226.0,Halal,,Food For Friends,Mild,Cheese Chunk
2274,dairy-chilled-eggs,Grahams Family Dairy High Protein 22 Lemon Cheesecake Yogurt,6.5,200.0,,,Grahams Family,High Protein 22 Lemon Cheesecake,Yogurt
2275,dairy-chilled-eggs,Vatan Se Desi Makkhan,5.5,200.0,,,Vatan Se Desi Makkhan,,
2276,dairy-chilled-eggs,Armando Pasta Potato Gnocchi (Egg & Milk Free),5.4,500.0,,,Armando,Egg & Milk Free,Potato Gnocchi
2277,dairy-chilled-eggs,Lim Kee Festive Series - Mini Peach Buns,3.81,280.0,,,Lim Kee,Mini Peach Buns,Mini Peach Bun
2278,dairy-chilled-eggs,Kizmiq Smoked Chicken Hotdog Halal - Chilled (CTN),83.6,5000.0,Halal,,CTN,Halal - Chilled,Smoked Chicken Hotdog
2279,dairy-chilled-eggs,Moliterno Pecorino with Truffles by The Cheese Shop,23.8,200.0,,,The Cheese Shop,with Truffles,Moliterno Pecorino
2280,dairy-chilled-eggs,The Meat Club Free Range Spicy Chorizo Sausages - Frozen,23.7,350.0,,,The Meat Club,Free Range Spicy Chorizo Sausages,Free Range Spicy Chorizo Sausage
2281,dairy-chilled-eggs,Kizmiq Smoked Turkey Ham (B) Sliced Halal - Frozen,22.2,1000.0,Halal,,Kizmiq,B,Smoked Turkey
2282,dairy-chilled-eggs,Reblochon Fermier by The Cheese Shop,19.7,250.0,,,The Cheese Shop,Reblochon Fermier,Reblochon Fermier
2283,dairy-chilled-eggs,Ryan's Organic Lamb Kofta Sausages (Chilled),19.6,400.0,,,Ryan's,Chilled,Kofta Sausage
2284,dairy-chilled-eggs,Comte 30 mths by The Cheese Shop,19.5,200.0,,,The Cheese Shop,Comte,Comte
2285,dairy-chilled-eggs,Double Brie with Cranberries by The Cheese Shop,17.7,200.0,,,The Cheese Shop,Double Brie with Cranberries,Double Brie with Cranberry
2286,dairy-chilled-eggs,Roquefort Fermier by The Cheese Shop,17.2,200.0,,,The Cheese Shop,Roquefort Fermier,Roquefort Fermier
2287,dairy-chilled-eggs,Kapiti Pakari Aged Cheddar,17.1,170.0,,,Kapiti Pakari,,Aged Cheddar
2288,dairy-chilled-eggs,"Kelly's German Chicken Frankfurter 6"" Sausage - Frozen",16.65,1000.0,,Germany,Kelly's,Frozen,"6"" Sausage"
2289,dairy-chilled-eggs,Ryan's Free Range Pork Chipolata Sausages (Chilled),15.2,400.0,,,Ryan's,Chilled,Free Range Pork Chipolata Sausage
2290,dairy-chilled-eggs,Saint Nectaire Fermier by The Cheese Shop,15.1,200.0,,,The Cheese Shop,Saint Nectaire Fermier,
2291,dairy-chilled-eggs,Kapiti Cumin Seed Gouda Cheese,15.1,150.0,,,,Kapiti Cumin Seed,Gouda Cheese
2292,dairy-chilled-eggs,Cut Butchery Masala Lamb Sausage,15.0,330.0,,,,Masala,Sausage
2293,dairy-chilled-eggs,Vegetarian World Vegan Squid Ball,14.6,900.0,,,Vegetarian World,Squid Ball,
2294,dairy-chilled-eggs,Mexicana Cheddar w Bell Peppers and Chilli by The Cheese Shop,14.0,200.0,,,The Cheese Shop,Mexicana,Cheddar
2295,dairy-chilled-eggs,Brie De Meaux AOC by The Cheese Shop,14.0,200.0,,,The Cheese Shop,AOC,Brie De Meaux
2296,dairy-chilled-eggs,Rachel's Organic Greek Style Bio-Live Yogurt with Raspberry,13.95,450.0,,,Rachel's,with Raspberry,Bio-Live Yogurt
2297,dairy-chilled-eggs,The Meat Club Nitrate Free Sliced Ham - Chilled,13.8,200.0,,,The Meat Club,Nitrate Free,Sliced Ham
2298,dairy-chilled-eggs,Kavli Bacon Cheese Spread,12.9,275.0,,,Kavli,,
2299,dairy-chilled-eggs,Kavli Ham Cheese Spread,12.9,275.0,,,Kavli,,Cheese Spread
2300,dairy-chilled-eggs,Ryan's Free Range Pork Mexican Jalapeno Sausages (Chilled),12.8,400.0,,Mexico,Ryan's,Chilled,Jalapeno Sausage
2301,dairy-chilled-eggs,Cut Butchery Smoked Texas Chilli Beef Sausage,12.8,330.0,,,,Smoked Texas Chilli Beef Sausage,Smoked Texas Chilli Beef Sausage
2302,dairy-chilled-eggs,Sublime No. 1 Pink Himalayan Salt Butter,12.5,200.0,,,Sublime,No. 1,Pink Himalayan Salt Butter
2303,dairy-chilled-eggs,Cut Butchery French Toulouse Sausage,11.8,330.0,,France,,Cut Butchery,Toulouse Sausage
2304,dairy-chilled-eggs,Cut Butchery Applewood Smoked Beef Bacon,11.5,250.0,,,Applewood Smoked Beef,Applewood Smoked Beef,Bacon
2305,dairy-chilled-eggs,Sublime No. 12 Truffle Parmesan and Black Pepper Butter,11.0,90.0,,,Sublime,Truffle Parmesan and Black Pepper Butter,Truffle Parmesan and Black Pepper Butter
2306,dairy-chilled-eggs,Cut Butchery Herb & Garlic Pork Cocktail Sausage,10.8,330.0,,,,Herb & Garlic,Pork Cocktail Sausage
2307,dairy-chilled-eggs,Cut Butchery Japanese Mushroom Pork Sausage,10.8,330.0,,Japan,,Mushroom,Pork Sausage
2308,dairy-chilled-eggs,Cut Butchery Applewood Smoked Streaky Bacon,10.0,250.0,,,Applewood Smoked Streaky Bacon,Applewood Smoked Streaky Bacon,Cut Butchery
2309,dairy-chilled-eggs,Cut Butchery Applewood Smoked Back Bacon,10.0,250.0,,,Applewood Smoked Back Bacon,Applewood Smoked Back Bacon,Cut Butchery
2310,dairy-chilled-eggs,Sublime No. 11 Lemon Caper and Dill Butter,9.9,90.0,,,Sublime,Lemon Caper and Dill Butter,Lemon Caper and Dill Butter
2311,dairy-chilled-eggs,Cut Butchery Chicken Chipolata Sausage,9.8,330.0,,,,Sausage,Chicken
2312,dairy-chilled-eggs,Cut Butchery Chiken Cheese with Sundried Tomato Sausage,9.8,330.0,,,Chiken Cheese,with Sundried Tomato Sausage,Chiken Cheese
2313,dairy-chilled-eggs,Rachel's Twin Traditional Creamy Rice Pudding - Twin Pack,9.5,300.0,,,Rachel's,Traditional,Creamy Rice Pudding
2314,dairy-chilled-eggs,Primula Tube Cheese Spreadable - Original,7.95,140.0,,,,Original,Spreadable
2315,dairy-chilled-eggs,Food For Friends Cheese Chunk - Cheddar Sharp,6.8,226.0,Halal,,Food For Friends,Sharp,Cheese Chunk
2316,dairy-chilled-eggs,Food For Friends Cheese Chunk - Pepper Jack,6.8,226.0,Halal,,Food For Friends,Pepper Jack,Cheese Chunk
2317,dairy-chilled-eggs,Food For Friends Cheese Chunk - Monterey Jack,6.8,226.0,Halal,,Food For Friends,Monterey Jack,Monterey Jack
2318,dairy-chilled-eggs,Grahams Family Dairy High Protein 22 Chocolate Caramel Yogurt,6.5,200.0,,,Grahams Family Dairy,High Protein 22,Yogurt
2319,dairy-chilled-eggs,Vatan Se Malai Rabri,5.5,200.0,,,Vatan Se Malai,Rabri,
2320,dairy-chilled-eggs,Rachel's Organic Luscious Vanilla Bio-Live Yogurt,4.95,150.0,,,Rachel's,Luscious Vanilla,Bio-Live Yogurt
2321,dairy-chilled-eggs,Green Earth Spinach Yee Mee,4.9,280.0,,,Yee Mee,Green Earth,Spinach
2322,dairy-chilled-eggs,Armando Pasta Lasagna Sheets,4.9,500.0,,,Armando,Lasagna,Pasta
2323,dairy-chilled-eggs,Kizmiq Smoked Turkey Ham (B) Sliced Halal - Frozen (CTN),216.95,10000.0,Halal,,Kizmiq,B,Smoked Turkey
2324,dairy-chilled-eggs,Kizmiq BBQ Chicken Meat (Square) Halal - Chilled (CTN),109.2,5000.0,Halal,,Kizmiq,Halal - Chilled,Chicken Meat
2325,dairy-chilled-eggs,Kelly's Jumbo Cheese Knackers Sausage - Frozen (CTN),108.0,5000.0,,,Kelly's,CTN,Jumbo Cheese Knacker Sausage
2326,dairy-chilled-eggs,Kelly's Streaky Bacon - Frozen (CTN),107.9,5000.0,,,Kelly's,CTN,Streaky Bacon
2327,dairy-chilled-eggs,Kelly's Back Bacon - Frozen (CTN),107.9,5000.0,,,,CTN,Kelly's Back Bacon
2328,dairy-chilled-eggs,Kizmiq Chicken Frankfurter 5.5inch - Frozen (CTN),98.7,5000.0,Halal,,Kizmiq,CTN,Chicken Frankfurter
2329,dairy-chilled-eggs,Kizmiq Honey Baked Chicken Ham Slice - Chilled (CTN),96.0,5000.0,Halal,,Kizmiq,CTN,Honey Baked Chicken
2330,dairy-chilled-eggs,RedMan Merrywhip Margarine,94.4,15000.0,,,RedMan,Merrywhip,Margarine
2331,dairy-chilled-eggs,Kizmiq Smoked Chicken Cheese Cocktail - Frozen (CTN),92.39,5000.0,Halal,,CTN,Frozen,Smoked Chicken Cheese Cocktail
2332,dairy-chilled-eggs,Kelly's Jumbo Hunter Sausage - Frozen (CTN),91.6,5000.0,,,Kelly's,CTN,Jumbo Hunter Sausage
2333,dairy-chilled-eggs,Kizmiq Smoked Chicken Hotdog 3.5 inch - Frozen (CTN),86.5,5000.0,Halal,,Kizmiq,CTN,Smoked Chicken Hotdog
2334,dairy-chilled-eggs,Kelly's Chicken Chipolata - Frozen (CTN),82.5,5000.0,,,Kelly's,CTN,Chicken Chipolata
2335,dairy-chilled-eggs,"Kelly's German Chicken Frankfurter 6"" Sausage - Frozen (CTN)",82.45,5000.0,,Germany,Kelly's,CTN,"6"" Sausage"
2336,dairy-chilled-eggs,Golden Bridge Sausage - Pork (CTN),75.9,5000.0,,,Golden Bridge,CTN,Sausage
2337,dairy-chilled-eggs,Golden Bridge Sausage - Chicken (CTN),75.9,5000.0,,,Golden Bridge,CTN,Sausage
2338,dairy-chilled-eggs,James White Organic Pure Juice - Carrot (Carton),69.99,750.0,,,James White,Organic,Pure Juice
2339,dairy-chilled-eggs,James White Organic Pure Juice - Vegetable (Carton),69.99,750.0,,,James White,Organic,
2340,dairy-chilled-eggs,Golden Bridge Mini BBQ Chicken Sausages - Chilled (CTN),47.8,2500.0,,,Golden Bridge,CTN,Mini BBQ Chicken Sausage
2341,dairy-chilled-eggs,Golden Bridge Mini BBQ Pork Sausages - Chilled (CTN),47.8,2500.0,,,Golden Bridge,CTN,Mini BBQ Pork Sausage
2342,dairy-chilled-eggs,Kelly's Streaky Bacon - Chilled (CTN),45.8,2000.0,,,Kelly's,CTN,Streaky Bacon
2343,dairy-chilled-eggs,Kelly's Back Bacon - Chilled (CTN),42.2,2000.0,,,,CTN,Kelly's Back Bacon
2344,dairy-chilled-eggs,Kelly's Breakfast Ham - Chilled (CTN),38.9,2000.0,,,,CTN,Kelly's Breakfast Ham
2345,dairy-chilled-eggs,Kelly's Honey Glazed Ham - Chilled (CTN),37.9,2000.0,,,Kelly's,CTN,Honey Glazed Ham
2346,dairy-chilled-eggs,RedMan Margarine Pastry Sheet,36.8,10000.0,,,RedMan,RedMan,Margarine
2347,dairy-chilled-eggs,Kelly's Chicken Picnic Ham - Chilled (CTN),35.3,2000.0,,,,CTN,Picnic Ham
2348,dairy-chilled-eggs,RedMan Butter - Salted,34.4,454.0,,,RedMan,Salted,Butter
2349,dairy-chilled-eggs,Fermin Jamon Iberico Pork Dry Cured Sliced Ham,30.45,100.0,,,Fermin,Iberico,Jamon
2350,dairy-chilled-eggs,Kapiti Te Tihi Aged Cheddar 200 G,28.7,200.0,,,Kapiti Te Tihi,Aged Cheddar,Aged Cheddar
2351,dairy-chilled-eggs,Sundrop Guava Juice,28.5,7800.0,,,Sundrop,Sundrop,Guava Juice
2352,dairy-chilled-eggs,RedMan Shortening,27.2,1360.0,,,RedMan,Shortening,
2353,dairy-chilled-eggs,The Meat Club Free Range Australian BBQ Sausages - Frozen,26.4,350.0,,,The Meat Club,Free Range Australian BBQ Sausages,Free Range Australian BBQ Sausage
2354,dairy-chilled-eggs,Kelly's Jumbo Cheese Knackers Sausage - Frozen,22.5,1000.0,,,Kelly's,Frozen,Jumbo Cheese Knacker Sausage
2355,dairy-chilled-eggs,Zac Butchery Chicken Snail Sausage Pack,22.3,730.0,,,Zac,Chicken Snail Sausage Pack,Chicken Snail Sausage Pack
2356,dairy-chilled-eggs,Alp Blossom by The Cheese Shop,20.5,200.0,,,The Cheese Shop,Alp Blossom,
2357,dairy-chilled-eggs,Appenzeller Black Label by The Cheese Shop,18.1,200.0,,,The Cheese Shop,Appenzeller Black Label,
2358,dairy-chilled-eggs,Kapiti Pakari Blackcurrant Aged Cheddar,17.7,170.0,,,Kapiti Pakari,Blackcurrant,Aged Cheddar
2359,dairy-chilled-eggs,Ossau Iraty Fermier by The Cheese Shop,17.3,200.0,,,The Cheese Shop,Ossau Iraty Fermier,
2360,dairy-chilled-eggs,Double Cream Brie Sheeps Milk by The Cheese Shop,17.3,200.0,,,The Cheese Shop,Double Cream Brie,Sheep Milk
2361,dairy-chilled-eggs,OG Kristal Gouda Style Cheese by The Cheese Shop,17.3,200.0,,,The Cheese Shop,OG Kristal,Gouda Style Cheese
2362,dairy-chilled-eggs,Kizmiq Smoked Chicken Hotdog 3.5 inch - Frozen,17.25,1000.0,Halal,,Kizmiq,Smoked Chicken Hotdog,Smoked Chicken Hotdog
2363,dairy-chilled-eggs,UHT Whipping Cream 35.1% Fat,17.0,1000.0,,,,UHT Whipping Cream,UHT Whipping Cream
2364,dairy-chilled-eggs,Kelly's Cheese Chicken Vienna Gold,16.9,1000.0,,,Kelly's,Vienna Gold,Chicken
2365,dairy-chilled-eggs,Kizmiq Honey Baked Chicken Ham - Frozen,16.9,1000.0,Halal,,Kizmiq,Honey Baked Chicken,Ham
2366,dairy-chilled-eggs,Kelly's Chicken Chipolata - Frozen,16.75,1000.0,,,Kelly's,Frozen,Chicken Chipolata
2367,dairy-chilled-eggs,Ryan's Pork Italian Casalinga Sausages (Chilled),16.0,400.0,,Italy,Ryan's,Chilled,Casalinga Sausage
2368,dairy-chilled-eggs,Gotzinger Smallgoods Big Cheese Kransky,15.99,400.0,,,Gotzinger,Big Cheese,
2369,dairy-chilled-eggs,Point Reyes Toma Cheese Wedge - Original,15.95,170.0,,,,Original,Point Reye Toma Cheese Wedge
2370,dairy-chilled-eggs,Point Reyes Toma Cheese Wedge - Provence (Herbs de Provence),15.95,170.0,,,Herbs de Provence,Provence,Point Reye Toma Cheese Wedge
2371,dairy-chilled-eggs,Point Reyes Toma Cheese Wedge - Italian Black Truffle,15.95,170.0,,Italy,,Black Truffle,Point Reye Toma Cheese Wedge
2372,dairy-chilled-eggs,La Tur Triple Cream Brie Mixed Milk by The Cheese Shop,15.5,200.0,,,The Cheese Shop,Triple Cream Brie,La Tur
2373,dairy-chilled-eggs,Cut Butchery Xinjiang Lamb Sausage,15.0,330.0,,,,Xinjiang Lamb Sausage,Xinjiang Lamb Sausage
2374,dairy-chilled-eggs,Cut Butchery Shumai Pork & Shrimp Sausage,15.0,330.0,,,Shumai,Pork & Shrimp Sausage,Pork & Shrimp Sausage
2375,dairy-chilled-eggs,Sartori BellaVitano Cheese Wedge - Gold,14.9,150.0,,,Sartori,Gold,BellaVitano Cheese Wedge
2376,dairy-chilled-eggs,The Meat Club Free Range Back Bacon,14.9,250.0,,,The Meat Club,Free Range,Back Bacon
2377,dairy-chilled-eggs,Ryan's Smoked Champagne Ham (Chilled),14.7,300.0,,,Ryan's,Chilled,Smoked Champagne Ham
2378,dairy-chilled-eggs,Vegetarian World Vegan Lobster Ball,14.3,900.0,,,Vegetarian World Vegan,Lobster Ball,Lobster Ball
2379,dairy-chilled-eggs,Ryan's F/R Pork Cranberry & Chestnut Sausages (Chilled),14.2,400.0,,,Ryan's,Chilled,Pork Cranberry & Chestnut Sausage
2380,dairy-chilled-eggs,Gouda with Chilli Sambal by The Cheese Shop,14.1,200.0,,,The Cheese Shop,with Chilli Sambal,Gouda
2381,dairy-chilled-eggs,Gotzinger Smallgoods Cheese Kabana,13.99,400.0,,,Gotzinger,Kabana,Cheese
2382,dairy-chilled-eggs,Rachel's Organic Greek Style Honey Bio-Live Yoghurt,13.95,450.0,,,Rachel's,Greek Style Honey,Bio-Live Yoghurt
2383,dairy-chilled-eggs,Ryan's Honey Baked Ham (Chilled),13.2,300.0,,,Ryan's,Chilled,Honey Baked Ham
2384,dairy-chilled-eggs,Ryan's Pork Bockwurst Sausages (Chilled),12.9,400.0,,,Ryan's,Chilled,Pork Bockwurst
2385,dairy-chilled-eggs,Kavli Spicy Chilli Cheddar Cheese Spread,12.9,250.0,,,Kavli,Spicy Chilli Cheddar Cheese Spread,
2386,dairy-chilled-eggs,Kavli Jalapeno Cheese Spread,12.9,250.0,,,Kavli,Jalapeno Cheese Spread,Jalapeno Cheese Spread
2387,dairy-chilled-eggs,Kavli Crayfish Cheese Spread,12.9,275.0,,,,Cheese Spread,Cheese Spread
2388,dairy-chilled-eggs,Kavli Shrimp Cheese Spread,12.9,275.0,,,,Kavli Shrimp Cheese Spread,Kavli Shrimp Cheese Spread
2389,dairy-chilled-eggs,Kavli C'est la Brie Cheese Spread,12.9,250.0,,,Kavli,C'est la Brie,Cheese Spread
2390,dairy-chilled-eggs,Kavli Long Live the Cheddar Cheese Spread,12.9,250.0,,,Kavli,Long Live the Cheddar Cheese Spread,
2391,dairy-chilled-eggs,Cut Butchery Beef Braunschweiger (Liver) Sausage,12.8,330.0,,,,Liver,Braunschweiger
2392,dairy-chilled-eggs,Ryan's Chicken Chorizo Sausages (Chilled),12.0,400.0,,,Ryan's,Chilled,Chicken Chorizo Sausage
2393,dairy-chilled-eggs,Now Foods Organic Multigrain and Cauliflower Elbows Pasta,11.9,227.0,,,Now Foods,Organic Multigrain and Cauliflower,Pasta
2394,dairy-chilled-eggs,Ryan's Bacon - Streaky Sliced (Chilled),11.1,300.0,,,,Streaky Sliced,Bacon
2395,dairy-chilled-eggs,Kavli Blue Cheese Spread,10.9,175.0,,,Kavli Blue Cheese Spread,Kavli Blue Cheese Spread,Kavli Blue Cheese Spread
2396,dairy-chilled-eggs,Cut Butchery American Pork Chipolata Sausage,10.8,330.0,,USA,,Pork,Chipolata Sausage
2397,dairy-chilled-eggs,Cut Butchery Pork Bratwurst,10.8,330.0,,,,Bratwurst,Cut Butchery
2398,dairy-chilled-eggs,Cut Butchery Turmeric Pork Sausage,10.8,330.0,,,,Turmeric,Sausage
2399,dairy-chilled-eggs,Cut Butchery Jalapeno Cheese Pork Sausage,10.8,330.0,,,,Jalapeno Cheese,Pork Sausage
2400,dairy-chilled-eggs,Cut Butchery Pesto & Cheese Pork Sausage,10.8,330.0,,,,Pesto & Cheese,Pork Sausage
2401,dairy-chilled-eggs,Kapiti Kahurangi Blue,10.4,130.0,,,Kapiti Kahurangi,Blue,
2402,dairy-chilled-eggs,Kapiti Kahikatea Camembert,10.0,125.0,,,Kahikatea,Kahikatea,Camembert
2403,dairy-chilled-eggs,Sublime No. 19 Bearnaise Butter,9.9,90.0,,,Sublime,No. 19,Butter
2404,dairy-chilled-eggs,Sublime No. 8 Red Chilli Smoked Salt and Lime Butter,9.9,90.0,,,Sublime,No. 8,Butter
2405,dairy-chilled-eggs,Sublime No. 17 Chimichurri Butter,9.9,90.0,,,Sublime,Chimichurri,Butter
2406,dairy-chilled-eggs,Cut Butchery Chicken Bratwurst,9.8,330.0,,,,Bratwurst,Chicken
2407,dairy-chilled-eggs,Cut Butchery Chicken Masala Sausage,9.8,330.0,,,,Chicken Masala Sausage,Chicken Masala Sausage
2408,dairy-chilled-eggs,Zac Butchery Italian Chicken Sausage Pack,9.4,300.0,,Italy,Zac Butchery,Chicken Sausage Pack,Chicken Sausage Pack
2409,dairy-chilled-eggs,Arrighi Tortellini Cheese Pasta - Al Formaggio Cheese,9.0,250.0,,,Arrighi,Al Formaggio,Cheese
2410,dairy-chilled-eggs,Ryan's Paprika Lyoner (Chilled),8.7,300.0,,,Ryan's,Chilled,Paprika Lyoner
2411,dairy-chilled-eggs,Calveley Mill Red Leicester Cheese,8.5,200.0,,,Calveley Mill,Red Leicester Cheese,Red Leicester Cheese
2412,dairy-chilled-eggs,The King's Dairy Double Gloucester Cheese,8.5,200.0,,,The King's Dairy,Double Gloucester Cheese,Double Gloucester Cheese
2413,dairy-chilled-eggs,Primula Tube Cheese Spreadable - Spicy & Jalapenos,7.95,140.0,,,Primula,Spicy & Jalapenos,Spreadable
2414,dairy-chilled-eggs,Primula Tube Cheese Spreadable - Chives,7.95,140.0,,,,Spreadable,Primula Tube Cheese
2415,dairy-chilled-eggs,Ryan's Pork Hotdog Sausages (Chilled),7.5,250.0,,,Ryan's,Chilled,Pork Hotdog Sausage
2416,dairy-chilled-eggs,Willms Krakauer Pork Sausage - Made in Germany,6.85,260.0,,Germany,Willms,Krakauer,
2417,dairy-chilled-eggs,Food For Friends Cheese Sliced - Provolone,6.35,160.0,Halal,,Provolone,Food For Friends,Cheese Sliced
2418,dairy-chilled-eggs,CB 4x7 Jumbo Fish Bean Curd,6.0,350.0,,,CB,,
2419,dairy-chilled-eggs,Food For Friends Cheese Sliced - Cheddar Sharp,5.95,160.0,Halal,,Food For Friends,Cheddar Sharp,Cheese Sliced
2420,dairy-chilled-eggs,ChaoKoh 100% Coconut Milk,5.8,1000.0,,,ChaoKoh,100% Coconut Milk,
2421,dairy-chilled-eggs,RedMan Margarine,5.6,1000.0,,,RedMan,,Margarine
2422,dairy-chilled-eggs,Food For Friends Cheese Sliced - Pepper Jack,5.55,160.0,Halal,,Food For Friends,Pepper Jack,Cheese Sliced
2423,dairy-chilled-eggs,Food For Friends Cheese Sliced - Cheddar Mild,5.55,160.0,Halal,,Food For Friends,Mild,Cheese Sliced
2424,dairy-chilled-eggs,Food For Friends Cheese Sliced - Mozzarella,5.55,160.0,,,Food For Friends,Mozzarella,Cheese Sliced
2425,dairy-chilled-eggs,Veeba Sandwich Spread Cheese & Chilli,5.5,300.0,,,Veeba,Cheese & Chilli,Sandwich Spread
2426,dairy-chilled-eggs,Armando Pasta Tortiglioni,5.4,500.0,,,Armando,Pasta Tortiglioni,
2427,dairy-chilled-eggs,RedMan Creaming Ace,4.9,650.0,,,RedMan,Creaming Ace,
2428,dairy-chilled-eggs,Armando Pasta Casarecce Treccia (Short Twist),4.9,500.0,,,Armando,Short Twist,Casarecce
2429,dairy-chilled-eggs,Golden Bridge Mini BBQ Chicken Sausages - Chilled,4.82,250.0,,,Golden Bridge,Chilled,Mini BBQ Chicken Sausage
2430,dairy-chilled-eggs,RedMan Premium Shortening,4.2,250.0,,,RedMan,Premium Shortening,
2431,dairy-chilled-eggs,Lim Kee Gourmet Curry Chicken Bun,4.1,280.0,,,Lim Kee,Gourmet Curry Chicken Bun,Gourmet Curry Chicken Bun
2432,dairy-chilled-eggs,Lim Kee Festive Series - Longevity Buns (He Tao),2.72,250.0,,,Lim Kee,He Tao,Longevity Bun
2433,dairy-chilled-eggs,[BCRS] Rokeby Farms Protein Smoothie - Dutch Chocolate,4.5,425.0,,Netherlands,Rokeby Farms,Chocolate,Protein Smoothie
2434,dairy-chilled-eggs,[BCRS] Rokeby Farms Fitmilk - Full Cream,4.95,900.0,,,Rokeby Farms,Full Cream,Fitmilk
2435,dairy-chilled-eggs,[BCRS] Rokeby Farms Protein Smoothie - Banana Honey & Cinnamon,4.5,425.0,,,Rokeby Farms,Banana Honey & Cinnamon,Protein Smoothie
2436,dairy-chilled-eggs,[BCRS] Rokeby Farms Protein Smoothie - Strawberry,4.5,425.0,Halal,,Rokeby Farms,Strawberry,Protein Smoothie
2437,dairy-chilled-eggs,Willms German Sausage - Cheese Wiener,6.62,200.0,,Germany,Willms,Cheese Wiener,Sausage
2438,dairy-chilled-eggs,[BCRS] Meiji Fresh Milk - Regular,6.7,2000.0,Halal,,Meiji,Regular,Fresh Milk
2439,dairy-chilled-eggs,Meiji Pasteurized Fresh Milk - 4.3 Deluxe,3.63,946.0,Halal,,Meiji,Deluxe,Pasteurized Fresh Milk
2440,dairy-chilled-eggs,Farmers Union Greek Style Yogurt - High Protein,9.65,900.0,Halal,,Farmers Union,High Protein,Greek Style Yogurt
2441,dairy-chilled-eggs,F & N NutriSoy High Calcium Fresh Soya Milk - Omega (No Sugar Added),2.97,946.0,Halal,,F & N,Omega,Fresh Soya Milk
2442,dairy-chilled-eggs,Meiji Low Fat High Protein Milk - Green Tea,3.75,350.0,Halal,,Meiji,Green Tea,
2443,dairy-chilled-eggs,Chobani Greek Yogurt - Plain,16.5,907.0,,Greece,Chobani,Plain,Yogurt
2444,dairy-chilled-eggs,Farmhouse Milk - Low Fat,3.73,946.0,Halal,,Farmhouse,Low Fat,
2445,dairy-chilled-eggs,[BCRS] Meiji Low Fat Fresh Milk - Regular,6.7,2000.0,Halal,,Meiji,Regular,Low Fat Fresh Milk
2446,dairy-chilled-eggs,[BCRS] Marigold 100% Fresh Bottle Milk,6.55,1890.0,Halal,,Marigold,100% Fresh Bottle Milk,100% Fresh Bottle Milk
2447,dairy-chilled-eggs,Brownes Yogurt Pouch - Strawberry,2.95,90.0,,,Brownes,Strawberry,Yogurt Pouch
2448,dairy-chilled-eggs,[BCRS] Meiji Fresh Milk - Regular,3.53,830.0,Halal,,Meiji,Regular,Fresh Milk
2449,dairy-chilled-eggs,Yotsuba Hokkaido Fresh Milk,2.24,200.0,,,Yotsuba,,Hokkaido Fresh Milk
2450,dairy-chilled-eggs,F & N NutriSoy High Calcium Fresh Soya Milk - Almond (Reduced Sugar),2.97,946.0,Halal,,F & N,Reduced Sugar,Fresh Soya Milk
2451,dairy-chilled-eggs,[BCRS] Farmhouse Milk - Fresh,6.75,1890.0,Halal,,BCRS,Fresh,Farmhouse Milk
2452,dairy-chilled-eggs,President Cheese - Original Greek Feta,6.95,150.0,,Greece,President,Original Feta,
2453,dairy-chilled-eggs,Dodo Snow Crab Leg Stick,2.85,66.0,Halal,,Dodo,Snow Crab Leg Stick,
2454,dairy-chilled-eggs,Lion Dance Pork Ball,3.05,200.0,,,,Lion Dance,Pork Ball
2455,dairy-chilled-eggs,[BCRS] Rokeby Farms Whole Protein Smoothie - Espresso,4.5,425.0,Halal,,Rokeby Farms,Espresso,Whole Protein Smoothie
2456,dairy-chilled-eggs,Farmers Union Greek Style High Protein Yogurt Pouch - Blueberry,4.4,150.0,Halal,,Farmers Union,Blueberry,Greek Style High Protein Yogurt
2457,dairy-chilled-eggs,The Laughing Cow Cheese Dippers - Original,6.3,140.0,,,The Laughing Cow,Original,Cheese Dipper
2458,dairy-chilled-eggs,Chobani Greek Yogurt - Passionfruit,4.02,160.0,,Greece,Chobani,Passionfruit,Yogurt
2459,dairy-chilled-eggs,Lion Dance Pork Ball - Mushroom,3.05,200.0,,,,Lion Dance,Pork Ball
2460,dairy-chilled-eggs,F & N Magnolia Plus Fresh Milk - Lactose Free,4.7,946.0,,,F & N,Lactose Free,Fresh Milk
2461,dairy-chilled-eggs,[BCRS] Meiji Low Fat Milk - Regular,3.53,830.0,Halal,,Meiji,Regular,Low Fat Milk
2462,dairy-chilled-eggs,DoDo Big Fish Cake - Fried,3.45,230.0,,,DoDo,Fried,Big Fish Cake
2463,dairy-chilled-eggs,Farmers Union Greek Style Yoghurt - Light,9.65,1000.0,Halal,,Farmers Union,Light,Greek Style Yoghurt
2464,dairy-chilled-eggs,Marigold 100% Fresh Milk,3.46,946.0,Halal,,Marigold,100% Fresh Milk,
2465,dairy-chilled-eggs,Farmers Union Greek Style High Protein Yogurt Pouch - Vanilla,4.4,150.0,Halal,,Farmers Union,Vanilla,Greek Style High Protein Yogurt
2466,dairy-chilled-eggs,[BCRS] Meiji Fresh Milk - Skimmed,6.7,2000.0,Halal,,Meiji,Skimmed,Fresh Milk
2467,dairy-chilled-eggs,Yotsuba Hokkaido Low Fat Milk,6.75,1000.0,,,Yotsuba Hokkaido,Low Fat Milk,Low Fat Milk
2468,dairy-chilled-eggs,Jin Kimchi - Original,8.6,400.0,,,Jin Kimchi,Original,
2469,dairy-chilled-eggs,Kong Guan Pau - Pork,3.68,360.0,,,Kong Guan Pau,Pork,
2470,dairy-chilled-eggs,Chobani Fit Greek Yoghurt - Salted Caramel,4.35,160.0,,Greece,Chobani,Salted Caramel,Yoghurt
2471,dairy-chilled-eggs,Nobo Soy Milk - Original,2.7,1000.0,Halal,,Nobo,Original,Soy Milk
2472,dairy-chilled-eggs,Brownes Dairy Natural Yoghurt - Raspberries & Cream,2.65,170.0,,,Brownes Dairy,Raspberries & Cream,Natural Yoghurt
2473,dairy-chilled-eggs,Meiji Greek Style Yoghurt - Natural,2.75,180.0,,,Meiji,Natural,Greek Style Yoghurt
2474,dairy-chilled-eggs,[BCRS] Meiji Fresh Milk - Coffee,3.53,830.0,Halal,,Meiji,Coffee,Fresh Milk
2475,dairy-chilled-eggs,Dasoon Soya Corn Fresh Eggs,3.25,600.0,,,Dasoon,Soya Corn,Fresh Egg
2476,dairy-chilled-eggs,Dodo Kiddos Kamaboko Fish Cake Lower Sodium,3.45,90.0,Halal,,Dodo,Lower Sodium,Kamaboko Fish Cake
2477,dairy-chilled-eggs,[BCRS] Meiji Fresh Milk,2.47,450.0,Halal,,Meiji,BCRS,Fresh Milk
2478,dairy-chilled-eggs,Jin Kimchi - Spicy,8.6,400.0,,,Jin,Spicy,Kimchi
2479,dairy-chilled-eggs,Lim Kee Mini Siew Mai - Chicken,3.7,240.0,,,Lim Kee Mini Siew Mai,,Chicken
2480,dairy-chilled-eggs,Cowhead 100% Fresh Milk,4.06,1000.0,Halal,,Cowhead,100% Fresh Milk,100% Fresh Milk
2481,dairy-chilled-eggs,Dairy Farmers Thick & Creamy Yoghurt - Lemon Cream,3.45,150.0,,,Dairy Farmers,Thick & Creamy,Yoghurt
2482,dairy-chilled-eggs,Chobani Fit Greek Yogurt - Mango,4.35,150.0,,Greece,Chobani,Mango,Yogurt
2483,dairy-chilled-eggs,Leong Guan Wholegrain Noodles - Mee Tai Bak,2.5,420.0,Halal,,Leong Guan,Mee Tai Bak,Wholegrain Noodle
2484,dairy-chilled-eggs,Buttercup Luxury Spread Block - Unsalted,7.45,681.0,Halal,,Buttercup,Unsalted,Luxury Spread Block
2485,dairy-chilled-eggs,Nobo Soy Milk - Original,15.9,6000.0,Halal,,Nobo,Original,Soy Milk
2486,dairy-chilled-eggs,Chobani Greek Yogurt - Vanilla,4.1,140.0,,Greece,Chobani,Vanilla,Yogurt
2487,dairy-chilled-eggs,Bakoma Men Protein Skyr Yogurt - Blueberry,5.95,300.0,,,Bakoma,Blueberry,Protein Skyr Yogurt
2488,dairy-chilled-eggs,Itomen Banshu Cha Soba Japanese Green Tea Buckwheat Noodle,8.9,250.0,,Japan,Itomen,Banshu Cha Soba,Green Tea
2489,dairy-chilled-eggs,Kirei Kanesu Hosoi Delicious Yamaimo Japanese Soba Noodle,6.15,300.0,,Japan,Yamaimo,Kirei Kanesu,Soba Noodle
2490,dairy-chilled-eggs,AW'S Market Honey Baked Chicken Ham,16.0,1000.0,,,AW'S Market,Honey Baked Chicken,Ham
2491,dairy-chilled-eggs,Marumiya Mabo Tofu No Moto Instant Amakuchi Mild,7.5,162.0,,,Marumiya,Mild,Mabo Tofu
2492,dairy-chilled-eggs,Marumiya Mabo Tofu No Moto Instant,7.5,162.0,,,Marumiya,No Moto,Tofu
2493,dairy-chilled-eggs,Muller Crunch Corner Strawberry Shortcake,4.5,124.0,,,Muller,Strawberry Shortcake,
2494,dairy-chilled-eggs,[BCRS] Meiji Fresh Milk - Regular,2.47,450.0,Halal,,Meiji,Regular,Fresh Milk
2495,dairy-chilled-eggs,Muller Crunch Corner Toffee Yoghurt With Chocolate Hoops,4.5,124.0,,,Muller,Crunch Corner,Yoghurt
2496,dairy-chilled-eggs,Misuzu Beancurd Skin 16P,5.5,270.0,,,Misuzu,16P,
2497,dairy-chilled-eggs,Kyotoan Inari Age,5.45,200.0,,,Kyotoan Inari,Age,
2498,dairy-chilled-eggs,Kirei Japanese Premium Handmade Tenobe Ume Somen Noodle Pack,12.1,300.0,,Japan,Kirei,Premium Handmade,Tenobe Ume Somen Noodle Pack
2499,dairy-chilled-eggs,Misuzu Inari Beancurd Skin 6p,4.5,90.0,,,Misuzu,Inari,
2500,dairy-chilled-eggs,Kyotoan Ajitsuke Age for Udon,4.75,130.0,,,Kyotoan Ajitsuke,Age for Udon,
2501,dairy-chilled-eggs,Calpis Kyoho Grape Concentrate 1L,21.9,1000.0,,,Calpis Kyoho,Calpis Kyoho,Grape Concentrate
2502,dairy-chilled-eggs,Marusan Soy Milk - Non Adjusted,9.03,1000.0,,,Marusan,Non Adjusted,Soy Milk
2503,dairy-chilled-eggs,WhatIF Foods Bamnut milk - Airy (Carton of 12),72.0,12000.0,,,WhatIF Foods,Airy,Bamnut milk
2504,dairy-chilled-eggs,Aoren Aoren Kiroii Ringo Yellow Apple 1L x 6s Carton Sale,55.5,6000.0,,,Aoren,Kiroii,1L x 6s Carton
2505,dairy-chilled-eggs,Emborg Mozzarella Cheese Shredded,35.0,2000.0,,,Emborg,Shredded,Mozzarella Cheese
2506,dairy-chilled-eggs,OSK Oraganic Young Barley Leaf (Promo Pack),24.35,106.0,,,OSK,Promo Pack,Oraganic Young Barley Leaf
2507,dairy-chilled-eggs,Prestigio Delights Hong Kong Chinese Sausage,22.0,500.0,,Hong Kong,Prestigio Delights,Chinese Sausage,Chinese Sausage
2508,dairy-chilled-eggs,Sanwa Omelette Pudding Jelly + Pop Candy_30pc,15.05,450.0,,,Sanwa,,Omelette
2509,dairy-chilled-eggs,Sanwa Monster Egg+Ham Pudding / Popping Candy_30pc,15.05,690.0,,,Sanwa,+Ham Pudding,Monster Egg
2510,dairy-chilled-eggs,Marusanai Soy Milk - Unsweetened,9.03,1000.0,,,Marusanai,Unsweetened,Soy Milk
2511,dairy-chilled-eggs,Emborg Mon Ami Unsalted Butter,6.66,250.0,,,Mon Ami,Unsalted Butter,Emborg
2512,dairy-chilled-eggs,Grahams Family Dairy High Protein 25 Raspberry Yogurt,6.25,200.0,,,Grahams Family Dairy,Raspberry Yogurt,Raspberry Yogurt
2513,dairy-chilled-eggs,Plus Calpis Meneki Support Drink,4.99,100.0,,,Calpis,Meneki,
2514,rice-noodles-cooking-ingredients,Royal Umbrella Thai Hom Mali Rice,16.25,5000.0,,Thailand,Royal Umbrella,Hom Mali,Rice
2515,rice-noodles-cooking-ingredients,SongHe AAA Thai Hom Mali Rice - New Crop,16.95,5000.0,Halal,Thailand,SongHe,Hom Mali Rice,Hom Mali Rice
2516,rice-noodles-cooking-ingredients,FairPrice Jasmine Fragrant Rice,7.65,5000.0,,,FairPrice,Jasmine Fragrant Rice,
2517,rice-noodles-cooking-ingredients,Double FP Thai Hom Mali Premium Quality Fragrant Rice,12.3,5000.0,,Thailand,Double FP Hom Mali,Premium Quality Fragrant Rice,Premium Quality Fragrant Rice
2518,rice-noodles-cooking-ingredients,Royal Umbrella Thai Hom Mali Rice,31.5,10000.0,,Thailand,Royal Umbrella,Hom Mali,Rice
2519,rice-noodles-cooking-ingredients,FairPrice Thai Hom Mali Superior Fragrant Rice,12.95,5000.0,,Thailand,FairPrice,Hom Mali,Superior Fragrant Rice
2520,rice-noodles-cooking-ingredients,McCormick Seasoning - Garlic Powder,4.75,55.0,,,McCormick,Garlic Powder,Garlic Powder
2521,rice-noodles-cooking-ingredients,Tai Sun Rice Vermicelli,1.2,400.0,Halal,,Tai Sun,,Rice Vermicelli
2522,rice-noodles-cooking-ingredients,SIS Raw Sugar - Natural Granulated,3.75,800.0,Halal,,SIS,Natural Granulated,Raw Sugar
2523,rice-noodles-cooking-ingredients,FairPrice Premium Quality Fine Salt,0.45,500.0,,,FairPrice,Premium Quality,Fine Salt
2524,rice-noodles-cooking-ingredients,Prima Flour Packet Flour - Plain,2.2,1000.0,Halal,,Prima,Plain,Flour
2525,rice-noodles-cooking-ingredients,Maggi Tomato Sauce,2.57,475.0,,,Maggi,,Tomato Sauce
2526,rice-noodles-cooking-ingredients,McCormick Seasoning - Black Pepper Coarse,5.25,37.0,,,McCormick,Coarse,Seasoning
2527,rice-noodles-cooking-ingredients,SIS White Sugar - Fine Grain,2.35,1000.0,Halal,,SIS,Fine Grain,White Sugar
2528,rice-noodles-cooking-ingredients,Mccormick Chilli Flakes,5.8,29.0,,,Mccormick,,Chilli Flake
2529,rice-noodles-cooking-ingredients,Kara UHT Coconut Packet Cream,1.2,200.0,,,Kara,,Cream
2530,rice-noodles-cooking-ingredients,FairPrice Canola Oil,6.15,2000.0,Halal,,FairPrice,,Canola Oil
2531,rice-noodles-cooking-ingredients,Pagoda Fine Salt (Box),0.7,500.0,Halal,,Pagoda,Box,
2532,rice-noodles-cooking-ingredients,FairPrice Jasmine Rice,17.95,10000.0,,,FairPrice,Jasmine Rice,Jasmine Rice
2533,rice-noodles-cooking-ingredients,SongHe AAA Thai Hom Mali Rice,18.6,5000.0,Halal,Thailand,SongHe,Hom Mali,Rice
2534,rice-noodles-cooking-ingredients,Lee Kum Kee Oyster Sauce - Panda Brand,3.95,510.0,,,Panda Brand,,Lee Kum Kee Oyster Sauce
2535,rice-noodles-cooking-ingredients,FairPrice Plain Flour,1.75,1000.0,Halal,,FairPrice,Plain Flour,
2536,rice-noodles-cooking-ingredients,Kara UHT Coconut Milk - Light,1.1,200.0,Halal,,Kara,Light,Coconut Milk
2537,rice-noodles-cooking-ingredients,FairPrice Canola Oil,20.5,5000.0,Halal,,FairPrice,,Canola Oil
2538,rice-noodles-cooking-ingredients,San Remo Pasta - Spaghetti,2.25,500.0,Halal,,San Remo,Spaghetti,Pasta
2539,rice-noodles-cooking-ingredients,Naturel Olive Oil - Pure,30.9,2000.0,Halal,,Naturel,Pure,Olive Oil
2540,rice-noodles-cooking-ingredients,Knife Brand Cooking Oil,20.9,6000.0,Halal,,Knife Brand,,Cooking Oil
2541,rice-noodles-cooking-ingredients,A1 Instant Rice Vermicelli,3.0,455.0,,,A1,,Instant Rice Vermicelli
2542,rice-noodles-cooking-ingredients,Tai Hua Light Soy Sauce - Standard (Big),2.65,640.0,,,Tai Hua,Standard,Light Soy Sauce
2543,rice-noodles-cooking-ingredients,Chee Seng Sesame Oil - White,9.9,750.0,Halal,,Chee Seng,White,Sesame Oil
2544,rice-noodles-cooking-ingredients,Marigold Evaporated Milk - King Of Kings (Full Cream),2.52,395.0,Halal,,Marigold,Full Cream,
2545,rice-noodles-cooking-ingredients,San Remo Pasta - Elbows,2.25,500.0,Halal,,San Remo,Elbows,Pasta
2546,rice-noodles-cooking-ingredients,Pagoda Pure Corn Flour,1.17,400.0,Halal,,Pagoda,Pure Corn Flour,
2547,rice-noodles-cooking-ingredients,Lee Kum Kee Oyster Sauce - Premium Brand,7.5,510.0,,,Lee Kum Kee,Premium Brand,Oyster Sauce
2548,rice-noodles-cooking-ingredients,FairPrice Pure Cane Sugar - Fine Grain,1.8,1000.0,Halal,,FairPrice,Fine Grain,Pure Cane Sugar
2549,rice-noodles-cooking-ingredients,Naturel Cooking Oil - Premium Blend of Canola & Sunflower,12.9,3000.0,Halal,,,Premium Blend of Canola & Sunflower,Naturel Cooking Oil
2550,rice-noodles-cooking-ingredients,FairPrice Sunflower Oil,16.5,5000.0,Halal,,FairPrice,,Sunflower Oil
2551,rice-noodles-cooking-ingredients,Naturel Cooking Oil - Premium Blend of Canola & Sunflower,8.9,2000.0,Halal,,,Premium Blend of Canola & Sunflower,Naturel Cooking Oil
2552,rice-noodles-cooking-ingredients,Swanson Clear Chicken Broth,1.85,250.0,,,Swanson,Clear Chicken Broth,Clear Chicken Broth
2553,rice-noodles-cooking-ingredients,FairPrice Premium Japonica Rice - Short Grain,6.1,2500.0,,,,Premium Japonica Rice,
2554,rice-noodles-cooking-ingredients,FairPrice Natural Coconut Cream,1.1,200.0,Halal,,FairPrice,Natural Coconut Cream,Natural Coconut Cream
2555,rice-noodles-cooking-ingredients,FairPrice Canola Oil,13.4,3000.0,Halal,,FairPrice,,Canola Oil
2556,rice-noodles-cooking-ingredients,FairPrice Sunflower Oil,6.8,2000.0,Halal,,FairPrice,,Sunflower Oil
2557,rice-noodles-cooking-ingredients,Golden Peony Jasmine Fragrant Rice,7.95,5000.0,,,Golden Peony,Golden Peony,Jasmine Fragrant Rice
2558,rice-noodles-cooking-ingredients,Naturel Olive Oil - Extra Virgin,11.9,500.0,Halal,,Naturel,Extra Virgin,Olive Oil
2559,rice-noodles-cooking-ingredients,FairPrice Corn Flour,1.01,400.0,,,FairPrice,Corn Flour,Corn Flour
2560,rice-noodles-cooking-ingredients,Del Monte Tomato Ketchup (Sauce),1.45,300.0,Halal,,Del Monte,Sauce,Tomato Ketchup
2561,rice-noodles-cooking-ingredients,Barilla Base for Bolognese Pasta Sauce with Italian Tomato,5.7,400.0,Halal,,Barilla,Italian Tomato,Base
2562,rice-noodles-cooking-ingredients,SongHe AAA Thai Hom Mali Rice,32.8,10000.0,Halal,Thailand,SongHe,Hom Mali,Rice
2563,rice-noodles-cooking-ingredients,Rice Field 100% Pure Rice Bran Oil,9.25,2000.0,Halal,,Rice Field,100% Pure Rice Bran Oil,
2564,rice-noodles-cooking-ingredients,FairPrice Pure Cane Sugar - Coarse Grain,1.8,1000.0,Halal,,FairPrice,Coarse Grain,Pure Cane Sugar
2565,rice-noodles-cooking-ingredients,Knorr Stock Cubes - Chicken (No Added MSG),3.83,120.0,,,Knorr,No Added MSG,Chicken
2566,rice-noodles-cooking-ingredients,Prego Pasta Sauce - Traditional Tomato,6.2,680.0,Halal,,Prego,Traditional Tomato,Pasta Sauce
2567,rice-noodles-cooking-ingredients,Barilla Italian Pasta - Spaghetti No.5,3.88,500.0,Halal,Italy,Barilla,Spaghetti No.5,Pasta
2568,rice-noodles-cooking-ingredients,FairPrice Thai Brown Unpolished Rice,12.95,5000.0,,Thailand,FairPrice,Brown Unpolished Rice,Brown Unpolished Rice
2569,rice-noodles-cooking-ingredients,FairPrice AAA Golden Royal Dragon Thai White Fragrant Rice,11.95,5000.0,,Thailand,AAA Golden Royal Dragon,AAA Golden Royal Dragon,White Fragrant Rice
2570,rice-noodles-cooking-ingredients,Lee Kum Kee Soy Sauce - Light (Superior),2.4,500.0,Halal,,Lee Kum Kee,Superior,Soy Sauce
2571,rice-noodles-cooking-ingredients,Knorr Stock Cubes - Chicken,3.38,120.0,Halal,,Knorr,Chicken,
2572,rice-noodles-cooking-ingredients,Lee Kum Kee Oyster Sauce - Panda Brand,5.85,770.0,,,Panda Brand,,Lee Kum Kee Oyster Sauce
2573,rice-noodles-cooking-ingredients,Chilli Brand Rice Vermicelli,1.3,400.0,Halal,,Chilli Brand,Chilli Brand,Rice Vermicelli
2574,rice-noodles-cooking-ingredients,Chee Seng Sesame Oil - White,4.75,320.0,Halal,,Chee Seng,White,Sesame Oil
2575,rice-noodles-cooking-ingredients,Okome Japanese Rice - Short Grain,12.05,4500.0,,Japan,Okome,Short Grain,Rice
2576,rice-noodles-cooking-ingredients,Lee Kum Kee Soy Sauce - Light,1.8,500.0,Halal,,Lee Kum Kee,Light,Soy Sauce
2577,rice-noodles-cooking-ingredients,Heinz Tomato Ketchup,7.25,567.0,,,Heinz,Tomato Ketchup,Tomato Ketchup
2578,rice-noodles-cooking-ingredients,FairPrice Japanese Udon,3.0,600.0,,Japan,FairPrice,Udon,Udon
2579,rice-noodles-cooking-ingredients,SmartChoice Artificial Vinegar,1.22,640.0,Halal,,SmartChoice,Artificial Vinegar,
2580,rice-noodles-cooking-ingredients,Swanson 99% Fat Free Clear Chicken Broth,5.55,1000.0,,,Swanson,99% Fat Free,Clear Chicken Broth
2581,rice-noodles-cooking-ingredients,Knife Brand Groundnut Oil,12.9,2000.0,Halal,,Knife Brand,,Groundnut Oil
2582,rice-noodles-cooking-ingredients,Gabrielle T Himalayan Pink Rock Salt (Fine),2.95,500.0,,,Himalayan Pink Rock Salt,Fine,Himalayan Pink Rock Salt
2583,rice-noodles-cooking-ingredients,Arm & Hammer Pure Baking Soda,2.03,454.0,,,Arm & Hammer,Pure Baking Soda,Pure Baking Soda
2584,rice-noodles-cooking-ingredients,FairPrice Thailand Rice - Fragrant White,8.1,5000.0,,Thailand,FairPrice,Fragrant White,Rice
2585,rice-noodles-cooking-ingredients,FairPrice Jasmine Fragrant Rice,2.95,1000.0,,,FairPrice,Jasmine Fragrant Rice,
2586,rice-noodles-cooking-ingredients,Habhal's Kicap Manis (Soya Bean Sauce) - Sweet,4.0,645.0,Halal,,Habhal,Sweet,Soya Bean Sauce
2587,rice-noodles-cooking-ingredients,Naturel Cooking Oil - Canola,7.5,2000.0,Halal,,Naturel,Naturel,Cooking Oil
2588,rice-noodles-cooking-ingredients,FairPrice AAA Golden Royal Dragon Thai White Fragrant Rice,23.15,10000.0,,Thailand,AAA Golden Royal Dragon,AAA Golden Royal Dragon,White Fragrant Rice
2589,rice-noodles-cooking-ingredients,AAA Artificial Vinegar,5.05,5000.0,,,AAA,AAA,Artificial Vinegar
2590,rice-noodles-cooking-ingredients,Ayam Brand Coconut Milk,1.4,200.0,,,Ayam Brand,,Coconut Milk
2591,rice-noodles-cooking-ingredients,Gilda Tomato Paste,1.01,140.0,,,Gilda,,Tomato Paste
2592,rice-noodles-cooking-ingredients,Lee Kum Kee Soy Sauce - Light (Premium),4.65,500.0,Halal,,Lee Kum Kee,Premium,Soy Sauce
2593,rice-noodles-cooking-ingredients,Barilla Basilico Pasta Sauce with Italian Tomato,5.7,400.0,Halal,,Barilla,Basilico,Pasta Sauce
2594,rice-noodles-cooking-ingredients,Golden Phoenix Rice - Thai Hom Mali,26.9,10000.0,,Thailand,Golden Phoenix,Hom Mali,
2595,rice-noodles-cooking-ingredients,Duck Brand Vegetable Cooking Oil,5.7,2000.0,Halal,,Duck Brand,,Vegetable Cooking Oil
2596,rice-noodles-cooking-ingredients,Marigold Dawn Sweetened Beverage Creamer,3.8,1000.0,Halal,,Marigold Dawn,Marigold Dawn,Creamer
2597,rice-noodles-cooking-ingredients,Fortune Hokkien Noodle - Round,1.52,450.0,Halal,,Fortune,Round,Hokkien Noodle
2598,rice-noodles-cooking-ingredients,FairPrice Olive Oil - Extra Light,26.9,2000.0,,,FairPrice,Extra Light,Olive Oil
2599,rice-noodles-cooking-ingredients,Golden Pineapple Japonica Rice (Short Grain Calrose),10.8,5000.0,,,,Short Grain Calrose,Golden Pineapple
2600,rice-noodles-cooking-ingredients,Tai Hua Dark Soy Sauce - Standard (Big),2.65,640.0,,,Tai Hua,Standard,Dark Soy Sauce
2601,rice-noodles-cooking-ingredients,Best Foods Mayonnaise,5.35,430.0,,,Best Foods,,Mayonnaise
2602,rice-noodles-cooking-ingredients,Knife Brand Cooking Oil,7.9,2000.0,Halal,,Knife Brand,,Cooking Oil
2603,rice-noodles-cooking-ingredients,Naturel Organic Rice - Mixed Brown and Red,11.0,2000.0,Organic,,Naturel,Mixed Brown and Red,Organic Rice
2604,rice-noodles-cooking-ingredients,Kewpie Mayonnaise,5.3,310.0,Halal,,Kewpie,,Mayonnaise
2605,rice-noodles-cooking-ingredients,Milkmaid Sweetened Condensed Milk - Skimmed (Low Fat),2.64,392.0,,,Milkmaid,Low Fat,Sweetened Condensed Milk
2606,rice-noodles-cooking-ingredients,Tadka Himalayan Pink Salt - Fine Grain,3.65,620.0,Halal,,Tadka,Fine Grain,Himalayan Pink Salt
2607,rice-noodles-cooking-ingredients,Hosen Lychee,3.6,565.0,Halal,,,Hosen Lychee,
2608,rice-noodles-cooking-ingredients,San Remo Pasta - Penne,2.25,500.0,Halal,,San Remo,Penne,Pasta
2609,rice-noodles-cooking-ingredients,San Remo Pasta - Fusillini,2.25,500.0,,,San Remo,Fusillini,Pasta
2610,rice-noodles-cooking-ingredients,Sin Sin Chili Sauce - Garlic,2.6,330.0,Halal,,Sin Sin,Garlic,
2611,rice-noodles-cooking-ingredients,Bake King Flours - Plain (All Purpose),2.85,1000.0,Halal,,Bake King,Plain,
2612,rice-noodles-cooking-ingredients,Campbell's Condensed Soup - Cream of Chicken,2.25,300.0,Halal,,Campbell,Cream of Chicken,Condensed Soup
2613,rice-noodles-cooking-ingredients,Heinz Chili Sauce,2.05,310.0,,,Heinz,,
2614,rice-noodles-cooking-ingredients,Rice Field 100% Pure Rice Bran Oil,20.75,5000.0,Halal,,Rice Field,100% Pure Rice Bran Oil,
2615,rice-noodles-cooking-ingredients,Knorr Seasoning Powder - Chicken (No Added MSG),3.84,120.0,Halal,,Knorr,No Added MSG,Chicken
2616,rice-noodles-cooking-ingredients,SongHe 8020 Mixed Fragrant + Red Rice,17.25,5000.0,Halal,,SongHe,Mixed Fragrant + Red Rice,8020
2617,rice-noodles-cooking-ingredients,FairPrice White Pepper - Ground,4.23,100.0,,,FairPrice,Ground,White Pepper
2618,rice-noodles-cooking-ingredients,Golden Chef Royale Thai Hom Mali Fragrant Rice,12.95,5000.0,,Thailand,Golden Chef,Hom Mali,Fragrant Rice
2619,rice-noodles-cooking-ingredients,Royal Umbrella Thai Hom Mali Rice,3.8,1000.0,,Thailand,Royal Umbrella,Hom Mali,Rice
2620,rice-noodles-cooking-ingredients,FairPrice Brown Sugar - Fine,3.1,800.0,,,FairPrice,Fine,Brown Sugar
2621,rice-noodles-cooking-ingredients,Koka Ezy Cook Plain Noodles,1.58,375.0,Halal,,Koka Ezy Cook,Plain Noodles,
2622,rice-noodles-cooking-ingredients,KCT Soya Sauce - Light (Superior),5.5,640.0,,,KCT,Superior,Soya Sauce
2623,rice-noodles-cooking-ingredients,Prima Flour Packet Flour - Bread,2.55,1000.0,Halal,,Prima,Bread,Flour
2624,rice-noodles-cooking-ingredients,Narcissus White Rice Vinegar,1.53,600.0,,,Narcissus,,Rice Vinegar
2625,rice-noodles-cooking-ingredients,Kewpie Mayonnaise,7.15,450.0,,,Kewpie,,Mayonnaise
2626,rice-noodles-cooking-ingredients,Lee Kum Kee Oyster Sauce - Vegetarian,3.0,510.0,Halal,,Lee Kum Kee,Vegetarian,Oyster Sauce
2627,rice-noodles-cooking-ingredients,San Remo Pasta - Instant Spaghetti,2.25,500.0,Halal,,San Remo,Instant Spaghetti,Instant Spaghetti
2628,rice-noodles-cooking-ingredients,Songhe Noble Brown Rice,17.25,5000.0,,,Songhe,,
2629,rice-noodles-cooking-ingredients,Naturel Olive Oil - Pure,13.4,750.0,Halal,,Naturel,Pure,Olive Oil
2630,rice-noodles-cooking-ingredients,SongHe Shokaku Premium Sushi Rice,13.2,4500.0,,,SongHe Shokaku,Premium Sushi Rice,Premium Sushi Rice
2631,rice-noodles-cooking-ingredients,Koka Non-Fried Plain Instant Noodles - Low Fat,1.89,350.0,Halal,,Koka,Low Fat,Non-Fried Plain Instant Noodle
2632,rice-noodles-cooking-ingredients,Golden Phoenix Rice - Thai Hom Mali,14.5,5000.0,,Thailand,Golden Phoenix,Hom Mali,
2633,rice-noodles-cooking-ingredients,San Remo Pasta Sauce - Bolognese and Mushroom,4.2,500.0,Halal,,San Remo,Bolognese and Mushroom,Pasta Sauce
2634,rice-noodles-cooking-ingredients,SIS Brown Sugar - Fine Textured,4.25,800.0,Halal,,SIS,Fine Textured,Brown Sugar
2635,rice-noodles-cooking-ingredients,Taj Basmati Low GI Rice,18.9,5000.0,,,Taj,Low GI Rice,Basmati
2636,rice-noodles-cooking-ingredients,Royal India Basmati Rice - Extra Long,18.5,5000.0,,India,Royal,Extra Long,Basmati Rice
2637,rice-noodles-cooking-ingredients,Lee Kum Kee Soy Sauce - Reduced Salt,3.2,500.0,,,Lee Kum Kee,Reduced Salt,Soy Sauce
2638,rice-noodles-cooking-ingredients,Barilla Italian Pasta - Penne Rigate,3.88,500.0,Halal,Italy,Barilla,Penne Rigate,Pasta
2639,rice-noodles-cooking-ingredients,Double FP Thai Hom Mali Premium Quality Fragrant Rice,20.3,10000.0,,Thailand,Double FP Hom Mali,Premium Quality Fragrant Rice,Premium Quality Fragrant Rice
2640,rice-noodles-cooking-ingredients,Supreme Gold 1121 Basmati Rice,17.8,5000.0,,,,Supreme Gold 1121,Basmati Rice
2641,rice-noodles-cooking-ingredients,FairPrice Olive Oil - Extra Virgin,24.9,2000.0,Halal,,FairPrice,Extra Virgin,Olive Oil
2642,rice-noodles-cooking-ingredients,Naturel Cooking Oil - Sunflower,7.9,2000.0,Halal,,Naturel,Naturel,Cooking Oil
2643,rice-noodles-cooking-ingredients,Heinz Packet Broth - Chicken,5.55,1000.0,,,Heinz,Chicken,Broth
2644,rice-noodles-cooking-ingredients,FairPrice Premium Quality Fine Salt Box,0.55,500.0,,,FairPrice,Premium Quality,Fine Salt Box
2645,rice-noodles-cooking-ingredients,Prego Pasta Sauce - Traditional Tomato,2.7,300.0,,,Prego,Traditional Tomato,Pasta Sauce
2646,rice-noodles-cooking-ingredients,Pagoda Sea Salt - Fine,0.46,500.0,,,Pagoda,Fine,Sea Salt
2647,rice-noodles-cooking-ingredients,Heinz Packet Broth - Chicken,1.75,250.0,Halal,,Heinz,Chicken,Broth
2648,rice-noodles-cooking-ingredients,Prego Pasta Sauce - Carbonara Mushroom,2.7,295.0,,,Prego,Carbonara Mushroom,Pasta Sauce
2649,rice-noodles-cooking-ingredients,Heinz Tomato Ketchup,2.0,300.0,,,Heinz,Tomato Ketchup,Tomato Ketchup
2650,rice-noodles-cooking-ingredients,Swanson Clear Chicken Broth - No Added MSG,5.9,1000.0,,,Swanson,No Added MSG,Clear Chicken Broth
2651,rice-noodles-cooking-ingredients,Knorr Hao Chi All in One Seasoning,3.56,300.0,,,Knorr,Hao Chi,All in One Seasoning
2652,rice-noodles-cooking-ingredients,FairPrice Basmati Rice,17.35,5000.0,,,FairPrice,Basmati Rice,Basmati Rice
2653,rice-noodles-cooking-ingredients,Kewpie Dressing - Roasted Sesame,4.5,210.0,Halal,,Kewpie,Roasted Sesame,Dressing
2654,rice-noodles-cooking-ingredients,Chee Seng Sesame Oil - Black,4.75,320.0,Halal,,Chee Seng,Black,Sesame Oil
2655,rice-noodles-cooking-ingredients,FairPrice India Ponni Rice,8.35,5000.0,,India,FairPrice,Ponni Rice,Ponni Rice
2656,rice-noodles-cooking-ingredients,Swan Tai Ann Mee Sua Box,2.14,300.0,,,Swan Tai,Box,
2657,rice-noodles-cooking-ingredients,Barilla Napoletana Pasta Sauce with Italian Tomato and Herbs,5.7,400.0,Halal,,Barilla,Napoletana,Pasta Sauce
2658,rice-noodles-cooking-ingredients,San Remo Pasta - Linguine,2.25,500.0,Halal,,San Remo,Pasta - Linguine,Pasta - Linguine
2659,rice-noodles-cooking-ingredients,Fortune Noodles - Kway Teow,1.35,400.0,Halal,,Fortune Noodles,Kway Teow,Fortune Noodle
2660,rice-noodles-cooking-ingredients,Tiparos Thai Fish Sauce,2.5,700.0,Halal,,Tiparos,,Thai Fish Sauce
2661,rice-noodles-cooking-ingredients,Carnation Evaporated Milk - Low Fat,2.25,405.0,,,Carnation,Low Fat,Evaporated Milk
2662,rice-noodles-cooking-ingredients,Knife Brand Cooking Oil,4.3,1000.0,Halal,,Knife Brand,,Cooking Oil
2663,rice-noodles-cooking-ingredients,Pagoda Pure Cooking Sea Salt,3.01,1000.0,Halal,,Pagoda,Pure Cooking Sea Salt,
2664,rice-noodles-cooking-ingredients,FairPrice Asian Recipe Paste Mix - Chicken Curry,2.25,200.0,Halal,,FairPrice,Chicken Curry,Asian Recipe Paste Mix
2665,rice-noodles-cooking-ingredients,Knorr Stock Cubes - Beef,2.11,60.0,Halal,,Knorr,Beef,
2666,rice-noodles-cooking-ingredients,Tai Hua Light Soy Sauce - Superior,5.75,640.0,,,Tai Hua,Superior,Light Soy Sauce
2667,rice-noodles-cooking-ingredients,Singlong White Jade Noodles,2.0,340.0,,,Singlong White Jade Noodles,Singlong White Jade Noodles,
2668,rice-noodles-cooking-ingredients,Prego Pasta Sauce - Tomato Mushroom,6.2,680.0,Halal,,Prego,Tomato Mushroom,Pasta Sauce
2669,rice-noodles-cooking-ingredients,Tiger Brand Soya Sauce - Light (Top Quality),4.0,640.0,,,Tiger Brand,Light,Soya Sauce
2670,rice-noodles-cooking-ingredients,Naturel Olive Oil - Extra Virgin,25.9,1500.0,Halal,,Naturel,Extra Virgin,Olive Oil
2671,rice-noodles-cooking-ingredients,Heinz Vinegar - Distilled White,3.2,473.0,,,Heinz,Distilled White,Vinegar
2672,rice-noodles-cooking-ingredients,Tai Hua Light Soy Sauce - Special,3.95,640.0,,,Tai Hua,Special,Light Soy Sauce
2673,rice-noodles-cooking-ingredients,Naturel Organic Pasta - Macaroni,3.56,500.0,Organic,,Naturel,Organic,Pasta
2674,rice-noodles-cooking-ingredients,SunRice Kangaroo Brand Australia Rice - Low GI,10.95,2000.0,,Australia,SunRice,Low GI,Rice
2675,rice-noodles-cooking-ingredients,Lee Kum kee Oyster Sauce - Reduced Salt,5.55,500.0,Halal,,Lee Kum,Reduced Salt,
2676,rice-noodles-cooking-ingredients,Prima Taste Paste - Fragrant Hainanese Chicken Rice,2.25,80.0,,,Prima Taste,Fragrant,Hainanese Chicken Rice
2677,rice-noodles-cooking-ingredients,Lingham's Chili Sauce (Squeeze Bottle),2.95,280.0,,,Lingham,Squeeze Bottle,Chili Sauce
2678,rice-noodles-cooking-ingredients,Knorr Stock Cubes - Ikan Bilis,3.38,120.0,Halal,,Knorr,Ikan Bilis,
2679,rice-noodles-cooking-ingredients,Cabbage Brand Vegetable Cooking Oil,5.35,2000.0,Halal,,Cabbage Brand,,Vegetable Cooking Oil
2680,rice-noodles-cooking-ingredients,KCT Soya Sauce - Light (Standard),2.3,640.0,Halal,,KCT,Standard,Soya Sauce
2681,rice-noodles-cooking-ingredients,Prego Pasta Sauce - Carbonara Mushroom,6.2,665.0,Halal,,Prego,Carbonara Mushroom,Pasta Sauce
2682,rice-noodles-cooking-ingredients,Habhal's Kicap Manis (Soya Bean Sauce) - Sweet,2.91,345.0,Halal,,Habhal,Sweet,Soya Bean Sauce
2683,rice-noodles-cooking-ingredients,Naturel Cooking Oil - Premium Blend of Canola & Sunflower,5.4,1000.0,Halal,,,Premium Blend of Canola & Sunflower,Naturel Cooking Oil
2684,rice-noodles-cooking-ingredients,Tiger Brand Artificial Vinegar,1.64,640.0,,,Tiger Brand,Artificial Vinegar,
2685,rice-noodles-cooking-ingredients,Lee Kum Kee Minced Garlic - Freshly,3.75,213.0,,,Lee Kum Kee,Freshly,Minced Garlic
2686,rice-noodles-cooking-ingredients,Nestle Coffeemate Creamer - Stickpack,4.38,250.0,Halal,,Nestle,Stickpack,Coffeemate Creamer
2687,rice-noodles-cooking-ingredients,Knife Brand Cooking Oil - Groundnut,17.8,3000.0,Halal,,Knife Brand,Groundnut,Cooking Oil
2688,rice-noodles-cooking-ingredients,FairPrice Thai Brown Rice - Unpolished,6.95,2500.0,,Thailand,FairPrice,Unpolished,Brown Rice
2689,rice-noodles-cooking-ingredients,FairPrice Raw Sugar - Granulated,3.56,800.0,,,FairPrice,Granulated,Raw Sugar
2690,rice-noodles-cooking-ingredients,Bake King Baking Powder,1.8,70.0,Halal,,Bake King,,Baking Powder
2691,rice-noodles-cooking-ingredients,Bake King Essences - Vanilla,1.85,26.0,Halal,,Bake King,Vanilla,Essence
2692,rice-noodles-cooking-ingredients,Cock Brand 100% Pure Groundnut Oil,12.8,2000.0,Halal,,Cock Brand,100% Pure Groundnut Oil,
2693,rice-noodles-cooking-ingredients,Nature's Nutrition Organic Chia Seed,15.07,500.0,Organic,,Nature's Nutrition,Organic Chia Seed,Organic Chia Seed
2694,rice-noodles-cooking-ingredients,Royal Umbrella Thai Hom Mali Rice,9.58,2500.0,,Thailand,Royal Umbrella,Hom Mali,Rice
2695,rice-noodles-cooking-ingredients,Tai Hua Light Soy Sauce - Reduced Salt,2.75,305.0,,,Tai Hua,Reduced Salt,Light Soy Sauce
2696,rice-noodles-cooking-ingredients,Naturel Organic Rice - Brown,11.0,2000.0,Organic,,Naturel,Brown,Organic Rice
2697,rice-noodles-cooking-ingredients,Royal Umbrella Thai Hom Mali Fragrant Rice - New Crop,16.6,5000.0,,Thailand,Royal Umbrella,New Crop,Fragrant Rice
2698,rice-noodles-cooking-ingredients,Cj Bibigo Korean Bulgogi Sauce - Mild & Sweet,5.55,500.0,Halal,,Cj Bibigo,Mild & Sweet,Korean Bulgogi Sauce
2699,rice-noodles-cooking-ingredients,Fortune Japanese Udon,3.3,600.0,Halal,Japan,Fortune,Udon,Udon
2700,rice-noodles-cooking-ingredients,A1 Instant Curry Sauce - Chicken,3.45,240.0,,,A1,Chicken,
2701,rice-noodles-cooking-ingredients,Marigold Dawn Sweetened Beverage Creamer,1.57,380.0,Halal,,Marigold Dawn,Marigold Dawn,Creamer
2702,rice-noodles-cooking-ingredients,Prego Pasta Sauce - Traditional Tomato,3.6,350.0,Halal,,Prego,Traditional Tomato,Pasta Sauce
2703,rice-noodles-cooking-ingredients,FairPrice Vegetable Oil,4.95,2000.0,Halal,,FairPrice,,Vegetable Oil
2704,rice-noodles-cooking-ingredients,Fry Top Bread Crumbs,1.89,200.0,Halal,,,Fry Top,
2705,rice-noodles-cooking-ingredients,Arm & Hammer Baking Soda Pouch,9.82,2100.0,,,Arm & Hammer,,Baking Soda
2706,rice-noodles-cooking-ingredients,Barilla Arrabbiata Pasta Sauce with Italian Tomato and Chilli Peppers,5.7,400.0,Halal,,Barilla,Arrabbiata,Pasta Sauce
2707,rice-noodles-cooking-ingredients,Knife Brand Thai Fish Sauce - Reduced Salt,2.44,750.0,Halal,,Knife Brand,Reduced Salt,Thai Fish Sauce
2708,rice-noodles-cooking-ingredients,Saf-Instant Dry Baker's Yeast,2.19,55.0,,,Saf-Instant Dry Baker,,
2709,rice-noodles-cooking-ingredients,Barilla Pesto Genovese Pasta Sauce with Fresh Italian Basil,6.95,190.0,,,Barilla,with Fresh Italian Basil,Pesto
2710,rice-noodles-cooking-ingredients,Heinz Tomato Ketchup (No Added Sugar),5.0,369.0,,,Heinz,No Added Sugar,Tomato Ketchup
2711,rice-noodles-cooking-ingredients,Barilla Italian Pasta - Fusilli,3.88,500.0,Halal,Italy,Barilla,Fusilli,Pasta
2712,rice-noodles-cooking-ingredients,Pasar Raw Peanuts,2.38,300.0,,,,Raw Peanuts,
2713,rice-noodles-cooking-ingredients,Woh Hup Vegetarian Sauce - Shiitake Mushroom Oyster,3.3,500.0,,,Woh Hup,Shiitake Mushroom Oyster,Vegetarian Sauce
2714,rice-noodles-cooking-ingredients,"San Remo Pasta Sauce - Tomato, Onion & Garlic",4.2,500.0,Halal,,San Remo,"Tomato, Onion & Garlic",Pasta Sauce
2715,rice-noodles-cooking-ingredients,Sun Brand Dried Hong Kong Yee Fu Mee,2.44,200.0,Halal,Hong Kong,Sun Brand,Dried Yee Fu Mee,Dried Yee Fu Mee
2716,rice-noodles-cooking-ingredients,K-Salt Lower Sodium Salt,1.9,400.0,,,K-Salt,Lower Sodium Salt,
2717,rice-noodles-cooking-ingredients,Prima Flour Packet Flour - Self Raising,3.31,1000.0,Halal,,Prima,Self Raising,Flour
2718,rice-noodles-cooking-ingredients,Megah Mee Claypot Ee Mee,2.19,375.0,,,,Megah Mee,Ee Mee
2719,rice-noodles-cooking-ingredients,Erawan Elephant Rice Flour,1.64,600.0,,,Erawan Elephant,,Rice Flour
2720,rice-noodles-cooking-ingredients,Cirio Passata (Sieved Tomato),4.29,700.0,,,Cirio Passata,Sieved Tomato,
2721,rice-noodles-cooking-ingredients,Laoganma Sauce Condiments - Spicy Chili Crisp,3.2,210.0,,,,Spicy Chili Crisp,Laoganma Sauce
2722,rice-noodles-cooking-ingredients,Kara Organic Coconut Cream,1.7,200.0,Organic,,Kara,,Coconut Cream
2723,rice-noodles-cooking-ingredients,Hinode Mirin Sweet Cooking Sauce,3.77,320.0,,,Hinode,Mirin,Sweet Cooking Sauce
2724,rice-noodles-cooking-ingredients,FairPrice Bread Flour,2.3,1000.0,Halal,,FairPrice,,Bread Flour
2725,rice-noodles-cooking-ingredients,Delicato Himalayan Pink Salt - Fine,2.55,500.0,,,Delicato,Fine,Himalayan Pink Salt
2726,rice-noodles-cooking-ingredients,Soup Restaurant Samsui Sauce - Ginger,6.93,174.0,Halal,,Restaurant,Ginger,Samsui Sauce
2727,rice-noodles-cooking-ingredients,San Remo Pasta - Angel Hair Spaghetti,2.25,500.0,Halal,,San Remo,Angel Hair Spaghetti,Pasta
2728,rice-noodles-cooking-ingredients,Sun Kee Dried Bean Vermicelli,1.89,180.0,,,Sun Kee,Dried Bean Vermicelli,Dried Bean Vermicelli
2729,rice-noodles-cooking-ingredients,Pagoda Unrefined Dry Demerara Sugar,2.29,500.0,,,Pagoda,,Demerara Sugar
2730,rice-noodles-cooking-ingredients,La Molisana Spaghetti,3.63,500.0,,,La Molisana,,Spaghetti
2731,rice-noodles-cooking-ingredients,Hai Di Lao Hot Pot Seasoning - Tomato,4.5,200.0,,,Hai Di Lao,Tomato,Hot Pot Seasoning
2732,rice-noodles-cooking-ingredients,FairPrice Black Pepper - Ground,4.13,100.0,,,FairPrice,Ground,Black Pepper
2733,rice-noodles-cooking-ingredients,Oki Premium Sunflower Oil,7.3,2000.0,Halal,,Oki,,
2734,rice-noodles-cooking-ingredients,Kikkoman Sauce - Teriyaki,4.99,250.0,,,Kikkoman,Teriyaki,Sauce
2735,rice-noodles-cooking-ingredients,Highway Pork Luncheon Meat,2.55,397.0,,,,Highway Pork,Luncheon Meat
2736,rice-noodles-cooking-ingredients,SmartChoice Long Grain White Rice,7.05,5000.0,,,SmartChoice,Long Grain White Rice,Long Grain White Rice
2737,rice-noodles-cooking-ingredients,Knife Brand Cooking Oil,2.4,500.0,,,Knife Brand,,Cooking Oil
2738,rice-noodles-cooking-ingredients,Temasek Gold Basmati Rice,23.22,5000.0,,,Temasek Gold,Temasek Gold,Basmati Rice
2739,rice-noodles-cooking-ingredients,Double Pagoda Sesame Oil - Pure,4.64,250.0,,,Double Pagoda,Pure,Sesame Oil
2740,rice-noodles-cooking-ingredients,Pasar Chinese Herbs - Goji berry,4.15,150.0,,China,,,Goji berry
2741,rice-noodles-cooking-ingredients,FairPrice Basmati Rice,7.7,2500.0,,,FairPrice,Basmati Rice,Basmati Rice
2742,rice-noodles-cooking-ingredients,Smart Choice Cooking Oil - Vegetable,4.75,2000.0,Halal,,Smart Choice,Vegetable,Cooking Oil
2743,rice-noodles-cooking-ingredients,FairPrice Black Pepper - Coarse,4.53,80.0,,,FairPrice,Coarse,Black Pepper
2744,rice-noodles-cooking-ingredients,Maggi Tomato Sauce,1.77,320.0,,,Maggi,,Tomato Sauce
2745,rice-noodles-cooking-ingredients,New Moon Premium Fragrant Rice (Thai Hom Mali),15.5,5000.0,,Thailand,New Moon,Hom Mali,Premium Fragrant Rice
2746,rice-noodles-cooking-ingredients,Naturel Organic Pasta - Spaghetti,3.56,500.0,Organic,,Naturel,Organic,Pasta
2747,rice-noodles-cooking-ingredients,Dahlia Tamarind Paste,1.28,300.0,Halal,,Dahlia,,Tamarind Paste
2748,rice-noodles-cooking-ingredients,Lee Kum Kee Squeezy Bottle Oyster Sauce - Premium,7.5,500.0,,,Lee Kum Kee,Premium,Squeezy Bottle Oyster Sauce
2749,rice-noodles-cooking-ingredients,FairPrice Flour Vermicelli (Mee Suah),1.35,300.0,,,FairPrice,Mee Suah,Flour Vermicelli
2750,rice-noodles-cooking-ingredients,SongHe New Crop AAA Thai Hom Mali Rice,8.2,2000.0,,Thailand,SongHe,New Crop,Hom Mali Rice
2751,rice-noodles-cooking-ingredients,Heinz Mayonnaise - Seriously Good,7.85,395.0,,,Heinz,Seriously Good,Mayonnaise
2752,rice-noodles-cooking-ingredients,FairPrice Thailand Rice - White,7.75,5000.0,,Thailand,FairPrice,White,Rice
2753,rice-noodles-cooking-ingredients,FairPrice Pure Cane Sugar - Coarse Grain,4.89,3000.0,Halal,,FairPrice,Coarse Grain,Pure Cane Sugar
2754,rice-noodles-cooking-ingredients,SIS White Sugar - Coarse Grain,2.35,1000.0,Halal,,SIS,Coarse Grain,White Sugar
2755,rice-noodles-cooking-ingredients,Knorr Stock Cubes - Vegetable,2.11,60.0,,,Knorr,Vegetable,
2756,rice-noodles-cooking-ingredients,FairPrice Pasta - Fusilli,2.45,500.0,Halal,,FairPrice,Fusilli,Pasta
2757,rice-noodles-cooking-ingredients,CJ Haechandle Gochujang Red Pepper Paste,6.01,500.0,,,CJ Haechandle,Gochujang,Red Pepper Paste
2758,rice-noodles-cooking-ingredients,Heinz ABC Sweet Sauce,4.9,620.0,Halal,,Heinz,ABC Sweet Sauce,ABC Sweet Sauce
2759,rice-noodles-cooking-ingredients,Barilla Italian Pasta - Chifferi Elbows,3.88,500.0,Halal,Italy,Barilla,Chifferi Elbows,Pasta
2760,rice-noodles-cooking-ingredients,Oki Premium Canola Oil,14.25,5000.0,Halal,,Oki,,
2761,rice-noodles-cooking-ingredients,AAA Shao Xing Cooking Wine,3.6,640.0,,,AAA Shao Xing,AAA Shao Xing,Cooking Wine
2762,rice-noodles-cooking-ingredients,Pasar Dried Split Fish,2.75,100.0,,,,,Dried Split Fish
2763,rice-noodles-cooking-ingredients,Hollyfarms Instant Soup Paste - Tom Yum Koong,3.36,227.0,Halal,,Hollyfarms,Tom Yum Koong,Instant Soup Paste
2764,rice-noodles-cooking-ingredients,Plum Blossom Brand Hua Tiao Chiew,15.0,500.0,,,Hua Tiao Chiew,Plum Blossom,
2765,rice-noodles-cooking-ingredients,Knife Brand Rice Bran Oil,8.7,2000.0,Halal,,Knife Brand,,Rice Bran Oil
2766,rice-noodles-cooking-ingredients,Borges Black Olives - Pitted,4.15,230.0,,,Borges,Pitted,Black Olive
2767,rice-noodles-cooking-ingredients,Naturel Cooking Oil - Canola,10.65,3000.0,Halal,,Naturel,Naturel,Cooking Oil
2768,rice-noodles-cooking-ingredients,S&W Premium Vinegar - Distilled White,2.59,473.0,,,S&W,Distilled White,Premium Vinegar
2769,rice-noodles-cooking-ingredients,FairPrice Thai Rice Blend,7.95,2500.0,,Thailand,FairPrice,Rice Blend,Rice Blend
2770,rice-noodles-cooking-ingredients,Prima Taste Paste - Laksa,2.25,80.0,Halal,,Prima Taste,Laksa,Paste
2771,rice-noodles-cooking-ingredients,Kikkoman Soy Sauce,6.57,1000.0,,,Kikkoman,,Soy Sauce
2772,rice-noodles-cooking-ingredients,Ayam Brand Coconut Milk - Trim,1.3,200.0,,,Ayam Brand,Trim,Coconut Milk
2773,rice-noodles-cooking-ingredients,La Molisana Fusilli,3.63,500.0,,,La Molisana,Fusilli,Fusilli
2774,rice-noodles-cooking-ingredients,Singlong Mix - Hainanese Chicken Rice,1.73,90.0,Halal,,Singlong Mix,Singlong Mix,Hainanese Chicken Rice
2775,rice-noodles-cooking-ingredients,Lingham's Chilli Sauce,2.95,280.0,,,Lingham,,Chilli Sauce
2776,rice-noodles-cooking-ingredients,KCT Soya Sauce - Dark (Best),4.08,640.0,Halal,,KCT,Best,Soya Sauce
2777,rice-noodles-cooking-ingredients,Superchia Organic Chia Seed,8.8,500.0,,,Superchia,Organic,Chia Seed
2778,rice-noodles-cooking-ingredients,Chee Seng Sesame Oil - Black,9.15,650.0,,,Chee Seng,Black,Sesame Oil
2779,rice-noodles-cooking-ingredients,"Prego Pasta Sauce - Tomato, Basil & Garlic (Can)",2.7,300.0,,,Prego,"Tomato, Basil & Garlic",Pasta Sauce
2780,rice-noodles-cooking-ingredients,Prima Taste Sauce Kit - Laksa,8.78,225.0,,,Prima Taste,Laksa,Sauce Kit
2781,rice-noodles-cooking-ingredients,New Moon Abalone Sauce,4.5,510.0,Halal,,New Moon Abalone Sauce,New Moon Abalone Sauce,
2782,rice-noodles-cooking-ingredients,Lee Kum Kee Soy Sauce - Dark (Premium),4.55,500.0,Halal,,Lee Kum Kee,Premium,Soy Sauce
2783,rice-noodles-cooking-ingredients,Singlong Gula Malacca,3.97,400.0,,,Singlong Gula,Singlong Gula,
2784,rice-noodles-cooking-ingredients,Pagoda Mineral Salt - Less Sodium,3.77,350.0,,,Pagoda,Less Sodium,Mineral Salt
2785,rice-noodles-cooking-ingredients,Flying Man Brand Corn Flour,1.11,400.0,,,Flying Man Brand,Flying Man Brand,Corn Flour
2786,rice-noodles-cooking-ingredients,FairPrice Olive Oil - Extra Virgin,9.5,500.0,Halal,,FairPrice,Extra Virgin,Olive Oil
2787,rice-noodles-cooking-ingredients,Lee Kum Kee Squeezy Bottle Oyster Sauce - Panda Brand,3.6,500.0,,,Panda Brand,Panda Brand,Lee Kum Kee
2788,rice-noodles-cooking-ingredients,Good by Grove Everyday Use Avocado Oil,19.95,500.0,,,Good by Grove,Everyday Use,Avocado Oil
2789,rice-noodles-cooking-ingredients,Prego Pasta Sauce - Cheese and Herbs,2.7,300.0,,,Prego,Cheese and Herbs,Pasta Sauce
2790,rice-noodles-cooking-ingredients,Tiger Brand Soya Sauce - Light (Standard Grade),2.55,640.0,,,Tiger Brand,Light,Soya Sauce
2791,rice-noodles-cooking-ingredients,Leggo's Tomato Puree,2.42,410.0,Halal,,Leggo,,Tomato Puree
2792,rice-noodles-cooking-ingredients,Golden Chef 100% Pure Sesame Oil,8.95,750.0,Halal,,Golden Chef,100% Pure Sesame Oil,
2793,rice-noodles-cooking-ingredients,Lee Kum Kee Oyster Sauce - Dried Scallop,7.5,510.0,Halal,,Lee Kum Kee,Dried Scallop,Dried Scallop
2794,rice-noodles-cooking-ingredients,MasterFood Seasoning - Garlic Powder,5.5,45.0,,,MasterFood,Garlic Powder,Garlic Powder
2795,rice-noodles-cooking-ingredients,FairPrice Canola Oil,2.5,500.0,Halal,,FairPrice,,Canola Oil
2796,rice-noodles-cooking-ingredients,Medella Organic Premium Coconut Cooking Oil,29.9,1900.0,Organic,,Medella,Organic,Cooking Oil
2797,rice-noodles-cooking-ingredients,Sakura Japonica Short Grain Rice,9.8,5000.0,,,Sakura Japonica,Short Grain Rice,Short Grain Rice
2798,rice-noodles-cooking-ingredients,Hershey's Chocolate Chips - Semi-Sweet,7.35,285.0,Halal,,Hershey,Semi-Sweet,Chocolate Chip
2799,rice-noodles-cooking-ingredients,Pagoda Pure Potato Starch,1.97,350.0,,,Pagoda,Pure Potato Starch,
2800,rice-noodles-cooking-ingredients,Campbell's Condensed Soup - Cream Style Corn with Chicken,2.25,305.0,,,Campbell,Cream Style,Condensed Soup
2801,rice-noodles-cooking-ingredients,FairPrice Tomato Ketchup,1.16,320.0,Halal,,FairPrice,,Tomato Ketchup
2802,rice-noodles-cooking-ingredients,Maggi Air Fryer Marinade Paste - Lemongrass Chicken Thai-Style,2.1,100.0,Halal,,Maggi,Thai-Style,Lemongrass Chicken
2803,rice-noodles-cooking-ingredients,Knife Brand Thai Fish Sauce - Reduced Salt,1.43,300.0,Halal,,Knife Brand,Reduced Salt,Thai Fish Sauce
2804,rice-noodles-cooking-ingredients,LG Noodles - Yellow,2.95,1000.0,Halal,,LG Noodles,Yellow,LG Noodle
2805,rice-noodles-cooking-ingredients,Kikkoman Soy Sauce - Less Salt,5.95,600.0,,,Kikkoman,Less Salt,Soy Sauce
2806,rice-noodles-cooking-ingredients,Naturel Cooking Oil - Sunflower,11.9,3000.0,Halal,,Naturel,Naturel,Cooking Oil
2807,rice-noodles-cooking-ingredients,Prima Flour Artisan Bread Flour,3.55,1000.0,Halal,,Prima Flour,Artisan Bread Flour,Artisan Bread Flour
2808,rice-noodles-cooking-ingredients,Naturel Extra Light Olive Oil,30.9,2000.0,Halal,,Naturel,Extra Light,Olive Oil
2809,rice-noodles-cooking-ingredients,Tabasco Sauce - Pepper,8.2,150.0,Halal,,Tabasco Sauce,Pepper,Tabasco Sauce
2810,rice-noodles-cooking-ingredients,Fairprice Lower Sodium Salt with Potassium,2.3,400.0,,,Fairprice,Lower Sodium,Salt with Potassium
2811,rice-noodles-cooking-ingredients,SIS White Sugar - Fine Grain,4.5,2000.0,Halal,,SIS,Fine Grain,White Sugar
2812,rice-noodles-cooking-ingredients,Kwong Cheong Thye Superior Soya Sauce - Dark,5.5,640.0,Halal,,Kwong Cheong Thye,Dark,Superior Soya Sauce
2813,rice-noodles-cooking-ingredients,"Leggo’s Pasta Sauce - Bolognese (Mushroom, Chunky Tomato & Herbs)",4.55,500.0,Halal,,Leggo’s,Bolognese,Pasta Sauce
2814,rice-noodles-cooking-ingredients,Swanson Pork Bone Broth,5.55,1000.0,,,Swanson,,Pork Bone Broth
2815,rice-noodles-cooking-ingredients,FairPrice Soya Sauce - Light,2.2,660.0,Halal,,FairPrice,Light,Soya Sauce
2816,rice-noodles-cooking-ingredients,Ajinomoto Pure Select Mayonnaise,5.3,400.0,,,Ajinomoto,Pure Select,Mayonnaise
2817,rice-noodles-cooking-ingredients,Flying Man Brand Tapioca Starch,1.22,500.0,,,Flying Man Brand,,Tapioca Starch
2818,rice-noodles-cooking-ingredients,FairPrice Thai Hom Mali Superior Fragrant Rice,29.1,10000.0,,Thailand,FairPrice,Hom Mali,Superior Fragrant Rice
2819,rice-noodles-cooking-ingredients,SongHe Noble Berry Rice,6.06,1000.0,Halal,,SongHe,Noble Berry,Rice
2820,rice-noodles-cooking-ingredients,SIS Raw Sugar - Natural Granulated (Sticks),4.25,350.0,Halal,,SIS,Natural Granulated,Raw Sugar
2821,rice-noodles-cooking-ingredients,FLS Sichuan Soya Beancurd Chili and Sesame Oil,1.12,130.0,,,FLS,Chili and Sesame Oil,Sichuan Soya Beancurd
2822,rice-noodles-cooking-ingredients,Hikari Miso Organic Paste - Mild Sodium,7.47,500.0,Organic,,Hikari,Mild,Organic Paste
2823,rice-noodles-cooking-ingredients,Prima Flour Superior Bread Flour,3.55,1000.0,Halal,,Prima Flour,Superior,Bread Flour
2824,rice-noodles-cooking-ingredients,Bake King Baking Soda,1.6,100.0,Halal,,Bake King,,Baking Soda
2825,rice-noodles-cooking-ingredients,FairPrice Cocoa Powder,3.65,100.0,,,FairPrice,Cocoa Powder,
2826,rice-noodles-cooking-ingredients,FairPrice Rice Vermicelli (Bee Hoon),1.16,400.0,Halal,,FairPrice,Bee Hoon,Rice Vermicelli
2827,rice-noodles-cooking-ingredients,Prima Taste Sauce Kit - Singapore Curry,8.78,300.0,,Singapore,Prima Taste,Curry,Sauce Kit
2828,rice-noodles-cooking-ingredients,Pasar Rock Sugar - China,1.89,500.0,,China,Pasar Rock Sugar,Pasar Rock Sugar,Pasar Rock Sugar
2829,rice-noodles-cooking-ingredients,S&B Golden Curry Sauce Mix - Mild,5.5,220.0,,,S&B,Mild,Golden Curry Sauce Mix
2830,rice-noodles-cooking-ingredients,Pasar Dried Split Fish,6.06,300.0,,,,,Dried Split Fish
2831,rice-noodles-cooking-ingredients,KCT Soya Sauce - Light (Best),4.08,640.0,Halal,,KCT,Light,Soya Sauce
2832,rice-noodles-cooking-ingredients,Prego Pasta Sauce - Mushroom,2.7,300.0,,,Prego,Mushroom,Pasta Sauce
2833,rice-noodles-cooking-ingredients,Van Houten Cocoa Powder,4.42,100.0,Halal,,Van Houten,Cocoa Powder,Cocoa Powder
2834,rice-noodles-cooking-ingredients,FairPrice Tapioca Flour,1.16,500.0,,,FairPrice,,Tapioca Flour
2835,rice-noodles-cooking-ingredients,Borges Olive Oil - Extra Light,39.5,2000.0,Halal,,Borges,Extra Light,Olive Oil
2836,rice-noodles-cooking-ingredients,Borges Olive Oil - Extra Virgin,24.9,1000.0,Halal,,Borges,Extra Virgin,Olive Oil
2837,rice-noodles-cooking-ingredients,Anchor Brand Pepper Powder - White,4.08,100.0,,,Anchor Brand,White,Pepper Powder
2838,rice-noodles-cooking-ingredients,FairPrice Extra Virgin Coconut Oil (Cold Pressed),12.6,500.0,Halal,,FairPrice,Cold Pressed,Extra Virgin Coconut Oil
2839,rice-noodles-cooking-ingredients,FairPrice White Pepper - Ground,2.14,25.0,,,FairPrice,Ground,White Pepper
2840,rice-noodles-cooking-ingredients,Heinz Seriously Good Mayonnaise,7.55,460.0,,,Heinz,Seriously Good,Mayonnaise
2841,rice-noodles-cooking-ingredients,FairPrice Pure Cane Sugar - Coarse Grain,3.36,2000.0,Halal,,FairPrice,Coarse Grain,Pure Cane Sugar
2842,rice-noodles-cooking-ingredients,FairPrice Oyster Sauce,2.98,480.0,Halal,,FairPrice,Oyster Sauce,Oyster Sauce
2843,rice-noodles-cooking-ingredients,FairPrice Kway Teow,1.46,450.0,Halal,,Kway Teow,Kway Teow,
2844,rice-noodles-cooking-ingredients,PaddyKing Taiwan Pearl Rice,13.95,5000.0,,Taiwan,PaddyKing,Pearl Rice,Pearl Rice
2845,rice-noodles-cooking-ingredients,Naturel Spray Oil - Avocado Olive,7.7,200.0,Halal,,Naturel,,Spray Oil
2846,rice-noodles-cooking-ingredients,San Remo Pasta Sauce - Tomato & Basil 500g,4.2,500.0,,,San Remo,Tomato & Basil,Pasta Sauce
2847,rice-noodles-cooking-ingredients,Nongshim Sweet Potato Glass Noodles,4.35,500.0,,,Nongshim,Sweet Potato,Glass Noodle
2848,rice-noodles-cooking-ingredients,Lea & Perrins Worcestershire Sauce,4.5,150.0,,,Lea & Perrins,,Worcestershire Sauce
2849,rice-noodles-cooking-ingredients,Sin Sin Chili Sauce - Sweet Thai,2.82,315.0,,,Sin Sin,Sweet Thai,
2850,rice-noodles-cooking-ingredients,Pasar Dried Chilies,2.39,150.0,,,,,Dried Chili
2851,rice-noodles-cooking-ingredients,New Moon Premium Fragrant Organic Rice (Thai Hom Mali),9.68,2000.0,Organic,Thailand,New Moon,Hom Mali,Premium Fragrant Organic Rice
2852,rice-noodles-cooking-ingredients,Naturel Cooking Oil - Canola,4.4,1000.0,Halal,,Naturel,Naturel,Cooking Oil
2853,rice-noodles-cooking-ingredients,Campbell's Premium Selection Soup - Wild Mushroom,3.35,300.0,Halal,,Campbell,Wild Mushroom,Premium Selection Soup
2854,rice-noodles-cooking-ingredients,Lee Kum Kee Sauce - Char Siu,3.75,240.0,,,Lee Kum Kee,Char Siu,
2855,rice-noodles-cooking-ingredients,San Remo 3 Mins Quick Cook Macaroni,2.25,500.0,Halal,,San Remo,Quick Cook,Macaroni
2856,rice-noodles-cooking-ingredients,Kang Kang Pasteurised Fresh Laksa Noodles,1.67,420.0,,,Kang Kang,Pasteurised,Laksa Noodle
2857,rice-noodles-cooking-ingredients,Sun Brand Dried Egg Noodles (High Quality),1.48,200.0,Halal,,Sun Brand,High Quality,Dried Egg Noodle
2858,rice-noodles-cooking-ingredients,Naturel Olive Oil - Extra Light,13.4,750.0,Halal,,Naturel,Extra Light,Olive Oil
2859,rice-noodles-cooking-ingredients,Marigold Lady General Sweetened Condensed Milk - Full Cream,2.72,385.0,Halal,,Marigold,Full Cream,Sweetened Condensed Milk
2860,rice-noodles-cooking-ingredients,Kara UHT Natural Coconut Packet Cream,3.1,500.0,,,Kara,Natural,Cream
2861,rice-noodles-cooking-ingredients,Tai Hua Light Soy Sauce - Standard (Small),1.94,320.0,,,Tai Hua,Standard,Light Soy Sauce
2862,rice-noodles-cooking-ingredients,Prego Pasta Sauce - Tomato Mushroom,3.6,350.0,Halal,,Prego,Tomato Mushroom,Pasta Sauce
2863,rice-noodles-cooking-ingredients,Taj Low GI Basmati Rice,4.89,1000.0,,,Taj,Low GI,Basmati Rice
2864,rice-noodles-cooking-ingredients,Sun Kee Dried Food - Ruo Qiang Red Dates,4.3,300.0,,,Sun Kee,Ruo Qiang,Red Date
2865,rice-noodles-cooking-ingredients,Tong Hai Shao Hsing Cooking Hua Tiao Chiew,3.66,640.0,,,Hua Tiao Chiew,Hua Tiao Chiew,
2866,rice-noodles-cooking-ingredients,Okome Shortgrain Rice,4.06,1000.0,,,Okome,,
2867,rice-noodles-cooking-ingredients,SIS Caster Sugar - Extra Fine,3.5,800.0,Halal,,SIS,Extra Fine,Caster Sugar
2868,rice-noodles-cooking-ingredients,SIS White Sugar Sticks - Fine Grain,3.5,400.0,Halal,,SIS,Fine Grain,White Sugar Stick
2869,rice-noodles-cooking-ingredients,San Remo Pasta - Macaroni,2.25,500.0,,,San Remo,Macaroni,Pasta
2870,rice-noodles-cooking-ingredients,Del Monte Tomato Paste,1.75,195.0,Halal,,Del Monte,,Tomato Paste
2871,rice-noodles-cooking-ingredients,Erawan Elephant Glutinous Rice Flour,2.34,600.0,,,Erawan Elephant,,Glutinous Rice Flour
2872,rice-noodles-cooking-ingredients,Maggi Chili Sauce,2.27,340.0,,,Maggi,,
2873,rice-noodles-cooking-ingredients,Golden Pineapple India Basmati Rice (Low GI),8.95,2500.0,,India,Golden Pineapple,Low GI,Basmati Rice
2874,rice-noodles-cooking-ingredients,FairPrice Mayo,4.05,430.0,Halal,,FairPrice,,Mayo
2875,rice-noodles-cooking-ingredients,FairPrice 100% Natural Caster Sugar - Extra Fine,2.65,800.0,Halal,,FairPrice,Extra Fine,Caster Sugar
2876,rice-noodles-cooking-ingredients,FairPrice Potato Starch,1.7,350.0,Halal,,FairPrice,,Potato Starch
2877,rice-noodles-cooking-ingredients,SongHe AAA Thai Hom Mali Rice,4.84,1000.0,,Thailand,SongHe,Hom Mali,Rice
2878,rice-noodles-cooking-ingredients,MasterFoods Spices - Paprika Ground,4.48,33.0,,,MasterFoods,Ground,Paprika
2879,rice-noodles-cooking-ingredients,Pansalt Lower Sodium Mineral Salt,3.87,215.0,,,Pansalt,Lower Sodium,Mineral Salt
2880,rice-noodles-cooking-ingredients,Singlong Bean Mee (Tau Chiam),1.83,250.0,,,,Tau Chiam,Singlong Bean Mee
2881,rice-noodles-cooking-ingredients,FairPrice AAA Golden Royal Dragon Thai White Fragrant Rice,6.6,2500.0,,Thailand,AAA Golden Royal Dragon,AAA Golden Royal Dragon,White Fragrant Rice
2882,rice-noodles-cooking-ingredients,Heinz Barbecue Sauce - Classic (Rich & Smokey),6.4,480.0,,,Heinz,Rich & Smokey,Barbecue Sauce
2883,rice-noodles-cooking-ingredients,FairPrice Pasta - Elbow,2.45,500.0,Halal,,FairPrice,Elbow,Pasta
2884,rice-noodles-cooking-ingredients,Lee Kum Kee Pure Sesame Oil,3.0,207.0,,,Lee Kum Kee,Pure Sesame Oil,Pure Sesame Oil
2885,rice-noodles-cooking-ingredients,Pasar Dried Prawn (Premium),7.8,150.0,,,Pasar,Premium,Dried Prawn
2886,rice-noodles-cooking-ingredients,Naturel Organic Basil Pesto Sauce,6.01,140.0,Organic,,Naturel,Naturel,Organic Basil Pesto Sauce
2887,rice-noodles-cooking-ingredients,Pasar White Sesame Seed,1.53,150.0,,,,Pasar White Sesame Seed,
2888,rice-noodles-cooking-ingredients,Heinz Mayonnaise - Seriously Good,4.95,215.0,,,Heinz,Seriously Good,Mayonnaise
2889,rice-noodles-cooking-ingredients,Singlong Sauce - Black Pepper,3.26,300.0,Halal,,,Black Pepper,Singlong Sauce
2890,rice-noodles-cooking-ingredients,Cap Limau Fried Shallot Crisps,2.95,200.0,,,Cap Limau,Fried Shallot Crisps,Fried Shallot Crisp
2891,rice-noodles-cooking-ingredients,Pasar Red Bean,2.8,500.0,,,Pasar Red Bean,,
2892,rice-noodles-cooking-ingredients,Maggi Air Fryer Marinade Paste - Aromatic Spiced Chicken,2.1,100.0,Halal,,Maggi,Aromatic Spiced Chicken,Air Fryer Marinade Paste
2893,rice-noodles-cooking-ingredients,Lee Kum Kee Soy Sauce - Seafood,4.34,410.0,,,Lee Kum Kee,Seafood,Soy Sauce
2894,rice-noodles-cooking-ingredients,Maille Dijon Mustard - Original,5.6,215.0,,,,Original,Maille Dijon Mustard
2895,rice-noodles-cooking-ingredients,Kafera Raw Cane Sugar - Rich Aroma,3.65,500.0,,,Kafera,Rich Aroma,Raw Cane Sugar
2896,rice-noodles-cooking-ingredients,Naturel Organic Pasta - Penne,3.56,500.0,Organic,,Naturel,Naturel,Pasta
2897,rice-noodles-cooking-ingredients,FairPrice Pasta - Spaghetti,2.45,500.0,Halal,,FairPrice,Spaghetti,Pasta
2898,rice-noodles-cooking-ingredients,Maggi Air Fryer Marinade Paste - Satay Chicken,2.1,100.0,Halal,,Maggi,Satay Chicken,Marinade Paste
2899,rice-noodles-cooking-ingredients,"Leggo’s Pasta Sauce - Carbonara (Fresh Cream, Onion & Cheese)",6.51,490.0,Halal,,Leggo’s,Carbonara,Pasta Sauce
2900,rice-noodles-cooking-ingredients,Mahsuri Oyster Flavoured Sauce,3.3,510.0,Halal,,,Mahsuri Oyster Flavoured Sauce,Mahsuri Oyster Flavoured Sauce
2901,rice-noodles-cooking-ingredients,Double FP Thai Hom Mali Premium Quality Fragrant Rice - New Crop,12.95,5000.0,,Thailand,Double FP Hom Mali,Premium Quality Fragrant Rice,Premium Quality Fragrant Rice
2902,rice-noodles-cooking-ingredients,Chef Genius Chen Nian Hua Tiao Chiew,1.83,640.0,,,Hua Tiao Chiew,,
2903,rice-noodles-cooking-ingredients,MasterFoods Seasoning - Onion Powder,4.5,44.0,,,MasterFoods,Onion Powder,
2904,rice-noodles-cooking-ingredients,Songhe Glutinous Rice,4.03,1000.0,,,Songhe,,Glutinous Rice
2905,rice-noodles-cooking-ingredients,Golden Circle Corn Oil,7.5,2000.0,,,Golden Circle,,Corn Oil
2906,rice-noodles-cooking-ingredients,"Leggo’s Pasta Sauce - Bolognese (Chunky Tomato, Garlic & Herbs)",4.55,500.0,Halal,,Leggo’s,"Chunky Tomato, Garlic & Herbs",Pasta Sauce
2907,rice-noodles-cooking-ingredients,Barilla Italian Pasta - Spaghetti No.3,3.88,500.0,Halal,Italy,Barilla,Spaghetti No.3,Pasta
2908,rice-noodles-cooking-ingredients,Tiger Brand Soya Sauce - Dark (Top Quality),2.55,320.0,,,Tiger Brand,Dark,Soya Sauce
2909,rice-noodles-cooking-ingredients,PaddyKing Thai Tri-Color Wholegrain Rice,9.95,2500.0,,Thailand,PaddyKing,Tri-Color,Wholegrain Rice
2910,rice-noodles-cooking-ingredients,Taho Lemon Chili Sauce - Extra Hot,1.94,180.0,,,Taho,Extra Hot,
2911,rice-noodles-cooking-ingredients,Double Pagoda Sesame Oil - Pure,3.25,150.0,,,Double Pagoda,Pure,Sesame Oil
2912,rice-noodles-cooking-ingredients,GPA Sugar - 100% Natural Fine Cane Sugar,1.8,1000.0,,,GPA,100% Natural,Fine Cane Sugar
2913,rice-noodles-cooking-ingredients,Oki Premium Soya Bean Oil,6.3,2000.0,Halal,,,Oki Premium Soya Bean Oil,Oki Premium Soya Bean Oil
2914,rice-noodles-cooking-ingredients,McCormick Seasoning - Onion Powder,4.1,45.0,,,McCormick,Onion Powder,Seasoning
2915,rice-noodles-cooking-ingredients,Tai Hua Sweet Sauce,1.73,320.0,,,Tai Hua,Sweet Sauce,
2916,rice-noodles-cooking-ingredients,Chan Kong Thye Black Sweet Rice Vinegar,7.34,750.0,,,Chan Kong Thye,,
2917,rice-noodles-cooking-ingredients,Fortune Premium Abalone Sauce,3.85,380.0,,,Fortune,,
2918,rice-noodles-cooking-ingredients,Tong Foong Sauce - Red Dates Dark Soy Sauce,3.66,325.0,,,Tong Foong Sauce,Dark Soy Sauce,Dark Soy Sauce
2919,rice-noodles-cooking-ingredients,SongHe 8020 Mixed Fragrant Rice + Red Rice,8.9,2000.0,Halal,,SongHe,Mixed Fragrant Rice + Red Rice,8020
2920,rice-noodles-cooking-ingredients,Lee Kum Kee Sauce - Ma Po Tofu,1.94,80.0,,,Lee Kum Kee,Ma Po Tofu,Ma Po Tofu
2921,rice-noodles-cooking-ingredients,Pasar Dried Pearl Sago,1.37,250.0,,,Pasar,,Dried Pearl Sago
2922,rice-noodles-cooking-ingredients,Tai Hua Dark Soy Sauce - Special,3.95,640.0,,,Tai Hua,Special,Dark Soy Sauce
2923,rice-noodles-cooking-ingredients,Double FP Thai Hom Mali Premium Quality Fragrant Rice,3.55,1000.0,,Thailand,Double FP Hom Mali,Premium Quality Fragrant Rice,Premium Quality Fragrant Rice
2924,rice-noodles-cooking-ingredients,San Remo Pasta - Vegeroni Spirals,2.73,375.0,Halal,,San Remo,Vegeroni Spirals,Pasta
2925,rice-noodles-cooking-ingredients,FairPrice Canola Oil,3.95,1000.0,Halal,,FairPrice,,Canola Oil
2926,rice-noodles-cooking-ingredients,Pagoda Finest Pearl Barley,1.43,400.0,,,Pagoda Finest Pearl Barley,Pagoda Finest Pearl Barley,
2927,rice-noodles-cooking-ingredients,Fairprice Rice Bran Oil,9.5,2000.0,Halal,,Fairprice,,Rice Bran Oil
2928,rice-noodles-cooking-ingredients,Mccormick Grinder - Black Peppercorn,6.45,28.0,,,Mccormick,Black Peppercorn,
2929,rice-noodles-cooking-ingredients,Kewpie Dressing - Roasted Sesame (Yuzu),4.95,210.0,Halal,,Kewpie,Roasted Sesame (Yuzu),Dressing
2930,rice-noodles-cooking-ingredients,Heinz Vinegar - Apple Cider,5.25,473.0,,,Heinz,Apple Cider,Vinegar
2931,rice-noodles-cooking-ingredients,MasterFoods Herbs - Italian Herbs,4.08,10.0,,Italy,MasterFoods,Herbs,Herb
2932,rice-noodles-cooking-ingredients,Dahlia Tamarind Paste,3.31,1000.0,Halal,,Dahlia,,Tamarind Paste
2933,rice-noodles-cooking-ingredients,FairPrice Black Pepper - Seed,3.66,80.0,,,FairPrice,Seed,Black Pepper
2934,rice-noodles-cooking-ingredients,Hunt's Tomato Sauce,2.0,227.0,,,Hunt,,Tomato Sauce
2935,rice-noodles-cooking-ingredients,MasterFoods Spices - Chilli Flakes,5.5,22.0,,,MasterFoods,,Chilli Flake
2936,rice-noodles-cooking-ingredients,Barilla Italian Pasta - Farfalle,3.88,500.0,Halal,Italy,Barilla,,Farfalle
2937,rice-noodles-cooking-ingredients,Barilla Italian Pasta - Linguine 13,3.88,500.0,Halal,Italy,Barilla,Linguine 13,Pasta
2938,rice-noodles-cooking-ingredients,Bake King Flours - Bread (High Protein),3.15,1000.0,Halal,,Bake King,High Protein,Bread
2939,rice-noodles-cooking-ingredients,Maggi Premium Oyster Sauce,3.63,500.0,,,Maggi,Premium Oyster Sauce,Premium Oyster Sauce
2940,rice-noodles-cooking-ingredients,MasterFoods Herbs - Oregano Leaves,4.8,10.0,,,MasterFoods,Oregano Leaves,Herb
2941,rice-noodles-cooking-ingredients,Knorr Seasoning Powder - Chicken,3.38,120.0,Halal,,Knorr,Chicken,Seasoning Powder
2942,rice-noodles-cooking-ingredients,FairPrice Rice Flour,1.25,600.0,Halal,,FairPrice,Rice Flour,Rice Flour
2943,rice-noodles-cooking-ingredients,Double FP Thai Hom Mali Premium Quality Fragrant Rice,7.45,2500.0,,Thailand,Double FP Hom Mali,Premium Quality Fragrant Rice,Premium Quality Fragrant Rice
2944,rice-noodles-cooking-ingredients,Lee Kum Kee Sauce - Black Bean Garlic,3.75,226.0,,,Lee Kum Kee,Black Bean Garlic,
2945,rice-noodles-cooking-ingredients,Maggi Air Fryer Marinade Paste - Tandoori,2.1,100.0,Halal,,Maggi,Tandoori,Marinade Paste
2946,rice-noodles-cooking-ingredients,Wu Chang China Rice,15.95,5000.0,,China,Wu Chang,,Rice
2947,rice-noodles-cooking-ingredients,Tai Hua Dark Soy Sauce - Superior,5.75,640.0,,,Tai Hua,Superior,Dark Soy Sauce
2948,rice-noodles-cooking-ingredients,QBB Pure Ghee,10.4,400.0,Halal,,QBB,Pure Ghee,Pure Ghee
2949,rice-noodles-cooking-ingredients,Hershey's Chocolate Mini Chips - Semi-Sweet,8.3,340.0,,,Hershey,Semi-Sweet,Chocolate Mini Chip
2950,rice-noodles-cooking-ingredients,La Molisana Penne Rigate,3.63,500.0,,,La Molisana,Penne Rigate,Penne Rigate
2951,rice-noodles-cooking-ingredients,House Foods Vermont Curry Sauce Mix - Mild,5.45,230.0,,,House Foods,Mild,Vermont Curry Sauce Mix
2952,rice-noodles-cooking-ingredients,Hai Di Lao Hot Pot Seasoning - Broth Flavor,4.5,110.0,,,Hai Di Lao,Broth Flavor,Hot Pot Seasoning
2953,rice-noodles-cooking-ingredients,Barilla Italian Pasta - Love Shapes,3.88,400.0,Halal,Italy,Barilla,Love Shapes,Pasta
2954,rice-noodles-cooking-ingredients,Heinz ABC Chili Sauce - Sambal Asli,2.63,395.0,Halal,,Heinz,Sambal Asli,ABC Chili Sauce
2955,rice-noodles-cooking-ingredients,Naturel Spray Oil - Extra Virgin,8.8,200.0,Halal,,Naturel,Extra Virgin,Spray Oil
2956,rice-noodles-cooking-ingredients,Prima Flour Packet Flour - Cake,3.82,1000.0,Halal,,Prima,Cake,Flour
2957,rice-noodles-cooking-ingredients,Pasar Dried Barley,1.7,500.0,,,,Dried Barley,
2958,rice-noodles-cooking-ingredients,FairPrice Groundnut Oil,12.95,2000.0,Halal,,FairPrice,,Groundnut Oil
2959,rice-noodles-cooking-ingredients,Bertolli Extra Light Olive Oil Spray,7.95,132.0,,,Bertolli,Extra Light,Olive Oil Spray
2960,rice-noodles-cooking-ingredients,San Remo Pasta - Large Shells,2.25,500.0,,,San Remo,Large Shells,Pasta
2961,rice-noodles-cooking-ingredients,Campbell's 100% Natural Real Stock - Beef,5.75,1000.0,,,Campbell,100% Natural,Beef
2962,rice-noodles-cooking-ingredients,MasterFoods Herbs - Parsley Flakes,3.6,7.0,,,MasterFoods,Parsley Flakes,Herb
2963,rice-noodles-cooking-ingredients,Ayam Brand Coconut Milk,2.55,330.0,Halal,,Ayam Brand,,Coconut Milk
2964,rice-noodles-cooking-ingredients,Kang Kang Pasteurised Ipoh Hor Fun,1.67,420.0,,,Kang Kang,Ipoh Hor Fun,
2965,rice-noodles-cooking-ingredients,Kang Kang Pasteurised Fresh Bee Tai Mak,1.67,420.0,,,Kang Kang,Pasteurised,
2966,rice-noodles-cooking-ingredients,Origins Healthfood Organic Hulled Millet,7.08,1000.0,Organic,,Origins,Organic Hulled Millet,Organic Hulled Millet
2967,rice-noodles-cooking-ingredients,Heinz ABC Chili Sauce - Extra Hot,2.63,395.0,Halal,,Heinz,Extra Hot,ABC Chili Sauce
2968,rice-noodles-cooking-ingredients,Kewpie Dressing - Roasted Sesame,10.14,500.0,Halal,,Kewpie,Roasted Sesame,Dressing
2969,rice-noodles-cooking-ingredients,FairPrice Tartar Sauce,4.08,320.0,Halal,,FairPrice,Tartar Sauce,Tartar Sauce
2970,rice-noodles-cooking-ingredients,Pasar Dried Prawn,4.02,100.0,,,,,Dried Prawn
2971,rice-noodles-cooking-ingredients,PASAR Buah Keras (Candlenuts),1.22,100.0,,,PASAR Buah Keras,Candlenuts,Candlenut
2972,rice-noodles-cooking-ingredients,Hinode Sauce - Soba,5.6,400.0,,,Hinode Sauce,Soba,Hinode Sauce
2973,rice-noodles-cooking-ingredients,Kikkoman Marinade - Teriyaki,5.33,250.0,,,Kikkoman,Teriyaki,Marinade
2974,rice-noodles-cooking-ingredients,Hai Di Lao Hot Pot Soup Base - Spicy,4.5,220.0,,,Hai Di Lao,Spicy,Hot Pot Soup Base
2975,rice-noodles-cooking-ingredients,Golden Chef Hot Pot Soup Base - Tomato,1.65,200.0,,,Golden Chef,Tomato,Hot Pot Soup Base
2976,rice-noodles-cooking-ingredients,Tabasco Sauce - Pepper,3.5,60.0,,,Tabasco Sauce,Pepper,Tabasco Sauce
2977,rice-noodles-cooking-ingredients,Soup Restaurant Samsui Sauce - XO,6.93,150.0,,,Restaurant,XO,Samsui Sauce
2978,rice-noodles-cooking-ingredients,Lady's Choice Real Mayonnaise,2.86,220.0,,,Lady's Choice,Real Mayonnaise,Real Mayonnaise
2979,rice-noodles-cooking-ingredients,Coco Republic Coconut Cooking Oil,10.45,1000.0,Halal,,Coco Republic,,Coconut Cooking Oil
2980,rice-noodles-cooking-ingredients,Knorr Stock Cubes - Chicken,2.11,60.0,Halal,,Knorr,Chicken,
2981,rice-noodles-cooking-ingredients,San Remo Pasta - Instant Lasagna,3.87,250.0,,,San Remo,Instant Lasagna,
2982,rice-noodles-cooking-ingredients,Prima Flour Packet Flour - Plain (Unbleached),3.77,1000.0,Halal,,Prima,Unbleached,Flour
2983,rice-noodles-cooking-ingredients,Sing Long Shave Kuan Miau Noodles,3.62,500.0,,,Sing Long Shave,Sing Long Shave,Kuan Miau Noodle
2984,rice-noodles-cooking-ingredients,Equal Sweetener Sachets - Classic,10.08,100.0,,,,Classic,Sachet
2985,rice-noodles-cooking-ingredients,Sailing Boat Pure Vegetable Cooking Oil,12.35,5000.0,,,,Sailing Boat,Pure Vegetable Cooking Oil
2986,rice-noodles-cooking-ingredients,FairPrice Asian Recipe Paste Mix - Green Curry,2.25,200.0,Halal,,FairPrice,Green Curry,Asian Recipe Paste Mix
2987,rice-noodles-cooking-ingredients,Tai Hua Artificial Vinegar,1.73,640.0,,,Tai Hua,Artificial Vinegar,
2988,rice-noodles-cooking-ingredients,Campbell's Condensed Soup - Mushroom Potage,2.63,300.0,Halal,,Campbell,Mushroom Potage,Condensed Soup
2989,rice-noodles-cooking-ingredients,Flying Man Brand 100% Crystalline Fragrant Rice,16.81,5000.0,,,Flying Man Brand,100% Crystalline Fragrant Rice,
2990,rice-noodles-cooking-ingredients,Bertolli Extra Virgin Olive Oil Spray,7.95,132.0,,,Bertolli,Extra Virgin Olive Oil Spray,Extra Virgin Olive Oil Spray
2991,rice-noodles-cooking-ingredients,Singlong Sambal - Belacan Chili,3.0,230.0,Halal,,,Belacan Chili,Singlong Sambal
2992,rice-noodles-cooking-ingredients,Maggi Chili Sauce - Garlic,2.63,305.0,Halal,,Maggi,Garlic,
2993,rice-noodles-cooking-ingredients,Maggi Air Fryer Marinade Paste - Black Pepper,2.1,80.0,Halal,,Maggi,Black Pepper,Air Fryer
2994,rice-noodles-cooking-ingredients,FairPrice Self Raising Flour,2.9,1000.0,Halal,,FairPrice,Self Raising Flour,Self Raising Flour
2995,rice-noodles-cooking-ingredients,AAA Chinkiang Vinegar,2.55,550.0,,,AAA Chinkiang,,Vinegar
2996,rice-noodles-cooking-ingredients,SIS White Sugar - Fine Grain,6.0,3000.0,Halal,,SIS,Fine Grain,White Sugar
2997,rice-noodles-cooking-ingredients,Tai Hua Artificial Vinegar,4.59,2000.0,Halal,,Tai Hua,Artificial Vinegar,
2998,rice-noodles-cooking-ingredients,Ayam Brand White Pearl Barley,3.48,450.0,,,Ayam,White Pearl Barley,
2999,rice-noodles-cooking-ingredients,FairPrice Whole Wheat Pasta - Fusilli,2.59,500.0,Halal,,FairPrice,Fusilli,Whole Wheat Pasta
3000,rice-noodles-cooking-ingredients,Naturel Organic Olive Oil - Extra Virgin,12.5,500.0,Organic,,Naturel,Extra Virgin,Olive Oil
3001,rice-noodles-cooking-ingredients,Borges Olive Oil - Extra Virgin,13.25,500.0,,,Borges,Extra Virgin,Olive Oil
3002,rice-noodles-cooking-ingredients,Lee Kum Kee Premium Mushroom Powder - No MSG Added,5.95,200.0,Halal,,Lee Kum Kee,No MSG Added,Premium Mushroom Powder
3003,rice-noodles-cooking-ingredients,Naturel Organic Rice - Mixed Brown Gaba & Riceberry,11.0,1800.0,Halal,,Naturel,Mixed Brown,Organic Rice
3004,rice-noodles-cooking-ingredients,Naturel Organic Pasta - Fusilli,3.56,500.0,Organic,,Naturel,Organic,Pasta
3005,rice-noodles-cooking-ingredients,GPA Sugar - 100% Natural Raw Sugar,3.5,1000.0,,,GPA,100% Natural,Raw Sugar
3006,rice-noodles-cooking-ingredients,Borges Blend of Canola & Extra Virgin Olive Oil,21.09,2000.0,,,Borges,Blend of Canola & Extra Virgin Olive Oil,
3007,rice-noodles-cooking-ingredients,KCT Soya Sauce - Dark (Chicken Rice),3.36,450.0,Halal,,KCT,Dark,Soya Sauce
3008,rice-noodles-cooking-ingredients,Campbell's 100% Natural Real Stock - Chicken,5.75,1000.0,,,Campbell,100% Natural,Real Stock
3009,rice-noodles-cooking-ingredients,MasterFood Seasoning - Garlic Powder,13.8,140.0,,,MasterFood,Garlic Powder,Garlic Powder
3010,rice-noodles-cooking-ingredients,Naturel Organic Pasta Sauce - Tomato with Basil,6.21,340.0,Organic,,Naturel,Tomato with Basil,Organic Pasta Sauce
3011,rice-noodles-cooking-ingredients,Kang Kang Pasteurised Fresh Hokkien Noodles,1.67,420.0,,,Kang Kang,Hokkien Noodles,Hokkien Noodle
3012,rice-noodles-cooking-ingredients,PaddyKing Thai Riceberry,6.05,1000.0,,Thailand,PaddyKing,Riceberry,
3013,rice-noodles-cooking-ingredients,Seah's Singapore Bak Kuet Teh Spices,2.8,32.0,,Singapore,Seah's,,Bak Kuet
3014,rice-noodles-cooking-ingredients,Pasar Dried Soya Bean,2.44,800.0,,,Pasar,,Dried Soya Bean
3015,rice-noodles-cooking-ingredients,Lee Kum Kee Sauce - Tomato Garlic Prawns,1.94,70.0,,,Lee Kum Kee,Tomato,Garlic Prawn
3016,rice-noodles-cooking-ingredients,Bertolli Olive Oil - Extra Virgin,38.95,2000.0,,,Bertolli,Extra Virgin,Olive Oil
3017,rice-noodles-cooking-ingredients,Golden Chef 100% Pure Sesame Oil,4.0,320.0,Halal,,Golden Chef,100% Pure Sesame Oil,
3018,rice-noodles-cooking-ingredients,Campbell's Condensed Soup - Creamy Chicken Mushroom,2.63,300.0,Halal,,Campbell,Creamy Chicken Mushroom,Condensed Soup
3019,rice-noodles-cooking-ingredients,Pine Glass Noodle (40g x 10pkt),7.15,40.0,,,Pine Glass Noodle,Pine Glass Noodle,Pine Glass Noodle
3020,rice-noodles-cooking-ingredients,Naturel Organic Pesto - Sundried Tomato,5.3,140.0,Organic,,Naturel,Organic,Pesto
3021,rice-noodles-cooking-ingredients,FairPrice Premium Oyster Sauce,3.2,510.0,Halal,,,Premium Oyster Sauce,Premium Oyster Sauce
3022,rice-noodles-cooking-ingredients,Mahsuri Soy Sauce - Hot Sweet,2.94,410.0,Halal,,Mahsuri Soy Sauce,Hot Sweet,Mahsuri Soy Sauce
3023,rice-noodles-cooking-ingredients,FairPrice Icing Sugar - Super Fine,2.07,500.0,Halal,,FairPrice,Super Fine,Icing Sugar
3024,rice-noodles-cooking-ingredients,Tiger Brand Soya Sauce - Light (Special Grade),5.45,640.0,,,Tiger Brand,Light,Soya Sauce
3025,rice-noodles-cooking-ingredients,Six Fortune Rice Stick Noodles,4.44,320.0,,,,Six Fortune Rice Stick Noodles,Six Fortune Rice Stick Noodle
3026,rice-noodles-cooking-ingredients,La Molisana Spaghetto Quadrato,3.63,500.0,,,La Molisana,Spaghetto Quadrato,
3027,rice-noodles-cooking-ingredients,Maggi Concentrated Chicken Stock,4.74,250.0,Halal,,Maggi,,Concentrated Chicken Stock
3028,rice-noodles-cooking-ingredients,Hime Japanese Noodles - Ramen,7.64,720.0,,Japan,Hime,Ramen,Noodle
3029,rice-noodles-cooking-ingredients,Unicurd Fresh Noodle - Rice Vermicelli,1.95,420.0,Halal,,Unicurd,Fresh Noodle - Rice Vermicelli,
3030,rice-noodles-cooking-ingredients,Naturel Rice Bran Oil,8.7,2000.0,Halal,,Naturel,Naturel,Rice Bran Oil
3031,rice-noodles-cooking-ingredients,Hikari Miso Organic Paste - Dashi,7.47,400.0,Organic,,Hikari,Dashi,Organic Paste
3032,rice-noodles-cooking-ingredients,Knife Brand Thai Fish Sauce,2.29,750.0,Halal,,Knife Brand,,Thai Fish Sauce
3033,rice-noodles-cooking-ingredients,Leggo’s Pasta Sauce - Bolognese (Bacon- Chunky Tomato & Herbs),4.55,500.0,,,Leggo’s,Chunky Tomato & Herbs,Pasta Sauce
3034,rice-noodles-cooking-ingredients,Lee Kum Kee Sauce - Chili Bean,3.75,226.0,Halal,,Lee Kum Kee,Chili Bean,Sauce
3035,rice-noodles-cooking-ingredients,Toh's Daily Chili Garlic - Original,8.5,200.0,Halal,,Toh's Daily,Original,Chili Garlic
3036,rice-noodles-cooking-ingredients,Mahsuri Sweet Soy Sauce,2.94,410.0,Halal,,Mahsuri Sweet Soy Sauce,Mahsuri Sweet Soy Sauce,Mahsuri Sweet Soy Sauce
3037,rice-noodles-cooking-ingredients,Singlong Hibiscus Noodle,4.17,600.0,,,Singlong Hibiscus Noodle,,
3038,rice-noodles-cooking-ingredients,Campbell's 100% Natural Real Stock - Beef,3.95,500.0,,,Campbell,100% Natural,Beef
3039,rice-noodles-cooking-ingredients,FairPrice Fried Onion Crisps,1.48,70.0,Halal,,FairPrice,Fried Onion Crisps,Fried Onion Crisp
3040,rice-noodles-cooking-ingredients,Tiger Brand Soya Sauce - Dark (Super Grade),4.79,320.0,,,Tiger Brand,Super Grade,Soya Sauce
3041,rice-noodles-cooking-ingredients,MasterFoods Spices - Cinnamon (Ground),4.88,28.0,,,MasterFoods,Ground,Spice
3042,rice-noodles-cooking-ingredients,SIS Raw Sugar - Cubes (Box),3.5,454.0,Halal,,SIS,,Raw Sugar - Cube
3043,rice-noodles-cooking-ingredients,FairPrice Soya Sauce - Dark,2.2,660.0,Halal,,FairPrice,Dark,Soya Sauce
3044,rice-noodles-cooking-ingredients,Fish Soup Paradise Premium Fish Broth Concentrate,4.55,135.0,,,Paradise,Concentrate,Premium Fish Broth
3045,rice-noodles-cooking-ingredients,Borges Olive Oil - Extra Virgin,43.9,2000.0,,,Borges,Extra Virgin,Olive Oil
3046,rice-noodles-cooking-ingredients,SIS Raw Sugar Sachets - Natural Granulated,4.25,500.0,Halal,,SIS,Natural Granulated,Raw Sugar
3047,rice-noodles-cooking-ingredients,Daawat Everyday Gold Basmati Rice 5Kg -- By Dashmesh,13.95,5000.0,,,Daawat,Everyday Gold,Basmati Rice
3048,rice-noodles-cooking-ingredients,Plum Blossom Brand Hua Tiao Chiew,12.0,380.0,,,Hua Tiao Chiew,Plum Blossom,
3049,rice-noodles-cooking-ingredients,ILC Bah Kut Tea Spices - Singapore Style,9.08,120.0,,Singapore,ILC Bah Kut,Style,Tea Spice
3050,rice-noodles-cooking-ingredients,FairPrice Basmati Rice,4.0,1000.0,,,FairPrice,Basmati Rice,Basmati Rice
3051,rice-noodles-cooking-ingredients,Pasar Dried Red Dates,1.07,100.0,,,,,Dried Red Date
3052,rice-noodles-cooking-ingredients,Pasar Premium Dried Mushroom - Tea Flower,9.7,200.0,,,Pasar Premium,Pasar Premium,Dried Mushroom
3053,rice-noodles-cooking-ingredients,Golden Chef Soup - Pepper Pork Tripe & Chicken,5.95,800.0,,,Golden Chef,Pepper Pork Tripe & Chicken,Soup
3054,rice-noodles-cooking-ingredients,Lingham's Chilli Sauce - Extra Hot,3.95,280.0,Halal,,Lingham,Extra Hot,Chilli Sauce
3055,rice-noodles-cooking-ingredients,Green Farm Natural Mixed Grains,14.16,1200.0,Halal,,Green Farm,Natural Mixed Grains,
3056,rice-noodles-cooking-ingredients,Prima Taste Sauce Kit - Hainanese Chicken Rice,8.78,405.0,,,Prima Taste,Hainanese Chicken Rice,Hainanese Chicken Rice
3057,rice-noodles-cooking-ingredients,Naturel Organic Pasta Sauce - Tomato with Mushroom,6.21,340.0,Organic,,Naturel,Tomato with Mushroom,Organic Pasta Sauce
3058,rice-noodles-cooking-ingredients,Pasar Red Bean,4.38,800.0,,,Pasar Red Bean,,
3059,rice-noodles-cooking-ingredients,Prima Flour Packet Flour - Chakki Atta,2.14,1000.0,Halal,,Prima,Chakki Atta,Flour
3060,rice-noodles-cooking-ingredients,Nomu Grinder - Black Pepper,8.25,60.0,Halal,,Nomu,Black Pepper,Black Pepper
3061,rice-noodles-cooking-ingredients,Royal India Ponni Rice,8.5,5000.0,,India,Royal,Ponni Rice,Ponni Rice
3062,rice-noodles-cooking-ingredients,Chilli Brand Red Rice Vermicelli,2.19,400.0,Halal,,Chilli Brand,Red Rice Vermicelli,Red Rice Vermicelli
3063,rice-noodles-cooking-ingredients,Swallow Agar Agar Powder - White,1.42,10.0,,,Swallow,White,Agar Agar Powder
3064,rice-noodles-cooking-ingredients,LaDiva Olive Oil - Pomace,10.95,1000.0,Halal,,LaDiva,Pomace,Olive Oil
3065,rice-noodles-cooking-ingredients,Mr Joy's Sambal Belacan,4.8,180.0,,,Mr Joy,Sambal Belacan,Sambal Belacan
3066,rice-noodles-cooking-ingredients,S&B Golden Curry Sauce Mix - Medium Hot,5.5,220.0,,,S&B,Medium Hot,Golden Curry Sauce Mix
3067,rice-noodles-cooking-ingredients,Prima Flour Packet Flour - Superfine Wholegrain (Unbleached),3.55,500.0,Halal,,Prima,Unbleached,Flour
3068,rice-noodles-cooking-ingredients,FairPrice Bee Tai Mak,1.61,450.0,Halal,,Bee Tai Mak,Bee Tai Mak,
3069,rice-noodles-cooking-ingredients,Lee Kum Kee Sauce - Plum,3.75,260.0,,,Lee Kum Kee,Plum,Sauce
3070,rice-noodles-cooking-ingredients,Teo Mei Trading Claypot Noodles,2.4,380.0,,,,Claypot Noodles,Claypot Noodle
3071,rice-noodles-cooking-ingredients,Nature's Nutrition Organic Chia Seed,27.4,1000.0,Organic,,Nature's Nutrition,Organic Chia Seed,Organic Chia Seed
3072,rice-noodles-cooking-ingredients,FairPrice Grapeseed Oil - Light & Neutral,9.5,1000.0,Halal,,FairPrice,Light & Neutral,Grapeseed Oil
3073,rice-noodles-cooking-ingredients,FairPrice Pasta - Penne Rigate,2.45,500.0,Halal,,FairPrice,Penne Rigate,Pasta
3074,rice-noodles-cooking-ingredients,Harmuni Vegetable Oil,11.95,5000.0,Halal,,Harmuni,,Vegetable Oil
3075,rice-noodles-cooking-ingredients,Knorr SavorRich Concentrated Seasoning - Chicken,9.32,480.0,Halal,,Knorr,Chicken,SavorRich
3076,rice-noodles-cooking-ingredients,Golden Chef Soup - Scallop Chicken,5.95,800.0,,,Golden Chef,Scallop Chicken,Soup
3077,rice-noodles-cooking-ingredients,Cj Bibigo Korean Sesame Oil,3.16,110.0,,South Korea,Cj Bibigo,Sesame Oil,Sesame Oil
3078,rice-noodles-cooking-ingredients,AAA Brown Rice Vermicelli,2.7,500.0,Halal,,,AAA Brown Rice Vermicelli,AAA Brown Rice Vermicelli
3079,rice-noodles-cooking-ingredients,FairPrice Premium Canola with Sunflower Oil,10.8,3000.0,Halal,,FairPrice,Premium Canola with Sunflower Oil,Premium Canola with Sunflower Oil
3080,rice-noodles-cooking-ingredients,Royal King Long Grain Basmati Rice,12.95,5000.0,,,,Royal King Long Grain Basmati Rice,
3081,rice-noodles-cooking-ingredients,Kinmemai Japanese Better Brown Rice,10.95,1000.0,,Japan,Kinmemai,Better Brown Rice,
3082,rice-noodles-cooking-ingredients,Hikari Miso Organic Paste - White,7.47,500.0,Organic,,Hikari Miso,White,Organic Paste
3083,rice-noodles-cooking-ingredients,Tiger Brand Soya Sauce - Dark (Top Quality),4.0,640.0,,,Tiger Brand,Dark,Soya Sauce
3084,rice-noodles-cooking-ingredients,Lee Kum Kee Choy Sun Oyster Sauce,1.95,510.0,,,Lee Kum Kee,Choy Sun,Oyster Sauce
3085,rice-noodles-cooking-ingredients,Pagoda Unrefined Soft Dark Brown Sugar,2.34,500.0,Halal,,,Pagoda Unrefined Soft Dark Brown Sugar,
3086,rice-noodles-cooking-ingredients,FairPrice Asian Recipe Paste Mix - Assam Fish,2.25,200.0,Halal,,FairPrice,Assam Fish,Assam Fish
3087,rice-noodles-cooking-ingredients,Royal Umbrella Thai Fragrant Mixed Rice,6.55,2000.0,,Thailand,Royal Umbrella,Fragrant Mixed Rice,Fragrant Mixed Rice
3088,rice-noodles-cooking-ingredients,CJ Beksul Korean Sweet Potato Noodle,5.6,500.0,,South Korea,CJ Beksul,Sweet Potato Noodle,Sweet Potato Noodle
3089,rice-noodles-cooking-ingredients,Kewpie Dressing - Sesame Soy Sauce,4.95,210.0,Halal,,Kewpie,Sesame Soy Sauce,Dressing
3090,rice-noodles-cooking-ingredients,Heinz ABC Sweet Sauce,2.65,320.0,Halal,,Heinz,ABC Sweet Sauce,ABC Sweet Sauce
3091,rice-noodles-cooking-ingredients,Equal Sweetener Sachets - Stevia (No Calorie),15.79,200.0,Halal,,Stevia,No Calorie,Equal Sweetener Sachet
3092,rice-noodles-cooking-ingredients,Origins Chia Seeds,11.11,250.0,,,,Origins,Chia Seed
3093,rice-noodles-cooking-ingredients,Nando's Peri Peri Sauce - Garlic,3.9,125.0,Halal,,Nando's,Garlic,Peri Sauce
3094,rice-noodles-cooking-ingredients,Golden Chef Royale Vegetarian Oyster Flavoured Sauce Diced Mushroom,2.95,480.0,Halal,,Golden Chef Royale,Vegetarian,Oyster Flavoured Sauce
3095,rice-noodles-cooking-ingredients,Lee Kum Kee Supreme Authentic First Draw Soy Sauce - Salt Reduced,6.95,500.0,,,Lee Kum Kee,Salt Reduced,Soy Sauce
3096,rice-noodles-cooking-ingredients,Rice Field 100% Pure Rice Bran Oil,5.3,1000.0,,,Rice Field,100% Pure Rice Bran Oil,
3097,rice-noodles-cooking-ingredients,Windmill Potato Starch,2.4,350.0,,,,Windmill,
3098,rice-noodles-cooking-ingredients,FairPrice Corn Oil,9.2,2000.0,Halal,,FairPrice,,Corn Oil
3099,rice-noodles-cooking-ingredients,Lee Kum Kee Sauce - Hoi Sin,3.75,240.0,Halal,,Lee Kum Kee,Hoi Sin,
3100,rice-noodles-cooking-ingredients,Knorr Stock Cubes - Chicken (No Added MSG),2.42,60.0,Halal,,Knorr,No Added MSG,Chicken
3101,rice-noodles-cooking-ingredients,FairPrice Vegetable Oil,1.95,500.0,Halal,,FairPrice,,Vegetable Oil
3102,rice-noodles-cooking-ingredients,Cobram Estate Extra Virgin Olive Oil - Classic,11.2,375.0,,,Cobram Estate,Classic,Extra Virgin Olive Oil
3103,rice-noodles-cooking-ingredients,Prima Taste Complete Sauce - Chilli Crab,6.62,300.0,Halal,,Prima Taste,Chilli Crab,Complete Sauce
3104,rice-noodles-cooking-ingredients,Lee Kum Kee Sauce - Black Pepper,3.75,230.0,Halal,,Lee Kum Kee,,Sauce
3105,rice-noodles-cooking-ingredients,JA-Rice Rice - Hokkaido Nanatsuboshi (Rinse Free),24.95,2000.0,,,JA-Rice,Rinse Free,Rice
3106,rice-noodles-cooking-ingredients,SongHe Whole Kernel Thai Hom Mali Rice,9.5,2500.0,,Thailand,SongHe,Whole Kernel,
3107,rice-noodles-cooking-ingredients,Farmer Brand Ban Mee - Pumpkin,4.89,530.0,,,Farmer Brand,Pumpkin,Ban Mee
3108,rice-noodles-cooking-ingredients,Barilla Italian Pasta - Gran Ruote Racing Edition,3.88,500.0,,Italy,Barilla,Gran Ruote Racing Edition,Pasta
3109,rice-noodles-cooking-ingredients,Barilla Italian Pasta - Angel Hair,3.88,500.0,Halal,Italy,Barilla,Angel Hair,Pasta
3110,rice-noodles-cooking-ingredients,Bake King Instant Yeast,2.6,50.0,Halal,,Bake King,,Instant Yeast
3111,rice-noodles-cooking-ingredients,FairPrice Unrefined Dry Demerara Sugar,2.1,500.0,Halal,,FairPrice,Unrefined Dry Demerara Sugar,Unrefined Dry Demerara Sugar
3112,rice-noodles-cooking-ingredients,Singlong Korean Sweet Potato Vermicelli,1.53,200.0,,South Korea,Singlong,Sweet Potato Vermicelli,Sweet Potato Vermicelli
3113,rice-noodles-cooking-ingredients,FairPrice Canola Olive Blend Oil,15.5,2000.0,Halal,,FairPrice,Canola Olive Blend,Oil
3114,rice-noodles-cooking-ingredients,Bertolli Olive Oil - Classico,20.95,1000.0,,,Bertolli,Classico,Olive Oil
3115,rice-noodles-cooking-ingredients,Pasar China Bean Stick,2.19,100.0,,China,,,Bean Stick
3116,rice-noodles-cooking-ingredients,FairPrice Soya Bean Oil,6.25,2000.0,Halal,,FairPrice,,Soya Bean Oil
3117,rice-noodles-cooking-ingredients,Pasar Dried Cuttlefish,4.99,70.0,,,Pasar,,Dried Cuttlefish
3118,rice-noodles-cooking-ingredients,TTL Taiwan Cooking Michiu (Cooking Wine),4.69,600.0,,Taiwan,TTL Cooking Michiu,,Cooking Wine
3119,rice-noodles-cooking-ingredients,GPA Sugar - 100% Natural Fine Cane Sugar,3.3,2000.0,,,GPA,100% Natural,Fine Cane Sugar
3120,rice-noodles-cooking-ingredients,Lee Kum Kee Sauce - Fried Cod Fillet,1.94,50.0,,,Lee Kum Kee,Fried Cod Fillet,Fried Cod Fillet
3121,rice-noodles-cooking-ingredients,Hime Japanese Noodles - Buckwheat,7.64,720.0,,Japan,Hime,Buckwheat,Noodle
3122,rice-noodles-cooking-ingredients,Chan Kong Thye Black Sweet Rice Vinegar,5.91,750.0,,,Chan Kong Thye,,
3123,rice-noodles-cooking-ingredients,Lamolisana Linguine,3.63,500.0,,,,Lamolisana Linguine,Lamolisana Linguine
3124,rice-noodles-cooking-ingredients,Lee Kum Kee Sauce - Honey Garlic Spare Ribs,1.94,70.0,,,Lee Kum Kee,Honey Garlic,Spare Rib
3125,rice-noodles-cooking-ingredients,Tiger Brand Artificial Vinegar,4.33,2000.0,,,Tiger Brand,Artificial Vinegar,
3126,rice-noodles-cooking-ingredients,Taho Blachan Chili with Shrimp Paste,2.25,180.0,,,Taho Blachan,with Shrimp Paste,Taho Blachan
3127,rice-noodles-cooking-ingredients,Maggi Stock Cubes - Chicken,2.02,60.0,Halal,,Maggi,Chicken,Stock Cube
3128,rice-noodles-cooking-ingredients,FairPrice Laksa Bee Hoon,1.46,400.0,Halal,,FairPrice,Laksa Bee Hoon,Laksa Bee Hoon
3129,rice-noodles-cooking-ingredients,FairPrice Thailand Rice - Glutinous,6.95,2500.0,,Thailand,FairPrice,Glutinous,Rice
3130,rice-noodles-cooking-ingredients,Mizkan Sesame Sauce - Calorie Half,5.95,250.0,,,Mizkan Sesame Sauce,Calorie Half,Mizkan Sesame Sauce
3131,rice-noodles-cooking-ingredients,Knorr Seasoning Powder - Ikan Bilis (No Added MSG),3.84,120.0,Halal,,Knorr,No Added MSG,Seasoning Powder
3132,rice-noodles-cooking-ingredients,Tai Hua Premium Oyster Sauce,2.95,510.0,,,Tai Hua,Premium Oyster Sauce,Premium Oyster Sauce
3133,rice-noodles-cooking-ingredients,Bagus Fried Onion,2.4,100.0,Halal,,Bagus Fried Onion,Bagus Fried Onion,
3134,rice-noodles-cooking-ingredients,Pasar Dried Honey Dates,0.97,100.0,,,Pasar,,Dried Honey Date
3135,rice-noodles-cooking-ingredients,Fortune Hokkien Noodle - Flat,1.55,450.0,Halal,,Fortune,Flat,Hokkien Noodle
3136,rice-noodles-cooking-ingredients,Pagoda Shao Hsing Hua Tiao Chiew,20.0,640.0,,,,,
3137,rice-noodles-cooking-ingredients,Kara UHT Coconut Packet Cream,5.5,1000.0,,,Kara,,Cream
3138,rice-noodles-cooking-ingredients,MasterFoods Mustard - Honey,5.09,275.0,,,MasterFoods,- Honey,Mustard
3139,rice-noodles-cooking-ingredients,MasterFoods Spices - Smoked Paprika,4.8,35.0,,,MasterFoods,Smoked Paprika,Smoked Paprika
3140,rice-noodles-cooking-ingredients,Silver Bird Ready To Eat - Chocolate Chips,4.59,200.0,Halal,,Silver Bird,Ready To Eat,Chocolate Chip
3141,rice-noodles-cooking-ingredients,La Molisana Chifferi Rigate,3.63,500.0,,,La Molisana,Rigate,
3142,rice-noodles-cooking-ingredients,Singlong Sambal - Nasi Lemak Chili,3.26,230.0,Halal,,,Nasi Lemak Chili,Singlong Sambal
3143,rice-noodles-cooking-ingredients,Alce Nero Organic Puree - Tomato,1.73,200.0,Halal,,Alce Nero,Alce Nero,Organic Puree
3144,rice-noodles-cooking-ingredients,Ja-Rice Rice - Niigata Koshihikari (Rinse Free),26.95,2000.0,,,Ja-Rice,Rinse Free,Rice
3145,rice-noodles-cooking-ingredients,Prima Taste Complete Sauce - Rendang,6.62,300.0,Halal,,Prima Taste,Rendang,Complete Sauce
3146,rice-noodles-cooking-ingredients,Seah's Emperor Herbs Chicken Spices,2.8,23.0,Halal,,Emperor,Spices,Chicken
3147,rice-noodles-cooking-ingredients,New Moon Low Calorie Konjac Noodles - Round,2.3,270.0,,,New Moon,Round,Low Calorie Konjac Noodle
3148,rice-noodles-cooking-ingredients,Pasar Soya Bean,1.94,500.0,,,Pasar Soya Bean,,
3149,rice-noodles-cooking-ingredients,Pasar Dried Scallop,11.87,150.0,,,,,Dried Scallop
3150,rice-noodles-cooking-ingredients,Golden Chef Hot Pot Soup Base - Mushroom,1.65,110.0,,,Golden Chef,Mushroom,Hot Pot Soup Base
3151,rice-noodles-cooking-ingredients,La Molisana Farfalle Rigate,3.63,500.0,,,La Molisana,Farfalle Rigate,Farfalle Rigate
3152,rice-noodles-cooking-ingredients,Maggi 5-Minute Instant Cup Pasta - Swiss Cheese Macaroni,2.67,63.0,,Switzerland,Maggi,Cheese,Pasta
3153,rice-noodles-cooking-ingredients,Singlong Chilli Paste,1.73,500.0,Halal,,,Singlong Chilli Paste,
3154,rice-noodles-cooking-ingredients,Borges Modena Balsamic Vinegar,6.45,500.0,,,Borges Modena,,Balsamic Vinegar
3155,rice-noodles-cooking-ingredients,Lee Kum Kee Oyster Sauce - Vegetarian,4.55,770.0,,,Lee Kum Kee,Vegetarian,Oyster Sauce
3156,rice-noodles-cooking-ingredients,Colavita Pasta - Spaghetti,2.25,500.0,,,Colavita,Spaghetti,Pasta
3157,rice-noodles-cooking-ingredients,Soup Restaurant Samsui Sauce - Sambal,6.93,150.0,,,Restaurant,Sambal,Samsui Sauce
3158,rice-noodles-cooking-ingredients,Prima Taste Complete Sauce - Fried Hokkien Prawn Noodle,6.62,210.0,Halal,,Prima Taste,Fried Hokkien Prawn Noodle,Complete Sauce
3159,rice-noodles-cooking-ingredients,Plum Blossom Brand Shao Hsing Hua Tiao Chiew,6.0,155.0,,,Shao Hsing Hua Tiao Chiew,Plum Blossom Brand,
3160,rice-noodles-cooking-ingredients,Hunt's Tomato Puree,3.5,305.0,,,Hunt,,Tomato Puree
3161,rice-noodles-cooking-ingredients,Knorr Stock Cubes - Tom Yam,2.11,60.0,Halal,,Knorr,Tom Yam,
3162,rice-noodles-cooking-ingredients,Anarkali Super Basmati Rice - Premium,20.37,5000.0,Halal,,Anarkali,Premium,
3163,rice-noodles-cooking-ingredients,FairPrice Olive Oil - Extra Virgin,17.95,1000.0,Halal,,FairPrice,Extra Virgin,Olive Oil
3164,rice-noodles-cooking-ingredients,SCS Spreadable Butter - Extra Virgin Olive Oil with Canola Oil,8.1,250.0,Halal,,SCS,with Canola Oil,Extra Virgin Olive Oil
3165,rice-noodles-cooking-ingredients,MasterFoods Herbs - Mixed Herbs,3.97,13.0,,,MasterFoods,Mixed Herbs,Herb
3166,rice-noodles-cooking-ingredients,Pasar Dried Black Sesame Seed,1.53,150.0,,,Pasar,Dried Black Sesame Seed,
3167,rice-noodles-cooking-ingredients,Sin Sin Chili Sauce - Extra Hot,2.82,295.0,,,Sin Sin Chili Sauce,Extra Hot,Sin Sin Chili Sauce
3168,rice-noodles-cooking-ingredients,Tiger Brand Soya Sauce - Light (Top Quality),2.55,320.0,,,Tiger Brand,Light,Soya Sauce
3169,rice-noodles-cooking-ingredients,Prego Instant Bowl Pasta - Mac & Cheese,2.5,70.0,Halal,,Prego,Mac & Cheese,Instant Bowl Pasta
3170,rice-noodles-cooking-ingredients,Pasar Dried Foods - Anchovies (Big),2.25,100.0,,,Pasar Dried Foods,Big,Anchovy
3171,rice-noodles-cooking-ingredients,Lee Kum Kee Sauce - Teriyaki Chicken,1.94,72.0,,,Lee Kum Kee,Teriyaki Chicken,Sauce
3172,rice-noodles-cooking-ingredients,Borges Olive Oil - Pure,39.5,2000.0,Halal,,Borges,Pure,Olive Oil
3173,rice-noodles-cooking-ingredients,FairPrice Thai Hom Mali Superior Fragrant Rice,3.9,1000.0,,Thailand,FairPrice,Hom Mali,Superior Fragrant Rice
3174,rice-noodles-cooking-ingredients,MasterFoods Herbs - Basil Leaves,3.57,10.0,,,MasterFoods,Herbs,Basil Leaf
3175,rice-noodles-cooking-ingredients,Campbell's Condensed Soup - Country Style Mushroom Chicken,3.35,300.0,Halal,,Campbell,Country Style,Condensed Soup
3176,rice-noodles-cooking-ingredients,Delmonte Soup - Creamy Tomato,2.8,380.0,Halal,,Delmonte,Creamy Tomato,
3177,rice-noodles-cooking-ingredients,Golden Chef Chinkiang Vinegar,1.82,550.0,,,Golden Chef,Chinkiang,Vinegar
3178,rice-noodles-cooking-ingredients,Billington's Natural Unrefined Cane Sugar - Demerara,6.75,1000.0,,,Billington's,Demerara,Natural Unrefined Cane Sugar
3179,rice-noodles-cooking-ingredients,Daawat Select Basmati Rice,5.56,1000.0,,,Daawat,Select Basmati Rice,
3180,rice-noodles-cooking-ingredients,Kikkoman Marinade - Teriyaki (Thick),5.2,290.0,,,Kikkoman,Thick,Marinade
3181,rice-noodles-cooking-ingredients,Naturel Organic Pasta - Angel Hair,3.56,500.0,Organic,,Naturel,Organic,Pasta
3182,rice-noodles-cooking-ingredients,Ikan Brand Instant Curry Paste - Chicken,2.52,200.0,,,Ikan Brand,Chicken,Instant Curry Paste
3183,rice-noodles-cooking-ingredients,Prima Taste Complete Sauce - Prawn Noodle Soup,6.62,235.0,Halal,,Prima Taste,Prawn Noodle Soup,Complete Sauce
3184,rice-noodles-cooking-ingredients,Cj Bibigo Korean Bulgogi Sauce - Hot & Spicy,5.55,500.0,Halal,,Cj Bibigo,Hot & Spicy,Korean Bulgogi Sauce
3185,rice-noodles-cooking-ingredients,FairPrice Dressing - Thousand Island,4.08,340.0,Halal,,FairPrice,Thousand Island,Dressing
3186,rice-noodles-cooking-ingredients,Pearl River Bridge Soy Sauce - Superior Light,2.8,600.0,Halal,,,Superior Light,Soy Sauce
3187,rice-noodles-cooking-ingredients,Star Essences - Vanilla,1.71,30.0,Halal,,Star Essences,Vanilla,
3188,rice-noodles-cooking-ingredients,Knife 100% Pure Sesame Oil,6.52,360.0,Halal,,,100% Pure Sesame Oil,
3189,rice-noodles-cooking-ingredients,Prego Pasta Sauce - Carbonara Mushroom,5.0,350.0,Halal,,Prego,Carbonara Mushroom,Pasta Sauce
3190,rice-noodles-cooking-ingredients,Kewpie Dressing - Caesar,4.95,210.0,Halal,,Kewpie,Caesar,Dressing
3191,rice-noodles-cooking-ingredients,Hai Di Lao Hot Pot Seasoning - Mushroom,4.5,110.0,,,Hai Di Lao,Mushroom,Hot Pot Seasoning
3192,rice-noodles-cooking-ingredients,FairPrice Vegetable Oil,2.95,1000.0,Halal,,FairPrice,,Vegetable Oil
3193,rice-noodles-cooking-ingredients,Prego Buddies Kids Shaped Pasta - Space,1.79,200.0,Halal,,Prego Buddies,Space,Kid Shaped Pasta
3194,rice-noodles-cooking-ingredients,Chilli Brand Rice Vermicelli - Fish Head,1.73,400.0,,,Chilli Brand,Fish Head,Rice Vermicelli
3195,rice-noodles-cooking-ingredients,FairPrice Soyabean Oil,17.5,5000.0,Halal,,FairPrice,,Soyabean Oil
3196,rice-noodles-cooking-ingredients,FairPrice Vegetable Oil,7.4,3000.0,Halal,,FairPrice,,Vegetable Oil
3197,rice-noodles-cooking-ingredients,Samyang Chili Sauce - Hot Chicken Flavor Sauce,6.5,200.0,Halal,,Samyang,Hot Chicken Flavor Sauce,
3198,rice-noodles-cooking-ingredients,Maille Dijon Mustard - Wholegrain,5.6,210.0,,,,Wholegrain,Maille Dijon Mustard
3199,rice-noodles-cooking-ingredients,Kikkoman Soy Sauce - Naturally Brewed,4.62,250.0,,,Kikkoman,Naturally Brewed,Soy Sauce
3200,rice-noodles-cooking-ingredients,Laoganma Sauce Condiments - Chili with Peanut,3.2,210.0,,,,Chili with Peanut,Laoganma Sauce
3201,rice-noodles-cooking-ingredients,Singlong Pickled Green Chilli,3.56,360.0,Halal,,,Singlong Pickled Green Chilli,Singlong Pickled Green Chilli
3202,rice-noodles-cooking-ingredients,SunRice Kangaroo Premium Calrose Rice,16.1,5000.0,,,SunRice,Kangaroo,Premium Calrose Rice
3203,rice-noodles-cooking-ingredients,Borges Olive Oil - Classic,12.0,500.0,Halal,,Borges,Classic,Olive Oil
3204,rice-noodles-cooking-ingredients,FairPrice Paste - Fish Curry,2.25,200.0,Halal,,FairPrice,Fish Curry,Paste
3205,rice-noodles-cooking-ingredients,McCormick Paprika Smoked,4.75,40.0,,,McCormick,Smoked,Paprika
3206,rice-noodles-cooking-ingredients,KCT Soya Sauce - Dark (Standard),2.3,640.0,Halal,,KCT,Standard,Soya Sauce
3207,rice-noodles-cooking-ingredients,San Remo Pasta - Vermicelli,2.25,500.0,Halal,,San Remo,Pasta - Vermicelli,Pasta - Vermicelli
3208,rice-noodles-cooking-ingredients,SongHe Whole Kernel Thai Hom Mali Rice (New Crop) 25kg,75.5,25000.0,,Thailand,SongHe,Hom Mali Rice,Hom Mali Rice
3209,rice-noodles-cooking-ingredients,Lipco Sugar Sticks - Raw,3.53,400.0,,,Lipco,Raw,Sugar Stick
3210,rice-noodles-cooking-ingredients,FairPrice Chili Sauce,1.57,320.0,Halal,,FairPrice,Chili Sauce,Chili Sauce
3211,rice-noodles-cooking-ingredients,McCormick Paprika Ground,4.1,40.0,,,McCormick,Ground,Paprika
3212,rice-noodles-cooking-ingredients,Haday Superior Oyster Sauce,3.2,700.0,,,Haday,Superior Oyster Sauce,Superior Oyster Sauce
3213,rice-noodles-cooking-ingredients,Pasar Dried Prawn Premium,13.2,300.0,,,,Premium,Dried Prawn
3214,rice-noodles-cooking-ingredients,MasterFoods Spices - Cajun Seasoning (Hot),4.11,35.0,,,MasterFoods,Hot,Cajun Seasoning
3215,rice-noodles-cooking-ingredients,Knorr Hao Chi All in One Seasoning,1.73,100.0,,,Knorr,Hao Chi,All in One Seasoning
3216,rice-noodles-cooking-ingredients,Barilla Pomodoro Sauce,5.7,400.0,,,Barilla,Pomodoro Sauce,Pomodoro Sauce
3217,rice-noodles-cooking-ingredients,MasterFoods Mustard - Dijon,4.36,170.0,,,MasterFoods,Dijon,Mustard
3218,rice-noodles-cooking-ingredients,Barilla Italian Pasta - Lasagne With Eggs,4.03,250.0,,Italy,Barilla,Lasagne With Eggs,Pasta
3219,rice-noodles-cooking-ingredients,Woh Hup Chilli Sauce - Thai Sweet,2.98,470.0,Halal,,Woh Hup,Thai Sweet,Chilli Sauce
3220,rice-noodles-cooking-ingredients,Pasar Dried Anchovies,2.34,100.0,,,,,Dried Anchovy
3221,rice-noodles-cooking-ingredients,Swan Tai Ann Vegetarian Noodles,1.28,200.0,,,Swan Tai Ann,Vegetarian Noodles,Vegetarian Noodle
3222,rice-noodles-cooking-ingredients,Origins Organic Tri-Color Quinoa,12.45,450.0,Organic,,Origins,Organic Tri-Color Quinoa,Organic Tri-Color Quinoa
3223,rice-noodles-cooking-ingredients,Ebara E-Basic Ramen Bottle Soup Base - Pork Ribs,7.18,500.0,,,Ebara,E-Basic,Ramen Bottle
3224,rice-noodles-cooking-ingredients,MasterFoods Herbs - Rosemary Leaves,4.08,18.0,,,MasterFoods,Herbs,Herb
3225,rice-noodles-cooking-ingredients,Best Foods Mayonnaise,2.95,220.0,,,Best Foods,,Mayonnaise
3226,rice-noodles-cooking-ingredients,FairPrice White Pepper - Ground,2.4,50.0,,,FairPrice,Ground,White Pepper
3227,rice-noodles-cooking-ingredients,Mizkan Soup Base for Hot Pot - Chicken Paitan,7.03,729.0,,,,Chicken Paitan,Mizkan Soup Base
3228,rice-noodles-cooking-ingredients,Lady's Choice Dressing - Thousand Island,3.51,250.0,Halal,,Lady's Choice,Thousand Island,Dressing
3229,rice-noodles-cooking-ingredients,Knorr Stock Cubes - Ikan Bilis,2.11,60.0,,,Knorr,Ikan Bilis,
3230,rice-noodles-cooking-ingredients,Pasar Dried Food - Melon Strip,2.04,200.0,,,Dried Food,Melon Strip,Melon Strip
3231,rice-noodles-cooking-ingredients,Harmuni Thai Premium Fragrant Rice,13.34,5000.0,,Thailand,Harmuni,Premium Fragrant Rice,Premium Fragrant Rice
3232,rice-noodles-cooking-ingredients,FairPrice Whole Wheat Pasta - Spaghetti,2.59,500.0,Halal,,FairPrice,Spaghetti,Pasta
3233,rice-noodles-cooking-ingredients,Kara Instant Coconut Cream Powder,1.1,50.0,,,Kara,Instant Coconut Cream Powder,Instant Coconut Cream Powder
3234,rice-noodles-cooking-ingredients,Hokkaido Yukigozen Japanese Rice,16.5,2000.0,,Japan,Hokkaido Yukigozen,Hokkaido Yukigozen,Rice
3235,rice-noodles-cooking-ingredients,Leggo’s Pasta Sauce - Alfredo (Fresh Cream & Cheese),6.51,490.0,Halal,,Leggo’s,Fresh Cream & Cheese,Pasta Sauce
3236,rice-noodles-cooking-ingredients,Ajitsuke Roasted Seaweed,4.08,27.0,,,Ajitsuke,Roasted Seaweed,Roasted Seaweed
3237,rice-noodles-cooking-ingredients,Pine Glass Noodle (M),3.1,160.0,,,Pine Glass Noodle,M,Pine Glass Noodle
3238,rice-noodles-cooking-ingredients,Habhal's Kicap Masin (Soya Bean Sauce) - Salted,2.91,345.0,,,Habhal,Salted,Kicap Masin
3239,rice-noodles-cooking-ingredients,Prego Pasta - Macaroni,2.3,500.0,Halal,,Prego,Macaroni,Pasta
3240,rice-noodles-cooking-ingredients,Barilla Italian Pasta - Pipe Rigate,3.88,500.0,,Italy,Barilla,Pipe Rigate,Pasta
3241,rice-noodles-cooking-ingredients,Campbell's Condensed Soup - Crab Chowder,3.74,290.0,Halal,,Campbell,Crab Chowder,Condensed Soup
3242,rice-noodles-cooking-ingredients,Maggi 5-Minute Instant Cup Pasta - Carbonara Cream Macaroni,2.67,63.0,,,Maggi,Pasta - Carbonara Cream,Macaroni
3243,rice-noodles-cooking-ingredients,Pasar Red Kidney Bean,1.68,250.0,,,Pasar Red Kidney Bean,Pasar Red Kidney Bean,
3244,rice-noodles-cooking-ingredients,Superfarm Organic Tricolor Quinoa,8.9,1000.0,,,Superfarm,Organic,Quinoa
3245,rice-noodles-cooking-ingredients,S&B Crunchy Garlic with Chili Oil,6.31,110.0,,,S&B,Crunchy Garlic with Chili Oil,
3246,rice-noodles-cooking-ingredients,Leggo's Squeezy Tomato Paste,4.95,400.0,Halal,,Leggo,Squeezy Tomato Paste,Squeezy Tomato Paste
3247,rice-noodles-cooking-ingredients,Maggi Stock Cubes - Chicken,2.02,60.0,Halal,,Maggi,Chicken,Stock Cube
3248,rice-noodles-cooking-ingredients,Pagoda Shao Hsing Hua Tiao Chiew,12.0,375.0,,,,,
3249,rice-noodles-cooking-ingredients,Pasar Dried Foods - Salted Fish,5.5,150.0,,,Pasar Dried Foods,,Salted Fish
3250,rice-noodles-cooking-ingredients,Lee Kum Kee Minced Ginger,3.75,213.0,,,Lee Kum Kee,Lee Kum Kee,Minced Ginger
3251,rice-noodles-cooking-ingredients,Hosen Rambutan,3.8,565.0,Halal,,,Hosen Rambutan,
3252,rice-noodles-cooking-ingredients,Golden Chef Sweet Thai Chilli,2.73,320.0,Halal,Thailand,Golden Chef,Sweet Chilli,
3253,rice-noodles-cooking-ingredients,Old El Paso Taco Spice Mix - Mild Spicy,2.59,25.0,,,Old El Paso,Mild Spicy,Taco Spice Mix
3254,rice-noodles-cooking-ingredients,AAA Salted Plums,1.43,220.0,Halal,,AAA,,Salted Plum
3255,rice-noodles-cooking-ingredients,Lee Kum Kee Sauce - Sweet and Sour,3.75,240.0,,,Lee Kum Kee,Sweet and Sour,Sauce
3256,rice-noodles-cooking-ingredients,Haday Cooking Wine,2.4,450.0,,,Haday,,Cooking Wine
3257,rice-noodles-cooking-ingredients,FairPrice Black Pepper - Ground,2.04,50.0,,,FairPrice,Ground,Black Pepper
3258,rice-noodles-cooking-ingredients,GPA Sugar - 100% Natural White Sugar Sticks ( 4g x 100s ),1.95,400.0,,,GPA,100% Natural,Sugar
3259,rice-noodles-cooking-ingredients,Royal Umbrella Thai Fragrant Brown Rice,8.35,2000.0,,Thailand,Royal Umbrella,Fragrant Brown Rice,Fragrant Brown Rice
3260,rice-noodles-cooking-ingredients,Superfarm Organic Hulled Non-Sticky Millet,6.8,1000.0,,,Superfarm,Organic Hulled Non-Sticky Millet,Organic Hulled Non-Sticky Millet
3261,rice-noodles-cooking-ingredients,Golden Chef Paste - Singapore Chicken Curry,5.35,250.0,Halal,Singapore,Golden Chef,Chicken Curry,Chicken Curry
3262,rice-noodles-cooking-ingredients,Malabar Chick Peas,3.05,500.0,,,,Malabar Chick Peas,
3263,rice-noodles-cooking-ingredients,San Remo Pasta Sauce - Napolitana 500g,4.2,500.0,Halal,,San Remo,Napolitana,Pasta Sauce
3264,rice-noodles-cooking-ingredients,Joyfull Huai Shan Noodles,4.59,260.0,,,Huai Shan Noodles,Joyfull,Huai Shan Noodle
3265,rice-noodles-cooking-ingredients,Nando's Peri Peri Sauce - Hot,3.9,125.0,Halal,,Nando's,Hot,Peri Peri Sauce
3266,rice-noodles-cooking-ingredients,Kikkoman Soy Sauce - Special Fragrance,4.02,600.0,,,Kikkoman,Special Fragrance,Soy Sauce
3267,rice-noodles-cooking-ingredients,FairPrice Vegetarian Sauce - Mushroom Oyster Flavoured,2.98,480.0,Halal,,FairPrice,Mushroom Oyster Flavoured,Vegetarian Sauce
3268,rice-noodles-cooking-ingredients,San Remo Quick Cook Spaghetti,2.25,500.0,Halal,,San Remo,Quick Cook Spaghetti,
3269,rice-noodles-cooking-ingredients,House Brand Powder - Chilli,1.6,125.0,,,House Brand,Powder - Chilli,
3270,rice-noodles-cooking-ingredients,Bertolli Olive Oil - Extra Light,20.95,1000.0,,,Bertolli,Extra Light,Olive Oil
3271,rice-noodles-cooking-ingredients,Lee Kum Kee Squeezy Bottle Oyster Sauce - Panda (Reduced Salt),5.55,480.0,,,Lee Kum Kee,Reduced Salt,Oyster Sauce
3272,rice-noodles-cooking-ingredients,Prima Taste Complete Sauce - Mee Siam,6.01,250.0,Halal,,Prima Taste,Mee Siam,Complete Sauce
3273,rice-noodles-cooking-ingredients,Prima Taste Paste - Sambal Belachan,2.25,80.0,Halal,,Prima Taste,Sambal Belachan,Sambal Belachan
3274,rice-noodles-cooking-ingredients,Golden Pineapple Thai Fragrant Rice,25.0,10000.0,,Thailand,,Fragrant Rice,Golden Pineapple
3275,rice-noodles-cooking-ingredients,Borges Grapeseed Oil,14.67,1000.0,,,Borges,,Grapeseed Oil
3276,rice-noodles-cooking-ingredients,SIS Organic Sugar,3.62,500.0,Halal,,SIS,Organic Sugar,Organic Sugar
3277,rice-noodles-cooking-ingredients,Sau Tao Amoy Flour Vermicelli,2.25,300.0,,,Sau Tao,Amoy Flour,Vermicelli
3278,rice-noodles-cooking-ingredients,Tai Hua Light Soy Sauce - Standard (Big),6.93,2000.0,Halal,,Tai Hua,Standard,Light Soy Sauce
3279,rice-noodles-cooking-ingredients,Borges Olive Oil - Extra Light,22.5,1000.0,,,Borges,Extra Light,Olive Oil
3280,rice-noodles-cooking-ingredients,Pasar Dried Prawns,10.75,300.0,,,Pasar,,Dried Prawn
3281,rice-noodles-cooking-ingredients,Woh Hup Sauce - Oyster,3.86,500.0,,,Woh Hup,Oyster,Oyster
3282,rice-noodles-cooking-ingredients,Prima Flour Packet Flour - Wholegrain,2.85,500.0,,,Prima,Wholegrain,Flour
3283,rice-noodles-cooking-ingredients,FairPrice Sauce Mix - Chicken Rice,3.16,180.0,Halal,,FairPrice,Chicken Rice,Sauce Mix
3284,rice-noodles-cooking-ingredients,Mak Nyonya Instant Sauce - Asam Fish,2.75,200.0,Halal,,Mak Nyonya,Asam Fish,Instant Sauce
3285,rice-noodles-cooking-ingredients,Pasar Dried Scallop,19.15,250.0,,,,,Dried Scallop
3286,rice-noodles-cooking-ingredients,La Molisana Small Shells Pasta,3.63,500.0,,,La Molisana,Small Shells,Pasta
3287,rice-noodles-cooking-ingredients,Lee Kum Kee Superior Soy Sauce - Dark,3.34,500.0,Halal,,Lee Kum Kee,Dark,Superior Soy Sauce
3288,rice-noodles-cooking-ingredients,Tiger Brand Rice Stick Bihon,2.73,250.0,Halal,,Tiger Brand,,Rice Stick Bihon
3289,rice-noodles-cooking-ingredients,FairPrice Pancake Mix - Buttermilk,4.5,325.0,Halal,,FairPrice,Buttermilk,Pancake Mix
3290,rice-noodles-cooking-ingredients,Golden Chef Shao Hsing Hua Tiao Chiew,3.43,640.0,,,Golden Chef,Tiao Chiew,
3291,rice-noodles-cooking-ingredients,Tai Hua Soy Sauce - Seafood,3.11,305.0,,,Tai Hua,Seafood,
3292,rice-noodles-cooking-ingredients,FairPrice Premium Quality Fine Salt,4.08,5000.0,,,FairPrice,Premium Quality,Fine Salt
3293,rice-noodles-cooking-ingredients,Pagoda Roasted Sesame Seed - White,2.86,200.0,Halal,,Pagoda,White,
3294,rice-noodles-cooking-ingredients,Knife Brand Salted Soy Bean,1.83,315.0,Halal,,Knife Brand,Salted Soy Bean,
3295,rice-noodles-cooking-ingredients,Malika Red Dry Chili Without Stem 500G -- By Dashmesh,6.15,500.0,,,Malika,Without Stem,Dry Chili
3296,rice-noodles-cooking-ingredients,Daawat Basmati Rice -- By Dashmesh,26.85,5000.0,,,By Dashmesh,Daawat,Basmati Rice
3297,rice-noodles-cooking-ingredients,Sun Kee Dried White Flower Mushroom,13.04,220.0,,,Sun Kee,Dried White Flower Mushroom,Dried White Flower Mushroom
3298,rice-noodles-cooking-ingredients,Knorr Seasoning Powder - Golden Salted Egg,5.6,110.0,Halal,,Knorr,Golden Salted Egg,Seasoning Powder
3299,rice-noodles-cooking-ingredients,Koi Fish Brand Herbal Soup - Ginseng Chicken,8.48,90.0,,,Koi Fish Brand,Ginseng Chicken,Herbal Soup
3300,rice-noodles-cooking-ingredients,Ayam Brand Coconut Milk - Premium,3.0,270.0,,,Ayam Brand,Premium,Coconut Milk
3301,rice-noodles-cooking-ingredients,Baba's Packet Curry Powder - Fish (Hot & Spicy),2.44,250.0,Halal,,Baba's,Hot & Spicy,Fish
3302,rice-noodles-cooking-ingredients,Tiger Brand Salted Soya Bean Paste,2.43,370.0,,,Tiger Brand,Salted Soya Bean Paste,
3303,rice-noodles-cooking-ingredients,FairPrice Paste - Vegetarian Curry,2.25,200.0,Halal,,FairPrice,Vegetarian Curry,Paste
3304,rice-noodles-cooking-ingredients,Ayam Brand Tomato Puree,2.07,220.0,Halal,,Ayam,,Tomato Puree
3305,rice-noodles-cooking-ingredients,McCormick Grinder - Sea Salt,7.15,60.0,,,McCormick,Sea Salt,
3306,rice-noodles-cooking-ingredients,Heinz Tomato Ketchup (No Added Salt),5.0,397.0,,,Heinz,No Added Salt,Tomato Ketchup
3307,rice-noodles-cooking-ingredients,Bake King Baking Powder,3.15,200.0,Halal,,Bake King,,Baking Powder
3308,rice-noodles-cooking-ingredients,Lee Kum Kee White Vinegar,2.63,473.0,Halal,,Lee Kum Kee,White Vinegar,
3309,rice-noodles-cooking-ingredients,Prima Taste Paste - Mee Siam Goreng,2.25,80.0,,,Prima Taste,Mee Siam Goreng,Paste
3310,rice-noodles-cooking-ingredients,"Lee Kum Kee Sauce - Sweet & Sour Pork, Spare Ribs",1.94,80.0,,,Lee Kum Kee,Sweet & Sour Pork,Spare Rib
3311,rice-noodles-cooking-ingredients,SunFlower White Corn Flour,1.82,400.0,,,SunFlower,White Corn Flour,
3312,rice-noodles-cooking-ingredients,Borges Blend Of Sunflower & Extra Virgin Olive Oil - Light,21.09,2000.0,,,Borges,Light,
3313,rice-noodles-cooking-ingredients,Lee Kum Kee Sauce - Fine Shrimp,4.8,227.0,Halal,,Lee Kum Kee,Fine Shrimp,Fine Shrimp
3314,rice-noodles-cooking-ingredients,Borges Green Olives - Pitted,4.15,340.0,,,Borges,Pitted,Green Olive
3315,rice-noodles-cooking-ingredients,Sun Kee Dried Melon Strip,2.04,200.0,,,Sun Kee,Dried Melon Strip,
3316,rice-noodles-cooking-ingredients,Maggi Stock Cubes - Ikan Bilis,2.02,60.0,Halal,,Maggi,Ikan Bilis,Stock Cube
3317,rice-noodles-cooking-ingredients,Pasar Dried Split Fish,9.95,500.0,,,,,Dried Split Fish
3318,rice-noodles-cooking-ingredients,Prima Taste Complete Sauce - Sayur Lodeh,6.01,295.0,Halal,,Prima Taste,Sayur Lodeh,Complete Sauce
3319,rice-noodles-cooking-ingredients,Double Elephant 100% Fragrant Sesame Oil,9.99,750.0,,,Double Elephant,100% Fragrant,Sesame Oil
3320,rice-noodles-cooking-ingredients,Kewpie Dressing - Roasted Sesame (Deep),9.78,380.0,,,Kewpie,Deep,Dressing
3321,rice-noodles-cooking-ingredients,OS Chilli Paste,2.35,500.0,Halal,,OS,Chilli Paste,Chilli Paste
3322,rice-noodles-cooking-ingredients,Sun Brand High Quality Bean Sticks,2.25,300.0,,,Sun Brand,High Quality Bean Sticks,High Quality Bean Stick
3323,rice-noodles-cooking-ingredients,Ayam Brand Coconut Milk - Super Light,2.15,330.0,Halal,,Ayam Brand,Super Light,Coconut Milk
3324,rice-noodles-cooking-ingredients,Sanko Katsuo Japan Soup Base (Teabag Style),12.02,176.0,,Japan,Sanko Katsuo,Teabag Style,Soup Base
3325,rice-noodles-cooking-ingredients,New Moon Premium Oyster Sauce,4.28,510.0,,,New Moon,Premium Oyster Sauce,Premium Oyster Sauce
3326,rice-noodles-cooking-ingredients,Hershey's Baking Chips - Milk Chocolate,8.3,326.0,,,Hershey,Milk Chocolate,Baking Chip
3327,rice-noodles-cooking-ingredients,"Prego Prego Pasta Sauce - Tomato, Basil & Garlic",6.2,680.0,Halal,,Prego,"Tomato, Basil & Garlic",Pasta Sauce
3328,rice-noodles-cooking-ingredients,A1 Instant Curry Sauce - Fish,3.45,240.0,,,A1,Fish,
3329,rice-noodles-cooking-ingredients,Golden Chef Hot Pot Soup Base - Mala,1.65,220.0,,,Golden Chef,Mala,Hot Pot Soup Base
3330,rice-noodles-cooking-ingredients,SIX FORTUNE Soba Buckwheat Noodle,3.99,300.0,,,SIX FORTUNE,Soba Buckwheat Noodle,Soba Buckwheat Noodle
3331,rice-noodles-cooking-ingredients,Tower Handmade Noodle - Long Xu,3.28,1000.0,,,Long Xu,Tower Handmade Noodle,Tower Handmade Noodle
3332,rice-noodles-cooking-ingredients,Malika Bay Leaves 100G -- By Dashmesh,2.11,100.0,,,Malika,By Dashmesh,Bay Leaf
3333,rice-noodles-cooking-ingredients,Borges Olive Oil - Extra Light,12.0,500.0,,,Borges,Extra Light,Olive Oil
3334,rice-noodles-cooking-ingredients,AAA Shaved Noodles - Spinach,3.6,400.0,,,AAA Shaved Noodles,Spinach,AAA Shaved Noodle
3335,rice-noodles-cooking-ingredients,Tortally Jelly Crystals - Strawberry,1.21,90.0,,,,Strawberry,Tortally Jelly Crystal
3336,rice-noodles-cooking-ingredients,Sunlight Brand Pure Fragrant Sesame Oil,9.01,750.0,Halal,,Sunlight Brand,Pure Fragrant Sesame Oil,Pure Fragrant Sesame Oil
3337,rice-noodles-cooking-ingredients,Dewei Organic Black Bean,4.89,400.0,Organic,,Dewei,Organic Black Bean,Organic Black Bean
3338,rice-noodles-cooking-ingredients,Hai's Brand Asia Joy Sauce - Mala Hotpot,2.0,70.0,Halal,,Hai's Brand,Mala Hotpot,Asia Joy Sauce
3339,rice-noodles-cooking-ingredients,Nature's Nutrition Organic Quinoa - White,15.05,1000.0,Organic,,Nature's Nutrition,White,Organic Quinoa
3340,rice-noodles-cooking-ingredients,Toh's Daily Chili Garlic - Extra Spicy,8.5,200.0,Halal,,Toh's Daily,Extra Spicy,Chili Garlic
3341,rice-noodles-cooking-ingredients,Lee Kum Kee Soy Sauce - First Draw,5.85,500.0,,,Lee Kum Kee,First Draw,Soy Sauce
3342,rice-noodles-cooking-ingredients,PaddyKing Thai Red Cargo Rice,5.0,1000.0,,Thailand,PaddyKing,Red Cargo Rice,Red Cargo Rice
3343,rice-noodles-cooking-ingredients,FairPrice Corn Oil,5.0,1000.0,Halal,,FairPrice,,Corn Oil
3344,rice-noodles-cooking-ingredients,MasterFoods Herbs - Thyme Leaves,4.94,10.0,,,MasterFoods,Herbs,Thyme Leaf
3345,rice-noodles-cooking-ingredients,Lee Kum Kee Oyster Sauce - Golden Vegetarian (Mushroom),4.03,510.0,,,Lee Kum Kee,Golden Vegetarian,Oyster Sauce
3346,rice-noodles-cooking-ingredients,FairPrice Superior Soy Sauce - Light,3.99,660.0,Halal,,FairPrice,Light,Superior Soy Sauce
3347,rice-noodles-cooking-ingredients,Del Monte Quality Tomato Sauce,2.7,425.0,Halal,,Del Monte,Quality Tomato Sauce,Quality Tomato Sauce
3348,rice-noodles-cooking-ingredients,Alce Nero Organic Pasta Alphabet Tricolore,2.34,250.0,Organic,,Alce Nero,Alce Nero,Organic Pasta
3349,rice-noodles-cooking-ingredients,Pagoda Premium Quality Plain Flour,2.29,1000.0,Halal,,Pagoda,Premium Quality Plain Flour,
3350,rice-noodles-cooking-ingredients,Farmer Brand Ban Mee - Brown Rice,4.89,530.0,,,Farmer Brand,Brown Rice,Ban Mee
3351,rice-noodles-cooking-ingredients,Royal India Extra Long Basmati Rice,4.5,1000.0,,India,Royal,Extra Long,Basmati Rice
3352,rice-noodles-cooking-ingredients,Alce Nero Organic Durum Wheat Pasta - Spaghetti,3.41,500.0,Halal,,Alce Nero,Spaghetti,Pasta
3353,rice-noodles-cooking-ingredients,S&B Wasabi in Tube,2.91,43.0,,,S&B,,Wasabi
3354,rice-noodles-cooking-ingredients,Adabi Tepung - Cucur Ikan Bilis (Anchovies Fritter Flour),1.84,200.0,Halal,,Adabi Tepung,Cucur Ikan Bilis,Anchovy Fritter Flour
3355,rice-noodles-cooking-ingredients,Pasar Sugar - Black,0.97,200.0,,,Pasar Sugar,Black,Pasar Sugar
3356,rice-noodles-cooking-ingredients,SongHe Noble Red Rice,17.25,5000.0,,,SongHe,Noble Red Rice,Noble Red Rice
3357,rice-noodles-cooking-ingredients,La Molisana Radiatori Pasta,3.63,500.0,,,La Molisana,,Pasta
3358,rice-noodles-cooking-ingredients,Golden Lion Brand Rice Stick (Kuey Teow),2.95,500.0,Halal,,Golden Lion Brand,Kuey Teow,Rice Stick
3359,rice-noodles-cooking-ingredients,Swanson Pork Broth,3.2,500.0,,,Swanson,,Pork Broth
3360,rice-noodles-cooking-ingredients,New Moon Low Calorie Konjac Noodles - Flat,2.98,270.0,,,New Moon,Flat,Low Calorie Konjac Noodle
3361,rice-noodles-cooking-ingredients,Cravins Bak Kut Teh Ready Broth - Singapore Style,2.85,40.0,,Singapore,Cravins,Style,Bak Kut Teh
3362,rice-noodles-cooking-ingredients,Tiparos Fish Sauce,1.85,300.0,,,Tiparos,,Fish Sauce
3363,rice-noodles-cooking-ingredients,Hollyfarms Tempura Flour,1.64,200.0,Halal,,Hollyfarms,Tempura Flour,Tempura Flour
3364,rice-noodles-cooking-ingredients,Borges Olive Oil,22.5,1000.0,Halal,,Borges,,Olive Oil
3365,rice-noodles-cooking-ingredients,TEMASEK GOLD BASMATI RICE 1KG,4.35,1000.0,,,TEMASEK GOLD,BASMATI RICE,BASMATI RICE
3366,rice-noodles-cooking-ingredients,Alce Nero Organic Durum Wheat Pasta - Macaroni,3.41,500.0,Halal,,Alce Nero,Macaroni,Pasta
3367,rice-noodles-cooking-ingredients,Prima Flour Packet Flour - Top (Unbleached),3.31,1000.0,,,Prima,Unbleached,Flour
3368,rice-noodles-cooking-ingredients,Pacific Organic Broth - Free Range Chicken (Low Sodium),7.79,946.0,Organic,,Pacific Organic Broth,Low Sodium,Free Range Chicken
3369,rice-noodles-cooking-ingredients,Hai Di Lao Hot Pot Seasoning - Shrimp Soup,4.5,200.0,,,Hai Di Lao,Shrimp Soup,Hot Pot Seasoning
3370,rice-noodles-cooking-ingredients,Campbell's 100% Natural Real Stock - Chicken,3.95,500.0,,,Campbell,100% Natural,Real Stock
3371,rice-noodles-cooking-ingredients,Borges Pasta - Fusilli,2.25,500.0,,,Borges,Fusilli,Pasta
3372,rice-noodles-cooking-ingredients,Lee Kum Kee Mala Red Oil Chilli Sauce,5.95,205.0,,,Lee Kum Kee,Red Oil Chilli Sauce,Red Oil Chilli Sauce
3373,rice-noodles-cooking-ingredients,Tai Hua Dark Soy Sauce - Special,2.59,320.0,,,Tai Hua,Special,Dark Soy Sauce
3374,rice-noodles-cooking-ingredients,Golden Chef Paste - Singapore Hainanese Chicken Rice,2.2,80.0,Halal,Singapore,Golden Chef Paste,Hainanese Chicken Rice,Hainanese Chicken Rice
3375,rice-noodles-cooking-ingredients,Crab Brand White Pepper - Ground,4.94,100.0,Halal,,Crab Brand,Ground,
3376,rice-noodles-cooking-ingredients,GPA Sugar - 100% Natural Raw Sugar Sticks ( 4g x 100s ),2.5,400.0,,,GPA,100% Natural,Raw Sugar
3377,rice-noodles-cooking-ingredients,AAA Shao Xing Cooking Wine,2.3,375.0,,,AAA Shao Xing,AAA Shao Xing,Cooking Wine
3378,rice-noodles-cooking-ingredients,Haruma Kentucky Seasoned Flour,1.32,185.0,,,Haruma Kentucky,Seasoned Flour,
3379,rice-noodles-cooking-ingredients,Singlong Tamarind Paste,1.22,300.0,,,Singlong,Singlong,Tamarind Paste
3380,rice-noodles-cooking-ingredients,Prima Taste Sauce - Roti Prata Curry,6.01,270.0,Halal,,Prima Taste,Roti Prata Curry,Sauce
3381,rice-noodles-cooking-ingredients,Lee Kum Kee Gluten Free Soy Sauce,5.7,500.0,,,Lee Kum Kee,Gluten Free Soy Sauce,Gluten Free Soy Sauce
3382,rice-noodles-cooking-ingredients,Triple Stars Rice Vermicelli,3.55,600.0,,,Triple Stars,,Rice Vermicelli
3383,rice-noodles-cooking-ingredients,QBB Pure Ghee,19.69,800.0,,,QBB,Pure Ghee,Pure Ghee
3384,rice-noodles-cooking-ingredients,Hokkaido Sansanmaru Japanese Rice,16.5,2000.0,,Japan,Hokkaido Sansanmaru,,Rice
3385,rice-noodles-cooking-ingredients,Mccormick Cumin Ground,6.45,32.0,,,Mccormick,Ground,Cumin
3386,rice-noodles-cooking-ingredients,Woh Hup Sauce - Oyster (Extra Flavour),4.19,500.0,,,Woh Hup,Extra Flavour,Oyster
3387,rice-noodles-cooking-ingredients,Dewei Organic Green Bean,4.08,400.0,Organic,,Dewei,Organic Green Bean,Organic Green Bean
3388,rice-noodles-cooking-ingredients,Dancing Chef Paste - Padang Rendang,3.09,100.0,Halal,,Dancing Chef,Padang Rendang,Paste
3389,rice-noodles-cooking-ingredients,Tai Hua Light Soy Sauce - Special,2.59,320.0,,,Tai Hua,Special,Light Soy Sauce
3390,rice-noodles-cooking-ingredients,Balducci Pasta - Spaghetti No.4,2.04,500.0,Halal,,Balducci,Spaghetti No.4,Pasta
3391,rice-noodles-cooking-ingredients,Songhe Plus Enriched Fragrant Rice 5kg,23.9,5000.0,,,Songhe Plus,Enriched Fragrant Rice,Enriched Fragrant Rice
3392,rice-noodles-cooking-ingredients,Tiger Brand Soya Sauce - Dark (Special Grade),5.45,640.0,,,Tiger Brand,Dark,Soya Sauce
3393,rice-noodles-cooking-ingredients,Tai Hua Teriyaki Sauce,2.75,305.0,,,Tai Hua,Teriyaki Sauce,Teriyaki Sauce
3394,rice-noodles-cooking-ingredients,Earthenpot Curry Powder - Chicken,1.82,100.0,Halal,,,Chicken,Curry Powder
3395,rice-noodles-cooking-ingredients,Teapot Evaporated Creamer,1.64,390.0,,,,,Evaporated Creamer
3396,rice-noodles-cooking-ingredients,Borges Green Olives - Sliced,4.15,340.0,,,Borges,Sliced,Green Olive
3397,rice-noodles-cooking-ingredients,Pagoda Almond Jelly Powder,1.83,120.0,,,Pagoda,Almond Jelly Powder,
3398,rice-noodles-cooking-ingredients,Knife Brand Thai Fish Sauce,1.37,300.0,Halal,,Knife Brand,,Thai Fish Sauce
3399,rice-noodles-cooking-ingredients,Cobram Estate Extra Virgin Olive Oil - Picual,22.8,500.0,,,Cobram Estate,Picual,Extra Virgin Olive Oil
3400,rice-noodles-cooking-ingredients,Colavita Extra Virgin Olive Oil - Premium Selection,19.9,750.0,Halal,,Colavita,Premium Selection,Extra Virgin Olive Oil
3401,rice-noodles-cooking-ingredients,Origins Organic White Quinoa,12.45,500.0,Organic,,Origins,Organic White Quinoa,Organic White Quinoa
3402,rice-noodles-cooking-ingredients,Equal Sugar Replacement - Monk Fruit,10.08,200.0,Halal,,,Equal Sugar Replacement,
3403,rice-noodles-cooking-ingredients,Alce Nero Organic Vinegar - Balsamic,7.59,250.0,Organic,,Alce Nero,Balsamic,Organic Vinegar
3404,rice-noodles-cooking-ingredients,Alce Nero Organic Pasta Sauce - Basil,6.27,350.0,Halal,,Alce Nero,- Basil,Organic Pasta Sauce
3405,rice-noodles-cooking-ingredients,Hakubaku Organic Soba,4.28,270.0,Organic,,Hakubaku,Organic Soba,Organic Soba
3406,rice-noodles-cooking-ingredients,Nando's Peri-Peri Sauce - Lemon & Herb (Extra Mild),3.9,125.0,Halal,,Nando's,Extra Mild,Peri-Peri Sauce
3407,rice-noodles-cooking-ingredients,Duck Brand Vegetable Cooking Oil,3.6,1000.0,Halal,,Duck Brand,,Vegetable Cooking Oil
3408,rice-noodles-cooking-ingredients,Delmonte Soup - Pumpkin & Carrot,2.45,380.0,Halal,,Delmonte,Pumpkin & Carrot,
3409,rice-noodles-cooking-ingredients,San Remo Pasta - Orecchiette,2.25,500.0,Halal,,San Remo,Orecchiette,Pasta
3410,rice-noodles-cooking-ingredients,Mak Nyonya Instant Sauce - Rendang,2.75,200.0,Halal,,Mak Nyonya,Rendang,Instant Sauce
3411,rice-noodles-cooking-ingredients,Pasar Dried Black Eye Beans,1.37,250.0,,,Pasar,,Dried Black Eye Bean
3412,rice-noodles-cooking-ingredients,Singlong Powder - 100% Pure Black Sesame,5.7,250.0,,,,100% Pure Black Sesame,Singlong Powder
3413,rice-noodles-cooking-ingredients,AAA Sriracha Chilli Sauce,4.05,793.0,,,,AAA,Sriracha Chilli Sauce
3414,rice-noodles-cooking-ingredients,Tiger Brand Chili Sauce - Garlic & Ginger,2.9,280.0,Halal,,Tiger Brand,Garlic & Ginger,Chili Sauce
3415,rice-noodles-cooking-ingredients,Bake King Desiccated Coconut,2.57,120.0,Halal,,,Bake King Desiccated Coconut,Bake King Desiccated Coconut
3416,rice-noodles-cooking-ingredients,MasterFoods Spices - Pepper Cayenne (Extra Hot),4.89,30.0,,,MasterFoods,Extra Hot,Spice
3417,rice-noodles-cooking-ingredients,Woh Hup Concentrated Stock Sauce - Chicken,4.23,265.0,Halal,,Woh Hup,Chicken,Concentrated Stock Sauce
3418,rice-noodles-cooking-ingredients,FairPrice Cake Flour,3.25,1000.0,,,FairPrice,,Cake Flour
3419,rice-noodles-cooking-ingredients,Tai Hua Lite Sauce - Light Soy Sauce,2.75,305.0,,,Tai Hua,Lite Sauce,Light Soy Sauce
3420,rice-noodles-cooking-ingredients,Cobram Estate Extra Virgin Olive Oil - Robust,11.2,375.0,,,Cobram Estate,Robust,Extra Virgin Olive Oil
3421,rice-noodles-cooking-ingredients,Mizkan Soup Base - Pork Bone and Soy Sauce,7.03,750.0,,,,Pork Bone and Soy Sauce,Mizkan Soup Base
3422,rice-noodles-cooking-ingredients,Naturel Organic Pasta Sauce - Tomato with Mascarpone,6.21,340.0,Organic,,Naturel,Tomato with Mascarpone,Organic Pasta Sauce
3423,rice-noodles-cooking-ingredients,Koi Fish Brand Herbal Soup - Chicken Tonic,6.06,75.0,,,Koi Fish Brand,Chicken Tonic,Herbal Soup
3424,rice-noodles-cooking-ingredients,Balsamic Vinegar Of Modena,6.06,500.0,,,,Balsamic Vinegar Of Modena,Balsamic Vinegar Of Modena
3425,rice-noodles-cooking-ingredients,Bake King Gelatine Powder,3.5,60.0,Halal,,Bake King,Bake King,Gelatine Powder
3426,rice-noodles-cooking-ingredients,Baba's Packet Curry Powder - Hot & Spicy Meat,2.44,250.0,Halal,,Baba's,Hot & Spicy Meat,Packet Curry Powder
3427,rice-noodles-cooking-ingredients,Ecoco Organic Coconut Oil - Extra Virgin,15.18,500.0,Organic,,Ecoco,Extra Virgin,Organic Coconut Oil
3428,rice-noodles-cooking-ingredients,Prima Flour Packet Flour - Semolina,3.3,500.0,Halal,,Prima,Semolina,Flour
3429,rice-noodles-cooking-ingredients,Asian Home Gourmet Marinade - Thai Bbq Chicken,3.53,50.0,Halal,,Asian Home Gourmet Marinade,Thai Bbq Chicken,Asian Home Gourmet Marinade
3430,rice-noodles-cooking-ingredients,Mccormick Air Fryer Marinade Mix - Soy Garlic,2.75,45.0,,,Mccormick,Soy Garlic,Air Fryer Marinade Mix
3431,rice-noodles-cooking-ingredients,Pasar Dried China Mushroom,2.5,50.0,,China,Pasar,,Dried Mushroom
3432,rice-noodles-cooking-ingredients,Ibaraki Niji no Kirameki Japanese Rice,38.2,5000.0,,Japan,Ibaraki Niji no Kirameki,Ibaraki Niji no Kirameki,Rice
3433,rice-noodles-cooking-ingredients,Songhe Plus Enriched Fragrant Rice 2kg,9.95,2000.0,,,Songhe Plus,Enriched Fragrant Rice,Enriched Fragrant Rice
3434,rice-noodles-cooking-ingredients,Ayam Brand Coconut Milk,6.25,1000.0,Halal,,Ayam Brand,,Coconut Milk
3435,rice-noodles-cooking-ingredients,Pasar Herbal Soup - Si Shen Tang,5.3,200.0,,,Si Shen Tang,Si Shen Tang,Pasar Herbal Soup
3436,rice-noodles-cooking-ingredients,Kewpie Dressing - Thousand Island,4.95,210.0,Halal,,Kewpie,Thousand Island,Dressing
3437,rice-noodles-cooking-ingredients,Kikkoman Soy Sauce,3.3,150.0,,,Kikkoman,,Soy Sauce
3438,rice-noodles-cooking-ingredients,AAA Longkou Green Bean Vermicelli 250G,2.9,250.0,,,AAA,,Green Bean Vermicelli
3439,rice-noodles-cooking-ingredients,SIS Icing Sugar - Super Fine,2.65,500.0,Halal,,SIS,Super Fine,Icing Sugar
3440,rice-noodles-cooking-ingredients,San Remo Pasta - Instant Lasagna (Large),3.87,250.0,,,San Remo,Large,Instant Lasagna
3441,rice-noodles-cooking-ingredients,Colavita Pasta - Linguine,2.25,500.0,Halal,,Colavita,Pasta - Linguine,Pasta - Linguine
3442,rice-noodles-cooking-ingredients,Seah's Stewed Fragrant Spices,2.52,32.0,,,,Stewed,Seah
3443,rice-noodles-cooking-ingredients,Hai's Brand Asia Joy Sauce - Fried Hokkien Prawn Noodle Paste,2.0,70.0,Halal,,Hai's Brand,Fried Hokkien Prawn Noodle Paste,Asia Joy Sauce
3444,rice-noodles-cooking-ingredients,FairPrice Japanese Udon,1.15,200.0,,Japan,FairPrice,Udon,Udon
3445,rice-noodles-cooking-ingredients,PaddyKing Thai Brown Rice,16.5,5000.0,,Thailand,PaddyKing,Brown Rice,Brown Rice
3446,rice-noodles-cooking-ingredients,Nomu Grinder - Sea Salt,8.25,100.0,Halal,,Nomu,Sea Salt,Sea Salt
3447,rice-noodles-cooking-ingredients,Royal Umbrella Thai Hom Mali New Crop Rice,5.5,1000.0,,Thailand,Royal Umbrella,New Crop Rice,New Crop Rice
3448,rice-noodles-cooking-ingredients,Cravins Bak Kut Teh Ready Broth - Herbal,3.85,90.0,,,Cravins,Herbal,Bak Kut Teh
3449,rice-noodles-cooking-ingredients,A1 Soup Spices - Bak Kut Teh,4.4,35.0,,,Bak Kut Teh,A1 Soup,A1 Soup
3450,rice-noodles-cooking-ingredients,Daribell Pure & Natural Sweetener - Granulated Palm Sugar,2.6,200.0,Halal,,Daribell,Pure & Natural Sweetener,Granulated Palm Sugar
3451,rice-noodles-cooking-ingredients,Sun Kee Dried Bean Curd Sheet,2.42,100.0,,,Sun Kee,,Dried Bean Curd Sheet
3452,rice-noodles-cooking-ingredients,Prego Pasta - Spaghetti,2.3,500.0,Halal,,Prego,Spaghetti,Pasta
3453,rice-noodles-cooking-ingredients,Prima Taste Sauce - Laksa Fried Rice,2.25,80.0,,,Prima Taste,Laksa Fried Rice,Sauce
3454,rice-noodles-cooking-ingredients,FairPrice Kicap Manis (Sweet Sauce),2.25,340.0,Halal,,FairPrice,Sweet Sauce,Kicap
3455,rice-noodles-cooking-ingredients,Golden Elephant Thai Fish Sauce,1.24,300.0,Halal,,Golden Elephant,,Thai Fish Sauce
3456,rice-noodles-cooking-ingredients,EcoBrown's Unpolished Brown Rice - Original,14.37,5000.0,Halal,,EcoBrown,Original,Unpolished Brown Rice
3457,rice-noodles-cooking-ingredients,DreamRice Low GI Rice,9.9,2000.0,,,DreamRice,Low GI Rice,
3458,rice-noodles-cooking-ingredients,Malika Black Pepper Whole 500G -- By Dashmesh,7.92,500.0,,,Malika,By Dashmesh,Black Pepper
3459,rice-noodles-cooking-ingredients,Ebara E-Basic Ramen Bottle Soup Base - Chicken Paitan,7.03,500.0,,,Ebara,E-Basic,Ramen Bottle
3460,rice-noodles-cooking-ingredients,Naturel Organic Rice - Brown,5.4,750.0,Organic,,Naturel,Brown,Organic Rice
3461,rice-noodles-cooking-ingredients,Pasar Herbal Soup - Zhi Ke Tang,4.17,105.0,,,Zhi Ke Tang,Zhi Ke Tang,Pasar Herbal Soup
3462,rice-noodles-cooking-ingredients,My Choice Seasoning - Ground Garlic,2.0,40.0,,,My Choice,,Ground Garlic
3463,rice-noodles-cooking-ingredients,Pasar Dried Food - Split Green Beans,2.65,400.0,,,Pasar,Split Green Beans,Split Green Bean
3464,rice-noodles-cooking-ingredients,FairPrice Asian Recipe Paste Mix - Tom Yum,2.25,200.0,Halal,,Tom Yum,Asian Recipe Paste Mix,Asian Recipe Paste Mix
3465,rice-noodles-cooking-ingredients,AAA Sriracha Chilli Sauce,1.85,150.0,,,,AAA,Sriracha Chilli Sauce
3466,rice-noodles-cooking-ingredients,Bertolli Extra Virgin Olive Oil - Dress & Drizz,10.95,458.0,,,Bertolli,Dress & Drizz,Extra Virgin Olive Oil
3467,rice-noodles-cooking-ingredients,Equal Sweetener Sachets - Stevia (No Calorie),7.64,80.0,,,Stevia,No Calorie,Equal Sweetener Sachet
3468,rice-noodles-cooking-ingredients,Drogheria & Alimentari Rock Salt Mill - Himalayan Pink,6.06,90.0,,,Drogheria & Alimentari,Himalayan Pink,Himalayan Pink
3469,rice-noodles-cooking-ingredients,Nando's Peri Peri Sauce - Medium,4.28,125.0,Halal,,Nando's,Medium,Peri Peri Sauce
3470,rice-noodles-cooking-ingredients,Dancing Chef Paste - Tom Yam,3.09,100.0,Halal,,Tom Yam,Dancing Chef,
3471,rice-noodles-cooking-ingredients,EcoBrown's Premiere Brown Rice Vermicelli,1.64,300.0,Halal,,EcoBrown,Premiere Brown Rice Vermicelli,Premiere Brown Rice Vermicelli
3472,rice-noodles-cooking-ingredients,Naturel Organic Balsamic Vinegar,11.11,250.0,Organic,,Naturel,Organic,Balsamic Vinegar
3473,rice-noodles-cooking-ingredients,Kewpie Half Mayonnaise,8.35,400.0,,,Kewpie,Half,Mayonnaise
3474,rice-noodles-cooking-ingredients,Taffy Low GI Natural Raw Sugar,5.15,1000.0,,,Taffy,Natural Raw Sugar,Taffy
3475,rice-noodles-cooking-ingredients,Betty Crocker Fudge Brownie Mix - Chocolate,4.99,430.0,Halal,,Betty Crocker,Chocolate,Fudge Brownie Mix
3476,rice-noodles-cooking-ingredients,Betty Crocker Cookie Mix - Chocolate Chip,4.59,430.0,Halal,,Betty Crocker,Chocolate Chip,Cookie Mix
3477,rice-noodles-cooking-ingredients,FairPrice Thai Brown Unpolished Rice,3.99,1000.0,,Thailand,FairPrice,Brown Unpolished Rice,Brown Unpolished Rice
3478,rice-noodles-cooking-ingredients,Chng Kee's Hainanese Chicken Rice Mix,3.99,240.0,Halal,,Chng Kee's,Hainanese Chicken Rice Mix,Hainanese Chicken Rice Mix
3479,rice-noodles-cooking-ingredients,Laoganma Sauce Condiments - Chili with Fermented Soybean,3.82,280.0,,,,Condiments,Laoganma Sauce
3480,rice-noodles-cooking-ingredients,Prego Pasta - Fettuccine,2.3,500.0,Halal,,Prego,Fettuccine,Pasta
3481,rice-noodles-cooking-ingredients,Alce Nero Organic Chunky Tomato Puree,6.52,500.0,Halal,,Alce Nero,Organic,Chunky Tomato Puree
3482,rice-noodles-cooking-ingredients,Sun Kee Dried Black Fungus,3.97,100.0,,,Sun Kee,Dried Black Fungus,
3483,rice-noodles-cooking-ingredients,SIS Premium Coffee Sugar Crystals,3.82,350.0,Halal,,SIS,,
3484,rice-noodles-cooking-ingredients,Lee Kum Kee Sauce - Lemon Chicken,1.94,80.0,,,Lee Kum Kee,Lemon Chicken,
3485,rice-noodles-cooking-ingredients,Pasar Tamarind Slice,1.32,50.0,,,,Tamarind Slice,
3486,rice-noodles-cooking-ingredients,Taj Ponni Rice,12.9,5000.0,,,Taj,Ponni Rice,Ponni Rice
3487,rice-noodles-cooking-ingredients,Golden Chef Dressing - Roasted Sesame,8.5,400.0,,,Golden Chef,Roasted Sesame,
3488,rice-noodles-cooking-ingredients,Hinode Ryorishu Japanese Cooking Seasoning,7.24,500.0,,,Hinode Ryorishu,Hinode Ryorishu,Japanese Cooking Seasoning
3489,rice-noodles-cooking-ingredients,Hai Di Lao Hot Pot Soup Base - Broth Bundle of 2,7.2,110.0,,,Hai Di Lao,Bundle of 2,Hot Pot Soup Base
3490,rice-noodles-cooking-ingredients,Bertolli Olive Oil - Classico,6.95,250.0,,,Bertolli,Classico,Olive Oil
3491,rice-noodles-cooking-ingredients,Golden Chef Paste - Singapore Satay Beehoon,5.35,290.0,Halal,Singapore,Golden Chef,Satay Beehoon,Satay Beehoon
3492,rice-noodles-cooking-ingredients,Hellmann's Real Mayonnaise Squeezy,5.25,280.0,,,Hellmann,Squeezy,Real Mayonnaise
3493,rice-noodles-cooking-ingredients,Adabi Ketupat Nasi Rice Cube,4.6,780.0,Halal,,,Adabi Ketupat Nasi,Rice Cube
3494,rice-noodles-cooking-ingredients,Sun Brand Whole Wheat Mee Suah,3.82,300.0,Halal,,Sun Brand,Whole Wheat Mee Suah,
3495,rice-noodles-cooking-ingredients,Bird's Custard Powder - Original,2.9,300.0,Halal,,Bird's Custard Powder,Original,Bird's Custard Powder
3496,rice-noodles-cooking-ingredients,Bake King Pumpkin Seeds,2.9,100.0,,,Bake King,Bake King,Pumpkin Seed
3497,rice-noodles-cooking-ingredients,Daesang Hot Pepper Bean Paste,2.75,200.0,,,Daesang,Hot Pepper Bean Paste,Hot Pepper Bean Paste
3498,rice-noodles-cooking-ingredients,Malabar Chilli Paste Lada Kisar,1.79,500.0,Halal,,Lada Kisar,Malabar Chilli Paste,Malabar Chilli Paste
3499,rice-noodles-cooking-ingredients,FairPrice Koto Kome Australian Calrose Rice,14.71,5000.0,,Australia,Koto,Koto,Rice
3500,rice-noodles-cooking-ingredients,Samyang Chili Sauce - Hot Chicken Flavor Sauce (Extremely Spicy),6.5,200.0,Halal,,Samyang,Extremely Spicy,Hot Chicken Flavor Sauce
3501,rice-noodles-cooking-ingredients,FairPrice Premium Canola with Sunflower Oil,5.5,1000.0,Halal,,FairPrice,Premium Canola with Sunflower Oil,Premium Canola with Sunflower Oil
3502,rice-noodles-cooking-ingredients,SIS White Sugar - Coarse Grain,4.5,2000.0,Halal,,SIS,Coarse Grain,White Sugar
3503,rice-noodles-cooking-ingredients,Hakubaku Organic Cha Soba,4.28,200.0,Organic,,Hakubaku,Organic,Cha Soba
3504,rice-noodles-cooking-ingredients,Barilla Al Bronzo - Fusilli,4.25,500.0,,,Barilla,Fusilli,Fusilli
3505,rice-noodles-cooking-ingredients,Barilla Itailan Pasta - Whole Wheat Penne Rigate,3.99,500.0,,,Barilla,Whole Wheat Penne Rigate,Itailan Pasta
3506,rice-noodles-cooking-ingredients,Telugu Ginger Garlic Paste -- By Dashmesh,3.53,300.0,,,,Telugu,Ginger Garlic Paste
3507,rice-noodles-cooking-ingredients,Sanhee Premium Rice Wine,3.1,640.0,,,Sanhee,Premium Rice Wine,Premium Rice Wine
3508,rice-noodles-cooking-ingredients,FairPrice Soya Bean Oil,2.6,500.0,Halal,,FairPrice,,Soya Bean Oil
3509,frozen,I'm Bulgogi Frozen Marinated Meat - Galbi Chicken,5.0,300.0,,,Bulgogi,Galbi Chicken,Frozen Marinated Meat
3510,frozen,I'm Bulgogi Frozen Marinated Meat - Spicy Pork,5.0,300.0,,,Bulgogi,Spicy Pork,Frozen Marinated Meat
3511,frozen,I'm Bulgogi Coook Galbi Pork Collar,5.0,300.0,,,Coook,Galbi,Pork Collar
3512,frozen,I'm Bulgogi Frozen Marinated Meat - Spicy Chicken,5.0,300.0,,,Bulgogi,Spicy Chicken,Frozen Marinated Meat
3513,frozen,I'm Bulgogi Frozen Marinated Meat - Chicken,5.0,300.0,,,Bulgogi,,Frozen Marinated Meat
3514,frozen,Seara Frozen Chicken - Legs (Boneless),8.95,2000.0,Halal,,Seara,Boneless,Frozen Chicken
3515,frozen,Sadia IQF Skinless Chicken Breast,7.95,1000.0,Halal,,Sadia,IQF,Skinless Chicken Breast
3516,frozen,Sadia Frozen Chicken Boneless Leg Meat,8.95,2000.0,Halal,,Sadia,Boneless Leg Meat,Frozen Chicken
3517,frozen,Ocean Fresh Delite Frozen Salmon Portion,20.95,500.0,,,Ocean Fresh Delite,Ocean Fresh Delite,Frozen Salmon Portion
3518,frozen,Sadia Frozen Chicken Thigh,4.95,900.0,Halal,,Sadia,,Frozen Chicken Thigh
3519,frozen,Seara Frozen Chicken Wings,9.45,2000.0,Halal,,Seara,Frozen Chicken Wings,Frozen Chicken Wing
3520,frozen,Seara Frozen Chicken Wing Sticks,3.55,1000.0,Halal,,Seara,Frozen Chicken Wing Sticks,Frozen Chicken Wing Stick
3521,frozen,Sadia Frozen Chicken - 3 Joint Wings,9.45,2000.0,,,Sadia,3 Joint Wings,Frozen Chicken
3522,frozen,Sadia IQF Chicken Drumette,5.45,1000.0,Halal,,Sadia,IQF,Chicken Drumette
3523,frozen,Seara Frozen Chicken Drumsticks,7.45,2000.0,,,Seara,Frozen Chicken Drumsticks,Frozen Chicken Drumstick
3524,frozen,Freezepak Crispy Chicken Nuggets,9.95,1000.0,Halal,,Freezepak,Crispy Chicken Nuggets,
3525,frozen,Porkee Frozen Pork - Minced Pork,4.95,500.0,,,,Porkee,Frozen Pork
3526,frozen,Valley Chef Frozen Chicken Franks,4.5,340.2,Halal,,Valley Chef,Frozen Chicken Franks,
3527,frozen,Porkee Frozen Pork - Spare Rib,6.45,500.0,,,,Porkee,Frozen Pork
3528,frozen,Porkee Frozen Pork - Pork Belly,6.35,500.0,,,,Porkee,Frozen Pork
3529,frozen,FairPrice Crispy Popcorn Chicken,7.6,500.0,,,FairPrice,Crispy Popcorn Chicken,
3530,frozen,FairPrice Spicy Chicken Katsu - Spicy,5.95,410.0,,,FairPrice,Spicy,
3531,frozen,Tay's Japanese Crispy Chicken - Seaweed,16.25,1000.0,,Japan,Tay's,Seaweed,Crispy Chicken
3532,frozen,CJ Bibigo Dumplings - Pork & Vegetables,6.95,500.0,,,CJ Bibigo,Pork & Vegetables,Dumpling
3533,frozen,Porkee Frozen Pork - Collar Shabu Shabu,6.15,300.0,,,Shabu Shabu,Porkee,Frozen Pork
3534,frozen,Chef Delights Frozen Beef Shabu Shabu,7.02,300.0,Halal,,Chef Delights,Frozen Beef Shabu Shabu,
3535,frozen,Haagen-Dazs Ice Cream - Belgian Chocolate,14.77,473.0,,Belgium,Haagen-Dazs,Chocolate,Ice Cream
3536,frozen,Mermaid Premium Frozen Smoked Salmon,7.9,100.0,Halal,,Mermaid,Premium Frozen Smoked Salmon,Premium Frozen Smoked Salmon
3537,frozen,"Magnum Mini Ice Cream - Classic, Almond & White",12.11,330.0,,,Magnum,Classic,Mini Ice Cream
3538,frozen,Porkee Frozen Pork - Belly Sukiyaki,6.15,300.0,,,,Porkee,Frozen Pork
3539,frozen,FairPrice Roasted Chicken Mid Wing - Honey,10.15,380.0,Halal,,FairPrice,Honey,Roasted Chicken
3540,frozen,FairPrice Frozen Chicken Nuggets,6.75,850.0,Halal,,FairPrice,Frozen Chicken Nuggets,Frozen Chicken Nugget
3541,frozen,Seara Frozen Chicken - Griller,3.95,1000.0,,,Seara,Griller,Frozen Chicken
3542,frozen,CJ Bibigo Mandu Dumpling - Pork & Vegetable,7.65,500.0,,,CJ Bibigo,Pork & Vegetable,Mandu Dumpling
3543,frozen,Haagen-Dazs Ice Cream - Strawberry,14.77,473.0,,,Haagen-Dazs,Strawberry,Ice Cream
3544,frozen,Farmpride Frozen Buffalo Wings,8.09,450.0,Halal,,Farmpride,Frozen Buffalo Wings,Frozen Buffalo Wing
3545,frozen,Tian Tian Mian Dian Dumplings - Cabbage & Pork,5.33,500.0,,,Tian Tian,Cabbage & Pork,Dumpling
3546,frozen,Farmland Frozen Premium Fries - Shoestring,4.5,1000.0,,,Farmland,Shoestring,Premium Fry
3547,frozen,Haagen-Dazs Ice Cream - Macadamia Nut,14.77,473.0,,,Haagen-Dazs,Macadamia Nut,Ice Cream
3548,frozen,Golden Chef Dumpling - Cabbage & Pork,5.05,400.0,,,Golden Chef,Cabbage & Pork,Dumpling
3549,frozen,WK Muar Fish Otah - Chunky,4.75,180.0,Halal,,WK Muar Fish,Chunky,Otah
3550,frozen,Farmland Frozen Chicken Nuggets - Original,4.38,400.0,,,Farmland,Original,Frozen Chicken Nugget
3551,frozen,Fairprice Potong Ice Cream - Coconut,2.95,360.0,Halal,,Fairprice,Coconut,Potong Ice Cream
3552,frozen,Catch Seafood Salmon Portion,13.35,450.0,,,,Salmon Portion,Salmon Portion
3553,frozen,Yummy Fresh Frozen Meat - Minced Pork,4.5,500.0,,,Yummy Fresh Frozen Meat,Yummy Fresh Frozen Meat,Minced Pork
3554,frozen,Golden Chef Dumpling - Chive & Pork,5.05,400.0,,,Golden Chef,Chive & Pork,Dumpling
3555,frozen,Xin Jia Fu Dumpling - Chives & Pork,5.33,500.0,,,,Chives & Pork,Xin Jia Fu Dumpling
3556,frozen,FairPrice Potong Ice Cream - Chendol & Red Bean,2.95,390.0,,,FairPrice,Chendol & Red Bean,Potong Ice Cream
3557,frozen,Seara IQF Chicken Thigh,4.95,1000.0,,,Seara,IQF,Chicken Thigh
3558,frozen,Haagen-Dazs Ice Cream - Rum & Raisin,14.77,473.0,,,Haagen-Dazs,Rum & Raisin,Ice Cream
3559,frozen,CP Easy Snack - Half-Cut Middle Wings,8.75,350.0,Halal,,,Half-Cut Middle Wings,CP Easy Snack
3560,frozen,Magnum Mini Ice Cream - Intense Dark,12.11,330.0,,,Magnum,Intense Dark,Mini Ice Cream
3561,frozen,Haagen-Dazs Ice Cream - Pistachio Cream,14.77,420.0,,,Haagen-Dazs,Pistachio Cream,Ice Cream
3562,frozen,FairPrice Frozen Seaweed Chicken,7.6,400.0,Halal,,FairPrice,Frozen Seaweed Chicken,Frozen Seaweed Chicken
3563,frozen,Haagen-Dazs Ice Cream - Cookies & Cream,14.77,473.0,,,Haagen-Dazs,Cookies & Cream,Ice Cream
3564,frozen,Ocean Fresh Delite Frozen - Sutchi Cube,5.5,500.0,,,Ocean Fresh,Sutchi Cube,Frozen
3565,frozen,Farmland Frozen Premium Fries - Crinkle Cut,4.5,1000.0,,,Farmland,Crinkle Cut,Premium Fry
3566,frozen,FairPrice Frozen Chicken Fingers,6.95,500.0,Halal,,FairPrice,Frozen Chicken Fingers,Frozen Chicken Finger
3567,frozen,FairPrice Japanese Style Crispy Chicken Katsu,6.65,410.0,Halal,,FairPrice,Japanese Style Crispy Chicken Katsu,
3568,frozen,FairPrice Potong Ice Cream - Red Bean,2.95,390.0,Halal,,FairPrice,Red Bean,Potong Ice Cream
3569,frozen,Amir's Premium Frozen Meat - Minced Chicken,4.84,300.0,Halal,,,Minced Chicken,Premium Frozen Meat
3570,frozen,CP Roasted Hot Wings,15.75,1000.0,Halal,,CP,,
3571,frozen,Ocean Fresh Delite Frozen Sutchi Fillet,5.3,500.0,,,Ocean Fresh,Delite,Frozen Sutchi Fillet
3572,frozen,FairPrice Frozen Chicken Nuggets - Hot & Spicy,6.75,850.0,Halal,,FairPrice,Hot & Spicy,Frozen Chicken Nugget
3573,frozen,Cornetto Ice Cream Cone - Classic (Vanilla & Chocolate),7.34,440.0,Halal,,Cornetto,Classic,Ice Cream Cone
3574,frozen,FreezePak Frozen Crispy Flamin Nuggets,9.95,800.0,Halal,,FreezePak,Frozen Crispy Flamin Nuggets,Frozen Crispy Flamin Nugget
3575,frozen,Tay's Japanese Crispy Chicken - Super Crispy,16.25,1000.0,,Japan,Tay's,Super Crispy,Crispy Chicken
3576,frozen,Haagen-Dazs Ice Cream - Matcha Green Tea,14.77,473.0,,,Haagen-Dazs,Matcha Green Tea,Ice Cream
3577,frozen,Haagen-Dazs Ice Cream - Vanilla,14.77,473.0,,,Haagen-Dazs,Vanilla,Ice Cream
3578,frozen,CP Shrimp Wonton - Whole Shrimp,7.25,154.0,Halal,,CP Shrimp,Whole Shrimp,Wonton
3579,frozen,Farmland Frozen Rosti Hash Brown,5.4,1000.0,Halal,,Farmland,Hash Brown,Frozen Rosti
3580,frozen,Porkee Frozen Pork - Shoulder Butt,5.45,500.0,,,Porkee,Porkee,Frozen Pork
3581,frozen,Wall's Solero Ice Cream - Lime & Vanilla Split,7.64,384.0,,,Solero,Lime & Vanilla Split,Ice Cream
3582,frozen,Armiya Frozen Beef Meat Ball,2.86,200.0,,,Armiya,Meat Ball,Frozen Beef
3583,frozen,Porkee Frozen Pork - Lean Pork,5.85,500.0,,,,Porkee,Frozen Pork
3584,frozen,Magnum Ice Cream - Almond,12.11,300.0,,,Magnum,Almond,
3585,frozen,Magnum Mini Ice Cream - Mini Mint,12.11,330.0,,,Magnum,Mini Mint,Mini Ice Cream
3586,frozen,Nan Xiang Frozen Dumplings - Cabbage Pork,4.58,400.0,,,Nan Xiang,Cabbage Pork,Frozen Dumpling
3587,frozen,Ajinomoto Japanese Dumpling - Chicken & Vegetable,10.08,600.0,,Japan,Ajinomoto,Chicken & Vegetable,Dumpling
3588,frozen,Chef Delights Frozen Minced Beef,4.84,300.0,Halal,,Chef Delights,,Frozen Minced Beef
3589,frozen,FairPrice Frozen Mini Buns - Red Bean,2.9,270.0,Halal,,FairPrice,Red Bean,Frozen Mini Bun
3590,frozen,FairPrice Buffalo Drumette,6.95,500.0,Halal,,FairPrice,Buffalo Drumette,
3591,frozen,FairPrice Frozen Tori Karaage Japanese Fried Chicken - Original,6.95,500.0,Halal,Japan,Tori Karaage,Original,Fried Chicken
3592,frozen,Mermaid Sutchi Fillet Cube,9.9,800.0,Halal,,Mermaid,Sutchi,
3593,frozen,Fairprice Potong Ice Cream - Pulut Hitam & Yam,2.95,360.0,Halal,,Fairprice,Pulut Hitam & Yam,Potong Ice Cream
3594,frozen,Tian Tian Mian Dian Dumplings - Mushroom & Pork,5.33,500.0,,,Tian Tian,Mushroom & Pork,Dumpling
3595,frozen,WK Muar Minced Fish Otah,3.95,180.0,Halal,,WK Muar,Otah,Minced Fish
3596,frozen,Dr Oetker Ristorante Pizza - Pepperoni,11.55,320.0,Halal,,Dr Oetker,Pepperoni,Pizza
3597,frozen,Cornetto Mini Ice Cream Cone - Chocolate & Vanilla,7.96,336.0,Halal,,Cornetto,Chocolate & Vanilla,Mini Ice Cream Cone
3598,frozen,Oriental Fortune Frozen Mantou - Pandan,2.55,360.0,,,Oriental Fortune,Pandan,Frozen Mantou
3599,frozen,Oriental Fortune Frozen Mantou - Chocolate,2.55,360.0,,,Oriental Fortune,Chocolate,Frozen Mantou
3600,frozen,CP Easy Snack - Roasted Chicken Wings Glazed with Sweet Honey,21.45,850.0,Halal,,CP,Glazed with Sweet Honey,Roasted Chicken Wing
3601,frozen,Haagen-Dazs Ice Cream - Coffee,14.77,473.0,,,Haagen-Dazs,Coffee,Ice Cream
3602,frozen,Porkee Frozen Pork - Prime Rib,9.45,500.0,,,,Porkee,Prime Rib
3603,frozen,FairPrice Frozen French Fries - Crinkle Cut,4.35,1000.0,Halal,France,FairPrice,Crinkle Cut,Frozen Fry
3604,frozen,CP Easy Snack - Roasted Chicken Wings Glazed with Sweet Honey,10.3,380.0,Halal,,CP,Glazed with Sweet Honey,Roasted Chicken Wing
3605,frozen,Haagen-Dazs Ice Cream - Belgian Chocolate,5.62,100.0,,Belgium,Haagen-Dazs,Chocolate,Ice Cream
3606,frozen,FairPrice Frozen Pak Satay with Gravy - Chicken (Pan Fry),8.71,500.0,Halal,,FairPrice,Pan Fry,Frozen Pak Satay with Gravy
3607,frozen,Sadia IQF Chicken Drumstick,6.5,1000.0,,,IQF,,Chicken Drumstick
3608,frozen,FairPrice Mexican Style Roasted Chicken Drumette,6.65,350.0,Halal,,FairPrice,Mexican Style,
3609,frozen,CP Easy Snack - Japanese Crispy Gyoza,6.5,350.0,Halal,Japan,CP Easy Snack,Crispy Gyoza,CP Easy Snack
3610,frozen,Magnum Ice Cream - Classic,12.11,300.0,,,Magnum,Classic,
3611,frozen,New Moon Mackerel Fillet Muar Otah,4.3,180.0,,,New Moon,Muar Otah,Mackerel Fillet
3612,frozen,CP Frozen Signature Chicken Ribs,8.25,350.0,Halal,,CP,,
3613,frozen,FairPrice Potong Ice Cream - Black Sesame,2.95,390.0,,,FairPrice,Black Sesame,Potong Ice Cream
3614,frozen,Chef's Pork Premium Frozen Iberico - Belly Slice,12.95,250.0,,,Chef's Pork,Premium Frozen Iberico,Premium Frozen Iberico
3615,frozen,Dr Oetker Ristorante Pizza - Hawaii,11.55,355.0,Halal,,Dr Oetker,Ristorante Pizza,Ristorante Pizza
3616,frozen,FairPrice Frozen Salt & Pepper Crispy Chicken Drumette,10.15,500.0,,,FairPrice,Crispy Chicken Drumette,Crispy Chicken Drumette
3617,frozen,FairPrice Crispy Popcorn Chicken - Tom Yum,7.6,500.0,,,FairPrice,Tom Yum,Crispy Popcorn Chicken
3618,frozen,Farmland Frozen Chicken Nuggets - Hot and Spicy,4.38,400.0,,,Farmland,Hot and Spicy,Frozen Chicken Nugget
3619,frozen,Bulla Splits Sorbet Ice Cream - Mango,9.95,1000.0,,,Bulla,Mango,Split
3620,frozen,FairPrice Frozen French Fries - Straight Cut,4.35,1000.0,Halal,France,FairPrice,Straight Cut,Frozen Fry
3621,frozen,CP Selection Raw Frozen Chicken Breast – Boneless Skinless,10.95,1000.0,Halal,,CP Selection,Boneless Skinless,Raw Frozen Chicken Breast
3622,frozen,Magnum Ice Cream - Double Cherry,12.11,255.0,,,Magnum,Double Cherry,
3623,frozen,Betagro IQF Frozen Chicken Fillet,8.95,1000.0,Halal,,Betagro,IQF,Frozen Chicken Fillet
3624,frozen,Fisher's Catch Salmon Portion Chunks,19.95,1000.0,,,Fisher,Portion Chunks,Salmon
3625,frozen,Bulla Splits Sorbet Ice Cream - Lemon Lime,9.95,1000.0,,,Bulla,Lemon Lime,Sorbet
3626,frozen,FairPrice Crispy Popcorn Chicken - Spicy,7.6,500.0,,,FairPrice,Spicy,Crispy Popcorn Chicken
3627,frozen,New Moon Wholemeal Mini Mantou - Original,2.15,180.0,Halal,,New Moon,Original,Wholemeal Mini Mantou
3628,frozen,Tay's Japanese Crispy Chicken with Beancurd Wrappings,16.25,850.0,Halal,Japan,Tay's,,Crispy Chicken
3629,frozen,Dr Oetker Ristorante Pizza - Quattro Formaggi,11.55,340.0,,,Dr Oetker,Quattro Formaggi,Pizza
3630,frozen,New Zealand Natural Premiun Ice Cream - Cookies & Cream,14.7,480.0,,New Zealand,Natural Premiun,Cookies & Cream,Ice Cream
3631,frozen,Betagro IQF Frozen Chicken Skinless Boneless Breast,8.95,1000.0,Halal,,Betagro,Boneless Breast,Frozen Chicken
3632,frozen,FairPrice Frozen Chicken Yakitori with Soy Sauce,5.25,250.0,Halal,,FairPrice,Yakitori with Soy Sauce,Frozen Chicken
3633,frozen,Superpork Pork Collar Shabu Shabu (Steamboat),5.95,400.0,,,Superpork,Shabu Shabu,Pork Collar
3634,frozen,Magnum Mini Ice Cream - Almond,12.11,330.0,,,Magnum,Almond,Mini Ice Cream
3635,frozen,Porkee Frozen Soft Bone,6.25,400.0,,,,Porkee,Frozen Soft Bone
3636,frozen,Tay's Skinless Chicken Whole Breast Fillet,8.35,345.0,Halal,,Tay's,Whole Breast Fillet,Skinless Chicken
3637,frozen,FairPrice Mantou - Plain,2.1,400.0,Halal,,FairPrice,Plain,Mantou
3638,frozen,Porkee Frozen Pork - Sweet and Sour,6.45,500.0,,,Porkee,Sweet and Sour,Frozen Pork
3639,frozen,CP Signature Hot & Crisp Chicken Ribs,8.25,350.0,Halal,,CP Signature,,
3640,frozen,FairPrice Frozen Seaweed Chicken with Cheese,7.6,300.0,,,FairPrice,with Cheese,Frozen Seaweed
3641,frozen,Golden Chef Xiao Long Bao - Original,7.34,500.0,,,Golden Chef,Original,Xiao Long Bao
3642,frozen,Seafood Boy - Frozen Dory Sutchi Cube (IQF),7.97,1000.0,,,Seafood Boy,Sutchi Cube,Frozen Dory
3643,frozen,"Haagen-Dazs Ice Cream - Caramel, Biscuit & Cream",14.77,473.0,,,Haagen-Dazs,Caramel,Ice Cream
3644,frozen,CP Selection Raw Frozen Chicken Leg – Boneless Skinless,10.95,1000.0,Halal,,CP Selection,Boneless Skinless,Raw Frozen Chicken Leg
3645,frozen,FairPrice Mantou - Pandan,2.1,400.0,Halal,,FairPrice,Pandan,Mantou
3646,frozen,FairPrice Potong Ice Cream - Durian,2.95,390.0,Halal,,FairPrice,Durian,Potong Ice Cream
3647,frozen,Magnum Mini Ice Cream - White Chocolate & White Chocolate Almond,12.11,330.0,,,Magnum,White Chocolate & White Chocolate Almond,Mini Ice Cream
3648,frozen,Ben & Jerry's Ice Cream - Chocolate Fudge Brownie,15.18,473.0,,,Ben & Jerry,Chocolate Fudge Brownie,Ice Cream
3649,frozen,CP Easy Snack - Crispy Chicken Nuggets,9.7,850.0,Halal,,,Crispy Chicken Nuggets,CP Easy Snack
3650,frozen,CP Chicken Gyoza,7.25,400.0,,,CP,,
3651,frozen,Fassler Frozen Soup - Cream of Mushroom,4.59,500.0,Halal,,Fassler,Cream of Mushroom,Frozen Soup
3652,frozen,Cornetto Mini Ice Cream Cone - Tiramisu & Dark Chocolate,7.96,336.0,Halal,,Cornetto,Tiramisu & Dark Chocolate,Mini Ice Cream Cone
3653,frozen,Spring Home Shaomai - Chicken & Prawn,4.74,200.0,,,Spring Home,Shaomai,Chicken & Prawn
3654,frozen,F & N Magnolia Mag-A-Cone Ice Cream - Vanilla & Chocolate,5.95,110.0,,,Magnolia,Vanilla & Chocolate,Mag-A-Cone Ice Cream
3655,frozen,Cornetto Ice Cream Cone - Cookies & Cream,7.34,408.0,Halal,,Cornetto,Cookies & Cream,Ice Cream Cone
3656,frozen,Tasty Food Affair US Beef Short Plate Shabu Shabu,13.5,500.0,,USA,Tasty Food Affair,Shabu Shabu,Beef Short Plate
3657,frozen,Dr.Oetker Ristorante Frozen Pizza - Margherita,11.55,295.0,Halal,,Dr.Oetker,Margherita,Frozen Pizza
3658,frozen,Tasty Food Affair New Zealand Fresh Grass Fed Minced Beef,10.0,300.0,,New Zealand,Tasty Food Affair,Fresh Grass Fed Minced Beef,Fresh Grass Fed Minced Beef
3659,frozen,Magnum Ice Cream - Le Peche,12.11,270.0,,,Magnum,Le Peche,
3660,frozen,Mr Joy's Fried Big Ngoh Hiang,5.87,420.0,,,Mr Joy,Fried Big Ngoh Hiang,
3661,frozen,Chef Delights Frozen Beef Cube,8.92,500.0,Halal,,Chef Delights,Chef Delights,Frozen Beef Cube
3662,frozen,Chef's Pork Frozen Shirobuta Pork - Belly Shabu,9.95,250.0,,,Chef's Pork,Shabu,Frozen Shirobuta Pork
3663,frozen,FairPrice Frozen Whole Shrimp Wonton,5.6,154.0,Halal,,FairPrice,Frozen Whole Shrimp Wonton,Frozen Whole Shrimp Wonton
3664,frozen,Fish Bay Frozen Nile Fish White Fillet,15.5,450.0,,,Fish Bay,White Fillet,Frozen Nile Fish
3665,frozen,Tay's Japanese Crispy Chicken - Original,16.25,850.0,,Japan,,Original,Tay's Crispy Chicken
3666,frozen,Ben & Jerry's Ice Cream - Chocolate Chip Cookie Dough,15.18,458.0,,,Ben & Jerry,Chocolate Chip Cookie Dough,Ice Cream
3667,frozen,Farmpride Popcorn Chicken,8.2,400.0,Halal,,Farmpride,Popcorn Chicken,Popcorn Chicken
3668,frozen,Chef's Pork Premium Frozen Shirobuta Pork - Collar Shabu,9.95,250.0,,,Chef's Pork,- Collar Shabu,Shirobuta Pork
3669,frozen,Ocean Fresh Delite Frozen Sutchi Fillet,8.15,800.0,,,Ocean Fresh,Delite,Frozen Sutchi Fillet
3670,frozen,FairPrice Crispy Chicken Half-Cut Mid Wing - Mild Spicy,6.95,350.0,Halal,,FairPrice,Mild Spicy,Crispy Chicken Half-Cut Mid Wing
3671,frozen,Tatsumoto Frozen Pork Sausage - Original,4.59,200.0,,,Tatsumoto,Original,Frozen Pork Sausage
3672,frozen,Golden Chef Lau Pa Sat Satay Street - Chicken (Unskewered),8.0,300.0,,,Golden Chef,Unskewered,Chicken
3673,frozen,FairPrice Samosa,5.14,500.0,Halal,,FairPrice,Samosa,Samosa
3674,frozen,CJ Bibigo Mandu - Vegetables & Seafood,15.9,805.0,,,CJ Bibigo Mandu,CJ Bibigo Mandu,Vegetable & Seafood
3675,frozen,Hego Chicken Wings (Mid-Joint),8.6,1000.0,,,Hego,Mid-Joint,Chicken Wing
3676,frozen,Bulla Splits Sorbet Ice Cream - Raspberry,9.95,1000.0,,,Bulla,Raspberry,Split
3677,frozen,Okeanoss Toman Slice,11.95,1000.0,,,Okeanoss,Toman Slice,
3678,frozen,Chef's Fin Rosemary Chicken with Roasted Potatoes & Vegetables,3.95,280.0,Halal,,Chef's Fin,with Roasted Potatoes & Vegetables,Rosemary Chicken
3679,frozen,Nestle Ice Cream Pack - Kitkat Mini Stick,8.05,270.0,,,Nestle,Kitkat Mini Stick,Ice Cream Pack
3680,frozen,BoBo Chicken Sausage - Cheese,3.26,200.0,,,BoBo,- Cheese,Chicken Sausage
3681,frozen,Catch Seafood Salmon Portion,27.2,900.0,,,,Salmon Portion,Salmon Portion
3682,frozen,Farmpride Gourmet Burger Patties - Beef with Cheddar Cheese,8.5,420.0,Halal,,Farmpride,Beef with Cheddar Cheese,Gourmet Burger Patty
3683,frozen,Tay's Japanese Crispy Chicken - Seaweed,8.35,400.0,,Japan,Tay's,Seaweed,Crispy Chicken
3684,frozen,Doux Frozen Chicken Franks - Cheese,2.87,400.0,,,Doux,Franks,Frozen Chicken
3685,frozen,FairPrice Crispy Chicken Drumette - Flaming Hot & Spicy,10.15,500.0,Halal,,FairPrice,Flaming Hot & Spicy,Crispy Chicken Drumette
3686,frozen,FairPrice Spring Roll,5.6,500.0,Halal,,FairPrice,,Spring Roll
3687,frozen,Snow Treasures Premium Atlantic Salmon,29.95,1000.0,,,Snow Treasures,Premium Atlantic Salmon,Premium Atlantic Salmon
3688,frozen,CP Easy Snack - Mexican Wings,7.15,350.0,Halal,Mexico,,Wings,CP Easy Snack
3689,frozen,Al-lazat Beef Shabu Shabu,5.95,300.0,,,Al-lazat,Beef Shabu Shabu,
3690,frozen,Ben & Jerry's Ice Cream - Strawberry Cheesecake,15.18,458.0,,,Ben & Jerry,Strawberry Cheesecake,Ice Cream
3691,frozen,Golden Chef Cantonese Roast Pork,9.95,220.0,,,Golden Chef,Cantonese Roast Pork,Cantonese Roast Pork
3692,frozen,CJ Bibigo Frozen Crispy Dumplings - Pork & Vegetables,5.95,500.0,,,CJ Bibigo,Pork & Vegetables,Frozen Crispy Dumpling
3693,frozen,Haagen-Dazs Mini Cups Ice Cream - Vanilla,5.62,100.0,,,Haagen-Dazs,Vanilla,Mini Cup
3694,frozen,Betagro Yakitori - Soy Sauce,6.56,250.0,Halal,,Betagro,Yakitori,Soy Sauce
3695,frozen,Sunkist Ice Confection - Orange and Yogurt,5.95,260.0,Halal,,Sunkist,Orange and Yogurt,Ice Confection
3696,frozen,Amir's Premium Frozen Meat - Beef Cube,10.45,500.0,Halal,,,Beef Cube,Beef Cube
3697,frozen,Ocean Fresh Delite Seasoned Fish Slices Snakehead,4.95,250.0,,,Ocean Fresh,Seasoned Fish Slices,Snakehead
3698,frozen,Chinatown Glutinous Rice Ball - Black Sesame,2.88,300.0,,,,Black Sesame,Chinatown Glutinous Rice Ball
3699,frozen,CP Selection Raw Frozen Chicken Leg – Boneless Skin On,10.45,1000.0,Halal,,CP Selection,Boneless Skin On,Raw Frozen Chicken Leg
3700,frozen,CP Tsukune Chicken Meatball with Teriyaki Sauce,6.5,360.0,Halal,,CP Tsukune,with Teriyaki Sauce,Chicken Meatball
3701,frozen,FairPrice Potong Ice Cream - Teh Tarik,2.95,390.0,Halal,,FairPrice,Teh Tarik,Potong Ice Cream
3702,frozen,Tasty Food Affair Minced Chicken,5.5,500.0,,,Tasty Food Affair,Tasty Food Affair,Minced Chicken
3703,frozen,Spring Home Mini Char Siew Chicken Bun,4.44,160.0,Halal,,Spring Home,Mini Char Siew Chicken Bun,Mini Char Siew Chicken Bun
3704,frozen,CP Shrimp Wonton with Sesame Sauce,7.25,204.0,Halal,,CP,with Sesame Sauce,
3705,frozen,CP Frozen Ready Meal - Nasi Lemak with Chicken Rendang,4.75,250.0,Halal,,CP,Nasi Lemak with Chicken Rendang,Frozen Ready Meal
3706,frozen,Chef Delights Frozen Beef Ribeye Shabu,9.19,200.0,Halal,,Chef Delights,Shabu,
3707,frozen,Chinatown Glutinous Rice Ball - Peanut & White Sesame,2.88,300.0,,,,Peanut & White Sesame,Chinatown Glutinous Rice Ball
3708,frozen,Okeanoss Premium Salmon Portion,18.5,400.0,,,Okeanoss,Premium Salmon Portion,Premium Salmon Portion
3709,frozen,CP Easy Snack - Roasted Chicken Wing Stick with Honey Sauce,18.17,850.0,Halal,,CP,with Honey Sauce,Roasted Chicken Wing Stick
3710,frozen,FairPrice Frozen Tori Karaage Japanese Fried Chicken - Spicy,6.95,500.0,Halal,Japan,FairPrice,Spicy,Fried Chicken
3711,frozen,Sunshine Frozen Pizza - Hawaiian,7.74,340.0,,,Sunshine,Hawaiian,Frozen Pizza
3712,frozen,CP Frozen Fried Chicken Wing,21.5,1000.0,,,CP,,
3713,frozen,Home Flavours Ready to Eat - Lotus Root Soup,5.95,500.0,,,Home Flavours,Ready to Eat,Lotus Root Soup
3714,frozen,FairPrice Frozen Buns - Longevity,3.31,360.0,,,FairPrice,Longevity,Frozen Bun
3715,frozen,SuperPork Pork Spare Ribs Slab,11.5,900.0,,,SuperPork,SuperPork,Pork Spare Rib
3716,frozen,Catch Seafood - Salmon Portion Family Cut (Frozen),9.9,350.0,,,Catch Seafood,Family Cut (Frozen),Salmon
3717,frozen,Dr Oetker Ristorante Pizza - Spinach,11.55,390.0,,,Dr Oetker,Spinach,Pizza
3718,frozen,Seaco Frozen Fish Fillet - Grouper,13.5,500.0,,,Seaco,Grouper,Frozen Fish Fillet
3719,frozen,FairPrice Potong Ice Cream - Bandung,2.95,390.0,,,FairPrice,Potong Ice Cream,Potong Ice Cream
3720,frozen,Superpork Pork Chop,5.2,500.0,,,Superpork,Superpork,Pork Chop
3721,frozen,Spring Home TYJ Spring Roll Pastry (19cm),3.13,550.0,,,Spring Home,TYJ,Spring Roll Pastry
3722,frozen,Tay's Frozen Japanese Extra Lean Chicken Mini Sausage - Cheese,3.56,150.0,,Japan,Tay's,Cheese,Mini Sausage
3723,frozen,EB Frozen Prawn Cake - Golden Cripsy,7.8,200.0,,,EB,Golden Cripsy,Frozen Prawn Cake
3724,frozen,Amir's Premium Frozen Meat - Beef Shabu Shabu,11.0,400.0,Halal,,Amir's,Beef Shabu Shabu,Premium Frozen Meat
3725,frozen,Dr Oetker Ristorante Pizza - Funghi,11.55,365.0,,,Dr Oetker,Funghi,Pizza
3726,frozen,Farmpride Popcorn Chicken - Hot & Spicy,16.2,1000.0,Halal,,Farmpride,Hot & Spicy,Popcorn Chicken
3727,frozen,Catch Seafood Premium Salmon Portion (Frozen),4.99,150.0,,,Catch Seafood,Premium Salmon Portion,
3728,frozen,Churo Pork Rib (Bak Kut Teh) - Frozen,7.4,500.0,,,Bak Kut Teh,Bak Kut Teh,Churo Pork Rib
3729,frozen,CP Frozen Ready Meal - Kampung Fried Rice,4.75,250.0,Halal,,,Kampung Fried Rice,CP Frozen Ready Meal
3730,frozen,Golden Chef Frozen Fish (Whole) - Garlic Grilled,13.95,1000.0,,,Golden Chef,Garlic Grilled,Frozen Fish
3731,frozen,Frozen Dory Sutchi Fillet (IQF),5.66,600.0,,,IQF,IQF,Sutchi Fillet
3732,frozen,F & N Magnolia Mag-A-Cone Ice Cream - Strawberry & Vanilla,5.95,110.0,Halal,,Magnolia,Strawberry & Vanilla,Mag-A-Cone Ice Cream
3733,frozen,Porkolicious Iberico Pork Belly Shabu (Steamboat),6.95,200.0,,,Porkolicious,Shabu,Pork Belly
3734,frozen,Home Flavours Ready to Eat - Abc Soup,5.95,500.0,,,Home Flavours,Abc Soup,Ready to Eat
3735,frozen,Ben & Jerry's Ice Cream - New York Super Fudge Chunk,15.18,458.0,,,Ben & Jerry,New York Super Fudge Chunk,Ice Cream
3736,frozen,CP Easy Snack - Golden Crispy Chicken Chunk,16.35,1000.0,,,,Golden Crispy Chicken Chunk,CP Easy Snack
3737,frozen,Magnolia Almond Crush - Mint,5.95,232.0,Halal,,Magnolia,Mint,Almond Crush
3738,frozen,Seaco Frozen Fish Fillet - White Snapper,12.5,500.0,,,Seaco,White Snapper,Frozen Fish Fillet
3739,frozen,Dr Oetker Ristorante Pizza - Mozzarella,11.55,355.0,,,Dr Oetker,Mozzarella,Pizza
3740,frozen,Ben & Jerry's Ice Cream - Churifcally Churros-y,15.18,465.0,,,Ben & Jerry,Churifcally,Ice Cream
3741,frozen,Superpork Pork Belly Shabu Shabu (Steamboat),7.5,400.0,,,Superpork,Shabu Shabu,Pork Belly
3742,frozen,Tay's Hainanese Chicken Thigh - Boneless,8.35,380.0,Halal,,Tay's,Boneless,Hainanese Chicken Thigh
3743,frozen,Spring Home Glutinous Rice Ball - Sesame,2.52,200.0,,,Spring Home,Sesame,Glutinous Rice Ball
3744,frozen,Ocean Fresh Delite Seasoned Fish Slices Black Bass,4.95,250.0,,,Ocean Fresh Delite,Seasoned Fish Slices,Seasoned Fish Slice
3745,frozen,Ajinomoto Frozen Shumai - Shrimp,5.3,150.0,,,Ajinomoto,Shrimp,Frozen Shumai
3746,frozen,The Better Fish Barramundi Frozen Fillet,16.5,340.0,,,The Better Fish,,Barramundi Frozen Fillet
3747,frozen,Golden Chef Singapore Pork Satay - Unskewered,8.0,300.0,,Singapore,Golden Chef,Unskewered,Pork Satay
3748,frozen,Haagen-Dazs Ice Cream - Chocolate,14.77,473.0,,,Haagen-Dazs,Chocolate,Ice Cream
3749,frozen,Magnolia Almond Crush - Vanilla,5.95,232.0,Halal,,Magnolia,Vanilla,Almond Crush
3750,frozen,Spring Home Prawn Hargow,4.74,160.0,,,Spring Home,Hargow,Prawn
3751,frozen,Golden Chef Cantonese Char Siew,9.95,220.0,,,Golden Chef,Char Siew,
3752,frozen,Tay's Frozen Japanese Extra Lean Chicken Mini Sausage - Original,3.56,150.0,,Japan,Tay's,Original,Frozen Extra Lean Chicken Mini Sausage
3753,frozen,F & N Magnolia Ice Cream Cone - Hershey's Chocolate Overload,7.45,330.0,Halal,,Hershey,Chocolate Overload,Magnolia Ice Cream Cone
3754,frozen,FairPrice Frozen Pizza - Deluxe Cheese,6.85,300.0,Halal,,FairPrice,Deluxe Cheese,Frozen Pizza
3755,frozen,Binggrae Melona Stickbar Ice Cream - Melon,6.95,640.0,,,Binggrae,Melon,Stickbar Ice Cream
3756,frozen,Chef's Fin Spaghetti Aglio Olio with Chicken Bacon & Mushrooms,3.95,280.0,Halal,,Chef's Fin,with Chicken Bacon & Mushrooms,Spaghetti Aglio Olio
3757,frozen,Tasty Food Affair New Zealand Sliced Beef,10.5,500.0,,New Zealand,Tasty Food Affair,Tasty Food Affair,Sliced Beef
3758,frozen,Ajinomoto Japanese Style Hane Gyoza Pork,8.9,276.0,,,Ajinomoto,Japanese Style Hane Gyoza Pork,Japanese Style Hane Gyoza Pork
3759,frozen,Sara Lee Frozen Pound Cake - Chocolate Swirl,8.25,300.0,,,Sara Lee,Chocolate Swirl,Frozen Pound Cake
3760,frozen,Catch Seafood Wild Caught Saba Mackerel Fillet,8.7,350.0,,,Catch Seafood,Wild Caught,Saba Mackerel Fillet
3761,frozen,F & N Magnolia Ice Cream - Neopolitan,6.42,1400.0,Halal,,F & N,Neopolitan,Magnolia Ice Cream
3762,frozen,F & N Magnolia Ice Cream - Vanilla,6.42,1400.0,,,F & N,Vanilla,Magnolia Ice Cream
3763,frozen,Catch Seafood Salmon Portion Pack of 9 - Frozen,38.3,1350.0,,,Catch Seafood,Frozen,Salmon
3764,frozen,Tay's Golden Crispy Chicken Fingers - Skinless,16.25,850.0,Halal,,Tay's,Skinless,Golden Crispy Chicken Finger
3765,frozen,Sajo Korean Style Mozzarella Corndogs,14.2,400.0,,,Sajo,Korean Style,Corndog
3766,frozen,Ben & Jerry's Ice Cream - Cherry Garcia,15.18,473.0,,,Ben & Jerry,Cherry Garcia,Ice Cream
3767,frozen,CP Shrimp Wonton - Jumbo,9.75,194.0,,,,Jumbo,CP Shrimp Wonton
3768,frozen,S-Pure Roasted Chicken Breast - Rosemary & Lemon,7.8,300.0,Halal,,S-Pure,Rosemary & Lemon,
3769,frozen,Chef's Fin Claypot Chicken Rice with Chinese Chicken Sausages,3.95,280.0,Halal,China,Chef's Fin,with Chicken Sausages,Claypot Chicken Rice
3770,frozen,Haagen-Dazs Mini Cups Ice Cream - Chocoholic Moments,18.24,400.0,,,Haagen-Dazs,Chocoholic Moments,Mini Cup
3771,frozen,Magnolia Ice Cream Stick - Hershey's Cookies 'N' Creme,7.45,210.0,Halal,,Hershey,Cookies 'N' Creme,Magnolia Ice Cream Stick
3772,frozen,Magnolia Almond Crush - Chocolate,5.95,232.0,Halal,,Magnolia,Chocolate,Almond Crush
3773,frozen,CP Selection Raw Frozen Chicken Fillet – Inner without Tendon,10.95,1000.0,Halal,,CP Selection,Inner without Tendon,Raw Frozen Chicken Fillet
3774,frozen,Magnum Bon Bon Ice Cream - White Chocolate & Cookies,15.18,204.0,,,Magnum,White Chocolate & Cookies,
3775,frozen,The Ice Cream & Cookie Co. Sorbet - Acai Berry,13.96,473.0,,,The Ice Cream & Cookie Co.,Acai Berry,Sorbet
3776,frozen,Sara Lee Frozen Pound Cake - Chocolate,8.25,300.0,,,Sara Lee,Chocolate,Frozen Pound Cake
3777,frozen,Cornetto Ice Cream Cone - Muscat Grape,7.34,432.0,Halal,,Cornetto,Muscat Grape,Ice Cream Cone
3778,frozen,CP Shrimp & Pork Wonton with Soup Powder,4.59,120.0,,,,CP Shrimp & Pork Wonton with Soup Powder,
3779,frozen,Amir's Premium Frozen Meat - Minced Mutton,7.15,300.0,Halal,,Amir,Minced Mutton,Premium Frozen Meat
3780,frozen,EB Frozen Foods - Seafood Beancurd Roll,5.56,300.0,,,EB Frozen Foods,Beancurd Roll,Seafood
3781,frozen,FairPrice Frozen Glutinous Rice Ball - Peanut,2.22,200.0,Halal,,FairPrice,Peanut,Frozen Glutinous Rice Ball
3782,frozen,FairPrice Pak Satay with Gravy - Chicken (20 Sticks),10.2,500.0,Halal,,FairPrice,Pak Satay with Gravy,Pak Satay with Gravy
3783,frozen,Twinfish Sutchi Dory Fillet,5.95,800.0,,,Twinfish,Sutchi,Fillet
3784,frozen,Batang Spanish Mackerel Steak - Frozen,19.95,2000.0,,Spain,Batang,Frozen,Steak
3785,frozen,Home Flavours Ready to Eat - Watercress Soup,5.95,500.0,,,Home Flavours,Ready to Eat,Watercress Soup
3786,frozen,Spring Home TYJ Spring Roll Pastry (21.5cm),3.13,550.0,,,Spring Home TYJ,Spring Home TYJ,Spring Roll Pastry
3787,frozen,BoBo Chicken Wings - Prawn Paste,5.91,200.0,Halal,,BoBo,Prawn Paste,Chicken Wing
3788,frozen,Spring Home Chicken Glutinous Rice Dumpling,4.44,270.0,,,,Spring Home Chicken,Glutinous Rice Dumpling
3789,frozen,Seara Boneless Chicken Leg Skinless,12.95,2000.0,,,Seara,Skinless,Boneless Chicken Leg
3790,frozen,Home Flavours Ready to Eat - Sweet And Sour Fish,4.95,240.0,,,Home Flavours,Sweet And Sour Fish,Ready to Eat
3791,frozen,F & N Magnolia Ice Cream - Raspberry Ripple,6.42,1400.0,,,F & N,Raspberry Ripple,Magnolia Ice Cream
3792,frozen,FairPrice Pork Meat Ball with Solefish,5.0,200.0,,,FairPrice,with Solefish,Pork Meat Ball
3793,frozen,Churo Triangle Hashbrown,5.0,500.0,,,Churo Triangle,Hashbrown,Hashbrown
3794,frozen,Tay's Frozen Chicken Cutlet - Ikeda Japanese,16.25,990.0,,Japan,,Ikeda,Tay's Frozen Chicken Cutlet
3795,frozen,Catch Seafood Salmon Belly,5.95,240.0,,,Catch Seafood,Salmon Belly,Salmon Belly
3796,frozen,Betagro IQF Frozen Chicken Middle Wing,8.95,1000.0,Halal,,Betagro,Middle Wing,Frozen Chicken
3797,frozen,Tasty Food Affair New Zealand Minced Beef,9.9,500.0,,New Zealand,Tasty Food Affair,Tasty Food Affair,Minced Beef
3798,frozen,Serve by Hai Sia Premium Salmon Whole Fillet - Frozen,39.76,1000.0,,,Hai Sia,Frozen,Premium Salmon
3799,frozen,Tasty Food Affair Minced Chicken Breast,3.95,300.0,,,Tasty Food Affair,Tasty Food Affair,Minced Chicken Breast
3800,frozen,Sajo Korean Style Half & Half Corndogs,14.2,400.0,,,Sajo,Korean Style,Corndog
3801,frozen,Tasty Food Affair Skin-On Pork Belly Slab,16.0,1000.0,,,Tasty Food Affair,Skin-On Pork Belly Slab,Skin-On Pork Belly Slab
3802,frozen,CP Pork & Chicken Gyoza - Suki Sauce,7.25,370.0,,,CP,Suki Sauce,Pork & Chicken Gyoza
3803,frozen,Tay's Baked Chicken Bites,16.25,1000.0,,,Tay's,Baked Chicken Bites,Baked Chicken Bite
3804,frozen,Delicato Frozen Pork Ribs - Honey Glazed Sauce,18.65,550.0,,,Delicato,Honey Glazed Sauce,Frozen Pork Rib
3805,frozen,Twinfish Sutchi Dory Fillet Cube,5.95,800.0,,,Twinfish,Sutchi,Fillet Cube
3806,frozen,Ben & Jerry's Ice Cream - Strawberry Doughnut-eee,15.18,465.0,,,Ben & Jerry,Strawberry Doughnut-eee,Ice Cream
3807,frozen,Seawaves Frozen Chicken Cutlet,13.9,1000.0,,,Seawaves,,Frozen Chicken Cutlet
3808,frozen,Betagro IQF Frozen Chicken Drumstick,8.95,1000.0,Halal,,Betagro,IQF,Frozen Chicken Drumstick
3809,frozen,Seawaves Battered Chicken Cutlet - Herbs & Spices,5.8,400.0,Halal,,Seawaves,Herbs & Spices,Battered Chicken Cutlet
3810,frozen,Hego Minced Beef,7.05,500.0,,,Hego,,
3811,frozen,Churo Tater Tots - Frozen,4.95,500.0,,,Churo,Frozen,Tater Tot
3812,frozen,Seafood Boy - Premium Frozen Salmon Fillet Bulk Pack,33.75,930.0,,,Seafood Boy,Premium Frozen Salmon Fillet Bulk Pack,Premium Frozen Salmon Fillet Bulk Pack
3813,frozen,Sunshine Frozen Pizza - Mozzarella Cheese,7.74,240.0,,,Sunshine,Mozzarella Cheese,Frozen Pizza
3814,frozen,Farmland Frozen Potato Wedges - Spicy,6.06,500.0,,,Farmland,Spicy,Frozen Potato Wedge
3815,frozen,Amir's Premium Frozen Meat - Beef Rib Eye Steak,13.2,500.0,Halal,,Amir's Premium Frozen Meat,Amir's Premium Frozen Meat,Beef Rib Eye Steak
3816,frozen,Magnolia Ice Cream Stick - Hershey's Classic,7.45,201.0,Halal,,Hershey,Classic,Magnolia Ice Cream Stick
3817,frozen,Tasty Food Affair Pork Collar Slab,12.5,1000.0,,,Tasty Food Affair,Tasty Food Affair,Pork Collar Slab
3818,frozen,FairPrice Frozen Pak Satay with Gravy - Beef (Pan Fry),8.71,500.0,Halal,,FairPrice,Pan Fry,Frozen Pak Satay with Gravy
3819,frozen,Tay's Japanese Crispy Chicken - Super Crispy,8.35,400.0,,Japan,Tay's,Super Crispy,Crispy Chicken
3820,frozen,CP Frozen Ready Meal - Spaghetti with Chicken & Carbonara Sauce,6.5,350.0,Halal,,CP,Spaghetti with Chicken & Carbonara Sauce,
3821,frozen,Serve by Hai Sia Saba Mackerel Fillet - Frozen,8.07,220.0,,,Hai Sia,,Saba Mackerel Fillet
3822,frozen,Seawaves Crispy Mid Wing,5.8,400.0,Halal,,Seawaves,Crispy Mid Wing,
3823,frozen,Haagen-Dazs Crispy Sandwich Ice Cream - Rich Strawberry,6.9,60.0,,,Haagen-Dazs,Rich Strawberry,Crispy Sandwich Ice Cream
3824,frozen,Farmpride Frozen Pizza - Margherita,6.5,210.0,Halal,,Farmpride,Margherita,Frozen Pizza
3825,frozen,BoBo Chicken Sausage - Black Pepper,3.26,200.0,,,BoBo,Black Pepper,Chicken Sausage
3826,frozen,The Ice Cream & Cookie Co. Gelato - Black Sesame Mochi,13.96,473.0,,,The Ice Cream & Cookie Co.,Black Sesame Mochi,Gelato
3827,frozen,Tasty Food Affair Pork Collar Chop,6.5,500.0,,,Tasty Food Affair,Tasty Food Affair,Pork Collar Chop
3828,frozen,The Ice Cream & Cookie Co. Ice Cream - Dark Chocolate,13.96,473.0,,,The Ice Cream & Cookie Co.,Dark Chocolate,Ice Cream
3829,frozen,Tatsumoto Frozen Pork Sausage - Ham,4.59,200.0,,,Tatsumoto,- Ham,Frozen Pork Sausage
3830,frozen,Porkee Frozen Marinated Pork - Yakiniku,7.35,250.0,,,Yakiniku,Porkee,Frozen Marinated Pork
3831,frozen,Home Flavours Ready to Eat - Sayur Lodeh,5.95,300.0,,,Home Flavours,Sayur Lodeh,Ready to Eat
3832,frozen,Tatsumoto Frozen Pork Sausage - Cheese,4.59,200.0,,,Tatsumoto,- Cheese,Frozen Pork Sausage
3833,frozen,Jin Ji Li Whole Fresh Prawn Wonton - Prawn Soup,7.97,168.0,,,Jin Ji Li,Wonton,Whole Fresh Prawn
3834,frozen,SunnyFarm Sweet Potato Cut,6.95,1000.0,,,SunnyFarm,Sweet Potato Cut,
3835,frozen,Port65 Shokunin - Natural Dashi Japanese Soup Base,5.96,50.0,,Japan,Port65 Shokunin,Natural,Soup Base
3836,frozen,Emborg Shredded Easy Stretch Mozzarella Cheese,27.95,2000.0,,,Emborg,Shredded,Mozzarella Cheese
3837,frozen,Ben & Jerry's Ice Cream - Half Baked,15.18,473.0,,,Ben & Jerry,Half Baked,Ice Cream
3838,frozen,CP Frozen Ready Meal - Spaghetti with Chicken Sauce,6.5,350.0,Halal,,CP,Spaghetti with Chicken Sauce,
3839,frozen,FairPrice Frozen Glutinous Rice Ball - Sesame,2.22,200.0,Halal,,FairPrice,Sesame,Frozen Glutinous Rice Ball
3840,frozen,Superpork Pork Minced Meat,4.5,500.0,,,Superpork,Superpork,Pork Minced Meat
3841,frozen,FairPrice Frozen Pizza - Hawaiian,6.52,300.0,Halal,,FairPrice,Hawaiian,Frozen Pizza
3842,frozen,Haagen-Dazs Crispy Sandwich Ice Cream - Rich Caramel,6.9,60.0,,,Haagen-Dazs,Rich Caramel,Crispy Sandwich Ice Cream
3843,frozen,CP Selection Raw Frozen Chicken – Boneless Skin On,10.45,1000.0,Halal,,CP Selection,Boneless Skin On,Raw Frozen Chicken
3844,frozen,Wall's Buzz Rocket Jelly - Multipack,9.9,250.0,Halal,,Wall,Multipack,Rocket Jelly
3845,frozen,Golden Chef Frozen Fish (Whole) - Mala Grilled,13.95,1000.0,,,Golden Chef,Mala Grilled,Frozen Fish
3846,frozen,Wall's Aliens Shot Ice Cream - Multipack,9.9,350.0,Halal,,Wall's,Multipack,Alien Shot Ice Cream
3847,frozen,SunnyFarm Sweet Potato Fries,12.95,1000.0,,,SunnyFarm,Sweet Potato Fries,Sweet Potato Fry
3848,frozen,Porkee Frozen Marinated Pork - Shoyu,7.35,250.0,,,Shoyu,Porkee,Frozen Marinated Pork
3849,frozen,Chef Delights Frozen Stir Fry Beef,6.98,300.0,Halal,,Chef Delights,Frozen Stir Fry Beef,Frozen Stir Fry Beef
3850,frozen,Tasty Food Affair Chicken Leg Shabu Shabu,6.0,300.0,,,Tasty Food Affair,Shabu Shabu,Chicken Leg
3851,frozen,BoBo Chicken Sausage - Satay,3.26,200.0,,,BoBo,Satay,Chicken Sausage
3852,frozen,Hego Minced Chicken Breast Lean (Frozen),5.89,500.0,Halal,,Hego,Lean,Minced Chicken Breast
3853,frozen,CP Easy Snack - Roasted Mexican Chicken Wing Stick,7.05,350.0,Halal,Mexico,CP,Roasted Chicken Wing Stick,Roasted Chicken Wing Stick
3854,frozen,Betagro Yakitori - Korean Sauce,6.56,250.0,Halal,,Betagro,Korean Sauce,Yakitori
3855,frozen,Churo Pork Softbone,4.8,500.0,,,,Churo Pork Softbone,
3856,frozen,Serve by Hai Sia Canton Fish Curd - Frozen,4.63,105.0,,,Hai Sia,Frozen,Canton Fish Curd
3857,frozen,CP Easy Snack - Roasted Mexican Wing Stick,14.7,800.0,Halal,Mexico,,Roasted Wing Stick,CP Easy Snack
3858,frozen,The Ice Cream & Cookie Co. Gelato - Mint Chocolate,13.96,473.0,,,The Ice Cream & Cookie Co.,Mint Chocolate,Gelato
3859,frozen,Catch Seafood Naturally Smoked Boneless Duck Meat,3.99,170.0,,,Catch Seafood,Naturally Smoked Boneless Duck Meat,Catch Seafood
3860,frozen,Home Flavours Ready to Eat - Herbal Chicken,7.5,450.0,,,Home Flavours,Herbal Chicken,Ready to Eat
3861,frozen,Superpork Pork Loin Ribs Slab,18.8,1000.0,,,Superpork,Superpork,Pork Loin Rib Slab
3862,frozen,Golden Chef Lau Pa Sat Satay Street - Beef (Unskewered),8.0,300.0,,,Golden Chef Lau Pa Sat,Unskewered,Beef
3863,frozen,Catch Seafood Wild-Caught Alaskan Keta Salmon (Value Pack),20.9,400.0,,,Catch Seafood,Value Pack,Wild-Caught Alaskan Keta Salmon
3864,frozen,Ben & Jerry's Ice Cream - Phish Food,15.18,473.0,,,Ben & Jerry,Phish Food,Ice Cream
3865,frozen,Home Flavours Ready to Eat - Honey Coffee Pork Chop,6.95,350.0,,,Home Flavours,Honey Coffee,Pork Chop
3866,frozen,S-Pure Roasted Chicken Bites- Italian Herbs & Garlic,7.8,320.0,Halal,Italy,S-Pure,Herbs & Garlic,
3867,frozen,CP Frozen Ready Meal - Fried Rice with Bbq Pork,5.25,350.0,,,CP,Fried Rice with Bbq Pork,Frozen Ready Meal
3868,frozen,Lamb Weston Frozen Original Fries,6.65,750.0,,,Lamb Weston,Original Fries,
3869,frozen,Catch Seafood Seabass Barramundi Fillet,4.5,150.0,,,Catch Seafood,Fillet,Seabass
3870,frozen,Seawaves Frozen Crispy Mid Wing,13.9,1000.0,,,Seawaves,Frozen Crispy Mid Wing,Frozen Crispy Mid Wing
3871,frozen,Seaco Frozen Fish Fillet - Premium Halibut,8.5,320.0,,,Seaco,Premium Halibut,Frozen Fish Fillet
3872,frozen,Tay's Japanese Crispy Chicken - Original,8.35,400.0,,Japan,,Original,Tay's Crispy Chicken
3873,frozen,Tradition Spanish Pork Collar - Shabu Shabu,7.95,300.0,,Spain,,Shabu Shabu,Tradition Pork Collar
3874,frozen,Niseko Ice Bar - Cookies & Cream,7.56,360.0,,,,Cookies & Cream,Niseko Ice Bar
3875,frozen,Haagen-Dazs Stickbar Ice Cream - Green Tea & Almond,5.92,80.0,,,Haagen-Dazs,Green Tea & Almond,Stickbar Ice Cream
3876,frozen,Magnum Bon Bon Ice Cream - Salted Caramel & Almond,15.18,204.0,,,Magnum,Salted Caramel & Almond,
3877,frozen,Tasty Food Affair Pork Soft Bone Cut,6.0,500.0,,,Tasty Food Affair,Pork Soft Bone Cut,Pork Soft Bone Cut
3878,frozen,Snow Treasures Premium Atlantic Salmon,15.4,500.0,,,Snow Treasures,Premium Atlantic Salmon,Premium Atlantic Salmon
3879,frozen,Oriental Delight Unagi Kabayaki (Roasted Eel),11.95,200.0,,,Oriental Delight,Unagi Kabayaki,Unagi Kabayaki
3880,frozen,Porkolicious Iberico Pork Collar Shabu (Steamboat),9.5,200.0,,,Iberico,Shabu,Pork Collar
3881,frozen,Tasty Food Affair Beef Ribeye Shabu Shabu,8.8,300.0,,,Tasty Food Affair,Shabu Shabu,Beef Ribeye
3882,frozen,Golden Chef Xiao Long Bao - Spring Onion,7.34,500.0,,,Golden Chef,Spring Onion,Xiao Long Bao
3883,frozen,CJ Bibigo Mandu Dumpling - Pork,13.9,910.0,,,CJ Bibigo,Pork,Mandu Dumpling
3884,frozen,Ben & Jerry's Ice Cream - Vanilla,15.18,473.0,,,Ben & Jerry,Vanilla,Ice Cream
3885,frozen,Home Flavours Ready to Eat - Honey Coffee Chicken,4.95,230.0,,,Home Flavours,Honey Coffee Chicken,Ready to Eat
3886,frozen,Home Flavours Ready to Eat - Fried Lemon Fish,4.95,240.0,,,Home Flavours,Ready to Eat,Fried Lemon Fish
3887,frozen,Mr Joy's Muar Otah Bun,6.9,300.0,,,Mr Joy,Muar,
3888,frozen,Seawaves Frozen Popcorn Chicken - Original,16.04,1000.0,,,Seawaves,Original,Frozen Popcorn Chicken
3889,frozen,The Ice Cream & Cookie Co. Sorbet - Yuzu,13.96,473.0,,,The Ice Cream & Cookie Co.,Yuzu,Sorbet
3890,frozen,Tay's Japanese Crispy Chicken - Beancurd,8.35,400.0,,Japan,Tay's,Beancurd,Crispy Chicken
3891,frozen,Mr Joy's Steamboat Taiwan Frozen Tofu,4.9,300.0,,Taiwan,Mr Joy,Steamboat,Frozen Tofu
3892,frozen,Chinatown Traditional Ang Ku Kueh - Peanut,4.5,258.0,Halal,,,Chinatown Traditional Ang Ku Kueh,Chinatown Traditional Ang Ku Kueh
3893,frozen,Delicato Frozen Pork Ribs - Yuzu Sauce,18.65,550.0,,,Delicato,Yuzu Sauce,Frozen Pork Rib
3894,frozen,Catch Seafood Saba Teriyaki Marinade (Pack of 2),8.8,350.0,,,Saba,Pack of 2,Teriyaki Marinade
3895,frozen,Yorihada Three-Colored Assorted Honey Rice Cake,5.45,320.0,,,Yorihada,Three-Colored Assorted,Honey Rice Cake
3896,frozen,Superpork Pork Belly Cube,6.5,500.0,,,Superpork,,Pork Belly Cube
3897,frozen,CP Frozen Fried Chicken Wing,19.55,800.0,,,CP,,
3898,frozen,Hego Frozen Boneless Chicken Breast (Skinless),9.34,1000.0,Halal,,Hego,Skinless,Frozen Boneless Chicken Breast
3899,frozen,Ajinomoto Gyoza Pops Chicken & Vegetables,5.95,260.0,,,Ajinomoto,Chicken & Vegetables,Gyoza Pop
3900,frozen,Tradition Spanish Pork Belly - Shabu Shabu,7.95,300.0,,Spain,,Shabu Shabu,Tradition Pork Belly
3901,frozen,Serve Batang Slice Hotpot Steamboat - Frozen,7.9,200.0,,,,Serve Batang Slice,Hotpot Steamboat
3902,frozen,CJ Bibigo Plantable Frozen Mandu - Kimchi,8.1,420.0,,,CJ Bibigo,Kimchi,Plantable Frozen Mandu
3903,frozen,CP Fried Shrimp Wonton,4.95,130.0,Halal,,CP,,
3904,frozen,Delicato Frozen Pork Ribs - Black Pepper,18.65,500.0,,,Delicato,Black Pepper,Frozen Pork Rib
3905,frozen,Freezepak Popcorn Chicken,16.65,1000.0,Halal,,Freezepak,Popcorn Chicken,
3906,frozen,BoBo Chicken Bites - Prawn Paste,5.91,200.0,Halal,,BoBo,Prawn Paste,Chicken Bite
3907,frozen,CP Frozen Ready Meal - Rendang Chicken,6.95,260.0,Halal,,CP,Rendang Chicken,Frozen Ready Meal
3908,frozen,Home Flavours Ready to Eat - Sweet And Sour Chicken,4.95,230.0,,,Home Flavours,Sweet And Sour Chicken,Ready to Eat
3909,frozen,Snow Treasures Wild Caught Cod Fish Steak,77.0,1000.0,,,Snow Treasures,Wild Caught Cod,Fish Steak
3910,frozen,Lamb Weston Frozen Grill Fries - Salt & Pepper,6.65,500.0,,,Lamb Weston,Salt & Pepper,Frozen Grill Fry
3911,frozen,Hego Minced Chicken,5.9,500.0,,,Hego,,Minced Chicken
3912,frozen,New Multi Roasted Boneless Chicken Leg,15.9,1000.0,Halal,,,New Multi Roasted Boneless Chicken Leg,New Multi Roasted Boneless Chicken Leg
3913,frozen,Amir's Premium Frozen Meat - Mutton Cube,12.05,500.0,Halal,,Amir's,Mutton Cube,Premium Frozen Meat
3914,frozen,Lamb Weston Frozen Ziggy Fries,6.65,750.0,,,Lamb Weston,Ziggy Fries,Frozen
3915,frozen,Hego Beef Chuck Tender Cube,10.5,500.0,,,Hego,Tender Cube,
3916,frozen,CP Pork & Chive Wonton with Soup Powder,4.59,120.0,,,CP,Pork & Chive Wonton with Soup Powder,
3917,frozen,Emerald Seafood Frozen Sea Scallops,27.5,400.0,,,Emerald Seafood,,Frozen Sea Scallop
3918,frozen,Seaco Frozen Fish Fillet - Snapper,13.5,500.0,,,Seaco,Snapper,Frozen Fish Fillet
3919,frozen,Magnolia Ice Cream Stick - Hershey's Chocolate Almond,7.45,210.0,Halal,,Hershey,Chocolate Almond,Magnolia Ice Cream Stick
3920,frozen,Serve by Hai Sia Black Pomfret (Scaled & Gutted) - Frozen,6.51,250.0,,,Hai Sia,Scaled & Gutted,Black Pomfret
3921,frozen,Tradition Shabu Shabu Chicken,4.95,250.0,,,,Tradition Shabu Shabu Chicken,Tradition Shabu Shabu Chicken
3922,frozen,Aw's Market Frozen Pork Soup Bones,4.23,300.0,,,Aw's Market,,Frozen Pork Soup Bone
3923,frozen,Magnolia Ice Cream Stick - Hershey's Matcha Almond,7.45,210.0,,,Hershey,Matcha Almond,Magnolia Ice Cream Stick
3924,frozen,Xin Jia Food Steamed Buns - Original,7.34,500.0,,,Xin Jia Food,Original,Steamed Bun
3925,frozen,Tay Chicken Twistees - Garlic Aioli,7.2,350.0,Halal,,Tay,Garlic Aioli,Chicken Twistee
3926,frozen,Catch Seafood Wild Black Cod Portion (Sable Fish/Gindara),15.88,230.0,,,,Sable Fish/Gindara,Wild Black Cod Portion
3927,frozen,Seafood Boy Frozen IQF Dory Sutchi Cube,7.97,1000.0,,,Seafood Boy,Sutchi Cube,Frozen IQF
3928,frozen,Mr Joy's Dim Sum Big Shaomai,11.5,375.0,,,Mr Joy,Big Shaomai,Dim Sum
3929,frozen,Mr Joy's Steamboat Pork Ball With Meat,9.9,500.0,,,Mr Joy,With Meat,Steamboat Pork Ball
3930,frozen,Dodo Kiddos Chicken Nuggets - Toy Story,6.95,500.0,Halal,,Dodo Kiddos,Toy Story,Chicken Nugget
3931,frozen,Aw's Market Frozen Pork Belly,5.5,300.0,,,Aw's Market,,Frozen Pork Belly
3932,frozen,Philadelphia Cheesecake - Classic New York Style,22.66,794.0,,,,Classic New York Style,Philadelphia Cheesecake
3933,frozen,Serve by Hai Sia Norwegian Salmon Family Pack - Frozen,26.62,600.0,,Norway,Hai Sia,Frozen,Salmon Family Pack
3934,frozen,Ben & Jerry's Ice Cream - Sweet Mango Memories,15.18,465.0,Halal,,Ben & Jerry,Sweet Mango Memories,Ice Cream
3935,frozen,Seafood Boy - Frozen Crispy Ang Kar Prawn Roll (Hae Zhor),12.85,400.0,,,Seafood Boy,Hae Zhor,Frozen Crispy Ang Kar Prawn Roll
3936,frozen,S-Pure Chicken - Charcoal Grilled Yakitori,7.8,280.0,Halal,,S-Pure Chicken,Charcoal Grilled Yakitori,
3937,frozen,Aw's Market Frozen Pork Mince,3.7,300.0,,,Aw's Market,,Frozen Pork Mince
3938,frozen,Catch Seafood Wild Atlantic Cod Value Pack,19.99,480.0,,,Catch Seafood,Wild Atlantic Cod Value Pack,
3939,frozen,Aw's Market Frozen Pork Prime Ribs,4.95,300.0,,,Aw's Market,Prime Ribs,Frozen Pork
3940,frozen,Tasty Food Affair Pork Spare Rib Slab,11.5,900.0,,,Tasty Food Affair,Tasty Food Affair,Pork Spare Rib Slab
3941,frozen,FairPrice Frozen Pizza - Pepperoni,6.85,300.0,Halal,,FairPrice,Pepperoni,Frozen Pizza
3942,frozen,Seafood Boy Frozen IQF Dory Sutchi Fillet,5.66,600.0,,,Seafood Boy,Sutchi Fillet,Frozen IQF
3943,frozen,Tay Chicken Twistees - Spicy Korean,7.2,350.0,Halal,South Korea,,Spicy,Tay Chicken Twistee
3944,frozen,Seawaves Chicken Xiao Long Bao,5.9,360.0,Halal,,Seawaves,Chicken Xiao Long Bao,Chicken Xiao Long Bao
3945,frozen,CP Mala Shrimp Wonton Noodle,5.95,300.0,Halal,,,CP Mala Shrimp Wonton Noodle,
3946,frozen,Tay Tatsuda Golden Chicken Nugget,12.9,1000.0,Halal,,Tay Tatsuda,Golden Chicken Nugget,Golden Chicken Nugget
3947,frozen,Amir's Premium Frozen Meat - Beef Striploin Steak,13.2,500.0,Halal,,Amir's Premium Frozen Meat,Amir's Premium Frozen Meat,Beef Striploin Steak
3948,frozen,Farmland Frozen Chicken Nuggets - Fully Cooked,9.45,1000.0,,,Farmland,Fully Cooked,Frozen Chicken Nugget
3949,frozen,Meiji Ice Cream - Kaku Ice Soda,6.5,450.0,,,Meiji,Kaku Ice Soda,Ice Cream
3950,frozen,Ding Borneo Frozen Shabu Roll - Pork Shoulder,7.45,250.0,,,Ding Borneo,Pork Shoulder,Frozen Shabu Roll
3951,frozen,Haagen-Dazs Stickbar Ice Cream - Chocolate Choc Almond,13.5,240.0,,,Haagen-Dazs,Chocolate Choc Almond,Stickbar Ice Cream
3952,frozen,Royal Delight Salmon Fish Bones,5.9,1000.0,,,Royal Delight,Royal Delight,Salmon Fish Bone
3953,frozen,CP Frozen Ready Meal - Roasted Chicken Satay,6.95,260.0,Halal,,CP,Roasted Chicken Satay,
3954,frozen,As-Sufi Currypuff - Potatoes,3.35,500.0,,,,As-Sufi,Potato
3955,frozen,Oriental Delight Teriyaki Marinated Chicken Chop,11.0,450.0,,,Oriental Delight,Teriyaki,Chicken
3956,frozen,Catch Seafood Salmon Portion,9.99,330.0,,,,Salmon Portion,Salmon Portion
3957,frozen,Home Flavours Ready to Eat - Braised Soft Bone Pork,8.5,300.0,,,Home Flavours,Braised Soft Bone Pork,Ready to Eat
3958,frozen,Bistro Belgique Shoestring Fries 7MM,5.0,1000.0,Halal,,Bistro Belgique,7MM,Shoestring Fry
3959,frozen,Snickers Ice Cream Mini Bars - Almond,15.95,280.0,,,Snickers,Almond,Mini Bar
3960,frozen,Pondok Abang Rendang Lembu,8.65,400.0,Halal,,Pondok Abang Rendang Lembu,,
3961,frozen,Simply Natural Mini Mantou - Rainbow,7.5,300.0,,,Simply Natural,Rainbow,Mini Mantou
3962,frozen,Yorihada Crispy Fried Sweet Potato And Vegetables,7.45,600.0,,,Yorihada,Crispy Fried Sweet Potato And Vegetables,Crispy Fried Sweet Potato And Vegetable
3963,frozen,Porkee Frozen Marinated Pork - Black Pepper,7.35,250.0,,,,Porkee,Pork
3964,frozen,Betagro IQF Frozen Chicken Wing Stick,8.95,1000.0,Halal,,Betagro,IQF,Frozen Chicken Wing Stick
3965,frozen,Churo Pork Spare Rib,5.99,500.0,,,Churo,,
3966,frozen,Tasty Food Affair Pork Collar Shabu Shabu,4.95,300.0,,,Tasty Food Affair,Shabu Shabu,Pork Collar
3967,frozen,As-Sufi Exotic Traditional Snacks - Potato Samosa,4.81,500.0,,,As-Sufi,Exotic Traditional Snacks,Potato Samosa
3968,frozen,Ocean Fresh Delite Frozen Cod Steak,49.95,500.0,,,Ocean Fresh Delite,,Frozen Cod Steak
3969,frozen,Haagen-Dazs Stickbar Ice Cream - Assorted,13.5,240.0,,,Haagen-Dazs,Assorted,Stickbar Ice Cream
3970,frozen,Sunshine Frozen Pizza - BBQ Chicken,7.74,340.0,Halal,,Sunshine,BBQ Chicken,Frozen Pizza
3971,frozen,Blue Ocean Yellow Stripe Trevally/Kunning 21-25,6.95,1000.0,,,Blue Ocean,Yellow Stripe,Trevally
3972,frozen,Mr Joy's Steamboat Pork Skin,4.9,200.0,,,Mr Joy,,Steamboat Pork Skin
3973,frozen,Tasty Food Affair Beef Brisket Cube,10.0,500.0,,,Tasty Food Affair,Tasty Food Affair,Beef Brisket Cube
3974,frozen,Haagen-Dazs Stickbar Ice Cream - Cookies & Cream,5.92,80.0,,,Haagen-Dazs,Cookies & Cream,Stickbar Ice Cream
3975,frozen,Catch Seafood Cod Cube (Frozen),26.0,500.0,,,Catch Seafood,Frozen,Cod Cube
3976,frozen,Mt Cook Alpine King Salmon Portion - Frozen,13.12,150.0,,,Mt Cook,Frozen,Alpine King Salmon Portion
3977,frozen,Magnolia Ice Cream Nuggets - Hershey's Triple Chocolate,7.45,180.0,Halal,,Hershey,Triple Chocolate,Nugget
3978,frozen,CP Thai Spicy Shrimp Wonton Noodles,5.95,250.0,Halal,Thailand,CP,Spicy Shrimp,Wonton Noodle
3979,frozen,Amir's Premium Frozen Meat - Beef Sukiyaki,11.0,400.0,Halal,,,Beef Sukiyaki,Premium Frozen Meat
3980,frozen,Hego Grass Fed Beef Stir Fry - Chilled,9.67,250.0,Halal,,Hego,Chilled,Grass Fed Beef Stir Fry
3981,frozen,Home Flavours Ready to Eat - Kam Heong Chicken,4.95,250.0,,,Kam Heong,Home Flavours,Ready to Eat
3982,frozen,Churo Bone-In Pork Chop,5.65,500.0,,,Churo,Bone-In Pork Chop,Bone-In Pork Chop
3983,frozen,Tasty Food Affair Minced Pork,5.6,500.0,,,Tasty Food Affair,Tasty Food Affair,Minced Pork
3984,frozen,Tasty Food Affair Onion Rings,9.5,1000.0,Halal,,Tasty Food Affair,Tasty Food Affair,Onion Ring
3985,frozen,Tasty Food Affair Tater Tots,7.6,750.0,,,Tasty Food Affair,Tater Tots,Tater Tot
3986,frozen,U Farm Benja Frozen Raw Boneless Chicken Breast - Skinless,13.95,520.0,Halal,,U Farm,Skinless,Frozen Raw Boneless Chicken Breast
3987,frozen,Tasty Food Affair Wagyu Beef Patty,12.5,240.0,,,Tasty Food Affair,Tasty Food Affair,Wagyu Beef Patty
3988,frozen,Hego Beef Cube,8.7,500.0,,,Hego,,
3989,frozen,Ding Borneo Frozen Shabu Roll - Pork Belly,7.45,250.0,,,Ding Borneo,Pork Belly,Frozen Shabu Roll
3990,frozen,Catch Seafood Natural Pacific Dory Cube (IQF) - Frozen,7.45,1000.0,,,IQF,Natural Pacific,Cube
3991,frozen,Chinatown Traditional Ang Ku Kueh - Mung Bean,4.5,258.0,Halal,,,Chinatown Traditional Ang Ku Kueh,Mung Bean
3992,frozen,Snow Treasures Wild Caught Cod Fish Cubes,34.65,500.0,,,Snow Treasures,Wild Caught Cod,Fish Cube
3993,frozen,Catch Seafood Salmon Cube Skinless Family Pack,15.5,500.0,,,Catch Seafood,Family Pack,Salmon
3994,frozen,Andersen's of Denmark Ice Cream - Belgian Chocolate Chip,14.06,473.0,,Denmark,Andersen's of,Belgian Chocolate Chip,Ice Cream
3995,frozen,Niks Paneer 1Kg -- By Dashmesh,13.82,1000.0,,,Niks,By Dashmesh,Paneer
3996,frozen,Al-Lazat Mutton Cube,10.5,500.0,,,Al-Lazat,Mutton Cube,Mutton Cube
3997,frozen,Port65 Black Cod Gindara Portion - Frozen,15.92,150.0,,,Port65,Gindara Portion,Black Cod
3998,frozen,Haagen-Dazs Stickbar Ice Cream - Chocolate Choc Almond,5.92,80.0,,,Haagen-Dazs,Chocolate Choc Almond,Stickbar Ice Cream
3999,frozen,Seawaves Chicken Gyoza - Pepper,5.9,380.0,Halal,,Seawaves,Pepper,Chicken Gyoza
4000,frozen,Aw's Market Frozen Pork Loin Chop,3.99,300.0,,,Aw's Market,,Frozen Pork Loin Chop
4001,frozen,Hego Beef Striploin Steak,13.3,500.0,,,Hego,,
4002,frozen,Tegel Free Range Crispy Chicken Tenders (Frozen),11.9,400.0,,,Tegel,Free Range Crispy Chicken Tenders,Free Range Crispy Chicken Tender
4003,frozen,Hego Frozen Chicken Drumstick,10.9,2000.0,Halal,,Hego,Frozen Chicken Drumstick,Frozen Chicken Drumstick
4004,frozen,Hai Sia Frozen Batang Slices,7.9,200.0,Halal,,Hai Sia,Frozen Batang Slices,Frozen Batang Slice
4005,frozen,Hego Chicken Sliced (Shabu Shabu),5.4,300.0,,,Hego,Shabu Shabu,Chicken Sliced
4006,frozen,Serve by Hai Sia Barramundi Portion Family Pack - Frozen,18.41,600.0,,,Hai Sia,Frozen,Family Pack
4007,frozen,Tasty Food Affair New Zealand Fresh Grass Fed Beef Brisket,16.0,500.0,,New Zealand,Tasty Food Affair,Fresh Grass Fed Beef Brisket,Fresh Grass Fed Beef Brisket
4008,frozen,U Farm Benja Frozen Raw Boneless Chicken Leg - Skinless,11.4,400.0,Halal,,U Farm,Skinless,Frozen Raw Boneless Chicken Leg
4009,frozen,Churo Minced Pork Lean (Frozen),5.7,500.0,,,Churo,Lean,Minced Pork
4010,frozen,Deebees Organic Superfruit Freezee,15.4,400.0,Organic,,Deebees,Organic Superfruit Freezee,
4011,frozen,Fisher's Catch Salmon Cube (Rainbow Trout),15.0,500.0,,,Fisher's Catch,Rainbow Trout,Salmon Cube
4012,frozen,CP Frozen Ready Meal - Stir- Fried Hor Fun with Bbq Pork,5.25,350.0,,,CP,Hor Fun with Bbq Pork,Frozen Ready Meal
4013,frozen,Johnsonville Meatball - Classic Italian,18.9,680.0,,Italy,Johnsonville,Classic,Meatball
4014,frozen,Port65 Salmon Cubes (Baby-Friendly) - Frozen,14.22,180.0,,,Port65,Baby-Friendly,Salmon Cube
4015,frozen,Ding Iberico Frozen Shabu Roll - Pork Collar,12.95,200.0,,,Ding Iberico,Pork Collar,Frozen Shabu Roll
4016,frozen,Hego Oxtail,10.51,500.0,,,,Hego Oxtail,
4017,frozen,Aw's Market Frozen Pork Spare Ribs,5.22,300.0,,,Aw's Market,,Frozen Pork Spare Rib
4018,frozen,Catch Seafood Naturally Smoked Black Pepper Duck,3.99,170.0,,,Catch Seafood,Naturally Smoked Black Pepper Duck,Catch Seafood
4019,frozen,Mr Joy's Dim Sum Beancurd Prawn Roll,8.5,270.0,,,Mr Joy,Dim Sum,Dim Sum
4020,frozen,Yorihada Plant-based Blackbean Noodles,4.95,330.0,,,Yorihada,Plant-based Blackbean Noodles,Plant-based Blackbean Noodle
4021,frozen,Serve by Hai Sia Barramundi Fillet - Frozen,5.33,120.0,,,Hai Sia,Frozen,Barramundi Fillet
4022,frozen,Mr Joy's Handmade Teochew Pork Ball Frozen,5.49,240.0,,,Mr Joy,,Frozen
4023,frozen,Figo Lotus Leaf Bun,3.95,300.0,,,Figo,Lotus Leaf Bun,Lotus Leaf Bun
4024,frozen,Haagen-Dazs Ice Cream Bar - Belgian Chocolate,5.92,80.0,,Belgium,Haagen-Dazs,Chocolate,Ice Cream Bar
4025,frozen,Amir's Premium Frozen Meat - Lamb Shoulder Chop,12.9,500.0,Halal,,Amir's Premium Frozen Meat,Amir's Premium Frozen Meat,Lamb Shoulder Chop
4026,frozen,Bulla Ice Cream Sticks - Honeycomb,12.12,360.0,,,Bulla,Honeycomb,Ice Cream Stick
4027,frozen,Churo Pork Tenderloin,10.89,1000.0,,,,Churo Pork Tenderloin,Churo Pork Tenderloin
4028,frozen,Magnolia Ice Cream - Chocolate Berry (Multipack),5.5,280.0,,,,Chocolate Berry,Magnolia Ice Cream
4029,frozen,Johnsonville Meatball -  Homestyle,18.9,680.0,,,Johnsonville,Homestyle,Meatball
4030,frozen,Tasty Food Affair Fresh Sliced Beef (Grass Fed),12.5,300.0,,,Tasty Food Affair,Grass Fed,Fresh Sliced Beef
4031,frozen,Catch Seafood Alaskan Salmon Wild Caught,8.5,140.0,,,,Wild Caught,Alaskan Salmon
4032,frozen,Farmpride Japanese Fried Chicken,7.87,400.0,,Japan,Farmpride,Fried Chicken,Fried Chicken
4033,frozen,Snow Treasures Premium Barramundi Whole (Seabass),6.78,400.0,,,Snow Treasures,Whole,Premium Barramundi
4034,frozen,Churo Japanese Burger Patties,6.6,300.0,,Japan,Churo,Burger Patties,Burger Patty
4035,frozen,Mr Joy's Mackerel Fillet Muar Otah,4.99,170.0,,,Mr Joy,Muar Otah,Mackerel Fillet
4036,frozen,Seafood Boy Frozen Norwegian Salmon Belly,23.22,500.0,,Norway,Seafood Boy,Frozen Salmon Belly,Frozen Salmon Belly
4037,frozen,Catch Seafood Barramundi Portion  Skin On Value Pack,17.8,1000.0,,,Catch Seafood,Skin On Value Pack,Barramundi
4038,frozen,Anderson's of Denmark Ice Cream - Cookies & Cream,14.06,473.0,,Denmark,Anderson's of,Cookies & Cream,Ice Cream
4039,frozen,Superpork Pork Slice Stir Fry,4.95,500.0,,,Superpork,Pork Slice Stir Fry,Pork Slice Stir Fry
4040,frozen,Johnsonville Meatball - Three Cheese Italian,15.2,680.0,,Italy,Johnsonville,Three Cheese,Meatball
4041,frozen,Catch Seafood Tuna Cube,13.5,500.0,,,Catch Seafood,Tuna Cube,Tuna Cube
4042,frozen,Superpork Pork Belly Sliced 1.2cm,8.5,500.0,,,Superpork,,Pork Belly
4043,frozen,Kirei Life Foods Rice Cauliflower,8.1,500.0,,,Kirei Life Foods,,Rice Cauliflower
4044,frozen,Catch Seafood Pacific Dory Fillet,5.95,700.0,,,Catch Seafood,Pacific Dory Fillet,Pacific Dory Fillet
4045,frozen,Mr Joy's Fried Ngoh Hiang Ball,4.8,300.0,,,Mr Joy,Fried Ngoh Hiang Ball,
4046,frozen,AW'S Market Frozen Chicken Breast (Skinless),4.14,300.0,,,AW'S Market,Skinless,Frozen Chicken Breast
4047,frozen,Aw's Market Premium Cod Fish Steak,27.0,250.0,,,Aw's Market,Premium Cod Fish Steak,Premium Cod Fish Steak
4048,frozen,Port65 Threadfin Cubes (Baby-friendly) - Frozen,16.01,180.0,,,Threadfin,Baby-friendly,Cube
4049,frozen,Catch Seafood Barramundi Fillet Large,13.85,580.0,,,Catch Seafood,Large,Barramundi
4050,frozen,Royal Delight Seaweed Chicken,13.5,1000.0,,,Royal Delight,Seaweed Chicken,Seaweed Chicken
4051,frozen,Catch Seafood Threadfin Slice(Ngor He),8.99,300.0,,,Ngor He,Ngor He,Catch Seafood Threadfin Slice
4052,frozen,Yorihada Sweet Korean Pancakes,8.95,400.0,,South Korea,Yorihada,Sweet Pancakes,Sweet Pancake
4053,frozen,Tasty Food Affair Beef Bone,8.5,1000.0,,,Tasty Food Affair,Tasty Food Affair,Beef Bone
4054,frozen,Amir's Premium Frozen Meat - Chicken Cube,6.55,400.0,Halal,,,Chicken Cube,Chicken Cube
4055,frozen,Aw's Market Frozen Pork Soft Bone,5.13,300.0,,,Aw's Market,Soft Bone,Frozen Pork
4056,frozen,Chinatown Glutinous Rice Ball - Coconut Caramel,2.85,200.0,Halal,,,Coconut Caramel,Chinatown Glutinous Rice Ball
4057,frozen,Ecofrost Onion Ring,8.95,1000.0,,,Ecofrost,,Onion Ring
4058,frozen,Yorihada Authentic Five-Color Japchae,8.45,300.0,,,Yorihada,Authentic Five-Color Japchae,
4059,frozen,Mr Joy's Handmade Shrimp Balls,6.89,250.0,,,Mr Joy,,Handmade Shrimp Ball
4060,frozen,Churo Potato Wedges,3.3,500.0,,,Churo,,Potato Wedge
4061,frozen,Tasty Food Affair Pork Belly Shabu Shabu,6.9,300.0,,,Tasty Food Affair,Shabu Shabu,Pork Belly
4062,frozen,Betagro Buffalo Drummet - Spicy,6.06,300.0,Halal,,Betagro,Spicy,Buffalo Drummet
4063,frozen,Mr Joy's Handmade Shiitake Mushroom Chicken Ball Frozen,5.33,240.0,,,Mr Joy,,Chicken Ball
4064,frozen,Churo Pork Cube,4.79,500.0,,,,Churo Pork Cube,Churo Pork Cube
4065,frozen,Seafood Boy Chilean Seabass Cod Steak - Frozen,75.79,1000.0,,Chile,Seafood Boy,,Seabass
4066,frozen,Churo Boneless Pork Shoulder,10.9,1000.0,,,Churo,,Boneless Pork Shoulder
4067,frozen,Hego Beef Brisket,9.74,500.0,,,,Hego Beef Brisket,Hego Beef Brisket
4068,frozen,Sunkist Ice Cream - Zesty Lemon Bliss,7.65,450.0,,,Sunkist,Zesty Lemon Bliss,Ice Cream
4069,frozen,Serve by Hai Sia Toman Slices Hotpot Steamboat - Frozen,5.95,200.0,,,,Serve by Hai Sia Toman Slices,Hotpot Steamboat
4070,frozen,Churo Pork Bone,4.05,900.0,,,,Churo Pork Bone,Churo Pork Bone
4071,frozen,Tegel Free Range Crunchy Chicken Burger (Frozen),11.9,390.0,,,Tegel,Free Range Crunchy Chicken Burger,Free Range Crunchy Chicken Burger
4072,frozen,Tegel Free Range Chargrill Chicken Steak (Frozen),11.9,400.0,,,Tegel,Free Range,Steak
4073,frozen,Amir's Premium Frozen Meat - Beef Tail,10.9,500.0,Halal,,,Beef Tail,Beef Tail
4074,frozen,Yorihada Black Sesame Injeolmi,5.95,300.0,,,Yorihada,Black Sesame,
4075,frozen,Churo Prawn Paste Chicken Mid Joint Wing Frozen,8.0,300.0,,,Churo Prawn Paste,Churo Prawn Paste,Frozen
4076,frozen,AW'S Market USDA Shortplate Shabu,7.2,200.0,,,AW'S Market,Shortplate Shabu,
4077,frozen,Sakura Chicken Frozen Sakura Chicken-Boneless Skinless Breast,6.2,350.0,Organic,,Sakura,,Chicken
4078,frozen,Chinatown Traditional Ang Ku Kueh - Tangerine Redbean,4.5,258.0,Halal,,Chinatown Traditional,Tangerine Redbean,Ang Ku Kueh
4079,frozen,AW'S Market Frozen Chicken Leg (Boneless),4.14,300.0,,,AW'S Market,Boneless,Frozen Chicken Leg
4080,frozen,Tasty Food Affair Pork Tenderloin,13.5,900.0,,,Tasty Food Affair,Tasty Food Affair,Pork Tenderloin
4081,frozen,Hego Grass Fed Beef Shin Shank Cube Chilled,10.58,300.0,,,Hego,Chilled,Shin Shank Cube
4082,frozen,Al-lazat Mutton Slice Shabu Shabu,9.95,300.0,,,Al-lazat,Shabu Shabu,Mutton Slice
4083,frozen,Tasty Food Affair Pork Baby Back Ribs Cut,9.5,500.0,,,Tasty Food Affair,Pork Baby Back Ribs Cut,Pork Baby Back Rib Cut
4084,frozen,Pondok Abang Sambal Goreng Pengantin,8.65,400.0,Halal,,Pengantin,,
4085,frozen,Ben & Jerry's Ice Cream - Chocolate Fudge Brownie,5.62,100.0,Halal,,Ben & Jerry,Chocolate Fudge Brownie,Ice Cream
4086,frozen,Churo Pork Shabu Shabu,5.0,300.0,,,,Churo Pork Shabu Shabu,
4087,frozen,Butcher's Reserve Chipolata Chicken Sausage,12.95,1000.0,,,Butcher's Reserve,Chipolata,Chicken Sausage
4088,frozen,Catch Seafood Barramundi Chunks,9.95,500.0,,,Catch Seafood,Barramundi Chunks,
4089,frozen,Hego US Beef Shortplate Shabu Shabu,8.1,250.0,,USA,Hego,Shabu Shabu,Beef Shortplate
4090,frozen,Catch Seafood Salmon Angle Cut (Kirimi Cut),6.95,200.0,,,,Kirimi Cut,Salmon
4091,frozen,Catch Seafood Wild Spanish Mackerel (Batang Steak),6.9,240.0,,Spain,Catch Seafood,Batang Steak,Wild Mackerel
4092,frozen,Tay Thai Pandan Chicken,11.5,400.0,Halal,Thailand,Tay,,
4093,frozen,Churo Pork Belly,7.1,500.0,,,,Churo Pork Belly,Churo Pork Belly
4094,frozen,Figo Japanese Prawn Dumplings Gyoza,6.45,200.0,,Japan,Figo,Gyoza,Prawn Dumpling
4095,frozen,CP Korean Crispy Mandoo & Gochujang Sauce,4.95,200.0,,,CP Korean,,Crispy Mandoo & Gochujang Sauce
4096,frozen,Wall's X Butterbear Milk Butter Cookie Cup Ice Cream + FOC Toy,4.9,90.0,,,Butterbear,,Ice Cream
4097,frozen,Catch Seafood Catch Seafood Dory Fillet - Large,3.99,340.0,,,Catch Seafood,Large,Dory Fillet
4098,frozen,Churo Spicy Potato Wedges,3.95,500.0,,,Churo,Spicy Potato Wedges,Spicy Potato Wedge
4099,frozen,Mr Joy's Mini Glutinous Rice Ball,3.8,120.0,,,Mr Joy,Mini Glutinous Rice Ball,Mini Glutinous Rice Ball
4100,frozen,Snow Treasures Wild Caught Cod Fish Fillet,44.81,500.0,,,Snow Treasures,Wild Caught,Fish Fillet
4101,frozen,Okeanoss Unagi Kabayaki,16.5,200.0,Halal,,Okeanoss,Unagi Kabayaki,Unagi Kabayaki
4102,frozen,Hego Frozen Minced Mutton,14.3,500.0,Halal,,Hego,,Frozen Minced Mutton
4103,frozen,Mr Joy's Steamboat Taiwan Taro Cube,5.8,350.0,,Taiwan,Mr Joy,Taro Cube,Taro Cube
4104,frozen,Churo Pork Prime Rib,11.0,500.0,,,Churo Pork,Prime Rib,Prime Rib
4105,frozen,Mr Joy's Prawn Roll,9.2,400.0,,,Mr Joy,,Prawn Roll
4106,frozen,Churo Chicken Cheese Cocktail Sausage,8.7,500.0,,,Churo Chicken,Churo Chicken,Cheese Cocktail Sausage
4107,frozen,Golden Chef Pork Bulgogi,6.75,250.0,,,Golden Chef,Pork Bulgogi,Pork Bulgogi
4108,frozen,Tasty Food Affair Pork Spare Rib Cut,6.19,500.0,,,Tasty Food Affair,Tasty Food Affair,Pork Spare Rib Cut
4109,frozen,Fisher's Catch Salmon Portion,17.95,500.0,,,Fisher,,
4110,frozen,Tasty Food Affair Heritage Choice Wagyu Beef MS4+ Shabu Shabu,17.5,200.0,,,Tasty Food Affair,MS4+ Shabu Shabu,Heritage Choice Wagyu Beef
4111,frozen,Niceme Ice Cream - Carrot Shaped,10.95,210.0,,,Niceme,Carrot Shaped,Ice Cream
4112,frozen,Tasty Food Affair Chunky Triangular Hashbrown,8.0,1000.0,,,Tasty Food Affair,Chunky Triangular Hashbrown,
4113,frozen,Golden Chef Chicken Bulgogi - Spicy,6.75,250.0,,,Golden Chef,Spicy,Chicken Bulgogi
4114,frozen,Seafood Boy Toman Slices IQF - Frozen,7.51,500.0,,,IQF,Toman Slices,
4115,frozen,Tasty Food Affair Pork Big Bone Cut,5.6,1000.0,,,Tasty Food Affair,Pork Big Bone Cut,Pork Big Bone Cut
4116,frozen,Mr Joy's Fried Small Ngoh Hiang,5.2,300.0,,,Mr Joy,Ngoh Hiang,Fried Small
4117,frozen,Mr Joy's Hakka Fried Meat Ball,5.0,250.0,,,Mr Joy,Hakka Fried Meat Ball,Hakka Fried Meat Ball
4118,frozen,Aw's Market Frozen Pork Collar,4.23,300.0,,,Aw's Market,,Frozen Pork Collar
4119,frozen,Gusong Konjac - Knot Strips,1.8,240.0,,,Gusong Konjac,Knot Strips,
4120,frozen,Sara Lee Creamy Tiramisu Cake,13.45,415.0,,,Sara Lee,Creamy Tiramisu,Cake
4121,frozen,Tasty Food Affair Marbled Beef Striploin Steak,12.65,180.0,,,Tasty Food Affair,Marbled Beef Striploin Steak,Marbled Beef Striploin Steak
4122,frozen,Tegel Free Range Tempura Chicken Nuggets (Frozen),11.9,400.0,,,Tegel,Free Range Tempura Chicken Nuggets,Free Range Tempura Chicken Nugget
4123,frozen,Tasty Food Affair Chicken Whole Leg,6.8,900.0,,,Tasty Food Affair,,Chicken Whole Leg
4124,frozen,Churo Boneless Pork Chop,6.1,500.0,,,Churo,,Boneless Pork Chop
4125,frozen,Al-Lazat Beef Slice Stir Fry,6.0,200.0,,,Al-Lazat,Beef Slice Stir Fry,Beef Slice Stir Fry
4126,frozen,Tasty Food Affair Pork Loin Chop,6.0,500.0,,,Tasty Food Affair,Tasty Food Affair,Pork Loin Chop
4127,frozen,Tasty Food Affair Beef Ox-Tail Cut,13.0,500.0,,,Tasty Food Affair,,Beef Ox-Tail Cut
4128,frozen,S-Pure Frozen Pork - Japanese Chashu,11.8,200.0,,Japan,S-Pure,Chashu,Chashu
4129,frozen,Catch Seafood Wild Caught Pollock Fillet Value Pack,8.95,650.0,,,Catch Seafood,Wild Caught,Pollock
4130,frozen,Magnolia Ice Cream Stick - My Melody X Kuromi Strawberry Yoghurt,7.25,200.0,Halal,,My Melody,,Strawberry Yoghurt
4131,frozen,Frozen Sakura Chicken Boneless Leg,8.0,350.0,,,,Boneless Leg,Frozen Sakura Chicken
4132,frozen,Churo Minced Pork,4.95,500.0,,,Churo,,
4133,frozen,Mr Joy's Glutinous Rice Ball Sesame (Taiwan),3.47,150.0,,Taiwan,Mr Joy,Sesame,Glutinous Rice Ball
4134,frozen,Snow Treasures Premium Halibut Steak,32.0,1000.0,,,Snow Treasures,Premium Halibut Steak,Premium Halibut Steak
4135,frozen,Catch Seafood Wild-Caught Alaskan Keta Salmon (twin pack),14.2,280.0,,,Catch Seafood,twin pack,Wild-Caught Alaskan Keta Salmon
4136,frozen,Ding Iberico Frozen Shabu Roll - Pork Loin,12.95,200.0,,,Ding Iberico,Pork Loin,Frozen Shabu Roll
4137,frozen,Heritage Harvest Ribeye Steak - Frozen,11.95,200.0,,,Heritage Harvest,Frozen,Ribeye Steak
4138,frozen,Kirei Ajinomoto Hane Gyoza Chicken And Vegetable,11.5,276.0,,,Ajinomoto,Chicken And Vegetable,
4139,frozen,CJ Bibigo Teokbokki - Sweet & Spicy,7.56,360.0,,,CJ Bibigo,Sweet & Spicy,
4140,frozen,Churo Beef Bulgogi | Ready To Cook Meal,7.3,300.0,,,Churo,Ready To Cook Meal,Ready To Cook Meal
4141,frozen,Catch Seafood Seabass Barramundi Whole Fish,6.99,350.0,,,Catch Seafood,,Whole Fish
4142,frozen,Tasty Food Affair IQF Chicken Boneless Leg,6.5,450.0,,,Tasty Food Affair,IQF Chicken Boneless Leg,IQF Chicken Boneless Leg
4143,frozen,Catch Seafood Wild King Grouper Portion Cut,5.95,180.0,,,Catch Seafood,Portion Cut,Wild King Grouper
4144,frozen,Mr Joy's Steamboat Fried Fuzhu,4.9,200.0,,,Mr Joy,Steamboat Fried Fuzhu,
4145,frozen,Aw's Market Frozen Pork Loin Boneless,4.5,300.0,,,Aw,Boneless,Frozen Pork Loin
4146,frozen,Catch Seafood Shishamo,4.41,120.0,,,Shishamo,Catch Seafood,
4147,frozen,Kirei Vegetable Gyoza,11.5,600.0,,,Kirei,Vegetable Gyoza,Vegetable Gyoza
4148,frozen,Mr Joy's Herbal Chicken,10.0,500.0,,,Mr Joy,Herbal Chicken,
4149,frozen,Catch Seafood Haddock Cod Fillet - Skinless,9.25,250.0,,,Catch Seafood,Skinless,Haddock
4150,frozen,Superpork Pork Streaky Bacon,6.95,300.0,,,Superpork,Streaky Bacon,Pork
4151,frozen,Ecofrost Potato Croquettes,5.5,1000.0,,,Ecofrost,Ecofrost,Potato Croquette
4152,frozen,Catch Seafood Wild Snapper Skinless Portion,3.55,150.0,,,Catch Seafood,Skinless Portion,Wild Snapper
4153,frozen,Snow Treasures Premium Double Fry Ngoh Hiang,8.62,200.0,,,Snow Treasures,Ngoh Hiang,Premium Double Fry
4154,frozen,Emborg Cauliflower Rice,5.3,450.0,Halal,,Emborg,,Cauliflower Rice
4155,frozen,Aw's Market Frozen Pork Stir Fry/Sliced,4.23,300.0,,,Aw,Sliced,Frozen Pork Stir Fry
4156,frozen,AW'S Market Frozen Chicken Mince,4.14,300.0,,,AW'S Market,Frozen Chicken Mince,Frozen Chicken Mince
4157,frozen,Figo Mini Mantou,4.0,180.0,,,Figo,Mini,Mantou
4158,frozen,Kochi Ice Doutor Coffee Monaka Wafer Japanese Ice Cream,3.95,100.0,,Japan,Kochi Ice Doutor,Monaka Wafer,Ice Cream
4159,frozen,Churo Pork Belly Slab,20.49,1300.0,,,Churo,,
4160,frozen,Tegel Free Range Panko Chicken Tenders (Frozen),11.9,375.0,,,Tegel,Free Range Panko Chicken Tenders,Free Range Panko Chicken Tender
4161,frozen,Mr Joy's Steamboat Fukubukuro Roe (Taiwan),11.33,400.0,,Taiwan,Mr Joy,Fukubukuro Roe,Steamboat
4162,frozen,Al-Lazat Beef Cube,9.5,500.0,,,Al-Lazat,,Beef Cube
4163,frozen,As-Sufi Sambal Cuttlefish,9.23,400.0,,,As-Sufi,As-Sufi,Sambal Cuttlefish
4164,frozen,Hego Beef Cube Meat (Shin/ Shank),8.8,500.0,,,Hego,Shin/ Shank,Beef Cube
4165,frozen,Hego Beef Bone,6.65,1000.0,,,,Hego Beef Bone,Hego Beef Bone
4166,frozen,Aw's Market Frozen Pork Tenderloin,5.7,300.0,,,Aw's,,Frozen Pork Tenderloin
4167,frozen,Sakura Chicken Frozen Sakura Chicken Whole Leg,5.6,350.0,Halal,,Sakura,Whole Leg,Chicken
4168,frozen,Port65 Chilean Bass Cod Cubes (Baby-friendly) - Frozen,52.92,500.0,,Chile,Port65,Baby-friendly,Bass Cod Cube
4169,frozen,Catch Seafood Wild Black Cod Cube (Sable Fish/Gindara),16.85,280.0,,,Catch Seafood,Sable Fish/Gindara,Wild Black Cod Cube
4170,frozen,Tasty Food Affair IQF Chicken Middle Joint Wing,12.5,1000.0,,,Tasty Food Affair,IQF,Chicken
4171,frozen,Serve by Hai Sia Norwegian Salmon Portion - Frozen,11.38,240.0,,Norway,Hai Sia,,Salmon Portion
4172,frozen,Snow Treasures Wild Caught Cod Fish Bones,10.78,1000.0,,,Snow Treasures,Wild Caught Cod,Fish Bone
4173,frozen,Golden Chef Pork Bulgogi - Spicy,6.75,250.0,,,Golden Chef,Spicy,Pork Bulgogi
4174,frozen,Hego Beef Stir Fry,7.55,300.0,,,,Hego Beef Stir Fry,Hego Beef Stir Fry
4175,frozen,Sakura Chicken Frozen Sakura Chicken - Minced,6.2,350.0,Organic,,Sakura Chicken,Minced,Sakura Chicken
4176,frozen,AW'S Market Frozen Chicken Fillet,4.14,300.0,,,AW'S Market,Frozen Chicken Fillet,Frozen Chicken Fillet
4177,frozen,Aw's Market Chicken Liver,3.84,200.0,,,Aw,,Chicken Liver
4178,frozen,Catch Seafood Smoke Salmon 100g x 4 pack - Festive Promo,27.8,400.0,,,Catch Seafood,Festive Promo,Smoke Salmon
4179,frozen,Tasty Food Affair Marinated Bone In Short Ribs (LA Galbi),18.5,350.0,,,LA Galbi,Tasty Food Affair,Marinated Bone In Short Rib
4180,frozen,Hego Beef Ribeye,13.23,500.0,,,Hego,,Beef Ribeye
4181,frozen,Heritage Harvest USA Beef Shabu Shabu - Ribeye,12.95,200.0,,USA,Heritage Harvest,Ribeye,Beef Shabu Shabu
4182,frozen,Tay Tatsuda Crispy Chicken Drumettes - Hot & Spicy,12.9,750.0,Halal,,Tay Tatsuda,Hot & Spicy,Crispy Chicken Drumette
4183,frozen,Churo Babyback Rib,10.55,550.0,,,Churo,Babyback Rib,Babyback Rib
4184,frozen,Serve by Hai Sia Seafood Angoli Portion - Fresh,8.22,150.0,,,Hai Sia,Fresh,Angoli Portion
4185,frozen,Golden Chef Chicken Bulgogi,7.85,250.0,,,Golden Chef,Chicken Bulgogi,Chicken Bulgogi
4186,frozen,Ben & Jerry's Ice Cream - Strawberry Cheesecake,5.62,100.0,,,Ben & Jerry,Strawberry Cheesecake,Ice Cream
4187,frozen,Catch Seafood Salmon Tail Cut 150G,5.3,150.0,,,Catch Seafood,Salmon Tail Cut,Salmon Tail Cut
4188,frozen,Churo Pork Slice Stir Fry (Frozen),4.49,300.0,,,,Churo Pork Slice Stir Fry,Churo Pork Slice Stir Fry
4189,frozen,Aw's Market Chicken Feet,3.84,200.0,,,Aw's,,Market Chicken Foot
4190,frozen,Snow Treasures Wild Caught Cod Fish Fillet,86.24,1000.0,,,Snow Treasures,Wild Caught,Fish Fillet
4191,frozen,Aw's Market Premium Cod Fish Fillet,19.2,150.0,,,Aw's Market,Premium Cod Fish Fillet,Premium Cod Fish Fillet
4192,frozen,Haagen-Dazs Mini Cups Ice Cream - Fruit Fantasy,18.24,400.0,,,Haagen-Dazs,Fruit Fantasy,Mini Cup
4193,frozen,Mr Joy's Hotpot Collagen Beauty Soup Frozen,13.8,500.0,,,Mr Joy,Collagen Beauty Soup,Collagen Beauty Soup
4194,frozen,Royal Delight Karaage Chicken,11.95,1000.0,,,Royal Delight,Karaage Chicken,Karaage Chicken
4195,frozen,S-Pure Frozen Pork - Japanese Tonkatsu,11.8,360.0,,Japan,S-Pure,Tonkatsu,
4196,frozen,Hego Chicken Whole Leg (Frozen),6.05,1000.0,Halal,,Hego,Frozen,Whole Leg
4197,frozen,Kee Song Frozen Lacto Chicken Feet,5.85,500.0,,,Kee Song,Frozen Lacto Chicken Feet,Frozen Lacto Chicken Foot
4198,frozen,Amocan Boneless Satay Chicken Thigh,4.59,290.0,Halal,,Amocan,Boneless Satay Chicken Thigh,Boneless Satay Chicken Thigh
4199,frozen,Churo Black Pepper Smoked Duck Breast (Frozen),4.55,180.0,Halal,,Churo,Black Pepper,Smoked Duck Breast
4200,frozen,AW'S Market Frozen Chicken Feet,3.99,300.0,,,AW'S Market,Frozen Chicken Feet,Frozen Chicken Foot
4201,frozen,Hego Chicken Carcass Bone (Frozen),3.6,500.0,,,Hego,Frozen,Chicken Carcass Bone
4202,frozen,AW'S Market Frozen Chicken Drummettes (Wing Stick),3.6,300.0,,,AW'S Market,Wing Stick,Frozen Chicken Drummette
4203,frozen,Catch Seafood Halibut Fillet,24.89,400.0,,,Catch Seafood,Catch Seafood,Halibut Fillet
4204,frozen,Niceme Eggplant-Shaped Ice Cream,10.95,210.0,,,Niceme,Eggplant-Shaped Ice Cream,Eggplant-Shaped Ice Cream
4205,frozen,Hego Beef Tendon,9.71,500.0,,,Hego,,Beef Tendon
4206,frozen,Catch Seafood Squid - Flower Cut,9.0,1000.0,,,,Flower Cut,Squid
4207,frozen,AW'S Market Frozen Beef Mince,8.8,300.0,,,AW'S Market,Frozen Beef Mince,Frozen Beef Mince
4208,frozen,Kee Song Premium Chicken Broth,6.96,500.0,,,Kee Song,,Premium Chicken Broth
4209,frozen,Kee Song Frozen KS Cajun Boneless Chicken Leg,5.85,500.0,,,Kee Song,KS Cajun,Boneless Chicken Leg
4210,frozen,Frozen Sakura Chicken Thigh,5.6,350.0,,,,Frozen Sakura Chicken Thigh,Frozen Sakura Chicken Thigh
4211,frozen,Tasty Food Affair Marinated Jap Garlic Chicken Boneless Leg,5.6,220.0,,,Tasty Food Affair,Marinated,Chicken
4212,frozen,Mr Joy's Steamboat Small TaoKee Roll,5.2,310.0,,,Mr Joy,Small TaoKee Roll,Steamboat
4213,frozen,Aw's Market Premium Pork Belly Shabu (Frozen),4.95,250.0,,,Aw's Market,Premium Pork Belly,Premium Pork Belly
4214,frozen,AW'S Market Frozen Chicken Thigh,4.14,300.0,,,AW'S Market,,Frozen Chicken Thigh
4215,frozen,Catch Seafood Dory Slice,4.0,300.0,,,Catch Seafood,Dory Slice,
4216,frozen,Mr Joy's Glutinous Rice Ball Peanut (Taiwan),3.47,150.0,,Taiwan,Mr Joy,Peanut,Glutinous Rice Ball
4217,frozen,Hego Beef Rib Finger,36.45,1000.0,,,Hego,,Beef Rib Finger
4218,frozen,Hego US Beef Boneless Short Rib (Frozen),14.0,200.0,Halal,USA,Hego,Frozen,Boneless Short Rib
4219,frozen,Hego Chicken Thigh,13.21,2000.0,,,Hego,,Chicken Thigh
4220,frozen,Catch Seafood Black Cod Steak Gindara,13.2,330.0,,,Gindara,Gindara,Steak
4221,frozen,Seara Chicken Boneless Legs,12.95,2000.0,,,Seara,Boneless Legs,Chicken
4222,frozen,Hego US Prime Beef Shabu Shabu (Frozen),11.56,250.0,Halal,USA,Hego,Shabu Shabu,Prime Beef
4223,frozen,Tay Paper Wrapped Chicken,11.5,400.0,Halal,,Tay,,
4224,frozen,Churo Pork Boneless Loin (Frozen),10.99,1000.0,,,Churo Pork,Frozen,Boneless Loin
4225,frozen,Churo Pork Sparerib Slab (St Louis Style Ribs) - Frozen,10.55,800.0,,,Churo,St Louis Style Ribs,
4226,frozen,Fisher's Catch Cod Fish Bones,10.09,1000.0,,,Fisher's Catch Cod,Fish Bones,Fish Bone
4227,frozen,Churo Boneless Pork Leg,9.49,1000.0,,,Churo,,Boneless Pork Leg
4228,frozen,Hego Chicken Cube,5.99,500.0,,,Hego,,Chicken Cube
4229,frozen,Al-lazat Beef Minced,5.95,300.0,,,Al-lazat,Beef Minced,Beef Minced
4230,frozen,Chinatown Fruity Tart - Chunky Pineapple,5.9,144.0,Halal,,Chinatown,Chunky Pineapple,Fruity Tart
4231,frozen,Tasty Food Affair Seasoned Beef Patty,5.6,200.0,,,Tasty Food Affair,Seasoned Beef Patty,Seasoned Beef Patty
4232,frozen,Hego Whole Chicken Portion,5.21,950.0,,,Hego,Whole Chicken Portion,Whole Chicken Portion
4233,frozen,Kirei Taiyaki Waffle Japanese Ice Cream,4.9,130.0,,Japan,Kirei Taiyaki,Waffle,Ice Cream
4234,frozen,AW'S Market Frozen Chicken Drumstick,4.14,300.0,,,AW'S Market,,Frozen Chicken Drumstick
4235,frozen,Frozen Sakura Chicken - 3 Joint Wings,3.7,350.0,Organic,,,3 Joint Wings,Frozen Sakura Chicken
4236,frozen,Catch Seafood Large Cooked Prawn,23.9,1000.0,,,Catch Seafood,Large Cooked Prawn,
4237,frozen,Tasty Food Affair Heritage Choice Wagyu Beef MS4+ Yakiniku,17.5,200.0,,,Tasty Food Affair,MS4+ Yakiniku,Heritage Choice Wagyu Beef
4238,frozen,DeeBee's Organic Freezepop Sticks - Tropical,15.4,400.0,Organic,,DeeBee's,Tropical,Organic Freezepop Stick
4239,frozen,Hego Sliced Lamb Chop,13.51,500.0,,,Hego,Sliced Lamb Chop,Sliced Lamb Chop
4240,frozen,Tasty Food Affair Beef Fat,9.5,500.0,,,Tasty Food Affair,Tasty Food Affair,Beef Fat
4241,frozen,Royal Delights Tsukune Chicken Teriyaki Meatball,8.95,800.0,,,Royal Delights,Tsukune Chicken Teriyaki,Meatball
4242,frozen,Simply Roast Black Pepper Chicken Breast - Frozen,8.5,300.0,,,Simply Roast,Black Pepper,Chicken Breast
4243,frozen,Kirei Komochi Premium Shishamo,8.4,67.5,,,Kirei Komochi,Premium Shishamo,Premium Shishamo
4244,frozen,Oriental Delight Chive Pork Dumpling (Steamboat),6.95,500.0,,,Oriental Delight,Steamboat,Chive Pork Dumpling
4245,frozen,Simply Natural Mini Buns - Black Sesame,6.5,270.0,,,Simply Natural,Black Sesame,Mini Bun
4246,frozen,Churo Frozen Smoked Duck Breast,6.5,180.0,,,Churo,,Frozen Smoked Duck Breast
4247,frozen,Catch Seafood Salmon Wings (Fins),3.95,250.0,,,,Salmon Wings,Salmon Wing
4248,frozen,Catch Seafood Salmon Fillet,43.91,1000.0,,,Catch Seafood,,Salmon Fillet
4249,frozen,Tasty Food Affair Young Prime Beef Bone-In Short Ribs,24.5,500.0,,,Tasty Food Affair,,Young Prime Beef Bone-In Short Rib
4250,frozen,Catch Seafood Haddock Value Pack,19.9,700.0,,,Catch Seafood,Haddock Value Pack,
4251,frozen,Mr Joy's FS Hakka Fried Meat Ball,19.9,1000.0,,,Mr Joy,FS,Hakka Fried Meat Ball
4252,frozen,Heritage Choice Wagyu Beef MS4+ Karubi Plate Yakiniku,15.8,200.0,,,Heritage Choice,MS4+ Karubi Plate,Yakiniku
4253,frozen,Yakitori Master K Tori Kawa Kushi (Chicken Skin Skewer),15.7,480.0,,,Yakitori Master K,Tori Kawa Kushi,Chicken Skin Skewer
4254,frozen,Serve by Hai Sia Sustainable Halibut Portion - Frozen,13.61,240.0,,,Hai Sia,Frozen,Sustainable Halibut Portion
4255,frozen,Catch Seafood New Zealand King Salmon Portion (Frozen),13.5,150.0,,New Zealand,Catch Seafood,King Salmon Portion (Frozen),
4256,frozen,Tasty Food Affair Beef Tendon,12.8,500.0,,,Tasty Food Affair,Tasty Food Affair,Beef Tendon
4257,frozen,Tegel Free Range Popcorn Chicken (Frozen),11.9,400.0,,,Tegel,Free Range Popcorn Chicken,Free Range Popcorn Chicken
4258,frozen,Wall's Selection Ice Cream Tub - Happy Birthday,8.65,750.0,,,Wall's Selection,Happy Birthday,Ice Cream Tub
4259,frozen,Mr Joy's Dim Sum Seafood Treasure,7.51,300.0,,,Mr Joy,Seafood Treasure,Seafood Treasure
4260,frozen,Kee Song Frozen KS Original Marinated Boneless Chicken Leg,6.66,500.0,,,Kee Song,KS Original,Frozen
4261,frozen,Simply Natural Mushroom Mini Buns,6.5,270.0,,,Simply Natural,,Mini Bun
4262,frozen,Bistro Belgique Straight Cut Fries 9MM,5.0,1000.0,,,Bistro Belgique,Straight Cut Fries,
4263,frozen,Catch Seafood Salmon Burger Patties,4.8,200.0,,,Catch Seafood,Salmon Burger Patties,Salmon Burger Patty
4264,frozen,Catch Seafood Hokkaido Flounder (Sole) Fish Whole,3.85,220.0,,,Hokkaido,Whole,Catch Seafood
4265,frozen,Gusong Hotpot - Tofu Skewers,3.1,100.0,,,Gusong Hotpot,Tofu Skewers,Gusong Hotpot
4266,frozen,Butcher's Reserve Chicken Cheese Sausage,13.95,1000.0,,,Butcher's Reserve,Butcher's Reserve,Chicken Cheese Sausage
4267,frozen,Blue Oceans Yellow Tail Scad Fish Selar (8-10),12.0,1000.0,,,Blue Oceans,,Yellow Tail Scad Fish
4268,frozen,Hego Beef Tendon (Whole) - Frozen,9.88,500.0,,,Hego,Whole,Beef Tendon
4269,frozen,Royal Delights Chicken Nugget,9.5,1000.0,,,Royal Delights,,Chicken Nugget
4270,frozen,Churo Sutchi Fish Fillet (Frozen),8.51,700.0,,,,Frozen,Churo Sutchi Fish Fillet
4271,frozen,Catch Seafood Smoke Salmon 100g (Frozen),7.1,100.0,,,Catch Seafood,Smoke Salmon,Smoke Salmon
4272,frozen,Serve by Hai Sia Atlantic Salmon Portion - Frozen,6.74,150.0,,,Hai Sia,,Atlantic Salmon Portion
4273,frozen,Kochi Ice Ten Pi En Sea Salt Gelato Japanese Ice Cream Cup,4.1,115.0,,Japan,Kochi Ice Ten Pi En,Sea Salt,Gelato
4274,frozen,Signature Reserve Wagyu 6/7 Beef Ribeye Steak,46.9,250.0,,,Wagyu,Signature Reserve,6/7 Beef Ribeye Steak
4275,frozen,Serve by Hai Sia Seafood Chilean Seabass (Cod) Steak - Frozen,24.75,200.0,,Chile,Hai Sia Seafood,Cod,Seabass
4276,frozen,Churo BBQ Pork Babyback Ribs (Frozen),23.89,1000.0,,,Churo,BBQ,Babyback Rib
4277,frozen,Hego Mutton Cube,15.9,500.0,,,Hego,,Mutton Cube
4278,frozen,Hego NZ Wagyu MB5+ Beef Shabu Shabu (Frozen),15.21,250.0,Halal,,Hego,,
4279,frozen,Heritage Harvest USA Beef Shabu Shabu - Striploin,13.95,200.0,,USA,Heritage Harvest,Beef Shabu Shabu,Beef Shabu Shabu
4280,frozen,Heritage Harvest Striploin Steak - Frozen,10.95,200.0,,,Heritage Harvest,Frozen,Striploin Steak
4281,frozen,Serve by Hai Sia Norwegian Salmon Portion - Frozen,9.52,200.0,,Norway,Hai Sia,,Salmon Portion
4282,frozen,Hego Chicken Leg Portion,9.0,2000.0,Halal,,Hego,,Chicken Leg Portion
4283,frozen,Oriental Delights Chicken Bulgogi,8.5,300.0,,,Oriental Delights,Chicken Bulgogi,Chicken Bulgogi
4284,frozen,Tasty Food Affair Pork Hock Cut,8.0,1000.0,,,Tasty Food Affair,Tasty Food Affair,Pork Hock Cut
4285,frozen,Hego Chicken Wing,8.0,1000.0,,,Hego,,Chicken Wing
4286,frozen,Farmpride Crispy Shoyu Chicken Tatsutaage,7.87,400.0,,,Farmpride,Tatsutaage,Crispy Shoyu Chicken
4287,frozen,Churo Pork Katsu (Ready to Cook),7.85,250.0,,,Churo Pork Katsu,Ready to Cook,Churo Pork Katsu
4288,frozen,Aw's Market Pork Meatball w Dried Sole Fish,6.0,200.0,,,Aw's,w,Dried Sole Fish
4289,frozen,Ecofrost Crinkle French Fries (Frozen),6.0,1000.0,,France,Ecofrost,Crinkle Fries,
4290,frozen,Kirei Chicken Wings with Sesame,28.3,1000.0,,,Kirei Chicken Wings,with Sesame,Kirei Chicken Wing
4291,frozen,Butcher's Reserve Jumbo Chicken Sausage,20.0,1000.0,,,Butcher's Reserve,Butcher's Reserve,Jumbo Chicken Sausage
4292,frozen,Tasty Food Affair Marbled Beef Ribeye Steak,19.0,250.0,,,Tasty Food Affair,Marbled Beef Ribeye Steak,Marbled Beef Ribeye Steak
4293,frozen,Serve Red Grouper Slice Hotpot Steamboat - Frozen,17.81,200.0,,,,Serve Red Grouper Slice,Hotpot Steamboat
4294,frozen,Catch Seafood Crab Cake Maryland,14.89,448.0,,,Catch Seafood,Crab Cake,Crab Cake
4295,frozen,Mr Joy's Chesnut Pork Belly Sliced 2mm,12.0,200.0,,,Mr Joy,Sliced 2mm,Chesnut Pork Belly
4296,frozen,Udders Sorbet Ice Cream - Ribena Blackcurrant,9.95,473.0,,,Ribena,Blackcurrant,Udder Sorbet Ice Cream
4297,frozen,Mr Joy's Shabu Shabu Pork Collar,10.0,400.0,,,Mr Joy,Shabu Shabu,Pork Collar
4298,frozen,Catch Seafood Wild Caught Flounder Portion Value Pack,9.35,500.0,,,Catch Seafood,Wild Caught,Flounder
4299,frozen,Hego Beef Shabu Shabu,9.1,300.0,,,Hego,,
4300,frozen,Catch Seafood Pacifc Dory Portion Value Pack,8.95,1000.0,,,Catch Seafood,Portion Value Pack,Portion Value Pack
4301,frozen,Churo Chicken Chipolata,8.9,500.0,,,Churo,Churo,Chicken Chipolata
4302,frozen,Tasty Food Affair Pork Belly Cube,8.5,500.0,,,Tasty Food Affair,Tasty Food Affair,Pork Belly Cube
4303,frozen,Tori Chicken Katsu Panko Breaded Chicken Cutlet 5 Pcs Pack,6.8,400.0,,,Tori Chicken,Tori Chicken,5 Pcs Pack
4304,frozen,Kee Song Frozen KS Original Marinated Boneless Chicken Breast,6.66,500.0,,,Kee Song,KS Original,Frozen
4305,frozen,Simply Natural Mini Buns - Red Bean,6.5,270.0,,,Simply Natural,Red Bean,Mini Bun
4306,frozen,Kee Song Frozen Lacto Chicken Carcass (Bones),5.55,500.0,,,Kee Song,,Frozen Lacto Chicken Carcass
4307,frozen,Kee Song Frozen KS Honey Garlic Butter Chicken Boneless Leg,5.04,200.0,,,Kee Song,KS,Frozen
4308,frozen,Oriental Delight Famous Muar Fish Otah,4.95,180.0,,,Famous Muar Fish,Otah,Oriental Delight
4309,frozen,Kochi Ice Limited Edition Yuzu Milk Japanese Ice Cream Cup,4.6,115.0,,Japan,Kochi Ice,Limited Edition,Ice Cream Cup
4310,frozen,Kochi Ice Yuzu Sorbet Japanese Ice Cream Cup,4.1,115.0,,Japan,Kochi,Ice Cream Cup,Ice Cream Cup
4311,frozen,Catch Seafood Tuna Steak Big portion (Frozen),21.89,450.0,,,Catch Seafood,Big portion,Tuna Steak
4312,frozen,Tasty Food Affair 150D GF Black Angus Beef Striploin Steak,14.5,200.0,,,Tasty Food Affair,150D GF,Black Angus Beef Striploin Steak
4313,frozen,Churo Salmon Belly,12.4,200.0,,,Churo,,Salmon Belly
4314,frozen,Catch Seafood Atlantic Salmon Portion,8.9,190.0,,,Catch Seafood,Atlantic Salmon Portion,
4315,frozen,Simply Roast Honey Soy Chicken Mid Joint Wing,8.05,300.0,,,Simply Roast,Honey Soy Chicken,Mid Joint Wing
4316,frozen,CJ Bibigo Teokbokki - Hot & Spicy,7.56,360.0,,,CJ Bibigo,Hot & Spicy,
4317,frozen,Hego Chicken Prime Joint Wing (Wing Stick),7.1,1000.0,Halal,,Hego,Wing Stick,Chicken
4318,frozen,Oriental Delight Cabbage Pork Dumpling (Steamboat),6.95,500.0,,,Oriental Delight,Steamboat,Cabbage Pork Dumpling
4319,frozen,Simply Natural Mini Buns - Yam,6.5,270.0,,,Simply Natural,Yam,Mini Bun
4320,frozen,Tasty Food Affair Skinless Sliced Chicken,6.5,500.0,,,Tasty Food Affair,Skinless Sliced Chicken,Skinless Sliced Chicken
4321,frozen,Al-Lazat Paru Lembu Frozen Beef Lung Cut,6.46,500.0,,,,Al-Lazat Paru Lembu,Frozen Beef Lung Cut
4322,frozen,Tasty Food Affair Sliced Pork,6.0,500.0,,,Tasty Food Affair,Tasty Food Affair,Sliced Pork
4323,frozen,Catch Seafood Barramundi Portion,4.99,180.0,,,Catch Seafood,Barramundi Portion,Barramundi Portion
4324,frozen,AW'S Market Frozen Chicken Mid Joint,4.95,300.0,,,AW'S Market,Frozen Chicken Mid Joint,Frozen Chicken Mid Joint
4325,frozen,Kochi Ice Millet Strawberry Biscuit Japanese Ice Cream Cup,4.6,115.0,,Japan,Kochi Ice Millet,Strawberry Biscuit,Ice Cream Cup
4326,frozen,Catch Seafood Flounder Portion Skinless,3.99,150.0,,,Catch Seafood,Skinless,Flounder Portion
4327,frozen,Catch Seafood Smoke Salmon Gravlax Family Pack,26.99,400.0,,,Catch Seafood,Family Pack,Smoke Salmon
4328,frozen,Heritage Choice Wagyu MS4+ Beef Boneless Short Rib Shabu,25.0,200.0,,,Wagyu,Shabu,Boneless Short Rib
4329,frozen,Snow Treasures Soon Hock Whole (Marble Goby) (M),24.64,600.0,,,Snow Treasures,M,Marble Goby
4330,frozen,Hego Canterbury Lamb Bone-in Fore Shank Frozen,24.1,700.0,,,Hego,,Frozen
4331,frozen,Al-Lazat Beef Tail Cut,20.0,1000.0,,,Al-Lazat,Beef Tail Cut,Beef Tail Cut
4332,frozen,Hen Tick Whole Chicken Griller - Frozen,16.34,1800.0,,,Hen Tick,Frozen,Whole Chicken Griller
4333,frozen,Amir's Premium Frozen Meat - Lamb Shabu Shabu,14.95,400.0,Halal,,Amir's,Lamb Shabu Shabu,Premium Frozen Meat
4334,frozen,Serve by Hai Sia Canton Fish Curd Family Pack - Frozen,13.85,500.0,,,Hai Sia,Frozen,Canton Fish Curd
4335,frozen,Seafood Boy Salmon Sashimi Slice - Frozen,13.6,160.0,,,Seafood Boy,Frozen,Salmon Sashimi Slice
4336,frozen,Snow Treasures Premium Emperor Herbal Chicken,12.94,500.0,,,Snow Treasures,Premium Emperor,Herbal Chicken
4337,frozen,Royal Delights Vegetable Spring Roll,11.0,1440.0,,,Royal Delights,Royal Delights,Vegetable Spring Roll
4338,frozen,Fiesta Cheesy Lover,7.95,500.0,Halal,,Fiesta,Cheesy Lover,
4339,frozen,Great Hill Farms Premium Chicken Nuggets,10.8,1000.0,,,Great Hill Farms,Premium Chicken Nuggets,Premium Chicken Nugget
4340,frozen,Catch Seafood Pacific Dory Chunks Value Pack,8.95,1000.0,,,Catch Seafood,Value Pack,
4341,frozen,Oriental Delights Pork Belly Bulgogi,8.95,300.0,,,Oriental Delights,Pork Belly Bulgogi,Pork Belly Bulgogi
4342,frozen,Tasty Food Affair IQF Skinless Chicken Breast,8.5,500.0,,,IQF,Tasty Food Affair,Skinless Chicken Breast
4343,frozen,Churo Pork Belly Bulgogi (Ready To Cook Meal),8.3,300.0,,,Churo,Ready To Cook Meal,
4344,frozen,FairPrice Chicken Nuggets,7.95,850.0,,,FairPrice,Chicken Nuggets,Chicken Nugget
4345,frozen,Serve by Hai Sia Angoli (Goldband Snapper) Portion,7.88,150.0,,,Hai Sia Angoli,Goldband Snapper,
4346,frozen,Catch Seafood Tuna Steak Small portion (Frozen),7.5,170.0,,,Catch Seafood,Small portion,Tuna Steak
4347,frozen,Tasty Food Affair Pork Garlic Sausage,6.5,200.0,,,Tasty Food Affair,Pork Garlic Sausage,Pork Garlic Sausage
4348,frozen,Catch Seafood Wild Caught Mahi Mahi Portion,5.99,140.0,,,Catch Seafood,Portion,Mahi Mahi
4349,frozen,Tasty Food Affair Marinated Smokey BBQ Pork Collar,5.95,350.0,,,Tasty Food Affair,Marinated,Pork Collar
4350,frozen,Sunnydale Straight Cut French Fries,5.95,1000.0,,France,Sunnydale,Straight Cut Fries,
4351,frozen,Sunnydale Crinkle Cut French Fries,5.95,1000.0,,France,Sunnydale,,Fry
4352,frozen,Churo Shoestring Fries,3.8,500.0,,,Churo,Shoestring Fries,
4353,frozen,Hego Canterbury Frenched Lamb Rack Frozen,38.85,400.0,,,Hego,Frenched Lamb Rack,Frozen
4354,frozen,Port65 Kami No Ebi (God-like) Jumbo Live - Frozen Prawn (ASC),36.5,1000.0,,,ASC,God-like,Jumbo Live - Frozen Prawn
4355,frozen,Catch Seafood New Zealand Salmon Portion 3pcs (Akaroa),36.5,450.0,,New Zealand,Catch Seafood,,Salmon
4356,frozen,Catch Seafood Trout Fillet,33.95,900.0,,,Catch Seafood,,Trout Fillet
4357,frozen,AW'S Market Frozen Cooked Marinated Ribs - Char Siew,20.4,500.0,,,AW'S Market,Char Siew,Frozen Cooked Marinated Rib
4358,frozen,Mr Joy's Pig Tendon Frozen,19.07,500.0,,,Mr Joy,,Frozen
4359,frozen,Hego AUS Beef T-Bone Steak (Frozen),18.68,500.0,,,Hego,Frozen,AUS Beef T-Bone Steak
4360,frozen,Serve by Hai Sia NZ King Salmon Portion - Frozen,18.59,200.0,,,Hai Sia,,NZ King Salmon Portion
4361,frozen,Catch Seafood Soon Hock Fish Whole,13.85,350.0,,,Catch Seafood,Whole,Hock Fish
4362,frozen,Catch Seafood Unagi (Frozen),11.5,190.0,,,Catch Seafood,Frozen,Unagi
4363,frozen,Churo Beef Sukiyaki (Ready to Cook),10.36,300.0,,,Churo,Ready to Cook,Sukiyaki
4364,frozen,Tasty Food Affair Atlantic Salmon Portion Cut,9.5,180.0,,,Tasty Food Affair,Portion Cut,Atlantic Salmon
4365,frozen,Hego Beef Golden Coin,9.0,350.0,,,Hego,Golden Coin,
4366,frozen,Hego Chicken Meatballs,8.5,500.0,,,Hego,,Chicken Meatball
4367,frozen,Catch Seafood Swordfish Steak (Frozen),7.9,170.0,,,Catch Seafood,Frozen,Swordfish Steak
4368,frozen,Churo Chicken Bulgogi | Ready to Cook (Frozen),7.7,300.0,,,Churo,Ready to Cook,
4369,frozen,Simply Natural Pumpkin Mini Buns,6.5,270.0,,,Simply Natural,,Pumpkin Mini Bun
4370,frozen,Churo Prawn Paste Chicken Karaage Frozen,6.4,300.0,,,,Churo Prawn Paste,Frozen
4371,frozen,Tasty Food Affair Marinated Sliced Pork Belly (Butadon),5.5,150.0,,,Tasty Food Affair,Butadon,Marinated Sliced Pork Belly
4372,frozen,Aw's Market Frozen Pork Cubes,4.13,300.0,,,Aw,,Frozen Pork Cube
4373,frozen,Kochi Ice Ino Strawberry Japanese Ice Cream Cup,4.1,115.0,,Japan,Kochi Ice Ino,Strawberry,Ice Cream Cup
4374,frozen,Churo Ready to Eat Soy Braised Duck Breast (Frozen),3.2,90.0,,,Churo,Ready to Eat Soy Braised Duck Breast,
4375,frozen,Gusong Hotpot - Gongcai (Stem Lettuce Strips),2.6,260.0,,,,Gongcai,Gusong Hotpot
4376,frozen,AW'S Market Frozen Beef Angus Short Ribs,68.0,1000.0,,,AW,Angus Short Ribs,Frozen Beef
4377,frozen,Churo Unagi (Roasted Eel),26.5,380.0,,,,Roasted Eel,
4378,frozen,Mr Joy's Fs Small Ngoh Hiang,20.0,1000.0,,,Mr Joy,Fs,
4379,frozen,Ecofrost Triangle Hashbrown,17.79,2500.0,,,Ecofrost Triangle,Hashbrown,Hashbrown
4380,frozen,Kee Song Frozen Lacto Whole Leg with Bones,13.92,500.0,,,Kee Song,Whole Leg with Bones,Frozen Lacto
4381,frozen,Hego Canterbury Lamb Rump Frozen (Lamb Picanha),13.55,300.0,,,Hego,Lamb Picanha,Lamb Rump
4382,frozen,Churo Beef Sliced Tongue,13.2,250.0,,,Churo Beef,Sliced Tongue,Sliced Tongue
4383,frozen,Kirei Frozen Age Mochi Shoyu Soy Seasoned Skewers,12.9,325.0,,,Kirei,Seasoned Skewers,Soy
4384,frozen,Churo Duck Breast,12.51,400.0,,,,Churo Duck Breast,Churo Duck Breast
4385,frozen,AW'S Market Frozen Lamb Flap,10.88,500.0,,,AW'S Market,Frozen Lamb Flap,Frozen Lamb Flap
4386,frozen,Churo Salmon Wings,10.0,250.0,,,Churo,,Salmon Wing
4387,frozen,Aw's Market Iberico Pork Collar Shabu,9.9,200.0,,,Iberico,Shabu,Pork Collar
4388,frozen,Hego US Beef Flat Iron Steak (Prime) Frozen,9.59,200.0,,USA,Hego,Prime,Flat Iron Steak
4389,frozen,Hego Boneless Chicken Leg Skin on,9.27,1000.0,,,Hego,Skin on,Boneless Chicken Leg
4390,frozen,Tasty Food Affair 3 Joint Chicken Wing,9.0,1000.0,,,Tasty Food Affair,Tasty Food Affair,3 Joint Chicken Wing
4391,frozen,Seaco Frozen Rabbit Fish,8.98,800.0,,,Seaco,Frozen Rabbit Fish,Frozen Rabbit Fish
4392,frozen,Snow Treasures Premium Salmon Fillet,8.62,180.0,,,Snow Treasures,Premium Salmon Fillet,Premium Salmon Fillet
4393,frozen,Sunnydale Spicy Wedges,6.95,1000.0,,,Sunnydale,Spicy Wedges,
4394,frozen,Simply Natural Mini Buns - Sweet Potato Curry,6.5,270.0,,,Simply Natural,Sweet Potato Curry,Mini Bun
4395,frozen,Churo Pork Collar,6.11,500.0,,,,Churo Pork Collar,Churo Pork Collar
4396,frozen,Kee Song Frozen KS Original Marinated Chicken Wing,6.05,500.0,,,Kee Song,KS Original,Frozen
4397,frozen,Heritage Harvest Pork Collar Shabu Roll,5.5,250.0,,,Heritage Harvest,Shabu Roll,Pork Collar
4398,frozen,Mr Joy's Salmon Fish Imitation,5.05,270.0,,,Mr Joy,Salmon Fish Imitation,
4399,frozen,Kochi Ice Premium Hojicha Tea Japanese Ice Cream Cup,4.6,115.0,,Japan,Kochi Ice Premium,Kochi Ice Premium,Ice Cream Cup
4400,frozen,Churo Asian Burger Patties,4.55,300.0,,,Churo,Asian Burger Patties,Asian Burger Patty
4401,frozen,Tasty Food Affair Pork Fat Cube,4.5,500.0,,,Tasty Food Affair,Tasty Food Affair,Pork Fat Cube
4402,frozen,Churo Potato Croquettes,4.2,500.0,,,,Churo Potato Croquettes,Churo Potato Croquette
4403,frozen,Kochi Ice Yamakita Mikan Japanese Ice Cream Sorbet,4.1,115.0,,Japan,Yamakita Mikan,Sorbet,Ice Cream
4404,frozen,AW'S Market Frozen Chicken Skin,4.0,500.0,,,AW'S Market,Frozen Chicken Skin,Frozen Chicken Skin
4405,frozen,Kochi Ice Shimanto Kuri Chestnut Japanese Ice Cream,3.95,115.0,,Japan,Shimanto,Kuri Chestnut,Ice Cream
4406,frozen,Snow Treasures Premium Alaskan Black Cod Fillet,55.44,400.0,,,Snow Treasures,Premium Alaskan Black Cod Fillet,Premium Alaskan Black Cod Fillet
4407,frozen,Catch Seafood Wild Black Cod Fillet (Sable Fish/Gindara),50.91,700.0,,,Catch Seafood,Sable Fish/Gindara,Wild Black Cod Fillet
4408,frozen,Hego NZ Beef Ribeye (Slab) - Frozen,49.0,1000.0,,,Hego,Frozen,NZ Beef Ribeye
4409,frozen,Heritage Choice Wagyu MS4+ Beef Denver Steak,29.9,200.0,,,Heritage Choice,MS4+ Beef,Denver Steak
4410,frozen,Catch Seafood Cod Portion Loin Wild Caught Chilean (Frozen),26.6,230.0,,Chile,Wild Caught,,
4411,frozen,Yummy Fresh Frozen Meat - Shabu Platter,22.95,450.0,,,Yummy Fresh Frozen Meat,Shabu Platter,Yummy Fresh Frozen Meat
4412,frozen,AW'S Market Beef Tripe - Frozen,22.4,700.0,,,AW'S Market,Frozen,Beef Tripe
4413,frozen,Mr Joy's Fs Big Ngoh Hiang,21.33,1800.0,,,Mr Joy,Fs,
4414,frozen,AW'S Market Frozen Cooked Marinated Ribs - BBQ Honey,20.4,500.0,,,AW'S Market,BBQ Honey,Frozen Cooked Marinated Rib
4415,frozen,Mr Joy's Fs Taokee Fish Roll,19.99,1000.0,,,Mr Joy,Fs,
4416,frozen,Oriental Delight Spicy BBQ Pork Back Ribs,19.9,700.0,,,Oriental Delight,Spicy BBQ,Pork Back Rib
4417,frozen,Tasty Food Affair New Zealand Striploin Shabu Shabu,16.5,300.0,,New Zealand,Tasty Food Affair,Shabu Shabu,Striploin
4418,frozen,The Fish Farmer Heat and Eat Baramundi - Crispy Tempura,16.04,250.0,,,The Fish Farmer,Crispy Tempura,Baramundi
4419,frozen,Ecofrost Potato Wedges,15.8,2500.0,,,Ecofrost,,Potato Wedge
4420,frozen,Hego Chicken Wing,15.3,2000.0,,,Hego,,Chicken Wing
4421,frozen,Oriental Delight Takoyaki Ball,15.0,1000.0,,,Oriental Delight,Takoyaki Ball,Takoyaki Ball
4422,frozen,Kee Song Frozen Lacto Chicken Drumstick,14.02,500.0,,,Kee Song,,Frozen Lacto Chicken Drumstick
4423,frozen,Hego Lamb Brisket Cube (Bone-in),12.6,500.0,,,Hego,Bone-in,Lamb Brisket Cube
4424,frozen,Churo Salmon Steak (Portion),12.15,240.0,,,Churo,Portion,Salmon Steak
4425,frozen,Catch Seafood Tiger Prawn Meat with tail on,10.99,500.0,,,,with tail on,Tiger Prawn
4426,frozen,Mr Joy's Chesnut Pork Collar Sliced 2mm,10.0,200.0,,,Mr Joy,2mm,Chesnut Pork Collar Sliced
4427,frozen,Mr Joy's Sotong Dough Fritter,9.99,470.0,,,Mr Joy,Sotong Dough Fritter,Sotong Dough Fritter
4428,frozen,Churo Pork Jowl - Frozen,9.2,300.0,,,Churo,Frozen,
4429,frozen,Tasty Food Affair Chicken Wing Sticks,8.8,1000.0,,,Tasty Food Affair,Tasty Food Affair,Chicken Wing Stick
4430,frozen,Simply Roast Black Pepper Chicken Leg (Frozen),8.5,300.0,,,Simply Roast,Black Pepper,Chicken Leg
4431,frozen,Churo Salmon Sliced,8.49,200.0,,,Churo Salmon,Sliced,
4432,frozen,Churo Pork Hock Cut (Frozen),7.79,1000.0,,,Churo,Frozen,Pork Hock Cut
4433,frozen,Churo Pork Bulgogi | Ready to Cook (Frozen),7.7,300.0,,,Churo Pork Bulgogi,Ready to Cook,Churo Pork Bulgogi
4434,frozen,Kee Song Frozen KS Rich Lacto Marinated Boneless Chicken Leg,7.16,500.0,,,Kee Song,Marinated,Frozen
4435,frozen,Hego Crispy Chicken Strips (Frozen),6.8,400.0,,,Hego,Frozen,Crispy Chicken Strip
4436,frozen,Hego Chicken Nuggets (Frozen),6.25,500.0,Halal,,Hego,Frozen,Chicken Nugget
4437,frozen,Tasty Food Affair Marinated Cajun Chicken Boneless Leg,5.6,220.0,,,Tasty Food Affair,Marinated,Boneless Leg
4438,frozen,Imuraya Melon Ice Ball,4.25,170.0,,,Imuraya,,Ice Ball
4439,frozen,Kochi Ice Crayon Shin-Chan Wafer Japanese Ice Cream,4.1,100.0,,Japan,Shin-Chan,Wafer,Ice Cream
4440,frozen,Churo Crinkle French Fries,3.95,500.0,,France,Churo,Crinkle,Fry
4441,frozen,Hego Chicken Skin (Frozen),2.9,300.0,,,Hego,Frozen,Chicken Skin
4442,frozen,Yuzu Soy Milk Cream Daifuku Japan Frozen Mochi Dessert,2.9,60.0,,Japan,Daifuku,Cream,Frozen Mochi Dessert
4443,frozen,Tsukiji Kanisho Snow Crab Platter (Half Shell) - Frozen,37.1,400.0,,,Tsukiji Kanisho,Half Shell,Snow Crab Platter
4444,frozen,Hego Boneless Lamb Leg - Frozen,34.95,900.0,Halal,,Hego,Frozen,Boneless Lamb Leg
4445,frozen,Snow Treasures Soon Hock Whole (Marble Goby) (L),29.95,800.0,,,Snow Treasures,L,Marble Goby
4446,frozen,Kirei Teba-Gyoza Grilled Stuffed Chicken Wings,29.5,530.0,,,Kirei Teba-Gyoza,Grilled Stuffed Chicken Wings,Grilled Stuffed Chicken Wing
4447,frozen,Heritage Choice Wagyu MS4+ Beef Boneless Short Rib Yakiniku,25.0,200.0,,,Wagyu,Heritage Choice,MS4+ Beef Boneless Short Rib
4448,frozen,Tasty Food Affair USA Angus Short Rib Boneless Beef Yakiniku,21.0,200.0,,USA,Tasty Food Affair,Yakiniku,Boneless Beef
4449,frozen,Catch Seafood Salmon Skinless Portion,18.85,300.0,,,Catch Seafood,Salmon Skinless Portion,
4450,frozen,Tasty Food Affair Kurobuta Pork Belly Shabu Shabu,15.5,250.0,,,Tasty Food Affair,Shabu Shabu,Kurobuta Pork Belly
4451,frozen,Aw's Market Zhu Bao Bundle (1-2Pax),15.0,700.0,,,Aw's Market,1-2Pax,Zhu Bao Bundle
4452,frozen,Catch Seafood Barramundi Portions - Frozen,14.98,540.0,,,Catch Seafood,Frozen,Barramundi Portion
4453,frozen,Tasty Food Affair Tempura Chicken Nugget,12.5,1000.0,,,Tasty Food Affair,Tempura Chicken Nugget,Tempura Chicken Nugget
4454,frozen,Kirei Japanese Sawara Fish With Saikyo Miso,12.4,70.0,,Japan,Kirei,With Saikyo Miso,Sawara Fish
4455,frozen,Kirei Frozen Ramen,11.5,1000.0,,,Kirei,,Frozen Ramen
4456,frozen,Magnolia Ice Cream - Hershey's Cookies N Creme,7.65,450.0,Halal,,Hershey,Cookies N Creme,Magnolia Ice Cream
4457,frozen,Magnolia Ice Cream - Hershey's Chocolate Fudge Ripple,7.65,450.0,Halal,,Hershey,Chocolate Fudge Ripple,Magnolia Ice Cream
4458,frozen,Little Totler Wholegrain Paella with Chicken,7.9,150.0,,,Little Totler,with Chicken,Wholegrain Paella
4459,frozen,Barramundi and Macaroni Soup - Frozen,7.5,150.0,,,,Barramundi and Macaroni Soup,Barramundi and Macaroni Soup
4460,frozen,Adobo Chicken Porridge - Frozen,7.5,150.0,,,,Frozen,Adobo Chicken Porridge
4461,frozen,Hego Chicken Karaage (Frozen),6.0,400.0,,,Hego,Frozen,Chicken Karaage
4462,frozen,Tasty Food Affair Bone-in Pork Chop,6.0,500.0,,,Tasty Food Affair,Bone-in Pork Chop,Bone-in Pork Chop
4463,frozen,Kee Song Frozen KS Pepper Teriyaki Chicken Slice,5.04,200.0,,,Kee Song,KS Pepper,Frozen
4464,frozen,Kee Song Frozen KS Citrus Herbs Chicken Boneless Breast,5.04,200.0,,,Kee Song,KS Citrus Herbs,Frozen
4465,frozen,Catch Seafood Barramundi Belly & Trimming,4.5,300.0,,,Catch Seafood,Barramundi Belly & Trimming,
4466,frozen,Kochi Ice Tosa Jiro Vanilla Japanese Ice Cream,4.1,115.0,,Japan,Tosa Jiro,Vanilla,Ice Cream
4467,frozen,Kochi Ice Ice Crin Tradition Times Ice Cream,3.95,115.0,,,Tradition Times,Kochi Ice Ice Crin,Ice Cream
4468,frozen,AW'S Market Frozen Chicken Wing,3.6,300.0,,,AW,,Frozen Chicken Wing
4469,frozen,Fisher's Catch Cod Portion Skinless,46.95,500.0,,,,Skinless,Fisher's Catch Cod Portion
4470,frozen,Hego US Beef Bone in Shortrib Chunk (Frozen),45.6,1000.0,Halal,USA,Hego,Frozen,Beef Bone in Shortrib Chunk
4471,frozen,Aw's Market Niu Year Shabu Bundle (1-2 pax),28.8,400.0,,,Aw's Market,Shabu Bundle,
4472,frozen,Hego US Beef Shortplate Shabu-Shabu,27.6,750.0,Halal,USA,Hego,Shabu-Shabu,Beef Shortplate
4473,frozen,Port65 Shin Toyosu Snow Crab Claw - Frozen,25.5,250.0,,,Port65,,Snow Crab Claw
4474,frozen,Hego NZ Wagyu MB5+ Beef Oyster Blade Shabu Shabu,23.96,250.0,Halal,,Hego,Shabu Shabu,MB5+ Beef Oyster Blade
4475,frozen,Tasty Food Affair USA Angus Short Rib Boneless Beef Shabu,21.0,200.0,,USA,Tasty Food Affair,Boneless Beef Shabu,Angus Short Rib
4476,frozen,Kee Song Frozen CaroGold Whole Chicken,20.99,1200.0,,,Kee Song,Frozen CaroGold,Whole Chicken
4477,frozen,AW'S Market Frozen Cooked Marinated Ribs - Yuzu,20.4,500.0,,,AW'S Market,Yuzu,Frozen Cooked Marinated Rib
4478,frozen,Butcher's Reserve Chicken Bratwurst Sausage,20.0,1000.0,,,Butcher's Reserve,Butcher's Reserve,Sausage
4479,frozen,Churo Cantonese Char Siew Bundle of 2,17.1,400.0,,,Char Siew,Churo Cantonese,Bundle of 2
4480,frozen,Bouillabaisse Fish Porridge Twin Pack - Frozen,15.0,300.0,,,,Frozen,Bouillabaisse
4481,frozen,Chicken Collagen Ramen Twin Pack - Frozen,15.0,300.0,,,,Frozen,Chicken Collagen Ramen Twin Pack
4482,frozen,Miso Salmon Rice Twin Pack - Frozen,15.0,300.0,,,,Frozen,Miso Salmon Rice Twin Pack
4483,frozen,Beef Bolognese Spaghetti Twin Pack - Frozen,15.0,300.0,,,,Beef Bolognese,Spaghetti Twin Pack
4484,frozen,Hego NZ Beef Tenderloin Steak (Frozen),14.59,200.0,Halal,,Hego,Frozen,NZ Beef Tenderloin Steak
4485,frozen,Hego Lamb Shabu Shabu,13.9,300.0,,,Hego Lamb,Shabu Shabu,
4486,frozen,Kee Song Frozen CaroGold Chicken Wing,12.91,500.0,,,Kee Song,CaroGold,Chicken Wing
4487,frozen,Blue Oceans Boontong Fish (Whole Clean 8-10),12.0,1000.0,,,Blue Oceans,Whole Clean 8-10,Boontong Fish
4488,frozen,Royal Delights Curry Potato Samosa,11.0,1200.0,,,Royal Delights,Curry Potato Samosa,Curry Potato Samosa
4489,frozen,Kirei Sato Imo Japanese Yam Ball,10.9,500.0,,Japan,Kirei Sato,Imo,Yam Ball
