category,name,price_value,quantity,dietary
fruits-vegetables,France Legend Apple,5.9,700g,
fruits-vegetables,Holland Potato (China),1.4,1kg,
fruits-vegetables,Malaysia Natural Fresh Japanese Cucumber,1.8,400g,
fruits-vegetables,Fresh Blueberries,3.95,125g,
fruits-vegetables,Chef Red Onion - Large,1.7,700g,
fruits-vegetables,Chef China Garlic - Pure White,2.85,500g,
fruits-vegetables,Chef Yellow Onion - Large,2.2,700g,
fruits-vegetables,Pasar Sweet Corn,1.65,2 per pack,
fruits-vegetables,Sumifru Philippines Banana,2.55,700g,
fruits-vegetables,Simply Finest Xiao Bai Cai,1.95,300g,
fruits-vegetables,Hokto Bunashimeiji Mushroom,1.7,125g,
fruits-vegetables,Pasar Japanese Cucumber,1.5,250g,
fruits-vegetables,Pasar Thailand Spring Onion,1.88,100g,
fruits-vegetables,Simply Finest Round Spinach,1.95,300g,
fruits-vegetables,Simply Finest Old Ginger,2.2,200g,
fruits-vegetables,Pasar Red Chilli Padi,1.25,100g,
fruits-vegetables,CocoThumb Fresh Coconut,3.9,1 per pack,Organic
fruits-vegetables,Hokto White Shimeji,1.7,125g,
fruits-vegetables,Simply Finest French Bean,2.9,250g,
fruits-vegetables,Simply Finest Lady Finger,2.2,250g,
fruits-vegetables,Fresh Mini Thailand Watermelon,5.3,1.2kg,
fruits-vegetables,China Premium Fuji Apple,4.85,4 per pack,
fruits-vegetables,Pasar White Button Mushroom,3.5,200g,
fruits-vegetables,Chef Shiitake Mushroom,2.56,250g,
fruits-vegetables,Simply Finest Long Bean,1.65,200g,
fruits-vegetables,Chef Nai Bai,1.35,200g,
fruits-vegetables,Premium Yellow Onion,2.42,700g,
fruits-vegetables,China Fuji Apples,3.45,5 per pack,
fruits-vegetables,Premium Red Onion,2.6,700g,
fruits-vegetables,Pasar Long Bean,1.55,200g,
fruits-vegetables,ThyGrace Marketing Honey Cherry Tomato,2.45,200g,
fruits-vegetables,Pasar Mini Romaine,1.95,300g,
fruits-vegetables,Sakura Bean Sprouts,1.67,320g,
fruits-vegetables,Simply Finest Young Ginger,1.9,200g,
fruits-vegetables,Pasar Baby Corn,1.38,100g,
fruits-vegetables,Sumich Gourmet White Potatoes,3.3,1kg,
fruits-vegetables,Pasar French Bean,2.05,250g,
fruits-vegetables,Pasar Enoki Mushroom,1.45,300g,
fruits-vegetables,Fresh Red Dragonfruit,2.15,2 per pack,
fruits-vegetables,China Loose Garlic,2.95,500g,
fruits-vegetables,Malaysia Round Cabbage,3.25,1 per pack,
fruits-vegetables,Chef China Old Garlic,1.6,200g,
fruits-vegetables,Simply Finest Red Spinach,1.95,300g,
fruits-vegetables,Pasar Lemon Grass,0.59,100g,
fruits-vegetables,Pasar Malaysia Young Ginger,1.5,200g,
fruits-vegetables,Pasar Local Celery (Daun Sup),1.65,100g,
fruits-vegetables,Pasar Green Chili,1.5,200g,
fruits-vegetables,Chef Red Onion - Small,2.55,500g,
fruits-vegetables,Pasar Red Chili,1.5,200g,
fruits-vegetables,Pasar Fresh Oyster Mushroom,1.75,150g,
fruits-vegetables,Pasar Baby Xiao Bai Cai,1.5,200g,
fruits-vegetables,Pasar Red Onion,5.95,3kg,
fruits-vegetables,Malaysia Green Capsicum,1.85,280g,
fruits-vegetables,Kok Fah Baby Sweet Potato Leaves,1.6,200g,
fruits-vegetables,Malaysia Old Yellow Cucumber,3.77,1 per pack,
fruits-vegetables,Vietnam Yellow Capsicum,1.95,1 per pack,
fruits-vegetables,Zespri New Zealand Kiwifruit - SunGold,6.95,4 per pack,
fruits-vegetables,Australian Strawberries,4.95,250g,
fruits-vegetables,Chef Chinese Spinach (Phuay Leng),1.45,200g,
fruits-vegetables,Agro Fresh Broccoli,2.55,280 G,
fruits-vegetables,Berryworld South Africa Jumbo Blueberry,5.95,150g,
fruits-vegetables,Donut Peach,5.45,500g,
fruits-vegetables,Malaysia Red Seedless Watermelon,5.95,1 per pack,
fruits-vegetables,China Shanghai Green Baby,2.03,300g,
fruits-vegetables,Pasar Iceberg Lettuce,2.18,400g,
fruits-vegetables,Sunkist Australia Delite Mandarin,4.45,400g,
fruits-vegetables,Pasar Longan,5.25,850g,
fruits-vegetables,Pasar Bean Sprout,0.95,200g,
fruits-vegetables,CGPL South Africa Lemon,2.85,750g,
fruits-vegetables,Unifarm Fujisawa Premium Musk Melon,7.25,1 per pack,
fruits-vegetables,Yuan Zhen Yuan Tomato,2.8,500 G,
fruits-vegetables,Zespri New Zealand Kiwifruit - Green,5.55,4 - 6 per pack,
fruits-vegetables,Agro Fresh Beijing Cabbage,3.2,1 S,
fruits-vegetables,Fresh Corindi Australia Super Jumbo Blueberries,12.95,200g,
fruits-vegetables,Sumich Fresh Carrots,0.95,500g,
fruits-vegetables,FairPrice Frozen Edamame Salted Soy Beans,3.15,500g,
fruits-vegetables,Zespri New Zealand Kiwifruit - Jumbo SunGold,6.65,3 per pack,
fruits-vegetables,Chef Yau Mak Chye,1.32,200g,
fruits-vegetables,Pasar Chinese Parsley,1.2,50g,
fruits-vegetables,Pasar Thai Young Coconut,2.25,1 per pack,
fruits-vegetables,Agro Fresh Old Ginger,1.98,210 G,
fruits-vegetables,Kok Fah Fresh Vegetable - Baby Spinach,1.6,200g,
fruits-vegetables,Maoxiong King Oyster Mushroom,1.5,250g,
fruits-vegetables,Australia Celery,3.3,1 per pack,
fruits-vegetables,Pasar Seedless Guava,3.0,600g,
fruits-vegetables,Enza Envy Apple,6.45,4 per pack,
fruits-vegetables,Chef Hong Kong Chye Sim,1.16,200g,
fruits-vegetables,Yuan Zhen Yuan Premium Australian Carrot,2.95,1 KG,
fruits-vegetables,Pasar Royal Gala Apples,3.95,800g,
fruits-vegetables,Rockit New Zealand Apple,9.45,5 per pack,
fruits-vegetables,Botak Farmer Tempeh,1.6,170g,
fruits-vegetables,Pasar Thai Chinese Parsley,1.48,50g,
fruits-vegetables,South Africa Candy Apple,1.95,500g,
fruits-vegetables,Yuan Zhen Yuan Australian Broccoli,3.6,300 G,
fruits-vegetables,Thygrace Green Zucchini,3.2,2 per pack,
fruits-vegetables,Agro Fresh White Radish,2.86,1 S,
fruits-vegetables,Italy Red Pop Apple,5.95,700g,
fruits-vegetables,Agro Fresh Lotus Root,3.25,400 G,
fruits-vegetables,Simply Finest Red Chilli,1.5,150g,
fruits-vegetables,Nature's Best Brastagi Potatoes - Granola (Washed),4.1,1kg,
fruits-vegetables,Agro Fresh Indian Lady Finger,2.35,260 G,
fruits-vegetables,FairPrice Frozen Edamame Unsalted,3.15,500g,
fruits-vegetables,Chef Hong Kong Kailan,1.16,200g,
fruits-vegetables,Driscoll's Raspberries,6.95,125g,
fruits-vegetables,Agro Fresh Indonesia Potato,2.68,1 KG,
fruits-vegetables,Simply Finest Small Lime,1.7,250g,
fruits-vegetables,Pasar Thai Seedless Guava,5.5,950g,
fruits-vegetables,Pasar Pandan Leaves,0.47,100g,
fruits-vegetables,Ping Pong Tomato - Red Honey,2.75,250g,
fruits-vegetables,Pears Bonanza Australia Packham Pear,4.95,800g,
fruits-vegetables,Pasar Swiss Brown Mushroom,4.2,200g,
fruits-vegetables,Yuan Zhen Yuan Australian Avocado,4.8,2 S,
fruits-vegetables,Simply Finest Baby Spinach,2.0,300g,
fruits-vegetables,Pasar Australia Mandarin,6.9,900g,
fruits-vegetables,South Africa Cara Cara Orange,3.95,800g,
fruits-vegetables,Yuan Zhen Yuan Cauliflower China,3.3,500 G,
fruits-vegetables,Simply Finest Large Lime,1.7,250g,
fruits-vegetables,Pasar Chilli Padi - Green,1.8,100g,
fruits-vegetables,Malaysia Honey Pineapple,1.95,1 per pack,
fruits-vegetables,China Enoki Mushroom,0.65,200g,
fruits-vegetables,Sunkist Australia Premium Sweet Oranges,7.95,800g,
fruits-vegetables,Yuan Zhen Yuan Mexican Avocado,6.9,3 S,
fruits-vegetables,Italy Joya Apple,2.95,700g,
fruits-vegetables,Sustenir Supreme Spinach,4.6,100g,
fruits-vegetables,Pasar Indonesia Water Cress,1.65,200g,
fruits-vegetables,Sunkist Australia Navel Orange,6.9,800g,
fruits-vegetables,Agro Fresh Indian Fresh coriander leaves,2.4,75 G,
fruits-vegetables,Berryfield Whole Frozen Blueberries,23.9,1kg,
fruits-vegetables,Simply Finest Baby Cai Xin,2.2,300g,
fruits-vegetables,Agro Fresh Indian Small Red Onion,1.95,200 G,
fruits-vegetables,FairPrice Frozen Fresh Mixed Vegetables,4.74,1kg,
fruits-vegetables,Salustiana Orange,4.9,800g,
fruits-vegetables,Chef China Scallion,1.3,1 per pack,
fruits-vegetables,New Zealand Queen Apple,6.9,700g,
fruits-vegetables,Go Fresh Baby Spinach,2.5,300g,
fruits-vegetables,Go Fresh Japanese Green,1.48,250g,
fruits-vegetables,Simply Finest Lemon Grass,2.2,200g,
fruits-vegetables,Crunchy Fresh Cherry Tomato - Grape,3.25,350g,
fruits-vegetables,Agro Fresh Bitter Gourd,3.6,1 S,
fruits-vegetables,Premium Shine Muscat Korea Grape,12.95,450g,
fruits-vegetables,Agro Fresh Shatang Mini Mandarin Orange,3.98,520 G,
fruits-vegetables,Agro  Fresh  Long Brinjal - Egg Plant,3.5,1 S,
fruits-vegetables,FairPrice Frozen Fresh Garden Peas,4.74,1kg,
fruits-vegetables,Fresh Pineapple,2.7,1 per pack,
fruits-vegetables,Fresh Shallot (Prepacked),1.98,140g,
fruits-vegetables,Yuan Zhen Yuan WaWa Cai,2.2,250 G,
fruits-vegetables,Yuan Zhen Yuan Eggplant Round,2.9,500 G,
fruits-vegetables,Agro Fresh Red Beetroot,2.8,500 G,
fruits-vegetables,Wa Wa Chye Baby Wongbok,2.1,250g,
fruits-vegetables,Sunny Tambun Pomelo,5.5,1 per pack,
fruits-vegetables,Yuan Zhen Yuan Xiao Bai Cai,1.55,220 G,
fruits-vegetables,Simply Finest Cai Xin Hua,1.95,300g,
fruits-vegetables,Pasar Cherry Tomato,3.5,500g,
fruits-vegetables,Pasar Sweet Beans,1.4,150g,
fruits-vegetables,China Baby Chye Sim,1.35,200g,
fruits-vegetables,China Baby Kai Lan,1.35,200g,
fruits-vegetables,Pasar Yellow Watermelon,5.75,1 per pack,
fruits-vegetables,China Winter Date,3.95,350g,
fruits-vegetables,Driscoll's China Strawberry,14.95,330g,
fruits-vegetables,Agro Fresh Local Cucumber,2.35,500 G,
fruits-vegetables,Pasar Asparagus Fine,2.7,100g,
fruits-vegetables,YayaPapaya Apple Green Granny Smith,3.7,4 S,
fruits-vegetables,Yuan Zhen Yuan Cabbage Wongbok China,5.95,1.5 KG,
fruits-vegetables,Watties Frozen Sweet Corn,5.5,500g,Halal
fruits-vegetables,Agro Fresh Indian Red Onion Bag,5.95,3 KG,
fruits-vegetables,Agro Fresh Old Cucumber,3.65,600 G,
fruits-vegetables,Simply Finest Baby Bittergourd,1.5,250g,
fruits-vegetables,Agro Fresh  China Carrot,1.2,600 G,
fruits-vegetables,Pasar Candy Sweet Corn,2.5,330g,
fruits-vegetables,Pasar Cai Sim,1.03,220g,
fruits-vegetables,Yuan Zhen Yuan Baby Kai Lan,2.2,200 G,
fruits-vegetables,Kangaringa Australia Potatoes - White,4.35,1kg,
fruits-vegetables,Crunchy Fresh Lollo Bionda Lettuce,2.55,120g,
fruits-vegetables,JJ Fresh Indonesia Japanese Sweet Potato,2.85,750g,
fruits-vegetables,Yili Farm Kang Kong,2.28,300g,
fruits-vegetables,USA Sweet Sapphire Grapes,8.95,500g,
fruits-vegetables,Agro Fresh Jumbo Yellow Lemon,3.45,3 S,
fruits-vegetables,FairPrice Frozen Fresh Corn Kernel,5.14,1kg,
fruits-vegetables,Defu Fresh Peeled Garlic,4.95,500g,
fruits-vegetables,Fungo Mushrooms - Sliced Shiitake,2.35,150g,
fruits-vegetables,Australia Broccolini,5.9,1 per pack,
fruits-vegetables,China Champagne Pear,5.8,4 per pack,
fruits-vegetables,Pasar Thailand Mini Cucumber,2.95,500g,
fruits-vegetables,Yili Farm Xiao Bai Cai,2.28,200g,
fruits-vegetables,JJ  Fresh Indonesia Purple Sweet Potato,2.85,750g,
fruits-vegetables,Pasar Honeydew,3.5,1 per pack,
fruits-vegetables,Agro Fresh Indian Red Onion,1.88,600 G,
fruits-vegetables,Berryfield Whole Frozen Strawberries,23.9,1kg,
fruits-vegetables,Yuan Zhen Yuan Australian Celery,4.3,750 G,
fruits-vegetables,China White Crab Mushroom,0.95,150g,
fruits-vegetables,Agro Fresh Yellow Sweet Corn,3.34,2 S,
fruits-vegetables,Packham Pears,4.1,800g,
fruits-vegetables,Sustenir Bold Bites,3.95,100g,
fruits-vegetables,Sustenir Rebel Rocket,4.6,100g,
fruits-vegetables,"Agro Fresh Hairy Gourd (Marrow, Fuzzy Squash)",2.98,550 G,
fruits-vegetables,Simply Finest Fresh Basil,1.65,30g,
fruits-vegetables,Berryfield Whole Frozen Gold Mango,23.9,1kg,
fruits-vegetables,Vitor Australia High Brix Navel Oranges,5.95,800g,
fruits-vegetables,Yuan Zhen Yuan Baby Chye Sim,2.2,200 G,
fruits-vegetables,Blush Medley Grape Tomato,5.0,200g,
fruits-vegetables,SunnyFarm Boiled Broccoli - Frozen,3.8,1 KG,
fruits-vegetables,Agro Fresh Zucchini-Green,2.45,1 S,
fruits-vegetables,ZENXIN Organic Blueberries,6.9,125 G,Organic
fruits-vegetables,Eloasis Mini King Oyster Mushroom,3.9,300g,
fruits-vegetables,Yuan Zhen Yuan Romaine Lettuce,3.85,500 G,
fruits-vegetables,Simply Finest Cherry Tomato Shaker,4.95,250g,
fruits-vegetables,Agro Fresh Australian Yellow Onion,2.8,1 KG,
fruits-vegetables,Agro Fresh Green Seedless Large Lime,1.95,200 G,
fruits-vegetables,Zespri New Zealand Kiwifruit - SunGold (Organic),9.55,575g,Organic
fruits-vegetables,Watties Frozen Baby Peas,8.1,750g,
fruits-vegetables,Yuan Zhen Yuan Leek Japan,2.9,300 G,
fruits-vegetables,Sunpride Indonesia Honey Pineapple,5.2,1 per pack,
fruits-vegetables,Agro Fresh Pink Lady Apple,4.98,5 S,
fruits-vegetables,Agro Fresh Purple Cabbage (Whole),3.98,1 S,
fruits-vegetables,YayaPapaya Lemon,4.75,1 S,
fruits-vegetables,Yuan Zhen Yuan Lady Finger,1.65,200 G,
fruits-vegetables,Zespri New Zealand Kiwifruit - SunGold + GWP (Spife),3.95,2 per pack,
fruits-vegetables,P&L Fresh Pea Sprouts - Dou Miao,2.55,150g,
fruits-vegetables,Crunchy Fresh Japanese Cucumber,2.5,330g,
fruits-vegetables,Yuan Zhen Yuan Spring Onion,3.5,250 G,
fruits-vegetables,Yuan Zhen Yuan Watercress,2.95,200 G,
fruits-vegetables,Pasar October Sun Plum,8.95,600g,
fruits-vegetables,Sustenir Kinky Kale,4.6,100g,
fruits-vegetables,SunnyFarm Edamame Beans,3.3,500 G,
fruits-vegetables,Simply Finest Endives,1.75,300g,
fruits-vegetables,Pasar Snow Peas,1.4,150g,
fruits-vegetables,Blush Sweet Delights Premium Snacking Tomatoes,5.0,200g,
fruits-vegetables,Taiwan Sweet Pear,9.95,2 per pack,
fruits-vegetables,Altar Produce Mexico Asparagus,6.0,250g,
fruits-vegetables,Taiwan Pink Guava,4.25,600g,
fruits-vegetables,Sustenir Love Lettuce,3.95,100g,
fruits-vegetables,Wattie's Rainbow Mix,7.55,700g,
fruits-vegetables,JJ  Fresh Indonesia Red Sweet Potato,2.85,750g,
fruits-vegetables,Pasar Black Plum,7.95,600g,
fruits-vegetables,Snackables Snack Fresh Carrots,4.95,250g,
fruits-vegetables,Zespri New Zealand Organic Green Kiwi,5.95,575g,Organic
fruits-vegetables,Sustenir Fragrant Fusion,3.95,100g,
fruits-vegetables,Hokto Maitake Mushroom,1.7,100g,
fruits-vegetables,Yuan Zhen Yuan Yellow Cherry Tomato,2.95,320 G,
fruits-vegetables,Malaysia Rambutan,3.75,800g,
fruits-vegetables,Churo Edamame SoyBeans without Shell (Frozen),3.1,500 G,
fruits-vegetables,YayaPapaya Pear Fragrant,3.95,1 S,
fruits-vegetables,Aroi Coco Thai Pre-Cut Coconut,3.95,650g,
fruits-vegetables,Pasar Potato,4.95,3kg,
fruits-vegetables,Yuan Zhen Yuan Japanese Pumpkin Seg Cut,5.95,1 KG,
fruits-vegetables,Ban Choon Sweet Mini Peppers,6.75,500g,
fruits-vegetables,Agro Fresh Pisang Mas Banana,3.4,600 G,
fruits-vegetables,Pasar Curry Leaf,1.7,100g,
fruits-vegetables,China Baby Yau Mak Chye,1.4,200g,
fruits-vegetables,South Africa Fuji Apple,4.8,6 per pack,
fruits-vegetables,ZENXIN Organic Australia Carrot,5.8,400 G,Organic
fruits-vegetables,Simply Finest English Parsley,1.79,50g,
fruits-vegetables,Pasar Portobello Mushroom - Mini,4.9,200g,
fruits-vegetables,Sunny Tambun Pomelo (M),8.95,1 per pack,
fruits-vegetables,Yuan Zhen Yuan Japanese Green,3.33,500 G,
fruits-vegetables,Agro Fresh Holland Snow Peas,1.75,130 G,
fruits-vegetables,Pasar Malaysia Tango (Tonghoe),3.0,220g,
fruits-vegetables,Petit Sweet Cherry Tomato On Vine,7.1,200g,
fruits-vegetables,ZENXIN Organic Carrot,5.3,400 G,Organic
fruits-vegetables,Agro Fresh Bottle Gourd,4.28,1 S,
fruits-vegetables,Yuan Zhen Yuan Garlic Peeled,2.2,200 G,
fruits-vegetables,ZENXIN Organic Banana,3.49,500 G,Organic
fruits-vegetables,Naturipe USA Blueberries,10.95,310g,
fruits-vegetables,Korean Kyoho Grapes,10.95,450g,
fruits-vegetables,Pasar USA Red Plum,7.95,600g,
fruits-vegetables,Yuan Zhen Yuan Yellow Capsicum,2.5,200 G,
fruits-vegetables,Agro Fresh Turmeric Fresh Root ( Yellow Ginger),1.78,75 G,
fruits-vegetables,ZENXIN Organic Siew Pak Choy,3.1,200 G,Organic
fruits-vegetables,ZENXIN Organic Coconut,1.99,800 G,Organic
fruits-vegetables,Yuan Zhen Yuan Yu Mak Chye,3.5,500 G,
fruits-vegetables,Eloasis Mixed Mushroom Combo,4.0,200g,
fruits-vegetables,Hydrogreen SG Kai Lan,3.35,200g,
fruits-vegetables,Kangaringa Australia Potatoes - Red,4.35,1kg,
fruits-vegetables,Yuan Zhen Yuan Fine Bean,3.3,250 G,
fruits-vegetables,Yuan Zhen Yuan Japan Cabbage Half Cut,4.9,400 G,
fruits-vegetables,Kim Yan Cordyceps Militaris,3.0,120g,
fruits-vegetables,Churo Spinach,5.1,1 KG,
fruits-vegetables,Yuan Zhen Yuan Long Bean,2.3,200 G,
fruits-vegetables,SunnyFarm Pumpkin Diced,4.95,1 KG,
fruits-vegetables,Churo Frozen Cut Pumpkin,3.88,1 KG,
fruits-vegetables,ZENXIN Organic Chinese Cabbage,6.45,600 G,Organic
fruits-vegetables,Turkey Black Figs,5.95,200g,
fruits-vegetables,Yuan Zhen Yuan Spinach Puay Leng,4.5,500 G,
fruits-vegetables,Hydrogreen SG Coco Lettuce,3.15,100g,
fruits-vegetables,YayaPapaya Dragonfruit White,2.55,1 S,
fruits-vegetables,Hydrogreen SG Komatsuna,3.35,200g,
fruits-vegetables,Pasar Blue Ginger Galangal,1.15,200g,
fruits-vegetables,Yuan Zhen Yuan Mushroom White Button,3.45,200 G,
fruits-vegetables,YayaPapaya Dragonfruit Red,3.55,1 S,
fruits-vegetables,Agro Fresh Egypt Valencia Orange,3.5,600 G,
fruits-vegetables,Champ Fungi Mushrooms - Sliced White Button,3.2,125g,
fruits-vegetables,Churo Sweet Corn Kernels (Ready To Cook),2.9,500 G,
fruits-vegetables,Pasar Baby Bittergourd,1.45,250g,
fruits-vegetables,Yuan Zhen Yuan Mint Leaf,3.3,100 G,
fruits-vegetables,Simply Finest Lime Leaf,2.3,100g,
fruits-vegetables,YayaPapaya Orange Sunkist,4.85,4 S,
fruits-vegetables,ZENXIN Organic Lady's Finger/ Okra,2.9,150 G,Organic
fruits-vegetables,Yuan Zhen Yuan Beetroot,3.8,800 G,
fruits-vegetables,Yuan Zhen Yuan Zucchini Green,4.8,600 G,
fruits-vegetables,Simply Finest Tang Oh,3.23,200g,
fruits-vegetables,Simply Finest Laksa Leaf,0.9,50g,
fruits-vegetables,ZENXIN Organic Sweet Potato Leaf,2.7,200 G,Organic
fruits-vegetables,Pasar Thailand Asparagus,4.4,250g,
fruits-vegetables,Churo Diced Carrot,3.7,1 KG,
fruits-vegetables,Yuan Zhen Yuan Highlands Chye Sim,2.4,300 G,
fruits-vegetables,SunnyFarm Corn Kernel,3.95,1 KG,
fruits-vegetables,Yuan Zhen Yuan Brussels Sprout,4.75,250 G,
fruits-vegetables,Sunnyfarm Mixed Vegetable,4.45,1 KG,
fruits-vegetables,ZENXIN Organic Baby Spinach,6.95,125 G,Organic
fruits-vegetables,ZENXIN Organic Cabbage,4.2,1 S,Organic
fruits-vegetables,YayaPapaya Guava,4.65,500 G,
fruits-vegetables,China Chives,1.95,200g,
fruits-vegetables,P&L Fresh Golden Spring Mushroom,3.3,120g,
fruits-vegetables,Blush Sampari Cocktail Truss Tomatoes,6.2,250g,
fruits-vegetables,Australia Corella Pear,6.5,750g,
fruits-vegetables,Agro Fresh Green Raw Mango,2.85,400 G,
fruits-vegetables,Pasar Malaysia Pearl Sweet Corn,2.7,330g,
fruits-vegetables,OOB Organic Mixed Berries (Frozen),13.41,450 G,Organic
fruits-vegetables,Yuan Zhen Yuan Australian Cauliflower,6.56,450 G,
fruits-vegetables,Yuan Zhen Yuan Green Chilli,2.2,200 G,
fruits-vegetables,Agro Fresh Thai Green Papaya,2.8,400 G,
fruits-vegetables,Yuan Zhen Yuan Butternut Pumpkin Seg Cut,5.34,500 G,
fruits-vegetables,Eloasis Premium Shiitake Mushroom,5.0,150g,
fruits-vegetables,Yuan Zhen Yuan Ginger Old,2.1,200 G,
fruits-vegetables,Thai Cut Phulae Pineapple,3.95,500g,
fruits-vegetables,Pasar White Nectarine,10.95,900g,
fruits-vegetables,Churo Brussels Sprouts - Frozen,5.95,1 KG,
fruits-vegetables,Churo Frozen Mixed Vegetables,2.04,500 G,
fruits-vegetables,SunnyFarm Spinach Leaf Balls,6.95,1 KG,
fruits-vegetables,ZENXIN Organic Golden Sweet Cherry Tomato,4.1,200 G,Organic
fruits-vegetables,Agro Fresh Xiao Bai Cai,1.95,250 G,
fruits-vegetables,Thygrace Seedless Lime,3.1,360g,
fruits-vegetables,Blush Sun Delights Golden Snacking Tomatoes,5.0,200g,
fruits-vegetables,Malaysia Mangosteen,3.95,800g,
fruits-vegetables,Yuan Zhen Yuan Australian Green Kale,7.9,300 G,
fruits-vegetables,Pasar Local Lettuce,2.1,350g,
fruits-vegetables,Yuan Zhen Yuan Japanese Yam (Nagaimo Huai Shan),9.2,500 G,
fruits-vegetables,Yuan Zhen Yuan Indian Purple Brinjal,4.8,500 G,
fruits-vegetables,Agro Fresh Indian Baby Yam,3.3,250 G,
fruits-vegetables,Koala Easy Peel Australia Navel Orange,6.95,1kg,
fruits-vegetables,Churo Spinach Leaf Vegetable (Ready To Cook),2.9,500 G,
fruits-vegetables,Pakistan Chaunsa Mango,4.95,1 per pack,
fruits-vegetables,Yuan Zhen Yuan Lebanese Cucumber,5.5,1 KG,
fruits-vegetables,ZENXIN Organic Broccoli,9.99,350 G,Organic
fruits-vegetables,Churo Ready To Cook Broccoli (Cut & Washed),4.05,1 KG,
fruits-vegetables,"Agro Fresh Tapioca  Root( (Cassava,Ubi Kayu)",1.65,450 G,
fruits-vegetables,Yuan Zhen Yuan Pea Shoots (Dou Miao),3.2,300 G,
fruits-vegetables,YayaPapaya Pear Golden,3.98,2 S,
fruits-vegetables,Yuan Zhen Yuan Butterhead Lettuce,2.9,200 G,
fruits-vegetables,ZENXIN Organic Beetroot,5.6,350 G,Organic
fruits-vegetables,YayaPapaya Orange,3.25,1 S,
fruits-vegetables,YayaPapaya Tangerines,6.5,1 KG,
fruits-vegetables,ZENXIN Organic Pumpkin,5.6,300 G,Organic
fruits-vegetables,YayaPapaya Pear Ya,3.6,1 S,
fruits-vegetables,Yuan Zhen Yuan Enoki Mushroom Thailand,1.51,200 G,
fruits-vegetables,YayaPapaya Pear Packham,3.85,1 S,
fruits-vegetables,Agro Fresh Mini Japanese Cucumber,3.88,500 G,
fruits-vegetables,YayaPapaya Grapefruit,1.5,1 S,
fruits-vegetables,Agro Fresh Thai Yam (Washed),7.4,1 S,
fruits-vegetables,P&L Fresh Golden Oyster Mushroom,3.3,130g,
fruits-vegetables,ZENXIN Organic Potato,5.3,400 G,Organic
fruits-vegetables,Pasar Malaysia Yellow Ginger (Kunyit),1.1,200g,
fruits-vegetables,ZENXIN Organic Celery,8.95,400 G,Organic
fruits-vegetables,Pasar Thailand Asparagus (Grade A),8.8,500g,
fruits-vegetables,OOB Organic Blueberries | Frozen,15.23,450 G,Organic
fruits-vegetables,Churo Frozen Cut Green Beans,4.12,1 KG,
fruits-vegetables,ZENXIN Organic Baby Corn,3.2,140 G,Organic
fruits-vegetables,Pasar Thailand Banana Leaves,2.69,250g,
fruits-vegetables,Yuan Zhen Yuan Petai,5.5,150 G,
fruits-vegetables,YayaPapaya Prayer Fruit Bundle (Apple Orange Pear) 15 pcs,11.5,1 S,
fruits-vegetables,ZENXIN Organic Mini Cos Lettuce,4.2,160 G,Organic
fruits-vegetables,ZENXIN Organic Japanese Cucumber,4.5,300 G,Organic
fruits-vegetables,ZENXIN Organic Kailan,3.9,200 G,Organic
fruits-vegetables,Agro Fresh  Peeled Big Red Onion - Vaccum Packed,3.6,500 G,
fruits-vegetables,Churo Cauliflower,3.71,1 KG,
fruits-vegetables,ZENXIN Organic Nai Pak,4.1,200 G,Organic
fruits-vegetables,P&L Fresh Mushroom - Abalone,3.3,150g,
fruits-vegetables,YayaPapaya Pineapple Honey,3.35,1 S,
fruits-vegetables,YayaPapaya Blueberry,4.95,1 S,
fruits-vegetables,ZENXIN Organic New Zealand Spinach,3.0,200 G,Organic
fruits-vegetables,Churo Diced Carrot,2.15,500 G,
fruits-vegetables,ZENXIN Organic Japanese Sweet Choy Sum,3.0,200 G,Organic
fruits-vegetables,Yong Kah Turmeric Leaves,1.0,50g,
fruits-vegetables,Yuan Zhen Yuan Shiitake Mushroom,2.2,200 G,
fruits-vegetables,ZENXIN Organic Long Beans,3.0,180 G,Organic
fruits-vegetables,ZENXIN Organic Avocado,8.9,2 S,Organic
fruits-vegetables,YayaPapaya Apple Red China Fuji,3.4,1 S,
fruits-vegetables,YayaPapaya Envy Apple,6.95,2 S,
fruits-vegetables,Eloasis Oyster Mushroom,3.0,200g,
fruits-vegetables,Yuan Zhen Yuan Butternut Pumpkin,7.9,1 KG,
fruits-vegetables,Yuan Zhen Yuan Italian Parsley,3.5,30 G,
fruits-vegetables,Catch Seafood Edamame Original,3.55,400 G,
fruits-vegetables,ZENXIN Organic Romaine Cos Lettuce,3.4,200 G,Organic
fruits-vegetables,Yuan Zhen Yuan English Parsley,1.65,50 G,
fruits-vegetables,Churo Frozen Cut Potatoes,4.05,1 KG,
fruits-vegetables,ZENXIN Organic Asparagus,6.95,170 G,Organic
fruits-vegetables,Yuan Zhen Yuan Australian Baby Broccoli (Calebrini),5.2,160 G,
fruits-vegetables,Churo Sweet Corn Kernels,4.14,1 KG,
fruits-vegetables,YayaPapaya Longan,4.95,500 G,
fruits-vegetables,YayaPapaya Coconut Precut with Metal Spoon & Straw,3.65,500 G,
fruits-vegetables,ZENXIN Organic French Bean,4.1,170 G,Organic
fruits-vegetables,ZENXIN Organic White Radish,2.7,300 G,Organic
fruits-vegetables,Churo Wave Sliced Carrot (Frozen),2.88,1 KG,
fruits-vegetables,Agro Fresh Banana Leaf Slim Cut (Daun Pisang),1.98,100 G,
fruits-vegetables,YayaPapaya Pear Forelle,5.9,4 S,
fruits-vegetables,YayaPapaya Pear Xin Gao,4.98,2 S,
fruits-vegetables,OOB Organic Raspberries (Frozen),17.93,450 G,
fruits-vegetables,ZENXIN Organic Baby Kailan,3.95,200 G,Organic
fruits-vegetables,Kin Yan Fresh Pink Oyster Mushroom,3.3,130g,
fruits-vegetables,Yuan Zhen Yuan Zucchini Yellow,4.5,600 G,
fruits-vegetables,ZENXIN Organic English Spinach (Puay Leng),4.1,200 G,Organic
fruits-vegetables,Yuan Zhen Yuan White Button Mushroom,13.9,1 KG,
fruits-vegetables,Churo Mixed Vegetables,3.52,1 KG,
fruits-vegetables,Churo Diced Potato (Frozen),4.3,1 KG,
fruits-vegetables,Yuan Zhen Yuan Australian Brown Onion,2.3,500 G,
fruits-vegetables,Yuan Zhen Yuan Mushroom Portobello,5.55,250 G,
fruits-vegetables,Churo Whole Okra Lady Finger (Frozen),4.29,1 KG,
fruits-vegetables,Yuan Zhen Yuan Brown Shimeiji Mushroom,2.5,300 G,
fruits-vegetables,OOB Organic Diced Mango,15.25,500 G,
fruits-vegetables,Yuan Zhen Yuan Ku Chye,2.5,200 G,
fruits-vegetables,"YayaPapaya Apple Red Fuji China (100-113c, 17KG) Carton",72.0,1 S,
fruits-vegetables,Churo Frozen Cauliflower,2.16,500 G,
fruits-vegetables,Yuan Zhen Yuan Roma Tomato,7.9,500 G,
fruits-vegetables,ZENXIN Organic Enoki Mushroom,3.95,140 G,Organic
fruits-vegetables,Catch Seafood Edamame Salted,3.55,400 G,
fruits-vegetables,YayaPapaya Hami Melon,8.35,1 S,
fruits-vegetables,Churo Green Pea,4.6,1 KG,
fruits-vegetables,ZENXIN Organic Lime - Thailand,4.3,200 G,
fruits-vegetables,YayaPapaya Passionfruit Yellow,9.65,3 S,
fruits-vegetables,ZENXIN Organic Steamed Sweet Corn,2.95,200 G,Organic
fruits-vegetables,SunnyFarm Green Peas,5.7,1 KG,
fruits-vegetables,ZENXIN Organic Peruvian Ginger,4.5,150 G,Organic
fruits-vegetables,OOB Organic Strawberries Frozen,15.6,500 G,
fruits-vegetables,Yuan Zhen Yuan Mushroom Swiss Brown,4.1,200 G,
fruits-vegetables,Baby/Chat Potatoes,3.99,3 S,
fruits-vegetables,Yuan Zhen Yuan King Mushroom Thailand,2.97,200 G,
fruits-vegetables,Churo Frozen Green Peas,2.7,500 G,
fruits-vegetables,Yuan Zhen Yuan Japanese Radish (Daikon),7.97,1 S,
fruits-vegetables,ZENXIN Organic Parsnip,5.0,300 G,Organic
fruits-vegetables,Lilchef Brussel Sprouts,9.95,400g,
fruits-vegetables,SunnyFarm Frozen Potato Cut,8.0,1 KG,
fruits-vegetables,Yuan Zhen Yuan Fennel,7.97,250 G,
fruits-vegetables,ZENXIN Organic Brown Onion,7.2,400 G,Organic
fruits-vegetables,ZENXIN Organic Red Onion,7.2,400 G,Organic
fruits-vegetables,ZENXIN Organic Orange,8.0,2 S,Organic
fruits-vegetables,ZENXIN Organic Pea Sprouts,3.6,100 G,Organic
fruits-vegetables,ZENXIN Organic Lebanese Cucumber,4.9,200 G,Organic
fruits-vegetables,Churo Sweet Corn Cobs (Frozen),3.85,1 KG,
fruits-vegetables,Yuan Zhen Yuan White Shimeiji Mushroom,2.5,300 G,
fruits-vegetables,"YayaPapaya Orange Egypt (72c, 15KG) Carton",49.9,1 S,
fruits-vegetables,ZENXIN Organic Shallots,5.2,200 G,Organic
fruits-vegetables,ZENXIN Organic Kiwi,8.2,390 G,Organic
fruits-vegetables,YayaPapaya Apple Red Mini,4.2,1 S,
fruits-vegetables,Kirei Japan Life Foods Frozen Kaneru Corn,8.35,300 G,
fruits-vegetables,Churo Minced Onion (Frozen),4.9,1 KG,
fruits-vegetables,SunnyFarm Edamame,3.68,400 G,
fruits-vegetables,"YayaPapaya Pear Fragrant (45pcs, 6.5KG) Carton",39.98,1 S,
fruits-vegetables,Yuan Zhen Yuan Eryngii Mushroom- Bulk Pack,6.95,1 KG,
fruits-vegetables,Yuan Zhen Yuan Japan Onion,6.9,800 G,
fruits-vegetables,Good Nature Organic Oriental Box,28.0,1.5 KG,
fruits-vegetables,ZENXIN Organic Western Box,28.0,2 KG,
fruits-vegetables,Good Nature Organic Fruit Box,28.0,2 KG,
fruits-vegetables,ZENXIN Organic Vegetarian Steamboat Box,22.96,1.5 KG,
fruits-vegetables,Red Skin Potato,9.0,500 G,
fruits-vegetables,Churo Edamame SoyBeans Shell on (Frozen),3.5,500 G,
fruits-vegetables,Kirei Frozen Edamame Seed,10.3,500 G,
fruits-vegetables,Kirei Frozen Edamame,5.2,500 G,
fruits-vegetables,ZENXIN Organic Premium Fruit Gift Box,68.0,1 S,Organic
fruits-vegetables,YayaPapaya Apple Green Carton,85.0,19 KG,
fruits-vegetables,YayaPapaya Rainbow Box,48.0,1 S,
fruits-vegetables,Good Nature Organic Juicing Box,28.0,2 KG,
fruits-vegetables,AAA Premium Tea Tree Mushroom,9.25,100 G,
fruits-vegetables,ZENXIN Organic Red Japanese Sweet Potato,8.5,500 G,Organic
fruits-vegetables,Orgo Fresh Allergy Reducer Juice Set (Carrot+Cucumber+Orange),5.98,1 S,
fruits-vegetables,Sun Kee Premium Shiitake Gift Set - Large,17.8,200g,
fruits-vegetables,ZENXIN Organic Coconut,4.7,1 S,Organic
fruits-vegetables,Kirei Tokushima Premium Japan Frozen Strawberries Gyomuyo,74.6,1 KG,
fruits-vegetables,YayaPapaya Immunity Box,48.0,1 S,
fruits-vegetables,Kirei Tokushima Premium Japan Frozen Strawberries,34.2,360 G,
fruits-vegetables,Japan Kizami Wasabi Paste Chopped Wasabi Stem Resealable Pack,22.9,250 G,
fruits-vegetables,Kirei Frozen Yasai Kakiage Japanese Vegetable Tempura,17.9,560 G,
fruits-vegetables,Sun Kee Premium Shiitake Gift Set - Medium,17.8,200g,
fruits-vegetables,Kirei All Seasons Table Frozen Edamame,4.9,500 G,
fruits-vegetables,YayaPapaya Seasonal Surprise Box,48.0,1 S,
fruits-vegetables,Good Nature Organic Baby Box,30.0,2 KG,
fruits-vegetables,YayaPapaya Guava (10KG) Carton,69.5,10 KG,
fruits-vegetables,YayaPapaya Juicing Box,48.0,1 S,
fruits-vegetables,Kirei Frozen Gobo Kakiage Burdock Vegetable Tempura,16.9,360 G,
fruits-vegetables,Vegeponics Pesticide-Free Crystal Lettuce (SG Local),2.8,120 G,
fruits-vegetables,Vegeponics Pesticide-Free Curly Kale (SG Local),5.0,120 G,
fruits-vegetables,FreshCo Carrots (Fresh),2.97,500 G,
fruits-vegetables,Vegeponics Australia Pumpkin,5.0,500 G,
fruits-vegetables,FreshCo Lemons (Fresh),2.25,400 G,
fruits-vegetables,Sweet Basil Herbs Leaf/Leaves,4.25,20 G,
fruits-vegetables,Cherry Tomatoes on Vine,7.99,200 G,
fruits-vegetables,Vegeponics Pesticide-Free Spinach (SG Local),4.0,250 G,
fruits-vegetables,Dill Herbs Leaf/Leaves,3.99,20 G,
fruits-vegetables,Vegeponics Pesticide-Free Coriander (SG Local),4.0,60 G,
fruits-vegetables,Vegeponics Pesticide-Free Wild Rocket (SG Local),4.0,60 G,
fruits-vegetables,Rosemary Herbs Leaf/Leaves,5.0,20 G,
fruits-vegetables,Vegeponics Pesticide-Free Xiao Bai Cai (SG Local),5.0,220 G,
fruits-vegetables,FreshCo Capsicum Green,3.96,260 G,
fruits-vegetables,Seaboss Minori No Hyakusen Mixed Berries - Frozen,11.0,500 G,
fruits-vegetables,Brussel Sprouts,5.45,250 G,
fruits-vegetables,Fuji Apples,3.6,3 S,
fruits-vegetables,Seaboss Sunshine Avocado Cubes,12.0,500 G,
fruits-vegetables,Vegeponics Pesticide-Free Crystal Lettuce (SG Local),5.6,200 G,
fruits-vegetables,Vegeponics Netherlands Cherry Tomato On Vine,8.8,200 G,
fruits-vegetables,Hass Avocado (Unripe),8.5,3 S,
fruits-vegetables,FreshCo. White Dragon Fruit,3.0,400 G,
fruits-vegetables,Vegeponics Mesclun Salad,6.0,150 G,
fruits-vegetables,Baby Broccoli (Broccolini),5.99,200 G,
fruits-vegetables,Swiss Brown Mushroom,4.99,250 G,
fruits-vegetables,FreshCo. Red Dragon Fruit,5.0,500 G,
fruits-vegetables,FreshCo. Pineapple (Honey Variety),4.0,1.3 KG,
fruits-vegetables,Carnival Cherry Tomato Mix,9.99,200 G,
fruits-vegetables,Portobello Mushroom,7.3,3 S,
fruits-vegetables,Mesclun Mixed Salad,16.99,500 G,
fruits-vegetables,Punched Foods Frozen Mushroom Slices,6.9,1 KG,Halal
fruits-vegetables,Thyme Herbs Leaf/Leaves,5.3,20 G,
fruits-vegetables,White Button Mushroom,4.99,250 G,
fruits-vegetables,Farmland Frozen Sweet Corn Kernels,4.8,1 KG,Halal
fruits-vegetables,Vegeponics Pesticide-Free Japanese Tang-Oh (SG Local),6.0,150 G,
fruits-vegetables,Curly Kale,8.5,300 G,
fruits-vegetables,Banana Shallots,8.14,250 G,
fruits-vegetables,CB Sweet Corn (Grade A),4.3,1000 G,
fruits-vegetables,Italian Flat Parsley Herbs Leaf/Leaves,3.99,20 G,
fruits-vegetables,Baby Spinach Salad,16.99,500 G,
fruits-vegetables,Chives Herbs Leaf/Leaves,5.6,20 G,
fruits-vegetables,Beef Tomato,13.99,3 S,
fruits-vegetables,Baby Mixed Carrots,10.9,250 G,
fruits-vegetables,FreshCo. Sebago Potatoes,4.75,500 G,
fruits-vegetables,Pearl Onions,4.99,250 G,
fruits-vegetables,Jumbo Asparagus,16.99,250 G,
fruits-vegetables,Baby Rocket Salad,16.99,500 G,
fruits-vegetables,Ahimsa Vegetarian Monkey Head Mushroom (Vegan),25.6,1000 G,
fruits-vegetables,Tarragon Herbs Leaf/Leaves,5.8,20 G,
fruits-vegetables,Red Onions,4.99,3 S,
fruits-vegetables,Punched Foods Frozen Cauliflower Florets,4.8,1 KG,Halal
fruits-vegetables,Ken Ken Lotus Root Slices - Frozen,3.4,500 G,
fruits-vegetables,Butternut Pumpkin,12.99,1 KG,
fruits-vegetables,Seaboss Life Foods Roasted Beni Haruka Sweet Potatoes,10.5,350 G,
fruits-vegetables,Ken Ken Sweet Potato Cuts,7.0,1 KG,
fruits-vegetables,Ken Ken California Mixed Vegetable - Frozen,5.6,1 KG,
fruits-vegetables,Sage Herbs Leaf/Leaves,5.5,20 G,
fruits-vegetables,Baby Orange Carrots,10.9,250 G,
fruits-vegetables,Vegeponics Australia Trimmed Leek,10.0,250 G,
fruits-vegetables,Bettur x LG Foods - Korean Cabbage Kimchi (Vegan),7.9,400 G,
fruits-vegetables,Ahimsa Vegan Mushroom Steak (500G),7.0,500 G,
fruits-vegetables,Ken Ken Pumpkin Cuts (Skinless) - Frozen,6.8,1 KG,
fruits-vegetables,Ken Ken Lotus Root Slices - Frozen,5.8,1 KG,
fruits-vegetables,Vegeponics Pesticide-Free Red Crystal Lettuce (SG Local),5.0,120 G,
fruits-vegetables,The Way Vegan Golden Monkeyhead Mushroom,22.0,900 G,
fruits-vegetables,FreshCo Chilli Padron,9.0,200 G,
fruits-vegetables,The Meat Club Falafel Balls - Frozen,15.4,300 G,
fruits-vegetables,FreshCo. Cantaloupe,15.3,2 KG,
fruits-vegetables,FreschCo Figs (Fresh),12.0,200 G,
fruits-vegetables,Baby Mixed Beetroot,8.99,250 G,
fruits-vegetables,Punched Foods Frozen Brussels Sprouts,8.8,1 KG,
fruits-vegetables,FreshCo Capsicum Yellow,5.45,300 G,
fruits-vegetables,Seaboss Skinless Edamame 250G,3.55,250 G,
fruits-vegetables,Hong Yuan Vegan Monkeyhead Mushroom,23.8,900 G,
fruits-vegetables,Dadidan Semi-Dried Persimmon,12.9,450 G,
fruits-vegetables,FreshCo Jalapeno (Fresh),10.98,200 G,
fruits-vegetables,FreshCo. Kohlrabi,10.5,550 G,
fruits-vegetables,Seaboss Kuri Kabocha (Hokkaido Cut Chestnut Pumpkins Chunks),8.55,500 G,
fruits-vegetables,Carolina Reaper Chili Pepper,7.99,50 G,
fruits-vegetables,Heritage Seedless Dates,6.9,400 G,
fruits-vegetables,FreshCo. English Curly Parsley,3.99,1 S,
fruits-vegetables,Ken Ken Carrot Dices - Frozen,3.9,1 KG,
fruits-vegetables,Ken Ken Green Peas - Frozen,3.6,500 G,
fruits-vegetables,227 Katong Durian D13 Red Prawn Durian - Fresh (Dehusked),115.0,5 x 550 G,
fruits-vegetables,FreshCo. Japanese Melon Ichiba,64.5,1.5 KG,
fruits-vegetables,227 Katong Durian D13 Red Prawn Durian - Fresh (Dehusked),50.0,2 x 550 G,
fruits-vegetables,Oregano Herbs Leaf/Leaves,6.5,20 G,
fruits-vegetables,Ken Ken Sweet Corn Cuts (Portion) - Frozen,5.9,1 KG,
fruits-vegetables,Ken Ken Lotus Root Cuts - Frozen,5.8,1 KG,
fruits-vegetables,Spearmint Herbs Leaf/Leaves,5.3,20 G,
fruits-vegetables,Ken Ken Corn Kernels - Frozen,3.8,500 G,
fruits-vegetables,Ken Ken Mixed Vegetable - Frozen,3.2,500 G,
fruits-vegetables,Ken Ken Green Peas - Frozen,1.6,200 G,
fruits-vegetables,227 Katong Durian Old Tree Mao Shan Wang - Fresh (Dehusked),205.0,5 x 550 G,
fruits-vegetables,227 Katong Durian Old Tree Mao Shan Wang - Fresh (Dehusked),128.0,3 x 550 G,
fruits-vegetables,227 Katong Durian Hulu Durian - Fresh (Dehusked),115.0,5 x 550 G,
fruits-vegetables,Durian Superman Pahang Old Tree MSW - Fresh (Dehusked),112.5,3 x 400 G,
fruits-vegetables,227 Katong Durian Hulu Durian - Fresh (Dehusked),50.0,2 x 550 G,
fruits-vegetables,227 Katong Durian Old Tree Mao Shan Wang - Fresh (Dehusked),44.0,550 G,
fruits-vegetables,Durian Superman Pahang Old Tree MSW Durian - Fresh (Dehusked),40.0,400 G,
fruits-vegetables,Fairy Port Frozen Musang King Durian Puree,39.99,500 G,
fruits-vegetables,Lime Caviar Australian Finger Pearls - Emerald,30.2,45 G,
fruits-vegetables,FreshCo. Pumpkin,27.0,3.5 KG,
fruits-vegetables,227 Katong Durian Penang Hulu Durian - Fresh (Dehusked),26.0,550 G,
fruits-vegetables,Dadidan Iced persimmon,19.9,320 G,
fruits-vegetables,Seaboss Kaneku Kizami Yuzu (Frozen Shredded Yuzu Zest),14.0,100 G,
fruits-vegetables,Ahimsa Vegetarian Mushroom Bite,11.6,1000 G,
fruits-vegetables,Baby Red Beetroot,9.99,250 G,
fruits-vegetables,Ken Ken Potato Dices,6.7,1 KG,
fruits-vegetables,Ken Ken Potato Cuts,6.7,1 KG,
fruits-vegetables,Chervil Herbs Leaf/Leaves,6.4,20 G,
fruits-vegetables,Ken Ken Green Peas - Frozen,5.6,1 KG,
fruits-vegetables,Ken Ken Corn Kernels - Frozen,5.5,1 KG,
fruits-vegetables,Ken Ken Broccoli Florets - Frozen,5.4,1 KG,
fruits-vegetables,Ken Ken Mixed Vegetable - Frozen,4.6,1 KG,
fruits-vegetables,Ken Ken Edamame - Frozen,4.5,500 G,
fruits-vegetables,Ken Ken Lotus Root Cuts - Frozen,4.5,500 G,
fruits-vegetables,France Organic Juliet Apple Bag,3.9,800g,Organic
fruits-vegetables,Pasar Prepacked Carrots,1.1,500g,
fruits-vegetables,Pasar Malaysia Spring Onion,1.25,100g,
fruits-vegetables,Fresh Tomatoes,2.3,600g,
fruits-vegetables,Thygrace Traffic Light Premium Bell Pepper Capsicum,4.6,450g,
fruits-vegetables,Simply Finest Kang Kong,1.95,300g,
fruits-vegetables,Malaysia Red Capsicum,2.1,280g,
fruits-vegetables,Australia Cauliflower,9.9,1 per pack,
fruits-vegetables,China Shine Muscat Grapes,2.45,500g,
fruits-vegetables,Sumifru Sweet Mountain Bananas,4.55,820g,
fruits-vegetables,Harvest Fields Red Grapes - Seedless,3.45,500g,
fruits-vegetables,Simply Finest Canada Red Cherries,9.95,454g,
fruits-vegetables,Eloasis Enoki Mushroom,1.6,150g,
fruits-vegetables,Driscoll's China Blackberries,6.95,125g,
fruits-vegetables,Sumifru Poongmi Wang Banana,4.95,820g,
fruits-vegetables,Oregon Berry Usa Super Crunch Jumbo Blueberries,7.95,200g,
fruits-vegetables,Chef Shanghai Green,1.4,200g,
fruits-vegetables,Agro Fresh Pumpkin - Whole,2.95,1 S,
fruits-vegetables,Indonesia Honey Sweet Potato,2.85,750g,
fruits-vegetables,Pasar Australia Orange,7.95,1.5kg,
fruits-vegetables,Sumifru Kamsookwang Banana,5.3,820g,
fruits-vegetables,USA Red Seedless Grapes,7.45,500g,
fruits-vegetables,Fresh Red Globe Grape,4.95,500g,
fruits-vegetables,Turkey Sugar Apricot,6.95,350g,
fruits-vegetables,Australia Premium Sweet Potato,7.95,1kg,
fruits-vegetables,USA Green Grapes (Seedless),7.45,500g,
fruits-vegetables,Agro Fresh Indonesia Honey Sweet Potato- Washed,3.99,500 G,
fruits-vegetables,China Fragrant Pear,4.95,6 per pack,
fruits-vegetables,Agro Fresh Purple Sweet Potato,3.95,500 G,
fruits-vegetables,Agro Fresh Garlic 1x5pcs,1.9,1 S,
fruits-vegetables,Eloasis King Oyster Mushroom,3.6,300g,
fruits-vegetables,Vietnam Prepacked Japanese Sweet Potato,3.5,750g,
fruits-vegetables,Thailand Pink Guava,6.2,950g,
fruits-vegetables,Korean Yellow Melon,2.95,1 per pack,
fruits-vegetables,Sumifru Kamsookwang Banana,1.95,300g,
fruits-vegetables,Pasar Koo Chye,0.95,100g,
fruits-vegetables,YayaPapaya Grapes Red Seedless,6.95,1 S,
fruits-vegetables,Churo Broccoli Frozen,3.0,500 G,
fruits-vegetables,Agro Fresh Dragon Fruit White Flush - Large,2.25,1 S,
fruits-vegetables,Vietnam Prepacked Sweet Potato - Purple,3.55,750g,
fruits-vegetables,Candy Heart US Red Grapes (Seedless),10.95,454g,
fruits-vegetables,Sweet Globe Green Seedless Grapes,8.95,500g,
fruits-vegetables,Pasar Soya Bean Sprout,1.5,200g,
fruits-vegetables,SunnyFarm California Mix,3.95,1 KG,Halal
fruits-vegetables,USA Premium Peach XL,8.95,550g,
fruits-vegetables,Chef China Garlic Sprout,1.4,200g,
fruits-vegetables,Malaysia Black Beauty Melon,5.45,1 per pack,
fruits-vegetables,China Musk Melon,8.2,1 per pack,
fruits-vegetables,Navita Thai Rocky Melon,10.5,1 per pack,
fruits-vegetables,Malaysia Golden Passion Fruit,4.95,500g,
fruits-vegetables,USA Sweet Celebration Premium Red Seedless Grapes,10.95,500g,
fruits-vegetables,YayaPapaya Aloha Banana,3.98,1 S,
fruits-vegetables,Agro Fresh Indian Pomegranate,5.96,1 S,
fruits-vegetables,China Baby Yam,2.98,500g,
fruits-vegetables,China Pepino Melon,4.8,500g,
fruits-vegetables,ZENXIN Organic Hong Kong Choy Sum,3.1,200 G,Organic
fruits-vegetables,Sumifru Rose Banana,5.45,1 per pack,
fruits-vegetables,ZENXIN Organic Queen Apple,5.95,500 G,Organic
fruits-vegetables,ZENXIN Organic Round Tomato,4.2,300 G,Organic
fruits-vegetables,ZENXIN Organic Morado Garlic,5.8,150 G,Organic
fruits-vegetables,Harvest Fields Seedless Grapes - Black,4.95,500g,
fruits-vegetables,ZENXIN Organic Green Bayam/ Spinach,3.0,150 G,Organic
fruits-vegetables,ZENXIN Organic Purple Sweet Potato,5.9,400 G,Organic
fruits-vegetables,ZENXIN Organic Crystal Lettuce,3.65,200 G,Organic
fruits-vegetables,Thygrace Butterhead Lettuce,3.75,300g,
fruits-vegetables,Sunnydale Farm Baby Carrots,9.95,2.5 KG,
fruits-vegetables,USA Jumbo Cherry,19.95,400g,
fruits-vegetables,Canada Red Cherries,8.95,250g,
fruits-vegetables,ZENXIN Organic Lemongrass,3.3,120 G,Organic
fruits-vegetables,Idaho Russet Potato,6.0,500 G,
fruits-vegetables,ZENXIN Organic Ginger,3.7,140 G,Organic
fruits-vegetables,SG Farmers' Market Golden Oak Shiitake Mushroom,3.5,120g,
fruits-vegetables,Autentica Organic Baby Spinach,5.4,125g,Organic
fruits-vegetables,Altamura Foglia Sublime Leaves - Baby Spinach,5.3,125g,
fruits-vegetables,Altamura Foglia Sublime Leaves - Mesclun Mix,5.3,125g,
fruits-vegetables,Xi Dong Hong Chunjian Lokan Mandarin Orange Ponkan XXL-15S,49.34,1 S,
fruits-vegetables,Yong Chun Lukan Prosperity Mandarin Orange Honey Ponkan XL-20,29.16,1 S,
fruits-vegetables,Gao Shan Lukan Prosperity Mandarin Orange Honey Ponkan L-20S,20.16,1 S,
fruits-vegetables,Absolute Organic Medjool Date,9.99,150 G,
fruits-vegetables,Orgo Fresh Thai Fragrant Yam,8.05,1 S,
fruits-vegetables,Orgo Fresh South Africa Red Seedless Grapes Class1,7.96,500 G,
fruits-vegetables,Orgo Fresh Japanese Sweet Potato,6.98,300 G,
fruits-vegetables,ZENXIN Organic Granny Smith Apple,5.95,500 G,Organic
fruits-vegetables,ZENXIN Organic Purple Japanese Sweet Potato,5.9,400 G,Organic
fruits-vegetables,Agro Fresh Rambutan,5.8,400 G,
fruits-vegetables,"Agro Fresh Tri Colour Capsicum(Red,Yellow,Green)",5.58,460 G,
fruits-vegetables,Eden Tunisian Dates 500G -- By Dashmesh,5.3,500 G,
fruits-vegetables,Agro Fresh Traditional Soup Set (Old Cucumber & Lotus Root),4.98,1 S,
fruits-vegetables,Zenxin Organic Baby Rocket Mix,4.8,80 G,Organic
fruits-vegetables,Zenxin Organic Oriental Salad Mix,4.8,80 G,Organic
fruits-vegetables,Orgo Fresh Ready to Cook Peeled Tapioca Cassava Vaccum Packed,3.98,300 G,
fruits-vegetables,Orgo Fresh Thai Solo Honey Papaya Small 2Pcs,3.72,2 S,
fruits-vegetables,Orgo Fresh Garlic Chives,3.72,150 G,
fruits-vegetables,Vegeponics Pesticide-Free Nai Bai (SG Local),4.0,220 G,
fruits-vegetables,Vegeponics Pesticide-Free Romaine Lettuce (SG Local),4.0,120 G,
fruits-vegetables,FreshCo. Seedless Watermelon,17.0,4.1 KG,
fruits-vegetables,FreshCo. Chayote,2.3,350 G,
fruits-vegetables,Italian Mesclun Mix Salad,5.55,125 G,
fruits-vegetables,Italian Baby Spinach Salad,6.0,125 G,
fruits-vegetables,FreshCo. Honeydew Melon,12.0,1.5 KG,
fruits-vegetables,Durian Superman D24 Durian - Fresh (Dehusked),25.0,400 G,
fruits-vegetables,Vegeponics Pesticide-Free Baby Spinach (SG Local),7.0,120 G,
fruits-vegetables,Durian Superman Pahang Black Gold MSW - Fresh (Dehusked),118.0,3 x 400 G,
fruits-vegetables,Durian Superman Pahang Black Gold MSW - Fresh (Dehusked),45.0,400 G,
fruits-vegetables,Gelcampo Brussel Sprouts,31.28,2.5 KG,
fruits-vegetables,Durian Superman Black Thorn Durian - Fresh (Dehusked),28.0,400 G,
fruits-vegetables,Siam Coco Pre-Cut Thai Coconut,3.8,0,
fruits-vegetables,Vegeponics Bunashimeiji Mushroom,2.92,100 G,
fruits-vegetables,Vegeponics White Shimeiji Mushroom,2.92,100 G,
meat-seafood,Pasar Fresh Malaysia Lean Minced Pork,5.8,300g,
meat-seafood,Pasar Fresh Malaysia Pork Spare Rib,10.65,400g,
meat-seafood,Pasar Fresh Malaysia Pork Soft Bone,8.7,300g,
meat-seafood,Pasar Fresh Malaysia Pork Shoulder Butt - Collar,7.5,300g,
meat-seafood,Pasar Fresh Malaysia Pork Belly,8.4,300g,
meat-seafood,Pasar Fresh Malaysia Pork Prime Rib,14.35,400g,
meat-seafood,FarmFresh GG French Poulet Drumlets (An Xin Chicken),7.0,350 G,Halal
meat-seafood,Okeanoss Frozen IQF Shrimp Meat (Tail Off),11.0,400g,Halal
meat-seafood,FarmFresh GG French Poulet Medium Portion Cut,9.92,1000 G,Halal
meat-seafood,FarmFresh X Olagud RTE Chicken Breast (Himalayan Pink Salt),2.36,90 G,Halal
meat-seafood,Kee Song Fresh Chicken - Boneless Breast,5.8,300g,Halal
meat-seafood,FarmFresh GG French Poulet Medium (An Xin Chicken),14.15,1000 G,Halal
meat-seafood,FarmFresh Chicken Half Portion-Cut,5.05,450 G,Halal
meat-seafood,Pasar Fresh Malaysia Pork Boneless Loin,7.4,300g,
meat-seafood,FarmFresh Kampong Chicken Whole Portion Cut,9.24,800 G,
meat-seafood,Pasar Fresh Malaysia Pork Soup Bone,9.45,400g,
meat-seafood,Pasar Fresh Malaysia Pork Hind Lean,6.45,300g,
meat-seafood,Kee Song Fresh Chicken - Kampong,12.3,900g,Halal
meat-seafood,Kee Song Fresh Chicken - Thighs,5.1,300g,Halal
meat-seafood,Pasar Fresh Malaysia Pork Fillet - Tenderloin,11.4,300g,
meat-seafood,Kee Song Fresh Chicken - Drumstick,5.5,300g,Halal
meat-seafood,Ocean Fresh Delite Frozen Paste - Shrimp,4.9,150g,
meat-seafood,Ocean Fresh Delite Frozen Paste - Fish Roe Shrimp,4.9,150g,
meat-seafood,FairPrice Frozen Crab Sticks,1.95,250g,Halal
meat-seafood,FarmFresh Chicken Breast Boneless,2.68,200 G,Halal
meat-seafood,Seawaves Premium Frozen Cuttlefish Ball,10.9,650g,
meat-seafood,Sakura Fresh Chicken - Boneless Skinless Breast,6.4,350g,
meat-seafood,FarmFresh Whole Chicken - Large,8.88,1200 G,Halal
meat-seafood,Sakura Fresh Chicken - Drumstick,3.4,200g,
meat-seafood,Serve by Hai Sia Barramundi Fillet - Fresh,6.99,240 G,
meat-seafood,Sakura Fresh Chicken - Thigh,5.4,350g,
meat-seafood,Aw's Market Fresh Malaysian Pork Big Spare Ribs,7.0,300 G,
meat-seafood,Okeanoss Frozen Jumbo Tiger Prawn Meat,16.5,400g,
meat-seafood,FarmFresh GG French Poulet Large (An Xin Chicken),14.07,1300 G,Halal
meat-seafood,Sakura Fresh Chicken - Boneless Leg,8.0,350g,
meat-seafood,Armiya Frozen Beef Meat Ball,2.86,200g,
meat-seafood,Sakura Fresh Chicken - Fillet,4.4,200g,
meat-seafood,Aw's Market Fresh Asian Seabass Fillet,7.56,250 G,
meat-seafood,PMK Quality Frozen Shrimp,17.9,800g,
meat-seafood,Aw's Market Whole Chicken Cut,10.56,1100 G,
meat-seafood,FarmFresh Chicken Mid Wings,3.17,200 G,Halal
meat-seafood,Aw's Market Chicken Breast (Skinless),3.9,200 G,
meat-seafood,Seafood Boy - Jumbo Frozen Peeled Prawn Meat (Tail On),9.81,500 G,
meat-seafood,Serve by Hai Sia - Fresh Whole Barramundi Seabass,7.79,480 G,
meat-seafood,Aw's Market Fresh Australia Pork Loin Boneless,5.59,300 G,
meat-seafood,Tasty Food Affair Beef Shin Shank Cube,8.9,500 G,
meat-seafood,Serve by Hai Sia Norwegian Salmon Portion - Fresh,11.49,240 G,
meat-seafood,Serve by Hai Sia Golden Pomfret (Scaled & Gutted) - Fresh,8.62,350 G,
meat-seafood,Birds Eye Omega 3 Fish Finger,20.95,32 per pack,
meat-seafood,FairPrice Frozen Tempura Fish Fillets,5.15,220g (2 per pack),Halal
meat-seafood,Serve by Hai Sia Tiger Prawn Hotpot Steamboat - Fresh,5.92,200 G,
meat-seafood,Aw's Market Fresh Australia Pork Collar,6.0,300 G,
meat-seafood,Aw's Market Fresh Malaysian Pork Lean Hind Minced,6.22,300 G,
meat-seafood,Seawaves Frozen Premium Cuttlefish Ball,3.9,200g,
meat-seafood,FarmFresh Chicken Thigh,2.68,200 G,Halal
meat-seafood,FarmFresh Whole Chicken - Medium,7.81,1050 G,Halal
meat-seafood,Aw's Market Fresh Australia Pork Small Ribs,7.0,300 G,
meat-seafood,Ocean Fresh Delite Frozen Paste - Sichuan Shrimp,4.9,150g,
meat-seafood,Aw's Market Fresh Malaysian Pork Soup Bone,6.0,250 G,
meat-seafood,FarmFresh Chicken Bone,2.0,250 G,Halal
meat-seafood,FarmFresh Chicken Feet,3.05,500 G,Halal
meat-seafood,Tasty Food Affair Australia Chilled Beef Striploin Steak,9.95,200 G,
meat-seafood,Aw's Market Fresh XL Tiger Prawn,5.4,150 G,
meat-seafood,Serve by Hai Sia Norwegian Salmon Portion S-Cut - Fresh,9.58,200 G,
meat-seafood,Birds Eye Frozen Breaded Fish Fingers - Omega 3,7.5,280g,
meat-seafood,Ocean Fresh Delite IQF Cooked White Shrimp (Tail-Off),10.95,400g,
meat-seafood,Catch Seafood Prawn Meat Without Shell - Large,17.99,1 KG,
meat-seafood,Ocean Fresh Delite Frozen Bay Scallop,8.5,380g,
meat-seafood,EB Food Cheese Tofu,6.52,500g,Halal
meat-seafood,Aw's Market Fresh Golden Pomfret - Clean & Gutted,9.96,450 G,
meat-seafood,FarmFresh Whole Chicken Medium - Portion-Cut,7.92,1050 G,
meat-seafood,Aw's Market Beef Grassfed Mince,6.4,150 G,
meat-seafood,Aw's Market Fresh Australia Pork Mince (Tender),6.0,300 G,
meat-seafood,Aw's Market Fresh Australia Pork Belly,6.66,250 G,
meat-seafood,Aw's Market Chicken Leg (Boneless),4.9,200 G,
meat-seafood,EB Kranch Mini Cheese Stick,8.2,280g,Halal
meat-seafood,FarmFresh Chicken Leg - Boneless,4.85,200 G,Halal
meat-seafood,FarmFresh Chicken Drumstick,3.35,200 G,Halal
meat-seafood,Jing Li Hwa Frozen Fish Ball - Roe,10.9,500g,
meat-seafood,Mr Joy's Yong Tau Foo Mini Tofu Puff Non Msg,5.6,240 G,
meat-seafood,Aw's Market Fresh Whole Seabass Glutted (Kukup Sea),7.56,450 G,
meat-seafood,Birds Eye Cod Fish Fingers,22.65,504g,
meat-seafood,CP Tsukune Chicken Meatball with Teriyaki Sauce,6.5,360g,Halal
meat-seafood,Tasty Food Affair Australia Chilled Beef Ribeye Steak,12.5,200 G,
meat-seafood,Pacific West Frozen Natural Cod Fingers,10.59,300g (10 per pack),
meat-seafood,FarmFresh Chicken Fillet,4.15,200 G,Halal
meat-seafood,Aw's Market Fresh Australia Pork Soft Bone,6.8,300 G,
meat-seafood,FarmFresh Chicken Liver,1.85,200 G,Halal
meat-seafood,Fassler Marinated Smoked Salmon - Dill and Olive Oil,8.38,75g,
meat-seafood,Fassler Smoked Salmon - Traditional,8.38,75g,
meat-seafood,Sakura Fresh Chicken - 3 Joint Wings,4.0,350g,
meat-seafood,FarmFresh Kampong Chicken,9.24,700 G,Halal
meat-seafood,Frozen Dory Sutchi Fillet (IQF),5.66,600 G,
meat-seafood,Ocean Fresh Delite Frozen Hokkaido Scallop,33.95,700g,
meat-seafood,Ocean Fresh Delite Frozen IQF Black Tiger Prawn - Shell On,19.95,700g,Halal
meat-seafood,Serve by Hai Sia Fresh Squid Ring,7.9,200 G,
meat-seafood,FarmFresh Chicken Minced,6.04,500 G,
meat-seafood,Ocean Fresh Delite Frozen Boiled Scallops,8.95,400g,
meat-seafood,Catch Seafood King Grouper Fish Slice,9.99,240 G,
meat-seafood,Aw's Market Fresh Malaysian Pork Shoulder Minced (Twee Bak),6.02,250 G,
meat-seafood,Okeanoss Frozen Shrimp Paste,4.7,150g,Halal
meat-seafood,Aw's Market Fresh Kampong Chicken Chopped (S),15.62,1000 G,
meat-seafood,Seaco Frozen Snow Crab Flavoured Leg Meat,7.0,300g,
meat-seafood,Lion Dance Chao Shan Beef Balls - Original,13.6,400g,
meat-seafood,Aw's Market Fresh Malaysian Pork Lean Hind (Sliced),6.46,300 G,
meat-seafood,Aw's Market Whole Chicken,9.9,1100 G,
meat-seafood,Fukuyama Cooked Snow Crab Portions,21.9,250g,
meat-seafood,Yamasa Japanese Jumbo Crab Stick,15.95,600g,
meat-seafood,Aw's Market Chicken Thigh Cube (Boneless),5.0,200 G,
meat-seafood,Aw's Market Fresh Chinese Pomfret,11.76,400 G,
meat-seafood,Hego Grass Fed Beef Minced - Chilled,13.15,400 G,Halal
meat-seafood,Okeanoss Frozen IQF Shrimp Meat (Tail On),10.9,400g,
meat-seafood,Catch Seafood Broken Shrimp,10.99,1 KG,
meat-seafood,Pacific West Frozen Fish Bites Tempura,10.08,400g,
meat-seafood,Mr Joy's Yong Tau Foo Premium Fresh Taokee Non Msg,5.6,220 G,
meat-seafood,Serve by Hai Sia Angoli (Ang Go Li) Steak & Tail - Fresh,7.43,240 G,
meat-seafood,Seafood Boy - Jumbo Frozen Peeled Tiger Prawn Meat,14.25,500 G,
meat-seafood,Aw's Market Fresh Balai Threadfin Fillet,9.72,150 G,
meat-seafood,Aw's Market Fresh Malaysian Pork Fillet,8.5,300 G,
meat-seafood,Fassler Smoked Salmon - Black Pepper,8.38,75g,
meat-seafood,Catch Seafood Venus White Clam,3.85,500 G,
meat-seafood,Serve by Hai Sia Threadfin Portion - Fresh,10.78,200 G,
meat-seafood,Fassler Smoked Salmon - Traditional,17.5,200g,Halal
meat-seafood,FarmFresh Chicken Black,6.81,400 G,Halal
meat-seafood,Aw's Market Chicken Drumstick,3.9,200 G,
meat-seafood,FarmFresh X Olagud  RTE Chicken Breast (Peri Peri),2.36,90 G,Halal
meat-seafood,Fukuyama Hokkaido Scallops,29.9,400g,
meat-seafood,Mr Joy's Steamboat Fish Dumpling With Shrimp,4.0,10 S,
meat-seafood,Mr Joy's Yong Tau Foo Premium Fish Taopok Non Msg,5.6,240 G,
meat-seafood,DoDo Mini Fish Cake - Saito,3.15,210g (5 per pack),
meat-seafood,Ocean Fresh Delite French Scallops,36.95,700g,
meat-seafood,Catch Seafood Premium Black Tiger Prawns - Large,13.5,600 G,
meat-seafood,FarmFresh Chicken Whole Wings,3.0,300 G,Halal
meat-seafood,Serve by Hai Sia Batang (Spanish Mackerel) Steaks - Fresh,6.95,240 G,
meat-seafood,Mr Joy's Shrimps With Tail Frozen,13.33,800 G,
meat-seafood,FarmFresh X Olagud RTE Chicken Breast (Herbs),2.36,90 G,Halal
meat-seafood,Aw's Market Fresh Malaysian Pork Big Bone,4.0,300 G,
meat-seafood,Aw's Market Beef Oxtail,25.35,1000 G,
meat-seafood,Mr Joy's Fresh Yong Tau Foo Assorted,6.0,1 S,
meat-seafood,FarmFresh Chicken Gizzard,1.85,200 G,Halal
meat-seafood,FarmFresh Chicken Leg - Whole,4.85,250 G,Halal
meat-seafood,Aw's Market Fresh Malaysian Pork Knuckle Chopped,8.28,500 G,
meat-seafood,Seaco Snow Crab Claw,27.9,200g,
meat-seafood,Tasty Food Affair Young Prime Beef Chuck Roll Shabu Shabu,12.8,300 G,
meat-seafood,Seawaves Premium Frozen Prawn Ball,10.9,650g,
meat-seafood,Aw's Market Fresh Malaysian Pork Belly Minced,6.1,250 G,
meat-seafood,Seawaves Frozen Premium Prawn Ball,3.9,200g,
meat-seafood,Tasty Food Affair Australia Young Prime Beef Striploin Steak,15.0,250 G,
meat-seafood,Eb Food Frozen Seafood Tofu,5.9,500g,Halal
meat-seafood,Catch Seafood Squid Ring 1Kg,6.99,1 KG,
meat-seafood,Okeanoss Imitation Snow Crab (Leg),6.9,250g,
meat-seafood,Serve by Hai Sia Atlantic Salmon Portion - Fresh,6.93,150 G,
meat-seafood,Ocean Fresh Delite Frozen Boiled Clam Meat,6.06,400g,
meat-seafood,Aw's Market Fresh Australia Pork Lean Hind,5.66,300 G,
meat-seafood,FarmFresh X Olagud RTE Chicken Breast (Miso Shoyu),2.36,90 G,Halal
meat-seafood,Aw's Market Fresh Australia Pork Shoulder (TweeBak),5.46,250 G,
meat-seafood,Aw's Market Fresh Malaysian Pork Soft Bone,8.0,300 G,
meat-seafood,Hai Sia Fresh Barramundi Fillet,6.99,240g,Halal
meat-seafood,Aw's Market Fresh Australia Pork Fillet,7.65,300 G,
meat-seafood,Serve by Hai Sia Toman Slices Hotpot Steamboat - Fresh,6.19,200 G,
meat-seafood,Serve by Hai Sia Salmon Belly Skinless - Fresh,9.95,200 G,
meat-seafood,Aw's Market Beef Shin/Shank (Heel Muscle),18.95,500 G,
meat-seafood,Aw's Market Kampong Chicken Bones,7.8,380 G,
meat-seafood,Mr Joy's Yong Tau Foo Premium Fish Roll Non Msg,5.33,220 G,
meat-seafood,FarmFresh Great Hills Chicken - Whole,11.04,1400 G,Halal
meat-seafood,Serve by Hai Sia Stingray Steaks - Fresh,6.96,240 G,
meat-seafood,Aw's Market Fresh Malaysian Pork Collar,6.6,300 G,
meat-seafood,DoDo Fish Ball - Fried,3.15,250g,Halal
meat-seafood,Seafood Boy Frozen Jumbo Peeled Prawn Meat - Tail On,9.81,500g,
meat-seafood,Aw's Market Fresh Whole Seabass Butterfly Cut (Kukup Sea),7.56,400 G,
meat-seafood,Aw's Market Beef Flank Steak,9.6,200 G,
meat-seafood,Serve by Hai Sia Red Snapper Portions - Fresh,14.95,240 G,
meat-seafood,Serve by Hai Sia Peeled Prawns (Chemical-Free) - Fresh,7.93,150 G,
meat-seafood,Aw's Market Fresh Malaysian Pork Fillet Minced,6.58,300 G,
meat-seafood,Aw's Market Kampong Chicken Breast Fillet Cube,9.96,300 G,
meat-seafood,Hai Sia Fresh Salmon Portion,6.93,150g,Halal
meat-seafood,Aw's Market Beef Ribeye Shabu,11.2,200 G,
meat-seafood,Aw's Market Fresh Malaysian Pork Mince,5.02,300 G,
meat-seafood,Mr Joy's Steamboat Fish Dumpling With Pork,4.0,10 S,
meat-seafood,Serve by Hai Sia Salmon Head Half Hotpot - Fresh,5.43,300 G,
meat-seafood,Catch Seafood Baby Shrimp 1kg,11.99,1 KG,
meat-seafood,Aw's Market Chicken Drumettes (Wing Stick),3.5,200 G,
meat-seafood,Tegel Free Range Chicken Boneless Thigh Fillet - Chilled,13.25,330 G,Halal
meat-seafood,Ocean Fresh Delite US Scallops,39.95,700g,
meat-seafood,Aw's Market Kampong Chicken Breast,5.88,400 G,
meat-seafood,Tasty Food Affair New Zealand Chilled Striploin Beef Steak,12.25,250 G,
meat-seafood,Aw's Market Fresh Malaysian Pork Loin Boneless,6.55,300 G,
meat-seafood,Aw's Market Chicken Leg(Whole),4.8,210 G,
meat-seafood,Mt Cook Alpine King Salmon Portion - Chilled,13.51,150 G,
meat-seafood,Aw's Market Fresh Malaysian Pork Trotter Chopped,9.54,500 G,
meat-seafood,Royal Delights Tempura Fish Finger - Frozen,8.95,500 G,
meat-seafood,Aw's Market Fresh Malaysian Pork Belly Chunk,7.7,250 G,
meat-seafood,Aw's Market Fresh Whole Salmon Fillet,49.4,1000 G,
meat-seafood,Emerald Seafood Frozen Sea Scallops,27.5,400g,
meat-seafood,Catch Seafood Halibut Steak,13.99,500 G,
meat-seafood,Serve by Hai Sia Salmon Chunks - Fresh,9.0,200 G,
meat-seafood,Aw's Market Beef Grassfed Knuckle Cubes,6.72,150 G,
meat-seafood,Serve Grey Vannamei Prawns Hotpot Steamboat - Fresh,5.75,200 G,
meat-seafood,Hego Skin on Boneless Chicken Leg Chilled,3.49,240 G,
meat-seafood,Aw's Market Beef Point End Grassfed Brisket,13.46,500 G,
meat-seafood,Tasty Food Affair Young Prime Beef Chuck Roll Cube,18.0,500 G,
meat-seafood,Creacook Bacon Wrapped Scallop,7.45,260g,
meat-seafood,Ocean Fresh Delite Peeled White Shrimp - Cooked,10.95,400g,
meat-seafood,Aw's Market Fresh Australia Pork Liver,4.88,300 G,
meat-seafood,FarmFresh X Olagud RTE Chicken Breast (Hainanese),2.36,90 G,Halal
meat-seafood,Hai Sia Fresh Threadfin Portion,10.78,200g,Halal
meat-seafood,Tegel Free Range Chicken Breast Fillet - Chilled,13.25,380 G,Halal
meat-seafood,Aw's Market Kampong Chicken Thigh,9.22,300 G,
meat-seafood,Aw's Market Fresh Batang Fillet (Spanish Mackeral),7.56,150 G,
meat-seafood,Aw's Market Fresh Milk Fish,5.88,400 G,
meat-seafood,Aw's Market Fresh Selar Fish,12.0,500 G,
meat-seafood,Catch Seafood Flower Clam (Asari),4.2,500 G,
meat-seafood,Catch Seafood Banana Prawns (Angka) - Medium,19.99,1 KG,
meat-seafood,Emerald Frozen Shrimp Paste - Cod,4.9,150g,
meat-seafood,Aw's Market Fresh Australia Char Siew Pork,6.1,300 G,
meat-seafood,Aw's Market Fresh Australia Pork Loin Chop,5.52,300 G,
meat-seafood,FarmFresh X Olagud RTE Chicken Breast (Smokey),2.36,90 G,Halal
meat-seafood,AW'S Market Black Tilapia,6.65,300 G,
meat-seafood,Ocean Fresh Delite Peeled White Shrimp - Raw,20.95,700g,
meat-seafood,Aw's Market Fresh Balai Threadfin Steak,9.72,250 G,
meat-seafood,FairPrice Fishball with Roe,8.64,500g,
meat-seafood,Aw's Market Fresh Malaysian Pork Collar Steak Cut,6.6,300 G,
meat-seafood,FarmFresh Duck Breast Boneless,10.3,400 G,Halal
meat-seafood,Mr Joy's Yong Tau Foo Fried Fish Tofu,5.6,450 G,
meat-seafood,Aw's Market Fresh Malaysian Pork Small Ribs,8.5,300 G,
meat-seafood,Hego Grass Fed Beef Chuck Tender Chilled,13.92,400 G,
meat-seafood,Catch Seafood Smoke Salmon Gravlax,7.41,100 G,
meat-seafood,Mr Joy's Steamboat Premium Prawn Paste,6.9,250 G,
meat-seafood,FarmFresh GG French Poulet Breast Boneless (An Xin Chicken),5.0,300 G,Halal
meat-seafood,Hai Sia Fresh Whole Barramundi,7.8,480g,Halal
meat-seafood,Aw's Market Fresh Batang Sliced (Spanish Mackeral),7.98,150 G,
meat-seafood,Hai Sia Fresh Tiger Prawn,5.78,200g,Halal
meat-seafood,FarmFresh Duck Leg - Whole,6.05,250 G,Halal
meat-seafood,FarmFresh Kampong Chicken Half Portion Cut,5.04,400 G,
meat-seafood,Aw's Market Fresh Australia Pork Big Bone,4.0,300 G,
meat-seafood,Fassler Marinated Smoked Salmon - Graved Lax,17.5,200g,
meat-seafood,Serve by Hai Sia Milkfish (Scaled & Gutted) - Fresh,5.85,400 G,
meat-seafood,Aw's Market Kampong Chicken - Chopped (M),19.88,1400 G,
meat-seafood,FarmFresh GG French Poulet Large Potion Cut (An Xin Chicken),14.07,1300 G,Halal
meat-seafood,Aw's Market Chicken Thigh,3.9,200 G,
meat-seafood,Catch Seafood Whole Squid Large (Wild Caught),9.85,300 G,
meat-seafood,Aw's Market Fresh Baby White Snapper (Ang Go Li Kia),6.24,300 G,
meat-seafood,Tasty Food Affair Australia Young Prime Beef Ribeye Steak,19.0,250 G,
meat-seafood,Aw's Market Fresh Malaysian Pork Belly (Sliced) (No Skin),7.6,250 G,
meat-seafood,Aw's Market Chicken Mince,3.9,200 G,
meat-seafood,Aw's Market Chicken Mid Joint,3.7,200 G,
meat-seafood,Hego Chicken Mid Joint Wing - Chilled,3.6,240 G,
meat-seafood,Aw's Market Beef Grassfed Prime Steer Tenderloin,13.28,150 G,
meat-seafood,Catch Seafood Jumbo White Clams Naturally Sweet,4.26,500 G,
meat-seafood,Aw's Market Chicken Bones,3.8,250 G,
meat-seafood,Farm Fresh Smoked Duck Breast Slice,2.17,60 G,Halal
meat-seafood,Hai Sia Fresh Salmon Portion,11.5,240g,Halal
meat-seafood,Mr Joy's Fresh Bittergourd Yong Tau Foo,5.89,6 S,
meat-seafood,Mr Joy's Fresh Yong Tau Foo Tao Kee,5.33,8 S,
meat-seafood,Catch Seafood Chilean Mussels Whole,8.9,1 KG,
meat-seafood,Okeanoss Imitation Crab Stick,2.22,250 G,
meat-seafood,Hai Sia Fresh Salmon Portion S-Cut,9.58,200g,Halal
meat-seafood,Hego Chicken Fillet - Chilled,3.81,240 G,
meat-seafood,Aw's Market Kampong Chicken (M),19.32,1400 G,
meat-seafood,Mr Joy's Fresh Mini Tofu Puff Yong Tau Foo,5.6,8 S,
meat-seafood,Li Chuan Sea Stick,2.6,250 G,
meat-seafood,Figo Thai Fish Cake,7.0,500 G,
meat-seafood,Aw's Market Fresh Australia Pork Belly (Sliced),6.9,250 G,
meat-seafood,Aw's Market Beef Point End Grassfed Brisket Stir Fry,6.4,150 G,
meat-seafood,Catch Seafood Large Prawn Meat,5.99,250 G,
meat-seafood,Serve Golden Pomfret Slice Hotpot Steamboat - Fresh,11.55,220 G,
meat-seafood,Aw's Market Beef Grassfed Knuckle Minced,6.72,150 G,
meat-seafood,Mr Joy's Fresh Yong Tau Foo Tao Pok,5.6,8 S,
meat-seafood,Tasty Food Affair Marinated Smokey BBQ Chicken Boneless Leg,5.6,220 G,
meat-seafood,Mr Joy's Steamboat Mixed Pack HotPot,5.06,270 G,
meat-seafood,Aw's Market Kampong Chicken (S),15.18,1000 G,
meat-seafood,Tasty Food Affair Marinated Black Angus Sliced Beef (Gyudon),6.0,150 G,
meat-seafood,Mr Joy's Yong Tau Foo Bittergourd,5.99,300 G,
meat-seafood,Aw's Market Fresh Australia Pork Loin Bone W Meat,5.3,300 G,
meat-seafood,Aw's Market Chicken Thigh Boneless (Sliced),5.0,200 G,
meat-seafood,Mr Joy's Steamboat Taiwan Fish Ball with Roe,4.2,120 G,
meat-seafood,Aw's Market Beef Angus Short Ribs - Galbi Cut,32.0,200 G,
meat-seafood,Aw's Market Fresh Australia Pork Trotter,6.72,500 G,
meat-seafood,Serve by Hai Sia Batang (Spanish Mackerel) Portions - Fresh,8.9,240 G,
meat-seafood,FarmFresh GG French Poulet Leg Whole (An Xin Chicken),8.17,400 G,Halal
meat-seafood,Hego Skinless Boneless Chicken Breast Chilled,4.1,240 G,
meat-seafood,Hego Black Angus Free Range Beef Minced | Chilled,22.36,500 G,
meat-seafood,Oriental Delight Frozen Imitation Jumbo Snow Crab Legs,6.9,240g,
meat-seafood,Aw's Market Fresh Australia Pork Muscle,6.36,300 G,
meat-seafood,Aw's Market Fresh Malaysian Pork Lean Hind,6.32,300 G,
meat-seafood,Aw's Market Fresh XL Tiger Prawns (Peeled) CNY Steamboat,6.0,100 G,
meat-seafood,Tasty Food Affair Lamb Loin Chop,15.0,500 G,
meat-seafood,Twinfish Squid Flower Cut,5.95,500 G,
meat-seafood,FarmFresh GG French Poulet Drumstick (An Xin Chicken),8.17,350 G,Halal
meat-seafood,Aw's Market Fresh Malaysian Pork Jowl Minced,6.7,300 G,
meat-seafood,Aw's Market Fresh Malaysian Pork Liver Sliced,5.8,300 G,
meat-seafood,FarmFresh Boneless Chicken Leg - Strip,4.24,250 G,Halal
meat-seafood,Aw's Market Fresh A Grade Fresh XL Sotong (Squid),21.29,500 G,
meat-seafood,Mr Joy's Crab Meat A Grade,19.0,500 G,
meat-seafood,Mr Joy's TIGER PRAWNS,17.6,1 KG,
meat-seafood,Aw's Market Kampong Old Mother Hen (Whole),12.98,1200 G,
meat-seafood,Catch Seafood Squid Tube (Bulk Pack) (Frozen),8.99,1 KG,
meat-seafood,FarmFresh GG French Poulet Leg Boneless (An Xin Chicken),8.17,320 G,Halal
meat-seafood,Mr Joy's Sandwich Tofu Hotpot,5.06,270 G,
meat-seafood,Emerald Hokkaido Scallops,55.9,700g,
meat-seafood,Snow Treasures Premium Live Frozen Raw Grey Prawn,17.71,1 KG,
meat-seafood,Aw's Market Fresh Milk Fish (Chopped),6.24,400 G,
meat-seafood,FarmFresh Boneless Chicken Leg - Cube,4.24,250 G,Halal
meat-seafood,Seafood Boy Frozen Norwegian Salmon Belly,23.22,500 G,
meat-seafood,Aw's Market Fresh Australia Pork Belly Roast,11.14,500 G,
meat-seafood,Catch Seafood Jumbo Pealed Prawn Meat,7.45,300 G,
meat-seafood,Aw's Market Fresh Yellow Tail,7.44,400 G,
meat-seafood,Catch Seafood Baby Shrimp,3.99,250 G,
meat-seafood,FarmFresh Olagud Gourmet White Fish (Chimichurri),3.13,85 G,Halal
meat-seafood,FarmFresh Duck Whole,26.45,2300 G,Halal
meat-seafood,Ocean Fresh Delite Frozen Sea Cucumber,13.95,450g,
meat-seafood,Mt Cook Fresh Alpine King Salmon Portion,13.5,150g,Halal
meat-seafood,Aw's Market Kampong Chicken Thigh Boneless W/O skin,10.08,200 G,
meat-seafood,Rich Seas Mussel Meat - Frozen,5.0,500 G,
meat-seafood,Okeanoss Frozen Boiled Scallop,13.5,400g,
meat-seafood,Mr Joy's Flower Crab Meat,10.0,250 G,
meat-seafood,Aw's Market Fresh Malaysian Pork Fillet (Sliced),8.28,300 G,
meat-seafood,FarmFresh Olagud Gourmet White Fish (Lime And Chilli),3.13,85 G,Halal
meat-seafood,Catch Seafood Deep Sea Loligo Squid (Value Pack) - Frozen,19.9,1 KG,
meat-seafood,Aw's Market Beef Point End Grassfed Brisket Cube,6.4,150 G,
meat-seafood,Aw's Market Beef Point End Grassfed Brisket Minced,6.4,150 G,
meat-seafood,Aw's Market Fresh Asian Seabass Fillet Sliced,6.24,150 G,
meat-seafood,Mr Joy's Vegetable Ball Hotpot 270 G,4.67,270 G,
meat-seafood,Aw's Market Fresh Australia Pork Keybone with Meat,5.7,300 G,
meat-seafood,Mr Joy's Fish Solo Hotpot,5.06,270 G,
meat-seafood,Aw's Market Beef Grassfed Prime Steer Tenderloin Roast,36.0,500 G,
meat-seafood,Aw's Market Whole Chicken (Large),19.6,1.8 KG,
meat-seafood,Snow Treasures Premium Tiger Prawns HOSO 1kg,17.71,1 KG,
meat-seafood,Aw's Market Fresh Black Grouper Sliced,7.56,150 G,
meat-seafood,Aw's Market Fresh Malaysian Pork Loin Bone with Meat,6.48,300 G,
meat-seafood,FarmFresh Great Hills Chicken Leg - Boneless,4.4,200 G,Halal
meat-seafood,Snow Treasures Premium Tiger Prawns (Peeled & Deveined),29.26,1 KG,
meat-seafood,Hai Sia Fresh Salmon Belly - Skinless,9.5,200g,Halal
meat-seafood,Rich Seas Clam Meat,4.95,500 G,
meat-seafood,Catch Seafood Oyster Meat,14.5,1 KG,
meat-seafood,Aw's Market Kampong Chicken Wings,5.88,220 G,
meat-seafood,Mr Joy's Seafood Tofu Semi Round Hotpot,5.06,270 G,
meat-seafood,Aw's Market Fresh Australia Pork Lard (Fats),4.02,300 G,
meat-seafood,Ocean Fresh Delite Frozen Formed Scallop,10.95,380g,
meat-seafood,Tegel Free Range Chicken Drumsticks - Chilled,10.45,400 G,Halal
meat-seafood,Serve by Hai Sia Sole Fillet - Fresh,7.26,240 G,
meat-seafood,Aw's Market Fresh Malaysian Pork Shoulder (Twee Bak),6.42,250 G,
meat-seafood,Aw's Market Fresh Malaysian Pork Muscle Minced,5.94,300 G,
meat-seafood,Hego Canterbury Frenched Spring Lamb Rack Chop - Chilled,42.85,500 G,Halal
meat-seafood,Aw's Market USDA Boneless Short Ribs Galbi Cut,19.2,200 G,
meat-seafood,Fisher's Catch River Prawns,18.95,1 KG,
meat-seafood,Rich Seas Frozen Cooked Prawn with Shell (Ready-to-Eat),17.5,1 KG,
meat-seafood,Aw's Market Beef Cheek,12.0,300 G,
meat-seafood,Tasty Food Affair Young Prime Beef Flank Steak,9.5,200 G,
meat-seafood,Aw's Market Fresh Malaysian Pork Jowl (Sliced),9.3,300 G,
meat-seafood,Aw's Market Chicken Breast Cube,4.5,200 G,
meat-seafood,Catch Seafood Wild Banana Prawn (Ang Kar) Small sz 30-50,17.5,700 G,
meat-seafood,Serve XL Fried Bean Curd Tau Kee Steamboat - Frozen,8.52,300 G,
meat-seafood,Aw's Market Fresh Malaysian Pork Stomach,8.0,400 G,
meat-seafood,Aw's Market Beef Grassfed Prime Steer Ribeye Roast,67.2,1 KG,
meat-seafood,Hego Black Angus Beef Flank Steak - Chilled,23.49,400 G,Halal
meat-seafood,Aw's Market Fresh Salmon Steak,9.6,200 G,
meat-seafood,Yorihada Lotte World Lotty Shrimp Cutlet,8.45,250g,
meat-seafood,Mr Joy's Fresh Big Tofu Puff Yong Tau Foo,5.6,8 S,
meat-seafood,FarmFresh Olagud Gourmet White Fish (Herbs),3.13,85 G,Halal
meat-seafood,Tasty Food Affair 150D GrainFed Black Angus Beef Denver Steak,14.5,200 G,
meat-seafood,AW'S Market Black Chicken - Chopped,10.8,400 G,
meat-seafood,Aw's Market Fresh Duck Breast Fillet,10.3,400 G,
meat-seafood,Aw's Market Fresh Salmon Head,8.0,500 G,
meat-seafood,FarmFresh Spring Chicken,7.19,600 G,Halal
meat-seafood,Aw's Market Fresh Stingray Cube,6.96,200 G,
meat-seafood,Aw's Market Fresh XL Glass Prawns CNY Steamboat,5.4,150 G,
meat-seafood,Aw's Market Fresh Mackeral Batang Head (1PC),3.2,400 G,
meat-seafood,Aw's Market Beef Angus Rump Cap Minced (Picanha),17.0,300 G,
meat-seafood,Catch Seafood Flower Crab 1/2 cut,15.9,1 KG,
meat-seafood,Aw's Market Beef Skirt Stir Fry,15.9,300 G,
meat-seafood,Aw's Market Kampong Chicken Thigh Boneless Cube,10.08,200 G,
meat-seafood,Aw's Market Beef Cheek Minced,8.8,150 G,
meat-seafood,AW'S Market Fresh White Snapper Head (Ang Go Li),7.7,600 G,
meat-seafood,Aw's Market Fresh Black Grouper Fillet,7.56,150 G,
meat-seafood,Aw's Market Fresh Malaysian Pork Loin Chop,6.58,300 G,
meat-seafood,FarmFresh Chicken Drumlets,3.05,200 G,Halal
meat-seafood,FarmFresh GG French Poulet Wing Middle (An Xin Chicken),8.51,250 G,Halal
meat-seafood,Aw's Market Fresh Malaysian Pork Shoulder Sliced (Twee Bak),6.42,250 G,
meat-seafood,Kirei Naruto Maki Ramen Pink Spiral Fish Cake,5.1,160 G,
meat-seafood,Aw's Market Chicken Fillet,4.5,200 G,
meat-seafood,Serve Threadfin Slice Hotpot Steamboat - Fresh,12.33,180 G,
meat-seafood,Okeanoss Minced Crab Bite,12.0,1 KG,
meat-seafood,Aw's Market Fresh Malaysian Pork Back Leg,6.94,500 G,
meat-seafood,Aw's Market Fresh Australia Pork Cubes (Lean Hind),5.76,300 G,
meat-seafood,Mr Joy's Fresh Seafood Ball Yong Tau Foo,5.33,8 S,
meat-seafood,Catch Seafood Medium Prawn Meat without Shell,4.91,250 G,
meat-seafood,FarmFresh Duck Half,14.15,1100 G,Halal
meat-seafood,Tasty Food Affair Australian Beef Hanging Tenderloin,13.5,200 G,
meat-seafood,Aw's Market Beef Flank Stir Fry Cut,10.4,150 G,
meat-seafood,Aw's Market Fresh Malaysian Pork Jowl,9.3,300 G,
meat-seafood,Chemical-Free Peeled Prawns 0% Glazing Steamboat - Frozen,7.63,150 G,
meat-seafood,Aw's Market Fresh Malaysian Pork Muscle,6.88,300 G,
meat-seafood,Aw's Market Fresh Asian Seabass Fillet Cube,6.24,150 G,
meat-seafood,Tasty Food Affair Marinated Teriyaki Chicken Boneless Leg,5.6,220 G,
meat-seafood,Aw's Market Skinless Chicken Leg (Boneless),5.0,180 G,
meat-seafood,Aw's Market USDA Boneless Short Ribs Cube,17.6,150 G,
meat-seafood,Tasty Food Affair New Zealand Chilled Ribeye Beef Steak,16.8,250 G,
meat-seafood,Aw's Market Fresh Red Snapper Sliced,8.32,150 G,
meat-seafood,Mr Joy's Yong Tau Foo Frozen Ladyfinger,7.2,280 G,
meat-seafood,Catch Seafood Deep Sea Loligo Calamari Rings - Frozen,6.25,220 G,
meat-seafood,Mr Joy's Fresh Yuba Skin With Fish Paste,5.6,8 S,
meat-seafood,Aw's Market Half Chicken,5.6,550 G,
meat-seafood,Mr Joy's Steamboat Taiwan Fish Ball with Double Cheese,4.2,120 G,
meat-seafood,Seaco Australia Frozen Scallops,23.9,200g,
meat-seafood,Mr Joy's WHITE VANAMEI PRAWNS,16.0,1 KG,
meat-seafood,Aw's Market Lamb Shoulder Minced,9.92,150 G,
meat-seafood,Aw's Market Fresh Malaysian Pork Collar (Sliced),7.0,300 G,
meat-seafood,Hai Sia Fresh Vannamei Prawn,5.75,200g,Halal
meat-seafood,Mr Joy's Fresh Long Tao Pok Yong Tau Foo,5.6,5 S,
meat-seafood,Aw's Market Fresh Malaysian Pork Liver,5.34,300 G,
meat-seafood,Aw's Market Fresh Australia Pork Collar Roast,10.5,500 G,
meat-seafood,Aw's Market Kampong Chicken Thigh (Chopped),10.08,300 G,
meat-seafood,Aw's Market Fresh Golden Pomfret (Chopped),9.96,450 G,
meat-seafood,Aw's Market Fresh Malaysian Pork Eye Round,6.88,300 G,
meat-seafood,Catch Seafood New Zealand Mussels,6.84,300 G,
meat-seafood,FarmFresh Duck Wing,5.25,300 G,Halal
meat-seafood,Yorokobi Frozen Japan Scallops,37.95,900 G,
meat-seafood,Catch Seafood Jumbo Tiger Prawns,32.5,1 KG,
meat-seafood,Seaco Frozen Cooked King Crab,26.95,200g,
meat-seafood,Aw's Market Fresh Red Grouper Fillet (Ang Gau),19.6,150 G,
meat-seafood,The Straits Fish Tilapia Skinless Slice - Fresh,15.5,200 G,
meat-seafood,SSW NZ Wagyu MB5/6 Beef Diced 250g (Chilled),14.8,250 G,
meat-seafood,Aw's Market Fresh Australia Pork Jowl,9.3,300 G,
meat-seafood,Aw's Market Chicken Wing,3.5,230 G,
meat-seafood,Aw's Market Chicken Wing (Whole),3.5,230 G,
meat-seafood,Hego Canterbury Lamb Diced Chilled,13.2,250 G,
meat-seafood,Aw's Market Kampong Chicken Breast Fillet,9.96,300 G,
meat-seafood,Tasty Food Affair Marinated Teriyaki Chicken Mid Joint Wings,8.95,400 G,
meat-seafood,Aw's Market Fresh Kee Fish,8.04,400 G,
meat-seafood,Catch Seafood Clam Meat,6.8,400 G,
meat-seafood,Mr Joy's Fresh Ladyfinger Yong Tau Foo,5.6,6 S,
meat-seafood,Mr Joy's Crab Nugget Hotpot 270 G,4.8,270 G,
meat-seafood,Aw's Market Chicken Thigh Cube,4.5,200 G,
meat-seafood,Catch Seafood Wild Crab meat Special,28.7,454 G,
meat-seafood,Ocean Fresh Delite Frozen Premium Tiger Sea Cucumbers,22.55,500g,
meat-seafood,Hego Grass Fed Beef Ribeye - Chilled,15.08,300 G,Halal
meat-seafood,Aw's Market Fresh Salmon Fillet Cube,10.88,150 G,
meat-seafood,Tasty Food Affair Marinated Signature Soy Chicken Mid Wings,8.95,400 G,
meat-seafood,Aw's Market Fresh Australia Pork Knuckle,7.95,500 G,
meat-seafood,Serve by Hai Sia Barramundi Chunks - Fresh,6.15,200 G,
meat-seafood,Mr Joy's Fresh Chilli Yong Tau Foo,5.89,6 S,
meat-seafood,Aw's Market Fresh Australia Pork Heart,5.88,220 G,
meat-seafood,FarmFresh Chicken Half,5.05,450 G,Halal
meat-seafood,Hego Canterbury Minced Lamb Chilled,24.44,500 G,
meat-seafood,Catch Seafood Medium Cooked Prawns with Shell On,22.0,1 KG,
meat-seafood,Mr Joy's Steamboat Sea Cucumber,20.0,500 G,
meat-seafood,Snow Treasures Premium Half Shell Mussels,18.48,907 G,
meat-seafood,Hego Black Angus Beef Cheek Chilled,16.96,400 G,
meat-seafood,Catch Seafood Japanese Scallops Medium,13.99,300 G,
meat-seafood,Tegel Free Range Chicken Mini Fillet - Chilled,13.25,380 G,Halal
meat-seafood,Aw's Market Fresh Salmon Sliced,11.2,150 G,
meat-seafood,Tasty Food Affair Marinated Smokey BBQ Pork Belly,8.65,350 G,
meat-seafood,FarmFresh GG French Poulet Wing (An Xin Chicken),6.93,350 G,Halal
meat-seafood,Aw's Market Fresh Duck Thigh,6.8,240 G,
meat-seafood,Aw's Market Fresh Australia Pork Tail,6.66,300 G,
meat-seafood,Mr Joy's Yong Tau Foo Frozen Chilli,6.0,250 G,
meat-seafood,FarmFresh Duck Liver,4.05,300 G,Halal
meat-seafood,Aw's Market Fresh Assorted Fish Bones,2.6,300 G,
meat-seafood,Serve by Hai Sia Chinese Pomfret (Cleaned & Gutted) - Fresh,25.96,400 G,
meat-seafood,Mr Joy's Frozen Cooked Crab Claw,22.0,500 G,
meat-seafood,Aw's Market Fresh White Snapper Fillet Cube (Ang Go Li),8.96,150 G,
meat-seafood,Figo Seafood Tofu,8.07,500 G,
meat-seafood,Aw's Market Fresh Malaysian Pork Eye Round (Sliced),6.98,300 G,
meat-seafood,Aw's Market Fresh Malaysian Pork Shank,6.48,500 G,
meat-seafood,Tasty Food Affair Marinate Signature Soy Chicken Boneless Leg,5.6,220 G,
meat-seafood,FarmFresh Duck Gizzard,4.05,300 G,Halal
meat-seafood,Farm Fresh Smoked Duck Breast Yakitori,2.17,60 G,Halal
meat-seafood,Hego Canterbury Lamb Bone-In Fore Shank - Chilled,28.47,700 G,Halal
meat-seafood,Aw's Market Beef Grassfed Prime Steer Striploin Roast,25.8,500 G,
meat-seafood,Catch Seafood New Zealand Mussels,19.5,907 G,
meat-seafood,Catch Seafood Boston Lobster Tail,18.5,110 G,
meat-seafood,Mr Joy's Frozen Scallop - Half Shell,14.5,1 KG,
meat-seafood,Twinfish Breaded Fish Fillet,13.95,1 KG,
meat-seafood,Seaco Braised Abalone,12.9,160g,
meat-seafood,Aw's Market Fresh Black Chicken,10.8,400 G,
meat-seafood,Hego Grass Fed Beef Diced Chilled,9.44,250 G,
meat-seafood,Aw's Market Fresh Malaysian Pork Knuckle German No Cut,8.28,500 G,
meat-seafood,Aw's Market Fresh Malaysian Pork Belly (Sliced),7.7,250 G,
meat-seafood,Aw's Market Fresh Duck Gizzard,6.5,500 G,
meat-seafood,Oriental Delight Sea Urchin Ball,4.4,200 G,
meat-seafood,FarmFresh Duck Bone,4.05,300 G,Halal
meat-seafood,FarmFresh Duck Feet,4.05,300 G,Halal
meat-seafood,Aw's Market Fresh Australia Pork Skin,3.99,300 G,
meat-seafood,Snow Treasures Premium Japanese Scallops,44.66,1 KG,
meat-seafood,Seaco Frozen Seafood in a Bag,33.95,1.2kg,
meat-seafood,AW'S Market Fresh Duck Whole - Chopped,28.8,2000 G,
meat-seafood,Port65 Canadian King Salmon Portion - Fresh,14.37,150 G,
meat-seafood,Serve by Hai Sia Canadian Scallops - Frozen,9.91,150 G,
meat-seafood,The Straits Fish Tilapia (Scaled & Gutted) - Fresh,9.45,400 G,
meat-seafood,Tasty Food Affair Marinated Smokey BBQ Chicken Mid Wings,8.95,400 G,
meat-seafood,Aw's Market Beef Grassfed Prime Steer Striploin Minced,8.8,150 G,
meat-seafood,FarmFresh GG French Poulet Thigh (An Xin Chicken),8.17,250 G,Halal
meat-seafood,Aw's Market Fresh XL Sea Prawns CNY Steamboat,7.8,150 G,
meat-seafood,Aw's Market Fresh Malaysian Char Siew Pork,6.7,300 G,
meat-seafood,Tasty Food Affair Marinated Korean Spicy Pork Collar,5.95,350 G,
meat-seafood,Aw's Market Beef Angus Short Ribs,34.0,500 G,
meat-seafood,Catch Seafood 1/2 Shell Scallops,17.0,1 KG,
meat-seafood,Hego Black Angus Beef Stir Fry - Chilled,12.75,250 G,Halal
meat-seafood,Aw's Market Fresh Balai Threadfin Sliced,10.44,150 G,
meat-seafood,Aw's Market Fresh White Snapper Bones,8.54,300 G,
meat-seafood,Aw's Market Fresh Sotong Ring (Squid),8.0,200 G,
meat-seafood,Aw's Market Fresh Malaysian Pork Keybone with Meat,7.25,300 G,
meat-seafood,Mr Joy's Fresh Bean Skin Roll,6.9,8 S,
meat-seafood,Aw's Market Fresh Duck Liver,6.5,500 G,
meat-seafood,Aw's Market Fresh XL Glass Prawns (Peeled) CNY Steamboat,6.0,100 G,
meat-seafood,Aw's Market Chicken Breast (Sliced),4.5,200 G,
meat-seafood,FarmFresh Great Hills Chicken Leg - Whole,4.4,250 G,Halal
meat-seafood,Catch Seafood Jumbo Hokkaido Scallop,27.9,500 G,
meat-seafood,Catch Seafood Crab Meat Claw Signature Catch,19.9,454 G,
meat-seafood,Aw's Market Beef Tendon,19.0,700 G,
meat-seafood,Hego Black Angus Beef Chuck Tender - Chilled,18.56,400 G,Halal
meat-seafood,Aw's Market Yellow Croaker (Butterfly),17.86,400 G,
meat-seafood,Catch Seafood Mala Crawfish,16.63,500 G,
meat-seafood,Aw's Market Beef Grassfed Prime Steer Ribeye,12.16,150 G,
meat-seafood,Aw's Market Beef Cheek Cube,12.0,300 G,
meat-seafood,Aw's Market Beef Grassfed Prime Steer Striploin Stir Fry,9.92,150 G,
meat-seafood,Hego Beef Meat Balls,9.0,500 G,
meat-seafood,AW'S Market Frozen Prawn Head,7.5,1 KG,
meat-seafood,Aw's Market Fresh Malaysian Pork Shoulder Flap Minced,6.5,300 G,
meat-seafood,Aw's Market Fresh Australia Pork Feet,5.94,250 G,
meat-seafood,Aw's Market Fresh Malaysian Pork Lard,4.5,300 G,
meat-seafood,Mr Joy's Steamboat Taiwan Fish Ball with Shrimp,4.2,120 G,
meat-seafood,Hego Canterbury Frenched Lamb Rack Chilled,41.48,400 G,
meat-seafood,Mr Joy's Sea Cucumber Sandfish,36.0,500 G,
meat-seafood,Aw's Market Beef Grassfed Prime Steer Ribeye Roast (Bone Out),34.4,500 G,
meat-seafood,Catch Seafood Jumbo Peeled Prawns - Family Pack,23.5,650 G,
meat-seafood,Hego Black Angus Grass Fed Tenderloin,18.7,200 G,
meat-seafood,Aw's Market Beef Grassfed Prime Steer Tenderloin Stir Fry,13.28,150 G,
meat-seafood,Mr Joy's Frozen Boiled Scallop,12.8,500 G,
meat-seafood,Serve by Hai Sia Fresh Trout Portion,10.57,200 G,
meat-seafood,Tegel Free Range Chicken Mid Joint Wings - Chilled,10.45,320 G,Halal
meat-seafood,Aw's Market Beef Grassfed Prime Steer Striploin Cube,9.92,150 G,
meat-seafood,Aw's Market Fresh Red Snapper Fillet,8.32,150 G,
meat-seafood,Aw's Market Chicken Gizzard,3.84,200 G,
meat-seafood,Aw's Market Fresh Red Snapper Head,16.0,800 G,
meat-seafood,Hego NZ Grass Fed Beef Striploin with Garlic Herb Butter,15.95,250 G,
meat-seafood,Catch Seafood Crab Meat Claw Tub,15.9,227 G,
meat-seafood,Aw's Market Beef Skirt Cube,15.9,300 G,
meat-seafood,Catch Seafood Garlic Crawfish,15.75,500 G,
meat-seafood,Hego Grass Fed Beef Knuckle Chilled,13.92,400 G,
meat-seafood,Aw's Market Fresh Balai Threadfin Fillet (Cube),10.44,150 G,
meat-seafood,Aw's Market Kampong Chicken Thigh Boneless Stir-Fry,10.08,200 G,
meat-seafood,Kirei Kikkoman Ita Aka Kamaboko Frozen Japanese Fish Cake,9.3,220 G,
meat-seafood,Tasty Food Affair Marinated Korean Spicy Pork Belly,8.65,350 G,
meat-seafood,Aw's Market Fresh Malaysian Pork Tail,8.0,300 G,
meat-seafood,Aw's Market Fresh Australia Pork Stomach,8.0,400 G,
meat-seafood,Aw's Market Fresh Australia Pork Kidney,8.0,200 G,
meat-seafood,FarmFresh Great Hills Chicken Breast - Boneless Skinless,7.04,200 G,Halal
meat-seafood,Aw's Market Fresh Malaysian Pork Tongue,5.5,120 G,
meat-seafood,Oriental Delight Imitation King Crab Chunk,3.95,250 G,
meat-seafood,Port65 Kami No Ebi (God-like) Jumbo Live - Frozen Prawn (ASC),36.5,1 KG,
meat-seafood,Aw's Market Fresh Duck (Whole),28.16,2000 G,
meat-seafood,Aw's Market USDA Boneless Shortrib Shabu Shabu,19.2,200 G,
meat-seafood,Aw's Market USDA Boneless Short Ribs Stir Fry,17.6,150 G,
meat-seafood,Aw's Market Beef Grassfed Prime Steer Ribeye Cube,12.48,150 G,
meat-seafood,Snow Treasures Premium Grade Jumbo Peeled Prawns,11.55,300 G,
meat-seafood,Aw's Market Fresh Salmon Bones,9.6,300 G,
meat-seafood,EHF Boiled Whole Shell White Clam,9.0,1 KG,
meat-seafood,Aw's Market Fresh Red Snapper Bones,8.32,300 G,
meat-seafood,Aw's Market Fresh White Snapper Steak,8.26,200 G,
meat-seafood,Aw's Market Fresh Malaysian Pork Char Siew Flap,8.0,300 G,
meat-seafood,Aw's Market Beef Bone,7.8,500 G,
meat-seafood,Aw's Market Beef Grassfed Knuckle,6.72,150 G,
meat-seafood,Aw's Market Fresh Malaysian Pork Skin,4.66,300 G,
meat-seafood,Tasty Food Affair New Zealand Fresh Ribeye Slab,72.5,1 KG,
meat-seafood,Aw's Market Beef Grassfed Prime Steer Tenderloin Roast,70.4,1 KG,
meat-seafood,Eastern Harbour Crab Meat Lump,32.5,454 G,
meat-seafood,Tasty Food Affair Whole Cooked Prawn,28.5,1 KG,
meat-seafood,SSW NZ Wagyu MB5/6 Beef Chuck Tender (Chilled),28.0,400 G,
meat-seafood,Mermaid Whole Boston Lobster - Cooked,26.5,350g,
meat-seafood,Aw's Market Beef Angus Rump Cap Steak (Picanha),21.0,300 G,
meat-seafood,Hego NZ Black Angus Beef Shabu-Shabu (Chilled),16.0,250 G,Halal
meat-seafood,Tasty Food Affair Marinated Sweet Soy Beef Yakiniku,14.5,350 G,
meat-seafood,Aw's Market Fresh Black Grouper Head,14.0,1 KG,
meat-seafood,Hego Grass Fed Beef Striploin - Chilled,12.0,250 G,
meat-seafood,Mr Joy's Seafood Stick Big,9.5,1 KG,
meat-seafood,Aw's Market Beef Flank Minced,9.12,150 G,
meat-seafood,Serve by Hai Sia Barramundi Portions - Fresh,8.58,240 G,
meat-seafood,Catch Seafood Premium Whole Loligo Squid Small,6.88,270 G,
meat-seafood,Aw's Market Fresh Malaysian Pork Heart,6.36,220 G,
meat-seafood,Aw's Market Fresh Malaysian Pork Eye Round Minced,6.02,300 G,
meat-seafood,Aw's Market Fresh Malaysian Pork Feet,6.0,250 G,
meat-seafood,Mr Joy's Fresh Seafood Tao Pok Yong Tau Foo,5.6,6 S,
meat-seafood,Mr Joy's Mini Chicken Cheese Cocktail,4.9,250 G,
meat-seafood,FarmFresh Great Hills - Chicken Wing,4.81,300 G,Halal
meat-seafood,Aw's Market Fresh Australia Pork Tongue,4.62,120 G,
meat-seafood,Aw's Market Lamb Rack,60.0,700 G,
meat-seafood,Aw's Market Fresh Red Grouper Head (Ang Gao),37.62,800 G,
meat-seafood,Signature Catch Wild Crab Meat Super Lump,36.5,227 G,
meat-seafood,Catch Seafood Cooked Boston Lobster Whole,22.79,400 G,
meat-seafood,Aw's Market Red Grouper Sliced (Ang Gau) CNY Steamboat,20.16,150 G,
meat-seafood,Hego Black Angus Beef Striploin - Chilled,18.88,250 G,
meat-seafood,Twinfish Imitation Abalone Slice,16.0,600 G,
meat-seafood,Aw's Market Fresh Duck Breast (Whole),14.4,800 G,
meat-seafood,Aw's Market Fresh Malaysian Pork Belly Roast,13.6,500 G,
meat-seafood,Aw's Market Fresh Malaysian Pork Collar Roast,12.2,500 G,
meat-seafood,Aw's Market Fresh Golden Snapper Fillet (Ang Zhor),12.06,250 G,
meat-seafood,Kirei Ebi Tempura,9.7,300 G,
meat-seafood,Aw's Market Fresh Malaysian Pork Jowl Char Siew,9.3,300 G,
meat-seafood,Aw's Market Fresh White Snapper Sliced (Ang Go Li),9.24,150 G,
meat-seafood,Aw's Market Fresh XL Sea Prawns (Peeled) CNY Steamboat,8.64,100 G,
meat-seafood,Aw's Market Fresh Malaysian Pork Kidney (2 PCS / PACK),8.0,200 G,
meat-seafood,Aw's Market Fresh Malaysian Pork Shoulder Cube (Twee Bak),6.32,250 G,
meat-seafood,Okeanoss Imitation Breaded Scallop,3.5,227 G,
meat-seafood,Pescanova Argentina Red Shrimp Aka Ebi,49.95,2 KG,
meat-seafood,Aw's Market Fresh Red Grouper Whole Butterfly (Ang Gau),48.96,700 G,
meat-seafood,Aw's Market Red Grouper (Whole),48.96,700 G,
meat-seafood,Catch Seafood Colossal Sea Tiger Prawn,38.9,1 KG,
meat-seafood,Catch Seafood Cooked Prawn Meat,29.9,1 KG,
meat-seafood,Mr Joy's Fs Handmade Shrimp Balls,25.33,1 KG,
meat-seafood,Aw's Market Ha Ha Prawn Bundle (1-2 Pax),18.0,450 G,
meat-seafood,The Straits Fish Local Fresh Tilapia Fillet Skin On,14.51,200 G,
meat-seafood,Hego Grass Fed Beef Topside (Inside) Chilled,13.92,400 G,
meat-seafood,Aw's Market Beef Grassfed Prime Steer Ribeye Stir Fry,12.48,150 G,
meat-seafood,Aw's Market Beef Grassfed Prime Steer Ribeye Minced,11.36,150 G,
meat-seafood,Aw's Market Kampong Chicken Breast Stir Fry,9.96,300 G,
meat-seafood,Aw's Market Lamb Shoulder Cube,9.92,150 G,
meat-seafood,Kirei Kikkoman Ita Kamaboko Frozen Japanese White Fish Cake,9.3,220 G,
meat-seafood,Kirei Kamaage Sakura Ebi Dried Shrimp,8.9,40 G,
meat-seafood,Aw's Market Fresh Malaysian Pork Cubes (Lean Hind),6.88,300 G,
meat-seafood,Aw's Market Fresh Australia Pork Eye Round (Tender),6.26,300 G,
meat-seafood,Aw's Market Skinless Chicken Leg (Whole),5.0,190 G,
meat-seafood,Snow Treasures Premium Raw King Crab Leg,137.0,900 G,
meat-seafood,Catch Seafood Crab Meat Jumbo Lump,78.0,454 G,
meat-seafood,SSW NZ Wagyu MB5/6 Beef Ribeye (Chilled),57.15,320 G,
meat-seafood,Catch Seafood Crab Meat Jumbo Lump,39.9,227 G,
meat-seafood,Tasty Food Affair 21/25 HOSO Tiger Prawn,27.0,1 KG,
meat-seafood,Hego Canterbury Frenched Lamb Rump (Lamb Picanha) - Chilled,19.52,300 G,Halal
meat-seafood,Catch Seafood US Scallops Large,17.5,300 G,
meat-seafood,Kirei Marine Foods Ebi Japanese Shrimp Creamy Croquette,13.7,440 G,
meat-seafood,Tasty Food Affair New Zealand Chilled Ribeye Yakiniku,12.0,150 G,
meat-seafood,Hego Black Angus Beef Diced (Chilled),11.89,250 G,Halal
meat-seafood,The Straits Fish Local Barramundi Seabass Fillet Skin On,11.03,190 G,
meat-seafood,Aw's Market Lamb Shoulder Stir Fry,10.88,150 G,
meat-seafood,Aw's Market Fresh Malaysian Pork Shoulder Flap,8.6,300 G,
meat-seafood,Aw's Market Fresh Australia Pork Shoulder Flap,7.9,300 G,
meat-seafood,Aw's Market Half Chicken Portion,6.08,550 G,
meat-seafood,Aw's Market Fresh Malaysian Pork Shank Chopped,5.22,300 G,
meat-seafood,Aw's Market Chicken Backside,3.84,200 G,
meat-seafood,Kirei Marutama Age Hotate Satsuma Age Scallop Fish Cake,3.1,45 G,
meat-seafood,Snow Treasures Premium Cooked King Crab Leg,138.6,900 G,
meat-seafood,Tasty Food Affair New Zealand Fresh Striploin Slab,55.0,1 KG,
meat-seafood,Aw's Market Beef Grassfed Prime Steer Striploin Roast,50.4,1 KG,
meat-seafood,SSW NZ Wagyu MB5/6 Beef Striploin (Chilled),47.9,320 G,
meat-seafood,Yorokobi Chuka Idako Seasoned Baby Octopus,38.0,2 KG,
meat-seafood,Catch Seafood Sea Cucumber Tiger,36.9,1 KG,
meat-seafood,Hego Black Angus Beef Ribeye - Chilled,27.45,300 G,
meat-seafood,Aw's Market Lamb Shoulder,25.5,500 G,
meat-seafood,Aw's Market Beef Angus Rump Cap Shabu (Picanha),18.4,300 G,
meat-seafood,Aw's Market Beef Grain Fed Ribeye,18.0,220 G,
meat-seafood,Aw's Market Beef Angus Rump Cap Cubes (Picanha),18.0,300 G,
meat-seafood,Hego Black Angus Beef Knuckle - Chilled,17.1,400 G,
meat-seafood,Kirei Kani Gratin Frozen Japanese Crab Cheese Gratin,15.9,360 G,
meat-seafood,Kirei Fancy Lovers Japanese Crab Kani Gratin,15.7,195 G,
meat-seafood,Aw's Market Beef Skirt,15.6,300 G,
meat-seafood,Aw's Market Beef Grain Fed Striploin,15.5,220 G,
meat-seafood,Aw's Market Fresh Duck (Half),15.2,1100 G,
meat-seafood,Aw's Market Beef Grassfed Prime Steer Tenderloin Cube,13.28,150 G,
meat-seafood,Catch Seafood Handy Santa Fe Crab Cakes (Pack of 3),12.8,300 G,
meat-seafood,Aw's Market Beef Grassfed Prime Steer Tenderloin Minced,12.32,150 G,
meat-seafood,Aw's Market Beef Grassfed Prime Steer Striploin,9.6,150 G,
meat-seafood,Catch Seafood Chilean Mussel Meat 500g,9.5,500 G,
meat-seafood,Aw's Market Fresh Balai Threadfin Head (Half),9.36,550 G,
meat-seafood,Aw's Market Fresh Malaysian Pork Shoulder Flap (Sliced),8.6,300 G,
meat-seafood,Wakamatsuya Tempura Tako-Ten Fish Cake,4.3,90 G,
meat-seafood,Catch Seafood Red King Crab Extra Large,188.0,1.4 KG,
meat-seafood,SSW NZ Wagyu MB5/6 Beef OP Rib Bone in Ribeye (Chilled),153.51,1.4 KG,
meat-seafood,Tasty Food Affair Lamb Rack Frenched Cut,79.0,750 G,
meat-seafood,Aw's Market Black Angus Beef Ribs,68.0,800 G,
meat-seafood,Catch Seafood Wild Premium Giant Tiger Prawn,63.8,700 G,
meat-seafood,Kirei Mentaiko Tube,45.6,500 G,
meat-seafood,Aw's Market USDA Super Prime Striploin,38.4,300 G,
meat-seafood,SSW NZ Wagyu MB5/6 Beef Flank Steak (Chilled),37.8,450 G,
meat-seafood,PS Seafood Natural Flavour Whole Crawfish,35.9,800g,
meat-seafood,Hego US Beef Ribeye with Garlic Herb Butter,35.4,350 G,
meat-seafood,Hego US Beef Striploin with Garlic Herb Butter,32.8,350 G,
meat-seafood,Kirei Frozen Aji Fry Breaded Horse Mackerel,31.1,800 G,
meat-seafood,Churo Scallop,29.79,375 G,
meat-seafood,Catch Seafood Wild Rock Lobster Deep Sea,23.9,350 G,
meat-seafood,Okeanoss Half Cut Swimming Crab (Flower Crab),22.9,800 G,
meat-seafood,Kirei Sushi Yo Ebi - Boiled,21.5,185 G,
meat-seafood,Hego NZ Canterbury Lamb Shabu-Shabu Chilled,21.11,250 G,
meat-seafood,Kirei Ika Shiokara Black Japanese Seasoned Frozen Squid,20.8,200 G,
meat-seafood,Kirei Ika No Shiokara White Japanese Seasoned Frozen Squid,20.8,200 G,
meat-seafood,Kirei Ika Shiokara Red Japanese Seasoned Frozen Squid,19.8,200 G,
meat-seafood,Aw's Market Fresh Red Grouper Fillet Cube (Ang Gau),19.6,150 G,
meat-seafood,Kirei Black Tiger Nobashi Ebi,18.6,360 G,
meat-seafood,Aw's Market Yellow Croaker,17.86,400 G,
meat-seafood,Aw's Market Fresh Red Grouper Steak (Ang Gau),16.8,150 G,
meat-seafood,Catch Seafood Cooked Boston Lobster Half cut,12.5,200 G,
meat-seafood,Catch Seafood Red Lumpfish Roe (Norway),11.93,100 G,
meat-seafood,Aw's Market Fresh Red Snapper Fillet Cube,8.32,150 G,
meat-seafood,Aw's Market Fresh Malaysian Pork Maw Raw,8.0,400 G,
meat-seafood,Aw's Market Fresh Black Pomfret,7.92,400 G,
meat-seafood,Aw's Market Fresh Duck Wings,7.8,250 G,
meat-seafood,Kirei Kamakurayama Tezukuri Kotsubu Premium Pack,7.8,80 G,
meat-seafood,Wakamatsuya Tempura Ebi Mayo Stick Fish Cake,7.8,120 G,
meat-seafood,Wakamatsuya Tempura Ika Stick Fish Cake,7.4,110 G,
meat-seafood,Aw's Market Fresh Duck Bone,6.5,300 G,
meat-seafood,Catch Seafood Wild Caught Slipper Lobster,5.85,150 G,
meat-seafood,Wakamatsuya Tempura Gobo-Ten Fish Cakes,4.3,90 G,
meat-seafood,Wakamatsuya Tempura Shoga-Ten Fish Cake,4.3,90 G,
meat-seafood,Aw's Market Aw's Market Duck Head & Neck,3.6,200 G,
meat-seafood,Hego Chicken Drumettes - Chilled,2.99,240 G,
meat-seafood,Aw's Market Fresh Malaysian Pork Collar Minced,6.0,300 G,
meat-seafood,DODO Breaded Fish Nuggets,3.95,400 G,
meat-seafood,DODO Fish Ball (S) - Lower In Sodium,2.85,180 G,Halal
meat-seafood,DODO Crab Flavoured Stick,3.35,250 G,
meat-seafood,DODO Breaded Fish Fillets,5.5,500 G,
meat-seafood,DODO Kiddos Fish Nuggets - Original,4.95,300 G,
meat-seafood,Master Grocer Chicken Leg Boneless Skin On - Chilled,4.95,330 G,
meat-seafood,Master Grocer 99% Fat Free Chicken Breast Skinless 2pc-Ch,4.95,250 G,
meat-seafood,Master Grocer Grassfed Australia Minced Beef 250g - Chilled,7.95,250 G,
meat-seafood,Pacific West Frozen Seafood - Tempura Fish Fillet,11.15,325 G,
meat-seafood,DODO Breaded Fish Finger,3.65,360 G,
meat-seafood,DODO Handmade Fish Cake,2.95,220 G,
meat-seafood,DODO Fish Cake (Lower In Sodium),3.35,230 G,
meat-seafood,DODO Fish Ball (M),2.85,200 G,
meat-seafood,DODO Fish Assortment For Hotpot,4.65,300 G,
meat-seafood,DODO Chilli Fish Ball,2.85,200 G,
meat-seafood,Master Grocer Chicken Drumette 500g - Chilled,4.95,500 G,
meat-seafood,CB Cuttlefish Ball (25pcs),7.5,500 G,
meat-seafood,Pacific West Frozen Seafood - Chunky Fish Fillet,6.5,360 G,
meat-seafood,DODO Premium Fried Saito Fishball,4.3,350 G,
meat-seafood,DODO Premium Tofu Fish Cake,2.85,200 G,
meat-seafood,DODO Fish Dumpling,2.5,80 G,
meat-seafood,DODO Breaded Cuttlefish Fillets,9.85,500 G,
meat-seafood,Master Grocer Fresh Chicken Thigh Boneless and Skinless,9.4,330 G,
meat-seafood,Master Grocer 99% Extra Lean Minced Chicken Breast 250g-Ch,4.95,250 G,
meat-seafood,DODO Kiddos Fish Nuggets - Cheese,4.95,300 G,
meat-seafood,CB Frozen Food Vannamei Butterfly Cut PD Prawn(16/20),16.8,1 KG,
meat-seafood,DODO Cooked Fish Ball (L),4.25,450 G,
meat-seafood,Master Grocer Beef Ribeye Sliced-Korean BBQ Style C,12.95,250 G,
meat-seafood,CB Frozen Squid Ring,7.5,1 KG,
meat-seafood,DODO Hokkaido Milk Cheese Tofu Fish Cake,4.4,200 G,
meat-seafood,DODO Cooked Chilli Fish Ball (L),4.25,450 G,
meat-seafood,DODO Breaded Fish Finger,2.8,200 G,
meat-seafood,CB Korean Style Fish Cake 10pcs,5.01,320 G,
meat-seafood,Punched Foods Australia Grass Fed Beef Tenderloin,14.8,200 G,Halal
meat-seafood,Master Grocer Chicken Breast Cube-Chilled,4.95,250 G,
meat-seafood,DODO Fried Fish Roll,2.4,180 G,
meat-seafood,CB 31/40 Frozen Live Grey Prawn Hoso,14.8,1 KG,
meat-seafood,CB Lobster Ball Flavoured (21pcs),7.5,500 G,
meat-seafood,Master Grocer Minced Chicken 350g - Chilled,4.95,350 G,
meat-seafood,DODO Breaded Prawn Finger,2.8,200 G,
meat-seafood,Gim's Heritage Fish Fillet,8.5,500 G,
meat-seafood,Kizmiq Cuttlefish Chip Halal - Frozen,6.9,500 G,Halal
meat-seafood,DODO Imitation Breaded Scallop Nuggets (Orange),4.0,220 G,
meat-seafood,DODO Teochew Fishball,3.85,240 G,
meat-seafood,Seaboss Panko Ebi Fry (Breaded Shrimp),7.9,10 S,
meat-seafood,CB Frozen Squid Flower,7.5,1 KG,
meat-seafood,DODO Kiddos Fish Nuggets - Mixed Vege,4.95,300 G,
meat-seafood,Ryan's Organic Beef Mince Lean (300g-320g) (CH),16.1,300 G,Organic
meat-seafood,Punched Foods Australia Grass Fed YG Striploin Steak Chilled,10.0,200 G,Halal
meat-seafood,CB Steamboat Mini Fish Bean Curd (30pcs),6.5,240 G,
meat-seafood,DODO Breaded Fish Burgers (L),20.0,2.4 KG,
meat-seafood,Punched Foods Frozen Chicken Whole Leg (economical pack),15.8,2 KG,Halal
meat-seafood,Meat Affair Australia Fresh Pork Minced,9.95,500 G,
meat-seafood,CB Fish Ball with Fish Roe (23pcs),7.5,500 G,
meat-seafood,Kizmiq Fish Chip Halal - Frozen,6.9,500 G,Halal
meat-seafood,Pan Royal Frozen Oyster Meat,5.5,300 G,
meat-seafood,Master Grocer Chicken Wing 500g - Chilled,4.95,500 G,
meat-seafood,CB Shrimp Paste,4.3,130 G,
meat-seafood,DODO Breaded Fish Finger With Cheese,4.25,360 G,
meat-seafood,Ryan's Organic Beef Ribeye Steak (300g-350g) (CH),29.4,300 G,Organic
meat-seafood,Ryan's Guanciale (230g-250g) (Chilled),21.4,230 G,
meat-seafood,Ryan's Organic Beef Minced,14.7,300 G,
meat-seafood,CB Frozen Food PTO Grey Prawn (41/50 ),12.8,1 KG,
meat-seafood,Seaboss Kibun Kanimi Chunk - Frozen,7.5,250 G,
meat-seafood,CB Japanese Cheese Fish Tofu (25pcs),7.5,500 G,
meat-seafood,CB Cuttlefish Ball with Squid Ink (25pcs),7.5,500 G,
meat-seafood,Maruha Nichiro Tempura Ebi Fry,6.95,210 G,
meat-seafood,Subi Frozen - Crumbed Spicy Korean Pollock Fish Fingers,5.5,400 G,
meat-seafood,DoDo Breaded Fish Chip With Potato,4.25,500 G,Halal
meat-seafood,CB Spanish Mackerel Fish Paste,3.3,300 G,
meat-seafood,Maruha Nichiro Ready-to-eat Steamed Octopus,22.0,480 G,
meat-seafood,Meat Affair Australia Pork Soup Bone,20.9,1000 G,
meat-seafood,Ken Ken Vannamei Peeled Deveined Prawn - Frozen,18.4,1 KG,
meat-seafood,ST JAMES Scottish Smoked Salmon Whiskey & Honey,15.9,114 G,
meat-seafood,SEABOSS Kanifumi Kamaboko Surimi (Japanese Crabstick) (Halal),12.9,500 G,
meat-seafood,DoDo Bulk Pack Frozen Crab Flavoured Stick,10.0,800 G,Halal
meat-seafood,Pan Royal Fresh Flower Grouper - Cleaned and Gutted,9.5,400 G,
meat-seafood,Seaco Tempura Fish Chunk,8.9,500 G,
meat-seafood,Subi Frozen Seafood - Tempura Pollock Fish Fillets,8.0,260 G,
meat-seafood,Master Grocer Australia Grain fed Beef Cube 200gm - Chilled,6.95,200 G,
meat-seafood,MasterGrocer Marinated CK Breast Classic Original Flavour-C,5.95,250 G,
meat-seafood,SEABOSS Premium Shrimp Paste,5.5,150 G,
meat-seafood,Master Grocer Premium Minced Pork - Chilled,4.95,350 G,
meat-seafood,Fishy King Frozen Prawn Paste,4.9,150 G,
meat-seafood,CB 10/12 Frozen Live Black Tiger Prawn Hoso,29.33,1 KG,
meat-seafood,KSP Australian Grass fed Wagyu Beef Striploin Steak MB4,17.54,200 G,
meat-seafood,Seaboss Oden Set,13.0,450 G,
meat-seafood,Punched Foods Australia Grass Fed Flank Beef Stir Fry Chilled,13.0,300 G,Halal
meat-seafood,"Zac Butchery Chicken Breast Pack, Peri-Peri-Marinated",12.0,500 G,
meat-seafood,Pan Royal Frozen Prawn Meat,12.0,1 KG,
meat-seafood,Master Grocer Grassfed Beef Chuck Eye Steak 250g - Chilled,11.95,250 G,
meat-seafood,Master Grocer Fresh Organic Kampung Chicken Minced,10.95,300 G,
meat-seafood,Gim's Heritage Sotong Fillet,8.6,500 G,
meat-seafood,Ryan's Borrowdale FR Pork Minced (300g-320g) (CH),7.8,300 G,
meat-seafood,Meat Affair Korean Spicy Chicken Bulgogi,6.9,250 G,
meat-seafood,DODO Chilli Fish Cake,2.85,200 G,
meat-seafood,Ryan's Organic Beef Sirloin Steak (300g-350g) (CH),26.1,300 G,Organic
meat-seafood,Ken Ken Black Tiger Prawn (Large) 21/25 - Frozen,23.75,1 KG,
meat-seafood,"Meat Affair Australia Pork Shoulder Lean S/O, Twee Bah",18.9,1 KG,
meat-seafood,Ryan's Organic Beef Meatballs (350g-370g) (CH),17.6,350 G,Organic
meat-seafood,Pan Royal Frozen Frog Leg,17.0,1 KG,
meat-seafood,Meat Affair Australia Pork Minced,16.95,1 KG,
meat-seafood,Viya Crab Frozen Crab Roll Halal - Frozen,16.85,250 G,Halal
meat-seafood,Ryan's 200 Day Grain Fed Beef Yakiniku (Chilled),15.3,300 G,
meat-seafood,Ryan's Organic Beef Stir Fry (300-320g) (CH),15.2,300 G,Organic
meat-seafood,Meat Affair Marinated Pork Baby Rib - Honey,14.95,500 G,
meat-seafood,Pan Royal Fresh Squid Cut With Head,13.5,500 G,
meat-seafood,Punched Foods Australia Grass Fed YG Ribeye Steak Chilled,13.0,200 G,Halal
meat-seafood,Master Grocer Australia Black Angus Oyster Blade Steak-Chill,12.95,200 G,
meat-seafood,Master Grocer Australia Grass fed Beef Hangers steak - Chille,12.95,200 G,
meat-seafood,Master Grocer Australia Pork Tenderloin - Chilled,11.95,400 G,
meat-seafood,Master Grocer Aus B.Angus Beef Flank Stir Fry 200g - Chill,11.95,200 G,
meat-seafood,Pan Royal Fresh White Threadfin - Cleaned and Gutted,11.5,500 G,
meat-seafood,Pan Royal Fresh Black Pomfret - Cleaned and Gutted,11.0,400 G,
meat-seafood,"Zac Butchery Chicken Thigh Pack, Peri-Peri-Marinated",10.5,500 G,
meat-seafood,Zac Butchery Chicken Schnitzel Pack,9.2,340 G,
meat-seafood,Pan Royal Fresh Baby Sotong,8.0,300 G,
meat-seafood,CB Prawn Flavoured Ball with Fish Roe (21pcs),7.64,500 G,
meat-seafood,CB Salmon Ball with Cheese (21pcs),7.5,500 G,
meat-seafood,Ken Ken Chicken Meatball - Frozen,7.3,500 G,
meat-seafood,Meat Affair Korean Beef Bulgogi,6.9,200 G,
meat-seafood,CB Seafood Tofu (21pcs),6.0,500 G,
meat-seafood,Master Grocer Pork Shoulder Butt - Chilled,5.95,250 G,
meat-seafood,Zac Butchery Minced Chicken Pack,5.1,250 G,
meat-seafood,Pan Royal Frozen White Clam,5.0,1 KG,
meat-seafood,Master Grocer 99% Fat Free Chicken Tenderloin 250g - Chilled,4.95,250 G,
meat-seafood,Master Grocer Fresh Organic Chicken Carcass 250g - Chilled,4.95,250 G,
meat-seafood,Master Grocer Chicken Mid joint Wing 300g - Chilled,4.95,300 G,
meat-seafood,Ahimsa Vegan Otak-Otak Crab / Vegetarian Food,4.9,300 G,
meat-seafood,DODO Otah Fish Cake,3.35,200 G,
meat-seafood,Master Grocer Australia Grassfed Lamb 4 Rack - Chilled,36.95,400 G,
meat-seafood,Pan Royal Fresh Red Grouper,30.5,400 G,
meat-seafood,Master Grocer Grassfed Beef Ribeye Steak 2pc,26.95,400 G,
meat-seafood,Master Grocer Whole Duck 2.5kg Fresh Frozen,26.95,2.5 KG,
meat-seafood,Ryan's Wagyu Stir Fry (Chilled),23.95,300 G,
meat-seafood,Pan Royal Frozen Tiger Prawn 13/15,23.0,1 KG,
meat-seafood,Meat Affair Australia Pork Hind Lean,21.9,1 KG,
meat-seafood,Ken Ken Vannamei Peeled Deveined Prawn 26 / 30 - Frozen,20.0,1 KG,
meat-seafood,Pan Royal Frozen Crayfish,20.0,8 S,
meat-seafood,Master Grocer M.Grocer Grassfed Beef Ribeye ThickCut 1pc Chil,19.95,280 G,
meat-seafood,CB 31/40 Frozen Live Black Tiger Prawn Hoso,18.8,1 KG,
meat-seafood,CB 41/50 Frozen Live Cooked Tiger Prawn Hoso,17.82,1 KG,
meat-seafood,"Zac Butchery Chicken Wings Pack, Cajun-Marinated",17.5,1 KG,
meat-seafood,Master Grocer Master Grocer NZ Black Angus Beef Striploin Chi,15.95,250 G,
meat-seafood,ST JAMES Scottish Smoked Salmon Gravadlax,15.9,114 G,
meat-seafood,ST JAMES Scottish Smoked Salmon Garlic & Pepper,15.9,114 G,
meat-seafood,KSP Australian Wagyu Beef Minced,15.13,300 G,
meat-seafood,Gim's Heritage Sotong Ball,14.2,1 KG,
meat-seafood,Ryan's AUS FR Chicken Mid Wing (400g-450g) (CH),14.1,400 G,
meat-seafood,Zac Butchery Beef Stirfry Pack,12.4,250 G,
meat-seafood,"Zac Butchery Chicken Breast Pack, Cajun-Marinated",12.0,500 G,
meat-seafood,Master Grocer Aus Beef Flank Steak 200g - Chill,11.95,200 G,
meat-seafood,"Zac Butchery Chicken Breast Pack, Original",11.8,500 G,
meat-seafood,"Meat Affair Australia Fresh Pork  Shoulder Lean S/O, Twee Bah",11.3,500 G,
meat-seafood,Meat Affair Free Range Hind Lean,10.8,250 G,
meat-seafood,Pacific West Frozen Seafood - Breaded Oysters,10.6,400 G,
meat-seafood,"Zac Butchery Chicken Thigh Pack, Basil-Marinated",10.5,500 G,
meat-seafood,KiomKee Crispy Prawn Ball,10.32,400 G,
meat-seafood,Master Grocer Grassfed Lamb Leg Cube 250g - Chilled,9.95,250 G,
meat-seafood,Meat Affair Brisket Soft Bone,9.95,500 G,
meat-seafood,DODO Chicken Mushroom Paste,9.9,120 G,
meat-seafood,Ouseolrang THE HAYAN - PURE Fish cake Bar,8.9,300 G,
meat-seafood,Ken Ken Squid Tube - Frozen,8.9,1 KG,
meat-seafood,Punched Foods Fresh Chicken Whole Leg (2pc),8.5,500 G,
meat-seafood,DODO Snow Crab Leg (Flavoured),8.35,250 G,
meat-seafood,Punched Foods Australia Grass Fed Flank Beef Chilled,8.0,200 G,Halal
meat-seafood,CB Japanese Fish Tofu (25pcs),7.64,500 G,
meat-seafood,Pan Royal Fresh Kembong 3pcs - Cleaned and Gutted,7.0,450 G,
meat-seafood,Meat Affair Spicy Korean Beef Bulgogi,6.9,200 G,
meat-seafood,CB Bean Curd King (18pcs),6.5,500 G,
meat-seafood,Pan Royal Frozen Flower La La,5.8,500 G,
meat-seafood,Master Grocer Fresh Chicken Feet 300g - Chilled,4.95,300 G,
meat-seafood,Master Grocer Pre-Cuts Pork Cube 300g - Chilled,4.95,300 G,
meat-seafood,Master Grocer 99% Fat Free Chicken Breast Skinless 1pc-Ch,4.95,250 G,
meat-seafood,Ken Ken Minced Crab Bite - Frozen,4.65,200 G,
meat-seafood,RMC 450D Grain Fed Wagyu Ribeye (Approx 450g) (CH),68.9,450 G,
meat-seafood,Punched Foods Premium Hokkaido Sea Scallops,58.0,1 KG,
meat-seafood,Ryan's Borrowdale FR Pork Collar (Chilled),46.0,1 KG,
meat-seafood,Ryan's Borrowdale FR Pork Bak Kut Teh (500g-550g) (CH),31.3,500 G,
meat-seafood,Ryan's Borrowdale FR Pork Belly B/Less S/Less (CH),29.0,500 G,
meat-seafood,Ken Ken Black Tiger Prawn (Jumbo) (13/15) - Frozen,27.9,1 KG,
meat-seafood,Pan Royal Fresh Chinese Pomfret - Cleaned and Gutted,26.5,500 G,
meat-seafood,Ryan's Organic Beef Shin Shank (500g-550g) (CH),24.5,500 G,Organic
meat-seafood,Ryan's Wagyu Cubes,23.95,300 G,
meat-seafood,Ryan's Wagyu Minced,23.95,300 G,
meat-seafood,KSP Fresh Pork Prime Ribs Cuts,21.91,500 G,
meat-seafood,Warilba Organic Carbon Neutral Lamb Cubes,21.9,300 G,
meat-seafood,KSP Australian Premium Wagyu Shabu,18.32,300 G,
meat-seafood,Pan Royal Frozen Vannamei Prawn 16/20,18.0,1000 G,
meat-seafood,"Zac Butchery Chicken Wings Pack, Peri-Peri-Marinated",17.5,1 KG,
meat-seafood,"Zac Butchery Chicken Wings Pack, Basil-Marinated",17.5,1 KG,
meat-seafood,Ryan's AUS FR Chicken Tenderloin Fillet (400g-450g) (CH),17.2,400 G,
meat-seafood,Pan Royal Fresh White Pomfret,16.5,300 G,
meat-seafood,Ryan's AUS FR Chicken Minced (400g-420g) (CH),16.4,400 G,
meat-seafood,ST JAMES Scottish Smoked Salmon Orange and Pepper,15.9,114 G,
meat-seafood,Pan Royal Fresh Stingray Cut,15.5,500 G,
meat-seafood,Pan Royal Fresh Batang STEAK Airflown,15.5,500 G,
meat-seafood,Ryan's 200 Day Grain Fed Beef Stir Fry (Chilled),15.3,300 G,
meat-seafood,KSP Australian Wagyu Striploin Steak MB2,15.06,200 G,
meat-seafood,Meat Affair Australia Fresh Pork Shoulder Butt,15.0,500 G,
meat-seafood,Master Grocer Manhattan NY Grassfed Beef Filet 200g - Chilled,14.95,200 G,
meat-seafood,Meat Affair Marinated Baby Rib - Chicago,14.95,500 G,
meat-seafood,Zac Butchery Chicken Cordon Bleu Pack,14.5,500 G,
meat-seafood,CB IQF 40/60 Baby Cuttlefish,13.8,1 KG,
meat-seafood,Master Grocer Aus Black Angus Ribeye - Normal Cut,13.5,280 G,
meat-seafood,Zac Butchery Chicken Kiev Pack,13.2,500 G,
meat-seafood,Pan Royal Fresh Squid Whole,13.0,500 G,
meat-seafood,Maruha Nichiro Breaded Butterfly Cut Scad,12.9,600 G,
meat-seafood,Master Grocer Aus Lamb Shoulder Chop Boneless Chill,11.95,250 G,
meat-seafood,SEABOSS Charcoal Grilled Tsukune with Cartilage Bits 10PCS,11.5,10 S,
meat-seafood,KSP Fresh Pork Twee Bak ( Pork Shoulder ),11.08,500 G,
meat-seafood,Zac Butchery Premium Minced Beef Pack,11.0,250 G,
meat-seafood,Zac Butchery Homemade Chicken Meatball - 12 pcs,10.8,360 G,
meat-seafood,"Zac Butchery Chicken Thigh Pack, Original",10.4,500 G,
meat-seafood,Master Grocer Antibiotics Free Chicken Leg Boneless Skin On-C,9.95,300 G,
meat-seafood,Seaboss Small Peeled Prawns,9.9,500 G,
meat-seafood,DODO Tobiko Prawn Paste,9.9,120 G,
meat-seafood,Gim's Heritage Shrimp Paste,9.6,300 G,
meat-seafood,Meat Affair Free Range Loin Boneless,9.5,250 G,
meat-seafood,Zac Butchery Chicken Drumstick Pack,9.2,500 G,
meat-seafood,Ken Ken Squid Flower - Frozen,8.5,1 KG,
meat-seafood,Zac Butchery Chicken Leg Bone-in Pack,8.3,440 G,
meat-seafood,Pan Royal Frozen Shrimp Paste,8.0,150 G,
meat-seafood,Seaboss Lobster-flavoured Ball with Tobiko,7.9,500 G,
meat-seafood,CB Sea Urchin Flavoured Ball (21pcs),7.5,500 G,
meat-seafood,Xiao Xiang Rou Hunan Hanshou Pork Hind Trotter,7.0,300 G,
meat-seafood,Master Grocer Chicken Drumstick Skinless - Chilled,6.95,200 G,
meat-seafood,Master Grocer Whole Duck leg Bone in 250-300g - Chilled,6.95,250 G,
meat-seafood,Xiao Xiang Rou Hunan Hanshou Pork Mince,6.9,300 G,
meat-seafood,SEABOSS Takoyaki (Octopus Balls),6.9,10 S,
meat-seafood,Seaco Surimi Breaded Scallop Meat,6.9,200 G,
meat-seafood,Seaboss Tamanegi Ten (Onion Tempura),6.9,150 G,
meat-seafood,Seaboss Yasai Ten (Mixed Vegetable Tempura),6.9,200 G,
meat-seafood,Seaboss Frozen Asari Clams (Short necked clams),6.56,500 G,
meat-seafood,Pan Royal Frozen Clam Meat,6.0,500 G,
meat-seafood,CB Frozen Simulated Snow Crab Leg (30pcs),6.0,270 G,
meat-seafood,Kibun Hello Kitty Kamaboko - Frozen,5.6,70 G,
meat-seafood,Master Grocer 99% Fat Free Chicken Breast Skinless Strips-Ch,4.95,250 G,
meat-seafood,Seaboss Cut Tako (Cut Octopus),4.9,100 G,
meat-seafood,CB Hong Kong Soybean Roll (14pcs),4.8,180 G,
meat-seafood,CB Lobster Ball Flavoured,3.96,190 G,
meat-seafood,Ken Ken Premium AAA Seafood Stick (Flavoured Crab Stick),3.6,250 G,
meat-seafood,CB Thai Filament Crab Sticks (A) 16pcs,2.64,250 G,
meat-seafood,Zac Butchery Lamb Leg Bone-In Whole,104.0,2 KG,
meat-seafood,Zac Butchery Lamb Rack Pack,99.8,950 G,
meat-seafood,Zac Butchery Wagyu Beef Rib-Eye Pack (MB 6-7),98.0,500 G,
meat-seafood,Zac Butchery Wagyu Beef Sirloin Pack (MB 6-7),97.2,500 G,
meat-seafood,The Meat Club Grass Fed Tomahawk Steak - AUS - Chilled,93.5,900 G,
meat-seafood,Master Grocer Ready to Roast Beef Tenderloin-Chilled,80.0,800 G,
meat-seafood,Master Grocer Ready to Roast Beef Ribeye-Chilled,78.0,1.5 KG,
meat-seafood,Ryan's Borrowdale Pork Rack Whole B/In R/On S/On (1.4-1.6Kg),74.3,1.4 KG,
meat-seafood,Master Grocer Ready to Roast-Beef Striploin Chilled,68.0,1.5 KG,
meat-seafood,RMC 450D Grain Fed Wagyu Striploin MB 6-7 (Chilled),62.6,450 G,
meat-seafood,Ryan's Wagyu Striploin MB 4-5 (Chilled),59.6,400 G,
meat-seafood,Ryan's Wagyu Tenderloin MB 4-5 (Chilled),55.1,300 G,
meat-seafood,Vegetarian World Vegan Small Tiger Prawn,54.0,3000 G,
meat-seafood,Zac Butchery Lamb Chops Pack,54.0,500 G,
meat-seafood,Zac Butchery Lamb Kebabs Pack,53.8,1 KG,
meat-seafood,Zac Butchery Beef Kebabs Pack,51.5,1 KG,
meat-seafood,Pan Royal Frozen Canada Scotia Bay Scallop Meat,50.0,1 KG,
meat-seafood,Zac Butchery Angus Beef Rib-Eye Pack,49.8,500 G,
meat-seafood,Zac Butchery Chicken Kebabs Pack,47.3,1 KG,
meat-seafood,Ryan's Borrowdale FR Pork Loin Ribs B/In (Chilled),47.2,800 G,
meat-seafood,Master Grocer Master Grocer USA Angus Beef Ribeye Steak Chill,46.5,400 G,
meat-seafood,Ryan's AUS FR Chicken Kiev (1Kg-1.2Kg) (CH),45.7,1 KG,
meat-seafood,Zac Butchery Angus Beef Sirloin Pack,42.5,500 G,
meat-seafood,KSP Australian Wagyu Beef Short Ribs - English Style,42.17,500 G,
meat-seafood,Zac Butchery Grass-Fed Beef Tenderloin Pack,42.0,500 G,
meat-seafood,Toriyama A4 Wagyu Yakiniku (200g-210g) (CH),41.8,200 G,
meat-seafood,Zac Butchery Grass-Fed Beef Rib-Eye Pack,40.5,500 G,
meat-seafood,Seaboss XL Tiger Prawn 10/12 PCS,38.5,1 KG,
meat-seafood,Ryan's Wagyu Mini Steak MB 4-5 (Chilled),38.1,2 x 150 G,
meat-seafood,KSP Australian Wagyu Beef Short Ribs,36.44,450 G,
meat-seafood,Meat Affair Australia Pork Belly,35.9,1 KG,
meat-seafood,BlueYou Premium Black Tiger Selva Shrimp,35.1,1 KG,
meat-seafood,Zac Butchery Beef Sirloin Pack,35.1,500 G,
meat-seafood,Pan Royal Frozen Japan Murotsu Sashimi Oyster,34.0,12 S,
meat-seafood,Zac Butchery Lamb Shoulder Chop,33.4,1 KG,
meat-seafood,Master Grocer Australia Grassfed Lamb Chop 400g - Chilled,32.5,400 G,
meat-seafood,Punched Foods Premium Hokkaido Sea Scallops,32.0,500 G,
meat-seafood,The Meat Club Jumbo King Prawns,30.8,500 G,
meat-seafood,CB 10/20 Hokkaido Sea Scallop,29.9,500 G,
meat-seafood,"Zac Butchery Lamb Butterfly Steak, Rosemary & Garlic Marinate",29.8,450 G,
meat-seafood,Ken Ken Sea Scallop Meat (20/30) L - Frozen,29.3,800 G,
dairy-chilled-eggs,F & N NutriWell Reduced Sugar Drink - Barley,2.77,946ml,Halal
dairy-chilled-eggs,Zheng An Korea Kimchi,7.15,400g,
dairy-chilled-eggs,[BCRS] Farm Fresh Milk - Pure,6.7,2L,Halal
dairy-chilled-eggs,Marigold HL Milk - Plant Sterols,3.86,946ml,Halal
dairy-chilled-eggs,FairPrice Bacon - Streaky,4.95,200g,
dairy-chilled-eggs,FairPrice Breakfast Ham,3.1,200g,
dairy-chilled-eggs,Johnsonville Smoked Pork Sausage - Beddar with Cheddar,11.65,360g,
dairy-chilled-eggs,Delicato Chicken Sausage - Smoked,9.11,360g,
dairy-chilled-eggs,FairPrice Honey Baked Ham,3.25,200g,
dairy-chilled-eggs,Delicato Shaved Ham - Honey Baked,5.4,90g,
dairy-chilled-eggs,Marigold HL Milk - Select Matcha Latte,3.95,946ml,
dairy-chilled-eggs,Delicato Pork Sausage - Hot & Spicy,9.11,360g,
dairy-chilled-eggs,Johnsonville Brats - Smoked,11.65,360g,
dairy-chilled-eggs,Marigold HL Dark Chocolate Milk with Plant Sterols,3.86,946ml,Halal
dairy-chilled-eggs,Delicato Bratwurst Pork Sausage - Cheddar,9.11,360g,
dairy-chilled-eggs,Delicato Bratwurst Pork Sausage - Smoked,9.11,360g,
dairy-chilled-eggs,Delicato Shaved Ham - Apple Baked,5.4,90g,
dairy-chilled-eggs,FairPrice Bacon - Back,4.95,200g,
dairy-chilled-eggs,Delicato Pork Sausage - Truffle Cheese,9.11,300g,
dairy-chilled-eggs,Delicato Smoked Duck - Original,6.06,220g,
dairy-chilled-eggs,Johnsonville Smoked Pork Sausage - Garlic Brats,11.65,360g,
dairy-chilled-eggs,Johnsonville Smoked Pork Sausage - Hot & Spicy,11.65,360g,
dairy-chilled-eggs,FairPrice Free Range Ham - Gammon,5.05,200g,
dairy-chilled-eggs,Delicato Smoked Duck - Black Pepper,6.06,220g,
dairy-chilled-eggs,Tradition Bacon - Bits,3.92,190g,
dairy-chilled-eggs,[BCRS] Farm Fresh Milk - Lactose Free,4.45,1L,Halal
dairy-chilled-eggs,BoBo Chicken Sausage - Cheese,3.87,200g,Halal
dairy-chilled-eggs,FairPrice Free Range Baked Ham - Honey,5.05,200g,
dairy-chilled-eggs,Delicato Shaved Ham - Smoked,5.4,90g,
dairy-chilled-eggs,FairPrice Mini Honey Baked Ham - Roll,10.7,800g,
dairy-chilled-eggs,FairPrice Chicken Ham - Honey Baked,3.31,200g,
dairy-chilled-eggs,Delicato Cheddar Chicken Sausage,9.11,360g,
dairy-chilled-eggs,Delicato Streaky Bacon -  Applewood Smoked,6.95,200g,
dairy-chilled-eggs,BoBo Turkey Ham,3.87,200g,Halal
dairy-chilled-eggs,Tradition Bacon - Streaky,6.31,270g,
dairy-chilled-eggs,Delicato Pork Sausages - Little Smokies,6.95,300g,
dairy-chilled-eggs,Johnsonville Smoked Chicken Sausage - Cheese,11.65,360g,
dairy-chilled-eggs,Delicato Pork Cheddar Sausage - Little Smokies,6.95,300g,
dairy-chilled-eggs,Johnsonville Smoked Chicken Sausage,11.65,360g,
dairy-chilled-eggs,Kelly's Sliced Ham - Premium Apple Baked,4.79,200g,
dairy-chilled-eggs,Delicato Streaky Bacon - Beechwood Smoked,6.95,200g,
dairy-chilled-eggs,Johnsonville Cooked Pork Sausage - Lemon & Pepper,11.65,360g,
dairy-chilled-eggs,Willms German Sausage - Bockwurst,10.69,400g,
dairy-chilled-eggs,Pasar Fresh Eggs,2.85,550g (10 per pack),
dairy-chilled-eggs,Yakult Cultured Milk Bottle Drink - Assorted Flavours (Twin Pack),6.91,10 x 100ml,Halal
dairy-chilled-eggs,Fortune Japanese Silken Tofu - Omega 3 DHA,0.95,300g,Halal
dairy-chilled-eggs,Chew's Fresh Eggs with Vitamin E,3.75,600g (10 per pack),
dairy-chilled-eggs,Dasoon Premium Fresh Eggs,4.7,900g (15 per pack),
dairy-chilled-eggs,F & N Magnolia Fresh Milk,3.63,946ml,
dairy-chilled-eggs,Pasar Fresh Eggs - Large,3.78,10 per pack,
dairy-chilled-eggs,Fortune Silken Egg Tofu - Extra Smooth with Omega 3 (Tube),1.0,150g,Halal
dairy-chilled-eggs,Fortune Tau Kwa - Original,1.42,450g (2 per pack),Halal
dairy-chilled-eggs,Fortune Silken Tofu - Japanese,0.95,300g,Halal
dairy-chilled-eggs,F & N NutriSoy High Calcium Fresh Soya Milk - Reduced Sugar,2.77,946ml,
dairy-chilled-eggs,Meiji Flavoured Yoghurt with Nata De Coco - Kyoho Grape,1.01,135g,Halal
dairy-chilled-eggs,Meiji Low Fat Yoghurt - Strawberry,1.01,135g,Halal
dairy-chilled-eggs,Cowhead Cheese Slices - Cheddar,9.95,3 x 250g (12 per pack),Halal
dairy-chilled-eggs,[BCRS] Meiji Low Fat High Protein Milk - Chocolate,3.75,350ml,Halal
dairy-chilled-eggs,Meiji Low Fat Yoghurt - Mango,1.01,135g,Halal
dairy-chilled-eggs,Chew's Fresh Eggs - Omega 3,4.3,550g (10 per pack),
dairy-chilled-eggs,Yakult Cultured Milk Bottle Drink - Ace Light(FamilyPack),8.48,10 per pack,Halal
dairy-chilled-eggs,Meiji Flavoured Yoghurt with Nata De Coco - Peach,1.01,135g,Halal
dairy-chilled-eggs,Seng Choon Large Eggs,4.24,630g (10 per pack),Halal
dairy-chilled-eggs,Vitagen Cultured Milk - Less Sugar (Assorted),6.6,10 x 125ml,Halal
dairy-chilled-eggs,F & N NutriSoy High Calcium Fresh Soya Milk - No Sugar Added,2.77,946ml,
dairy-chilled-eggs,Fortune Tau Kwa - Original with Omega 3,1.45,450g (2 per pack),Halal
dairy-chilled-eggs,Farmers Union Greek Style Yoghurt - Natural,9.65,1kg,
dairy-chilled-eggs,Farmhouse Milk - Fresh,3.73,946ml,
dairy-chilled-eggs,N&N Big Fresh Eggs,4.55,650g (10 per pack),
dairy-chilled-eggs,Meiji Low Fat Yoghurt - Mixed Berry,1.01,135g,Halal
dairy-chilled-eggs,Chew's Singapore Fresh Eggs - Omega 6,4.15,550g (10 per pack),
dairy-chilled-eggs,Greenfields Fresh Milk - Regular,6.05,1.89L,Halal
dairy-chilled-eggs,Yakult Cultured Milk Bottle Drink - Assorted Flavours,3.53,5 x 100ml,Halal
dairy-chilled-eggs,Marigold Low Fat Yoghurt - Mixed Berries,1.0,130g,Halal
dairy-chilled-eggs,Seng Choon Lower Cholesterol Eggs - Carrot,4.55,640g (10 per pack),
dairy-chilled-eggs,Marigold HL Milk - Plain,3.56,946ml,
dairy-chilled-eggs,Meiji Low Fat Yoghurt - Nata De Coco,1.01,135g,
dairy-chilled-eggs,Marigold Greek Style Yoghurt - Natural,7.8,1kg,Halal
dairy-chilled-eggs,Bulla Cottage Cheese - Original,6.6,200g,
dairy-chilled-eggs,Emborg Sliced Cheese - Perfect Slices (Cheddar),10.38,3 x 200g,
dairy-chilled-eggs,Yakult Cultured Milk Drink - Gold,7.34,10 x 100ml,Halal
dairy-chilled-eggs,Meiji Pasteurized Lactose Free Milk,5.25,946ml,Halal
dairy-chilled-eggs,Seng Choon Eggs - Farm Fresh,3.88,550g (10 per pack),
dairy-chilled-eggs,Yotsuba Hokkaido Fresh Milk,6.87,1L,
dairy-chilled-eggs,Paul's Fresh Milk - Full Cream,4.54,1L,Halal
dairy-chilled-eggs,Peng Wang Cheese Tofu,3.2,200g,Halal
dairy-chilled-eggs,Tamar Valley Dairy Greek Style Yoghurt - Strawberry,2.97,110g,
dairy-chilled-eggs,BoBo Fried Tau Kee - Hand-Made,2.35,110g,
dairy-chilled-eggs,Marigold Low Fat Yoghurt - Strawberry,1.0,130g,Halal
dairy-chilled-eggs,Marigold Power Beans Fresh Soya Milk - Unsweetened,2.34,946ml,Halal
dairy-chilled-eggs,SCS Pure Creamery Butter Block - Unsalted,5.5,227g,
dairy-chilled-eggs,Tradition Shredded Mozzarella & Red Cheddar,5.24,225g,
dairy-chilled-eggs,SCS Pure Creamery Butter Block - Salted,5.5,227g,
dairy-chilled-eggs,F & N NutriSoy High Calcium Fresh Soya Milk - Regular,2.77,946ml,
dairy-chilled-eggs,Chef Quail Eggs,2.85,140g (15 per pack),
dairy-chilled-eggs,BoBo Flat Fish Cake - Big,3.15,230g (3 per pack),Halal
dairy-chilled-eggs,Farmers Union Greek Style Yoghurt - High Protein,6.9,500g,Halal
dairy-chilled-eggs,Magnolia Fresh Milk - Cholest Care Low Fat Hi-Calcium,3.95,946ml,Halal
dairy-chilled-eggs,Nuyolk Vitamins Enriched Eggs,6.01,530g (10 per pack),
dairy-chilled-eggs,[BCRS] Meiji Low Fat High Protein Milk - Original,3.75,350ml,Halal
dairy-chilled-eggs,BoBo Fish Ball,4.8,500g,
dairy-chilled-eggs,Fortune Silken Tofu - Extra Smooth (Box),0.95,300g,Halal
dairy-chilled-eggs,Pasar Fresh Eggs,6.65,30 per pack,
dairy-chilled-eggs,Chew's Rise & Shine Farm Fresh Eggs,3.05,450g,Halal
dairy-chilled-eggs,Fortune Pasar Tau Kwa,1.41,3 x 150g,Halal
dairy-chilled-eggs,Greenfields Fresh Milk - Low Fat,6.05,1.89L,Halal
dairy-chilled-eggs,Emborg European Cooking Cream,4.63,200ml,
dairy-chilled-eggs,Marigold Low Fat Yoghurt - Natural,1.0,130g,Halal
dairy-chilled-eggs,F & N NutriSoy High Calcium Fresh Soya Milk - Matcha Latte,2.97,946ml,Halal
dairy-chilled-eggs,Emborg Shredded Cheese - Mozzarella,5.95,200g,Halal
dairy-chilled-eggs,Chew's Fresh Eggs - Organic Selenium,4.9,550g (10 per pack),
dairy-chilled-eggs,FairPrice Unsalted Butter,4.99,250g,Halal
dairy-chilled-eggs,BoBo Seafood Tofu - Cheese,3.6,200g,
dairy-chilled-eggs,Brownes Dairy Greek Yoghurt,9.5,1kg,
dairy-chilled-eggs,Chobani Greek Yogurt - Strawberry,4.02,160g,
dairy-chilled-eggs,Pauls Natural Set Yogurt,8.95,1.4kg,
dairy-chilled-eggs,Greenfields Fresh Milk - Regular,3.51,1L,Halal
dairy-chilled-eggs,F & N Magnolia Low Fat Hi-Cal Milk - Fresh,3.63,946ml,
dairy-chilled-eggs,Chobani Greek Yogurt - Blueberry,4.02,160g,
dairy-chilled-eggs,Tamar Valley Dairy Kids Greek Style Yoghurt - Blueberry,2.97,110g,
dairy-chilled-eggs,Chobani Greek Yogurt - Natural Light,4.02,160g,
dairy-chilled-eggs,Marigold Low Fat Yoghurt - Peach,1.0,130g,Halal
dairy-chilled-eggs,FairPrice Butter - Salted,4.99,250g,Halal
dairy-chilled-eggs,Yakult Cultured Milk Bottle Drink - Original,3.53,5 x 100ml,Halal
dairy-chilled-eggs,Tamar Valley Dairy Kids Greek Style Yoghurt - Tropical,2.97,110g,
dairy-chilled-eggs,Brownes The Greek Yoghurt - Honey,9.5,1kg,
dairy-chilled-eggs,Greenfields Fresh Milk - Low Fat,3.51,1L,Halal
dairy-chilled-eggs,FairPrice Cheese Slices,10.25,3 x 250g (12 per pack),
dairy-chilled-eggs,Buttercup Luxury Spread Block - Salted,2.7,227g,
dairy-chilled-eggs,Farmhouse Low Fat Flavoured Milk - Dark Chocolate,3.73,946ml,
dairy-chilled-eggs,Yakult Cultured Milk Bottle Drink - Grape,3.53,5 x 100ml,Halal
dairy-chilled-eggs,Freedom Range Cage-Free Eggs - Extra Large,9.5,800g (12 per pack),
dairy-chilled-eggs,Brownes Dairy Greek Yoghurt - Plain,8.5,1kg,
dairy-chilled-eggs,[BCRS] F & N Magnolia Fresh Milk,5.95,1.89L,Halal
dairy-chilled-eggs,Marigold Greek Style Yoghurt - Vanilla,7.8,1kg,Halal
dairy-chilled-eggs,Cowhead Cheese - Mozzarella (Shredded),6.5,250g,Halal
dairy-chilled-eggs,Yakult Cultured Milk Bottle Drink - Original (Twin Pack),6.91,10 x 100ml,Halal
dairy-chilled-eggs,Tamar Valley Dairy Greek Style Yoghurt - Raspberry,2.97,110g,
dairy-chilled-eggs,Naturel Cholesterol Free Margarine - Soft,4.1,500g,Halal
dairy-chilled-eggs,I'm Kimchi Korean Cabbage Kimchi,7.95,500g,
dairy-chilled-eggs,Pauls Natural Set Yoghurt,4.64,470g,
dairy-chilled-eggs,FairPrice Cheese Slices - Reduced Fat,4.6,250g,Halal
dairy-chilled-eggs,Emmi Swiss Premium Low Fat Yogurt - Strawberry,1.52,100g,
dairy-chilled-eggs,Unicurd Tofu Puff,1.5,65g,Halal
dairy-chilled-eggs,Marigold Power Beans Fresh Soya Milk - Reduced Sugar,2.34,946ml,Halal
dairy-chilled-eggs,Fortune Chinese Tofu - Traditional,0.95,300g,Halal
dairy-chilled-eggs,Chew's Kampong Chicken Eggs,4.15,180g (6 per pack),
dairy-chilled-eggs,Vitagen Cultured Milk - Less Sugar (Assorted),3.56,5 x 125ml,Halal
dairy-chilled-eggs,Farmers Union Greek Style Yoghurt - Vanilla Bean,9.65,950g,Halal
dairy-chilled-eggs,Emmi Swiss Premium Low Fat Yogurt - Blueberry,1.52,100g,
dairy-chilled-eggs,Marigold Peel Fresh Juice - Powerberries (No Sugar),2.74,946ml,
dairy-chilled-eggs,Tamar Valley Dairy Kids Greek Style Yoghurt - Vanilla,2.97,110g,
dairy-chilled-eggs,Brownes Yoghurt Pouch - Blueberry,2.95,90g,
dairy-chilled-eggs,President Cheese Slices - Sandwich Cheddar,6.81,200g (10 per pack),
dairy-chilled-eggs,Marigold Peel Fresh Juice - Pomegranate Cranberry with Apple,2.74,946ml,
dairy-chilled-eggs,Fortune Chinese Tofu - Omega 3 DHA,0.95,300g,Halal
dairy-chilled-eggs,Anchor Pure New Zealand Block Butter - Unsalted,5.7,227g,
dairy-chilled-eggs,SCS Spreadable Butter - Salted,8.1,250g,Halal
dairy-chilled-eggs,Dasoon Cooked Quail Eggs,2.35,15 per pack,
dairy-chilled-eggs,Chobani Greek Yogurt - Mango,4.02,160g,
dairy-chilled-eggs,Seng Choon Lower Cholesterol Eggs - Golden Corn,3.59,520g (10 per pack),
dairy-chilled-eggs,Farmers Union Greek Style Yoghurt - Natural,4.0,2 x 140g,Halal
dairy-chilled-eggs,CJ Bibigo Korean Sliced Kimchi,8.1,500g,
dairy-chilled-eggs,BoBo Fuzhou Fish Ball with Chicken Fillings,3.95,270g,
dairy-chilled-eggs,Lurpak Spreadable Butter - Slightly Salted,10.9,250g,
dairy-chilled-eggs,Marigold Non Fat Yoghurt - Natural (No Sugar Added),6.4,1kg,Halal
dairy-chilled-eggs,Marigold Greek Style Yoghurt - Natural,1.85,130g,Halal
dairy-chilled-eggs,Marigold HL Milk - Chocolate,3.56,946ml,
dairy-chilled-eggs,Cowhead Triple Pack Cheese - Burger Cheddar,6.95,3 x 200g,Halal
dairy-chilled-eggs,BoBo Fish Ball,3.6,250g,Halal
dairy-chilled-eggs,Brownes Yogurt Pouch - Mango,2.95,90g,
dairy-chilled-eggs,Meiji Bulgaria Yoghurt - Golden Honey,2.85,2 x 110g,Halal
dairy-chilled-eggs,Farmers Union Greek Style High Protein Yogurt Cup - Strawberry,3.5,150g,Halal
dairy-chilled-eggs,Yakult Cultured Milk Drink - Gold,3.74,500ml,Halal
dairy-chilled-eggs,Buttercup Luxury Spread Block - Unsalted,2.7,227g,Halal
dairy-chilled-eggs,Chew's Singapore Fresh Eggs - Cage Free,4.15,330g (6 per pack),Halal
dairy-chilled-eggs,Naturel Cholesterol Free Spread - Extra Virgin Olive,5.7,500g,Halal
dairy-chilled-eggs,Philadelphia Cream Cheese Block - All Natural,7.8,250g,Halal
dairy-chilled-eggs,Kong Guan Pau - BBQ Pork,3.68,360g (6 per pack),
dairy-chilled-eggs,Meiji Bulgaria Yoghurt - Natural,2.85,2 x 110g,Halal
dairy-chilled-eggs,Arla Cheese Slices - Mozzarella,8.55,150g,
dairy-chilled-eggs,President Butter - Salted,6.85,200g,
dairy-chilled-eggs,Chew’s King-Sized Eggs,3.35,6 per pack,
dairy-chilled-eggs,F & N Magnolia Fresh Milk - Chocolate,3.63,946ml,Halal
dairy-chilled-eggs,Farmers Union Greek Style High Protein Yogurt Cup - Mango,3.5,150g,Halal
dairy-chilled-eggs,Meiji Greek Style Yoghurt - Natural,7.95,1kg,Halal
dairy-chilled-eggs,Arla Kids Cheese Sticks - Original,7.2,6 x 18g,
dairy-chilled-eggs,President Butter - Unsalted,6.85,200g,
dairy-chilled-eggs,Emborg Shredded Cheese - 3 Cheese Bake,5.95,200g,Halal
dairy-chilled-eggs,F & N Magnolia Plus Lo-Fat Hi-Cal Milk - Omega,3.63,946ml,Halal
dairy-chilled-eggs,SCS Pure Creamery Butter Portion - Salted,4.9,12 x 10g,
dairy-chilled-eggs,Chobani Greek Yogurt - Strawberry (No Sugar Added),2.95,100g,
dairy-chilled-eggs,Bobo Traditional Yellowtail Fishball,4.38,230g,
dairy-chilled-eggs,Chef Salted Eggs - Raw,2.3,4 per pack,
dairy-chilled-eggs,Yakult Cultured Milk - Apple,3.53,5 per pack,Halal
dairy-chilled-eggs,[BCRS] Farmhouse Milk - Low Fat,6.75,1.89L,Halal
dairy-chilled-eggs,Pasar Singapore Fresh Cage Free Eggs,3.99,6 per pack,
dairy-chilled-eggs,Snow Brand Neo Soft Spread,5.45,320g,
dairy-chilled-eggs,BoBo Xi Dao Handmade Fish Cake,3.25,330g (3 per pack),
dairy-chilled-eggs,CJ Bibigo Korean Sliced Kimchi,2.9,150g,
dairy-chilled-eggs,Marigold Greek Style Yoghurt - Vanilla,1.85,130g,Halal
dairy-chilled-eggs,Chobani No Sugar Added - Blueberry,2.95,100g,
dairy-chilled-eggs,The Laughing Cow Cheese Spread - Creamy & Milky,8.6,240g (16 per pack),
dairy-chilled-eggs,Kong Guan Tau Sar Pau,2.8,6 per pack,
dairy-chilled-eggs,Westgold Block Butter - Unsalted,5.7,250g,
dairy-chilled-eggs,Chobani Greek Yogurt - Raspberry,4.02,160g,
dairy-chilled-eggs,Farmers Union Greek Style Yoghurt - Honey,4.0,2 x 140g,Halal
dairy-chilled-eggs,Emborg Parmesan - Shredded,5.95,150g,Halal
dairy-chilled-eggs,Chobani Fit - Vanilla,4.35,160g,
dairy-chilled-eggs,Farmers Union Greek Style High Protein Yogurt Pouch - Strawberry,4.4,150g,Halal
dairy-chilled-eggs,Kong Guan Pau - Chicken,3.68,360g (6 per pack),
dairy-chilled-eggs,President Cheese Slices - Emmental Toast,6.81,200g (10 per pack),
dairy-chilled-eggs,Brownes Yogurt Pouch - Vanilla Bean,2.95,90g,
dairy-chilled-eggs,Yakult Cultured Milk Bottle Drink - Peach,3.53,5 x 100ml,Halal
dairy-chilled-eggs,Chew's Sakura Fresh Eggs,4.2,550g (10 per pack),
dairy-chilled-eggs,Perfect Italiano Cheese - Traditional Hard Cheese (Block),10.55,250g,Halal
dairy-chilled-eggs,FairPrice Fried Beancurd Sheet,2.7,150g,
dairy-chilled-eggs,Farmers Union Greek Style Yoghurt - Natural,6.9,500g,
dairy-chilled-eggs,Cowhead Cheese - Cheddar (Grated),6.5,250g,Halal
dairy-chilled-eggs,Chobani Flip Greek Yogurt - Cookies & Cream Crunch,4.69,140g,
dairy-chilled-eggs,Greenfields Fresh Milk - Skimmed,3.51,1L,Halal
dairy-chilled-eggs,Chobani Fit Greek Yogurt - Blueberry,4.35,160g,
dairy-chilled-eggs,Dasoon Salted Duck Eggs - Cooked,2.55,240g (4 per pack),
dairy-chilled-eggs,Meiji Lactose Free High Calcium Milk,5.25,946ml,Halal
dairy-chilled-eggs,Westgold Block Butter - Salted,5.7,250g,
dairy-chilled-eggs,Chobani Greek Yogurt - Plain Milk,16.5,907g,
dairy-chilled-eggs,Chobani Greek Yogurt - Vanilla,16.5,907g,
dairy-chilled-eggs,Golden Dragon Oriental Cocktail Sausage - Pork,3.56,250g,
dairy-chilled-eggs,Marigold HL Milk - Banana,3.56,946ml,
dairy-chilled-eggs,Chobani Flip Yogurt - Triple Brownie,4.69,140g,
dairy-chilled-eggs,Golden Dragon Oriental Sausage - Pork,3.56,250g,
dairy-chilled-eggs,Cowhead Cheese - Toast Melt (Cheddar),4.95,250g,Halal
dairy-chilled-eggs,Farmers Union Greek Style High Protein Yogurt Cup - Passionfruit,3.5,150g,Halal
dairy-chilled-eggs,Greenfields Fresh Milk - Chocolate Malt,3.51,1L,Halal
dairy-chilled-eggs,Farmers Union Greek Style High Protein Yogurt Pouch - Mango,4.4,150g,Halal
dairy-chilled-eggs,Bulla Thickened Cream,5.2,300ml,
dairy-chilled-eggs,[BCRS] Meiji Low Fat Fresh Milk - Chocolate,6.7,2L,Halal
dairy-chilled-eggs,Golden Churn Butter Block - Salted,6.35,250g,
dairy-chilled-eggs,Chobani Fit Greek Yogurt - Passionfruit,4.35,160g,
dairy-chilled-eggs,Meiji Pasteurized Lactose Free Milk - Dark Chocolate,5.25,946ml,
dairy-chilled-eggs,Chobani Greek Yogurt - Vanilla (No Sugar Added),2.95,100g,
dairy-chilled-eggs,Vitagen Cultured Milk - Less Sugar (Green Apple),3.56,5 x 125ml,Halal
dairy-chilled-eggs,Nestle Cream - Pure Dairy Sterilised,3.01,170g,
dairy-chilled-eggs,Chobani No Sugar Added Greek Yoghurt - Vanilla,4.1,150g,
dairy-chilled-eggs,Marigold HL Milk - Strawberry,3.56,946ml,
dairy-chilled-eggs,Farmhouse Milk - French Vanilla,3.73,946ml,Halal
dairy-chilled-eggs,Farmers Union Greek Style High Protein Yogurt Cup - Vanilla,3.5,150g,Halal
dairy-chilled-eggs,Chobani Greek Yogurt - Honey,4.02,160g,
dairy-chilled-eggs,LG Noodles - Yellow,2.95,1kg,Halal
dairy-chilled-eggs,Everbest Bean Curd Sheet - Fried,3.56,200g,
dairy-chilled-eggs,Vitagen Cultured Milk - Less Sugar (Grape),3.56,5 x 125ml,Halal
dairy-chilled-eggs,Nuyolk Eggnergy Eggs,6.87,530g (10 per pack),
dairy-chilled-eggs,Meiji Greek Style Yoghurt - Natural,4.95,500g,Halal
dairy-chilled-eggs,Naturel Margarine Spread - Reduced Fat,4.5,500g,Halal
dairy-chilled-eggs,President Cheese Slices - Burger Cheddar,6.81,200g (10 per pack),
dairy-chilled-eggs,Emmi Swiss Premium Greek Style Yogurt - Natural (0% Fat),3.56,150g,Halal
dairy-chilled-eggs,Arla Cheese Slices - Emmental,8.55,150g,
dairy-chilled-eggs,Meiji Paigen Culture Milk - Less Sugar,2.85,5 x 100ml,
dairy-chilled-eggs,Chobani Fit Greek Yoghurt - Tropical,4.35,160g,
dairy-chilled-eggs,F & N Magnolia Low Fat Milk - Cookies and Cream,3.63,946ml,
dairy-chilled-eggs,Meiji Multivitamin Low Fat Milk,4.95,946ml,
dairy-chilled-eggs,Lurpak Butter - Salted,6.6,200g,Halal
dairy-chilled-eggs,[BCRS] Meiji Low Fat Fresh Milk - Strawberry,3.53,830ml,Halal
dairy-chilled-eggs,Chobani Fit Greek Yoghurt - Cookies & Cream,4.35,160g,
dairy-chilled-eggs,Chobani No Sugar Added Greek Yoghurt - Strawberry,4.1,150g,
dairy-chilled-eggs,Pasar Fresh Eggs - Omega 3,3.99,10 per pack,
dairy-chilled-eggs,Seng Choon Lower Cholesterol Eggs - 1st Born,3.15,400g (10 per pack),
dairy-chilled-eggs,Lurpak Butter - Unsalted,6.6,200g,Halal
dairy-chilled-eggs,Marigold Peel Fresh Select Juice - Yuzu,7.2,1.89L,Halal
dairy-chilled-eggs,Chobani Greek Yogurt - Lemon,4.02,160g,
dairy-chilled-eggs,Chobani Flip Low Fat Greek Yogurt - Mint Chocolate Chip,4.69,140g,
dairy-chilled-eggs,Marigold Non Fat Yoghurt - Mixed Berries,6.4,1kg,
dairy-chilled-eggs,Kang Kang Pasteurised Fresh Laksa Noodles,1.67,420g,
dairy-chilled-eggs,Arla Cheese Slices - Cheddar,8.55,150g,
dairy-chilled-eggs,Yakult Cultured Milk Bottle Drink - Ace Light,4.34,5 x 80ml,Halal
dairy-chilled-eggs,Perfect Italiano Cheese - Mozzarella (Grated),8.63,250g,Halal
dairy-chilled-eggs,FairPrice Cheese Portion Spread,3.55,128g,Halal
dairy-chilled-eggs,[BCRS] Meiji Low Fat Fresh Milk - Chocolate,3.53,830ml,Halal
dairy-chilled-eggs,Vitagen Cultured Milk Collagen - Less Sugar (Assorted),4.38,5 x 125ml,Halal
dairy-chilled-eggs,Meiji Fresh Milk - Chocolate,3.63,946ml,Halal
dairy-chilled-eggs,The Laughing Cow Cheese Spread Belcube - Plain,7.15,125g,Halal
dairy-chilled-eggs,Jongga Kimchi Bottle - Cut Cabbage,7.7,380g,Halal
dairy-chilled-eggs,Chobani Flip Greek Yogurt - Pine Lime,4.02,160g,
dairy-chilled-eggs,Perfect Italiano Cheese - Mozzarella (Grated),12.1,450g,
dairy-chilled-eggs,Anchor Cheddar Cheese Slices,10.04,3 x 200g (12 per pack),Halal
dairy-chilled-eggs,SCS Pure Creamery Butter Block - Salted,19.95,4 x 227g,
dairy-chilled-eggs,Emborg Block Butter - Salted,6.06,200g,
dairy-chilled-eggs,Freedom Range Barn Laid Eggs - Medium,4.09,330g (6 per pack),
dairy-chilled-eggs,Kraft Cheese Slices - Singles (Value Pack),13.95,500g,
dairy-chilled-eggs,Kong Guan Siew Mai - Pork,4.35,250g (10 per pack),
dairy-chilled-eggs,Marigold Power Beans Fresh Soya Milk - Reduced Sugar Almond,2.34,946ml,Halal
dairy-chilled-eggs,[BCRS] Sunkist Fruit Bottle Juice - Orange (No Sugar Added),5.15,1.89L,
dairy-chilled-eggs,FairPrice Oriental Sausages - Pork Cocktail,3.25,250g,
dairy-chilled-eggs,Arla Cheese Slices - Gouda,8.55,150g,
dairy-chilled-eggs,Harvest Fields Free Range Eggs - Extra Large,4.5,350g(6 per pack),
dairy-chilled-eggs,Yotsuba Hokkaido 4.0 Fresh Milk,7.5,1L,
dairy-chilled-eggs,FairPrice Ring Roll,3.56,120g (10 per pack),
dairy-chilled-eggs,Cowhead All Purpose Cream,2.34,170g,Halal
dairy-chilled-eggs,Emborg Cheese Strips,5.8,8 x 21g,Halal
dairy-chilled-eggs,Meiji Low Fat Yoghurt - Natural,4.3,500ml,Halal
dairy-chilled-eggs,Emborg European Whipping Cream,11.61,3 x 200ml,
dairy-chilled-eggs,Yeo's Jelly Buddies - Groovy Grape,1.4,100g,Halal
dairy-chilled-eggs,Bobo Cheese Sticks,4.38,150g,Halal
dairy-chilled-eggs,Kong Guan Pau - Yam,3.68,360g (6 per pack),
dairy-chilled-eggs,Nobo Soy Milk - Almond,2.7,1L,Halal
dairy-chilled-eggs,Zeagold Liquid Egg White,13.29,980 ML,
dairy-chilled-eggs,Dairy Farmers Thick & Creamy Yoghurt - Classic Vanilla,9.55,600g,
dairy-chilled-eggs,Kang Kang Pasteurised Ipoh Hor Fun,1.67,420g,
dairy-chilled-eggs,Kang Kang Pasteurised Fresh Bee Tai Mak,1.67,420g,
dairy-chilled-eggs,Brownes High Protein Yogurt Pouch - Mango,3.45,150g,
dairy-chilled-eggs,Emborg Pasta Cheese - Shredded,5.95,200g,
dairy-chilled-eggs,Peng Wang Fish Cake - Tofu,3.0,200g,Halal
dairy-chilled-eggs,Yeo's Jelly Buddies - Lucky Lychee,1.4,100g,Halal
dairy-chilled-eggs,Vitagen Cultured Milk - Less Sugar (Pineapple),3.56,5 x 125ml,Halal
dairy-chilled-eggs,Chobani Greek Yogurt - Strawberry (No Sugar),14.95,680g,
dairy-chilled-eggs,Kerrygold Pure Irish Butter - Salted,6.62,227g,
dairy-chilled-eggs,[BCRS] Meiji Low Fat High Protein Milk - Green Tea,3.75,350ml,Halal
dairy-chilled-eggs,Brownes High Protein Yogurt Pouch - Strawberry,3.45,150g,
dairy-chilled-eggs,Castello Danish Cheese - Brie,8.55,125g,
dairy-chilled-eggs,The Laughing Cow Cheese Spread - Light,4.95,120g (8 per pack),
dairy-chilled-eggs,Brownes Dairy Natural Yoghurt - Vanilla Bean,2.65,170g,
dairy-chilled-eggs,Lurpak Spreadable Butter - Slightly Salted,17.95,500g,Halal
dairy-chilled-eggs,Arla Protein Pudding - Chocolate,3.8,200g,
dairy-chilled-eggs,Vitagen Cultured Milk - Less Sugar (LB),3.56,5 x 125ml,Halal
dairy-chilled-eggs,Kang Kang Pasteurised Fresh Hokkien Noodles,1.67,420g,
dairy-chilled-eggs,Meiji Greek Style Yoghurt - Triple Berry,7.95,1kg,Halal
dairy-chilled-eggs,Pasar Fresh Egg - Corn-Fed,3.28,10 per pack,
dairy-chilled-eggs,CJ Bibigo Korean Sliced Kimchi (Vegan),8.0,500g,Halal
dairy-chilled-eggs,[BCRS] Marigold HL Bottle Milk - Plain,6.55,1.89L,Halal
dairy-chilled-eggs,Chobani Greek Yogurt - Vanilla,4.02,160g,
dairy-chilled-eggs,F & N Magnolia Plus Lo-Fat Hi-Cal Milk - Oats,3.63,946ml,
dairy-chilled-eggs,Babybel Mini Cheese - Cheddar,6.25,5 x 20g,
dairy-chilled-eggs,Cowhead Whipping Cream,9.0,1L,Halal
dairy-chilled-eggs,Sharelife Kimchi Box - Sliced Cabbage,5.9,500g,
dairy-chilled-eggs,NuYolk Premium Fresh Eggs,4.99,330g (6 per pack),
dairy-chilled-eggs,The Laughing Cow Cheese Spread - Creamy & Milky,4.95,120g,
dairy-chilled-eggs,Lurpak Spreadable Mini Butter - Slightly Salted,9.5,20 x 8g,
dairy-chilled-eggs,Kerrygold Pure Irish Butter - Unsalted,6.62,227g,
dairy-chilled-eggs,Meiji Bulgaria Yoghurt - Strawberry,2.85,2 x 110g,Halal
dairy-chilled-eggs,Lim Kee Mini Siew Mai - Pork,3.7,240g,
dairy-chilled-eggs,Zhi Zhong He Herbal Jelly - Original,1.15,215g,
dairy-chilled-eggs,Yeo's Jelly Buddies - Brainy Blueberry,1.4,100g,Halal
dairy-chilled-eggs,Yeo's Jelly Buddies - Atomic Apple,1.4,100g,Halal
dairy-chilled-eggs,Cowhead Natural Cheese Slices - Cheddar,7.6,150g,Halal
dairy-chilled-eggs,Golden Churn Butter Block - Unsalted,6.35,227g,Halal
dairy-chilled-eggs,Everbest Ring Roll,5.05,168g,
dairy-chilled-eggs,Meiji Bulgaria Yoghurt - Wildberry,2.85,2 x 110g,
dairy-chilled-eggs,Yeo's Jelly Buddies - Snazzy Strawberry,1.4,100g,Halal
dairy-chilled-eggs,Dairy Farmers Thick & Creamy Yoghurt - Field Strawberries,3.45,150g,
dairy-chilled-eggs,[BCRS] Magnolia High Protein Milk - Chocolate,4.75,375ml,Halal
dairy-chilled-eggs,The Laughing Cow Cheez Dippers - Strawberry,6.3,105g,
dairy-chilled-eggs,SCS Pure Creamery Butter Block - Unsalted,19.95,4 x 227g,
dairy-chilled-eggs,Farmer Brown Free Range Eggs,12.95,530g (10 per pack),Halal
dairy-chilled-eggs,Lurpak Spreadable Butter - Slightly Salted (Lighter),10.9,250g,
dairy-chilled-eggs,Emborg Whipped Cream Spray,6.67,250g,
dairy-chilled-eggs,Perfect Italiano Cheese - Perfect Pizza,13.6,450g,
dairy-chilled-eggs,Brownes High Protein Yogurt Pouch - Vanilla,3.45,150g,
dairy-chilled-eggs,Ribena Jelly Drink - Blackcurrant with Peach,1.94,160ml,Halal
dairy-chilled-eggs,Lim Kee BBQ Char Siew Rice,1.85,200g,
dairy-chilled-eggs,Amul Paneer (Diced) -- By Dashmesh,3.87,200 G,
dairy-chilled-eggs,Harvest Fields Cage Free Eggs - Extra Large,3.95,350g(6 per pack),
dairy-chilled-eggs,Dasoon Ramen Egg,1.3,35g,Halal
dairy-chilled-eggs,Meiji Greek Style Yoghurt - Triple Berry,4.95,500ml,Halal
dairy-chilled-eggs,Dairy Farmers Thick & Creamy Yoghurt - Yellow Box Honey,3.45,150g,
dairy-chilled-eggs,Lim Kee Loh Mai Kai,1.65,170g,
dairy-chilled-eggs,Yeo's Packet Drink - Brown Sugar Soy Milk,3.05,6 x 250ml,Halal
dairy-chilled-eggs,SCS Spreadable Butter - Extra Virgin Olive Oil with Canola Oil,8.1,250g,Halal
dairy-chilled-eggs,Emmi Swiss Premium Low Fat Yogurt - Strawberry,11.95,1kg,Halal
dairy-chilled-eggs,Lim Kee Big Bun - Pork,4.0,260g,
dairy-chilled-eggs,Meiji Greek Style Yoghurt - Triple Berry,2.75,180g,
dairy-chilled-eggs,Buttercup Luxury Spread Block - Salted,7.45,3 x 227g,Halal
dairy-chilled-eggs,Meiji Greek Style Yoghurt - Mango,2.75,180g,
dairy-chilled-eggs,EB Frozen Squid Prawn Cake,7.8,200g,
dairy-chilled-eggs,Super Belgian Fresh Burrata,6.9,125 G,
dairy-chilled-eggs,Golden Churn Spreadable Butter - Salted,7.18,250g,
dairy-chilled-eggs,BoBo Flavoured Snow Crab Leg,3.9,100g,Halal
dairy-chilled-eggs,Marigold Power Beans Fresh Soya Milk,2.34,946ml,Halal
dairy-chilled-eggs,Brownes High Protein Yogurt Cup - Vanilla,4.65,160g,
dairy-chilled-eggs,Vitagen Cultured Milk - Less Sugar (Mixed Berries),6.6,10 x 125ml,Halal
dairy-chilled-eggs,Chobani Fit Pouch Greek Yoghurt - Raspberry,4.35,150g,
dairy-chilled-eggs,Lurpak Spreadable Butter - Unsalted,10.9,250g,
dairy-chilled-eggs,Pasar Fresh Eggs - Omega 6,3.99,10 per pack,
dairy-chilled-eggs,FairPrice Oriental Sausages - Chicken Cocktail,3.25,250g,
dairy-chilled-eggs,Vitagen Cultured Milk - Less Sugar (Mixed Berries),3.56,5 x 125ml,Halal
dairy-chilled-eggs,Galbani Cheese - Mascarpone,11.95,250g,
dairy-chilled-eggs,Farmers Union Greek Style High Protein Yogurt Cup - Lactose Free,6.9,500g,Halal
dairy-chilled-eggs,Yeo's Packet Drink - Brown Sugar Soy Milk,1.85,1L,Halal
dairy-chilled-eggs,Arla Protein Pudding - Hazelnut Latte,3.8,200g,
dairy-chilled-eggs,SCS Sliced Cheese - Reduced Fat,4.75,200g,Halal
dairy-chilled-eggs,Emborg Block Butter - Unsalted,6.06,200g,
dairy-chilled-eggs,Arla Protein Pudding - Salted Caramel,3.8,200g,
dairy-chilled-eggs,Marigold Low Fat Yoghurt - Natural,1.95,2 x 130g,Halal
dairy-chilled-eggs,Arla Apetina Feta Cheese Cubes In Brine,10.75,430g,
dairy-chilled-eggs,Brownes High Protein Yogurt Cup - Strawberry,4.65,160g,
dairy-chilled-eggs,SCS Sliced Cheese - Reduced Fat,10.95,3 x 200g,
dairy-chilled-eggs,[BCRS] Magnolia High Protein Milk - Vanilla,4.75,375ml,Halal
dairy-chilled-eggs,Pasar Fresh Eggs - XL,2.98,6 per pack,
dairy-chilled-eggs,Lim Kee Big Bun - Chicken,4.0,260g,
dairy-chilled-eggs,Yeo's Jelly Buddy Gift Box + Free Plush Keyring,19.8,18 x 100g,Halal
dairy-chilled-eggs,[BCRS] Marigold HL Bottle Milk - Chocolate,6.55,1.89L,Halal
dairy-chilled-eggs,Emborg Shredded Cheese - Cheddar,7.95,200g,Halal
dairy-chilled-eggs,SCS Sliced Cheese - Original,4.75,200g,Halal
dairy-chilled-eggs,BoBo Prawn & Chestnut Roll,3.15,150g,Halal
dairy-chilled-eggs,Nuyolk Mega Eggs,4.95,6 per pack,
dairy-chilled-eggs,SCS Sliced Cheese - Original,10.95,3 x 200g,
dairy-chilled-eggs,Tradition Natural USA Shredded Cheese - Mac & Cheese Melt,6.6,225g,
dairy-chilled-eggs,Dasoon Quail Eggs - Soy Braised,1.82,145g,Halal
dairy-chilled-eggs,Sanhee Beancurd Stick,2.75,150 G,
dairy-chilled-eggs,Daisy Margarine,3.36,480g,Halal
dairy-chilled-eggs,Sunity Herbal Jelly,1.5,215g,
dairy-chilled-eggs,Tamar Valley Greek Style Creamery Yoghurt - Blueberries,9.95,700g,
dairy-chilled-eggs,Bega Super Slices Cheese - Slices,6.11,12 per pack,
dairy-chilled-eggs,Chobani Fit Pouch Greek Yoghurt - Tropical,4.35,150g,
dairy-chilled-eggs,Vitagen Cultured Milk - Less Sugar (LB),6.6,10 x 125ml,Halal
dairy-chilled-eggs,Yorokobi Cabbage Kimchi - Chilled,5.95,1 KG,
dairy-chilled-eggs,Lim Kee Bun - Braised Pork Belly,4.0,160g,
dairy-chilled-eggs,Sunny Queen Farms Cage Free Eggs,14.6,12 per pack,
dairy-chilled-eggs,Golden Bridge Chinese Sausages,5.4,200g,
dairy-chilled-eggs,Zhi Zhong He Herbal Jelly - Luo Han Guo,1.52,215g,
dairy-chilled-eggs,Emborg Whipping Cream,9.95,1 L,
dairy-chilled-eggs,FairPrice Oriental Sausages - Pork,3.25,250g,
dairy-chilled-eggs,Farmer Brown Farm Fresh Eggs,8.65,10 per pack,
dairy-chilled-eggs,Golden Bridge Sausage - Red Wine,5.8,360g,
dairy-chilled-eggs,Good Today Konjac Jelly - Green Grape,1.85,150g,
dairy-chilled-eggs,Bega Super Slim Cheese - Slices,6.11,12 per pack,
dairy-chilled-eggs,Bulla Froyo Frozen Yogurt - Strawberry Tub,9.95,1L,
dairy-chilled-eggs,Lim Kee Oyster Char Siu Bun,4.1,8 per pack,
dairy-chilled-eggs,Good Today Konjac Jelly - Peach,1.85,150g,
dairy-chilled-eggs,Emborg Sour Cream,12.95,1 KG,
dairy-chilled-eggs,Farm Fresh Organic Milk,4.75,1L,Organic
dairy-chilled-eggs,Tamar Valley Greek Style All Natural Yoghurt,12.9,1kg,
dairy-chilled-eggs,Bulla Froyo Frozen Yogurt - Boysenberry,9.95,1L,
dairy-chilled-eggs,Quailico Cooked Quail Eggs,2.2,10 per pack,Halal
dairy-chilled-eggs,Lim Kee Braised Pork Rice,2.15,200g,
dairy-chilled-eggs,Cowhead Cheese - Pama & Son (Grated),5.05,100g,Halal
dairy-chilled-eggs,Bulla Froyo Frozen Yogurt - Mango,9.95,1L,
dairy-chilled-eggs,Harvest Fields Slice Cheese - Gouda,6.4,160g,Halal
dairy-chilled-eggs,The Laughing Cow Cheese Slices - Sandwich,6.0,200g,
dairy-chilled-eggs,Lim Kee Exclusive Bun - BBQ Chicken,4.1,280g (8 per pack),
dairy-chilled-eggs,[BCRS] Meiji Bulgaria Yoghurt Drink - Low Sugar,1.94,150ml,Halal
dairy-chilled-eggs,Yeo's Jelly Buddies - Groovy Grape,13.8,10 x 100g,Halal
dairy-chilled-eggs,Gippsland Yoghurt - Mango & Blood Orange Twist,11.9,700g,
dairy-chilled-eggs,The Laughing Cow Cheese Slices - Toast,6.0,200g,
dairy-chilled-eggs,Cowhead Whipped Butter Portions,3.95,10 x 10ml,Halal
dairy-chilled-eggs,Kiri Petit Sweets Cheese Rubiks - Strawberry,5.65,78g,
dairy-chilled-eggs,Lim Kee Exclusive Bun - Braised Pork,4.1,280g (8 per pack),
dairy-chilled-eggs,Emborg Gran Amici (Parmesan Grated),28.95,1 KG,
dairy-chilled-eggs,Yeo's Jelly Buddies - Lucky Lychee,13.8,10 x 100g,Halal
dairy-chilled-eggs,Chobani Greek Yogurt - Strawberry,4.1,140g,
dairy-chilled-eggs,Good Today Konjac Jelly - Pomegranate,1.85,150g,
dairy-chilled-eggs,Gippsland Yoghurt - Strawberry & Cream Twist,11.9,700g,
dairy-chilled-eggs,Harvest Fields Slice Cheese - Cheddar (Mild),6.4,160g,Halal
dairy-chilled-eggs,Lim Kee Mini Pau - Pandan,3.3,280g (8 per pack),
dairy-chilled-eggs,Aw's Market Chicken Cocktail,11.7,500 G,
dairy-chilled-eggs,Delicato Pork Sausage - Japanese Curry,4.4,150g,
dairy-chilled-eggs,Everbest Ring Roll Bundle of 2,9.9,168 G,
dairy-chilled-eggs,FairPrice Oriental Sausages - Garlic & Chilli Pork,3.25,250g,
dairy-chilled-eggs,Lim Kee Siew Mai - Pork (Reduced Fat),5.0,240g,
dairy-chilled-eggs,Golden Bridge Sausage - Special Grade,5.4,200g,
dairy-chilled-eggs,Chobani Greek Yogurt - Raspberry,4.1,140g,
dairy-chilled-eggs,FairPrice Oriental Sausages - Chicken,3.25,250g,
dairy-chilled-eggs,Emborg  Cheese Slice - Yellow Cheddar,15.0,1.03 KG,
dairy-chilled-eggs,Yeo's Jelly Buddies - Brainy Blueberry,13.8,10 x 100g,Halal
dairy-chilled-eggs,Delicato Pork Sausage - Bonito Seaweed,4.4,150g,
dairy-chilled-eggs,Chobani Greek Yogurt - Blueberry,4.1,140g,
dairy-chilled-eggs,Aw's Market Baby Honey Baked Ham (Whole),17.36,1000 G,
dairy-chilled-eggs,Yeo's Jelly Buddies - Atomic Apple,13.8,10 x 100g,Halal
dairy-chilled-eggs,Golden Churn Butter,12.73,454g,Halal
dairy-chilled-eggs,Woodland Free Range Egg White - Chilled,10.51,500 ML,Halal
dairy-chilled-eggs,Amul Butter (Salted) -- By Dashmesh [Bundle of 2],4.74,100 G,
dairy-chilled-eggs,Yeo's Jelly Buddies - Snazzy Strawberry,13.8,10 x 100g,Halal
dairy-chilled-eggs,Lim Kee Mini Pau - Yam,3.3,280g (8 per pack),
dairy-chilled-eggs,Amul Butter (Salted) 500G -- By Dashmesh,9.5,500 G,
dairy-chilled-eggs,Woodland Free Range Eggs,15.49,530 G,
dairy-chilled-eggs,Aw's Market Pork Cocktail,11.7,500 G,
dairy-chilled-eggs,Aw's Market Honey Baked Ham (Sliced),6.24,200 G,
dairy-chilled-eggs,Aw's Market Gammon Ham (Sliced),8.8,200 G,
dairy-chilled-eggs,Sanhee Degreased Dry Beancurd - Knot,3.85,150 G,
dairy-chilled-eggs,Bakoma Men Protein Skyr Yogurt - Mango & Passionfruit,5.95,300g,
dairy-chilled-eggs,Olagud X FarmFresh Chicken Sausage (Smokey),1.19,40 G,Halal
dairy-chilled-eggs,Olagud X FarmFresh Chicken Sausage (Honey),1.19,40 G,Halal
dairy-chilled-eggs,AW'S Market Taiwan Pork Cocktail Sausage,6.0,250 G,
dairy-chilled-eggs,Lim Kee Wholemeal Bun - Stewed Pork,2.45,140g (4 per pack),
dairy-chilled-eggs,Lim Kee Wholemeal Bun - Chicken Char Siew,2.45,140g (4 per pack),
dairy-chilled-eggs,Golden Irish Free Range Eggs,13.49,530 G,
dairy-chilled-eggs,Kirei Marusan Premium Peach Soy Milk,2.6,200 ML,
dairy-chilled-eggs,Aw's Market Breakfast Ham (Sliced),6.0,200 G,
dairy-chilled-eggs,Quailico Braised Quail Eggs,4.85,160g,Halal
dairy-chilled-eggs,Churo Tamagoyaki (Chilled),4.8,250 G,
dairy-chilled-eggs,Aw's Market Chicken Sausage,7.2,250 G,
dairy-chilled-eggs,Amul Cheese Chiplets 200G -- By Dashmesh,5.6,200 G,
dairy-chilled-eggs,Kelly's Truffle Pork Ham,4.7,200g,
dairy-chilled-eggs,Kirei Ishibashiya Miikeyama Shirataki Noodles,4.15,300 G,
dairy-chilled-eggs,AW'S Market Taiwan Chicken Cocktail Sausage,6.0,250 G,
dairy-chilled-eggs,Kirei Marusan Marusan Premium Soy Milk,2.6,200 ML,
dairy-chilled-eggs,Marumiya Mabo Tofu No Moto Instant Chukara Medium Spicy,7.5,162 G,
dairy-chilled-eggs,Bakoma Men Protein Skyr Yogurt - Vanilla,5.95,300g,
dairy-chilled-eggs,AW'S Market Taiwan Pork Sausage,6.0,250 G,
dairy-chilled-eggs,Churo Pork Sausage,12.2,1 KG,
dairy-chilled-eggs,Amul Butter (Unsalted)  500G -- By Dashmesh,9.5,500 G,
dairy-chilled-eggs,Kirei Miyakoichi Yude Udon Japanese Noodles 5 Pieces Pack,9.0,1000 G,
dairy-chilled-eggs,Orihiro Purun To Konnyaku Jelly Apple and Grape,6.9,240 G,
dairy-chilled-eggs,Kirei Kanesu Aji No Furusato Tororo Premium Japan Soba Noodle,8.7,450 G,
dairy-chilled-eggs,Miyakoichi Instant Fresh Udon Japanese Noodle - Kirei,8.6,600 G,
dairy-chilled-eggs,Fukuyama Tonkotsu Ramen Noodle With Soup Base,5.8,240 G,
dairy-chilled-eggs,Itsuki Fresh Yaki Udon Noodle With Sauce,5.05,406 G,
dairy-chilled-eggs,Konjac Konnyaku Kuro Chill,4.0,250 G,
dairy-chilled-eggs,Kirei Zaru Soba,2.9,200 G,
dairy-chilled-eggs,Aw's Market Truffle Ham - Sliced,9.9,200 G,
dairy-chilled-eggs,Aw's Market Back Bacon,6.6,200 G,
dairy-chilled-eggs,Amul Lassi 1L -- By Dashmesh,3.46,1 L,
dairy-chilled-eggs,Impressed Essentials Green Supreme,2.95,300 ML,
dairy-chilled-eggs,Emborg Cheese Slice - White Cheddar,15.0,1.03 KG,
dairy-chilled-eggs,Miyakoichi Curry Udon Noodle (3 Servings With Soup Base),9.05,642 G,
dairy-chilled-eggs,Kimura Kyushu Tenpiboshi Takuan Pickled Radish,8.6,200 G,
dairy-chilled-eggs,Churo Salmon Tamagoyaki (Chilled),8.51,250 G,
dairy-chilled-eggs,Amul Butter (Unsalted) -- By Dashmesh [Bundle of 2],4.74,100 G,
dairy-chilled-eggs,Konjac Konnyaku Shiro Chill,4.0,250 G,
dairy-chilled-eggs,Emborg U'GO Yogurt - Raspberry,1.59,100 G,
dairy-chilled-eggs,Zeagold Liquid Scrambled Egg Mix,11.92,1 L,
dairy-chilled-eggs,Aw's Market Pork Sausage,7.2,250 G,
dairy-chilled-eggs,AW'S Market Taiwan Chicken Sausage,6.0,250 G,
dairy-chilled-eggs,Kirei Rice And Konjac Shirataki Japan Konnyaku Noodles,4.6,200 G,
dairy-chilled-eggs,Kirei  Konnyaku Pasta Shirataki Noodle Ninjin - Carrot,4.6,200 G,
dairy-chilled-eggs,Marusan Soybean Milk Matcha With 50-Percent Reduced Calories,2.95,200 ML,
dairy-chilled-eggs,Sunko Ice pop,21.9,12 x 900 ML,
dairy-chilled-eggs,Miyakoichi Teppan Japanese Yakisoba Noodle - Kirei,9.3,480 G,
dairy-chilled-eggs,Kimura Yamagata Takuan Pickled Radish,8.5,250 G,
dairy-chilled-eggs,Miyakochi Shoyu Japanese Ramen Noodle,8.2,600 G,
dairy-chilled-eggs,Aw's Market Pork Cheese Sausage,7.2,250 G,
dairy-chilled-eggs,Kirei Ishibashiya Hontenobe Konnyaku Kuro,5.7,400 G,
dairy-chilled-eggs,Orihiro Purun To Konnyaku Jelly Premium Coffee,4.64,120 G,
dairy-chilled-eggs,Orihiro Purun To Konnyaku Jelly Grape,3.5,120 G,
dairy-chilled-eggs,Haguruma Yuzu Juice,12.36,100 ML,
dairy-chilled-eggs,Kirei Japanese Premium Handmade Tenobe Yuzu Somen Noodle Pack,12.1,200 G,
dairy-chilled-eggs,Aw's Market Streaky Bacon,7.93,200 G,
dairy-chilled-eggs,La Molisana Potato Gnocchi Gluten Free,7.01,500 G,
dairy-chilled-eggs,Kirei Ishibashiya  Yuzu Sashimi Konnyaku,6.3,120 G,
dairy-chilled-eggs,Aw's Market Nian Nian You Yu Bundle (3-4Pax),32.9,800 G,
dairy-chilled-eggs,Kirei Yuzuya Honten 100% Yuzu Juice Glass Bottle,31.0,200 ML,
dairy-chilled-eggs,Aw's Market Smoked Duck Breast - Combo,27.36,800 G,
dairy-chilled-eggs,Zeagold Liquid Sugared Egg Yolk,13.4,1 L,
dairy-chilled-eggs,Otsuka Mamman Hikari Shirataki Rice (4p),12.21,152 G,
dairy-chilled-eggs,Kirei Japanese Premium Handmade 5 Colors Somen Noodle Pack,10.9,300 G,
dairy-chilled-eggs,Miyakoichi Hiyashi Chukka Ramen With Sauce Noodle - Kirei,9.3,675 G,
dairy-chilled-eggs,Miyakoichi Hiyashi Chukka Ramen With Soy Sauce Base Noodle,9.3,690 G,
dairy-chilled-eggs,MAEHARA Roasted Soybean Kinako Powder,8.98,70 G,
dairy-chilled-eggs,Kimura Takuan Duke Pickled Radish,8.5,180 G,
dairy-chilled-eggs,Aw's Market Chicken Cheese Sausage,7.2,250 G,
dairy-chilled-eggs,Kirei Ishibashiya  Nori Sashimi Konnyaku,6.3,120 G,
dairy-chilled-eggs,Tablelands Pickled Ajitsuke Kanpyo,4.54,60 G,
dairy-chilled-eggs,Aw's Market Golden Dragon Feast Bundle (3-5Pax),40.8,2.5 KG,
dairy-chilled-eggs,Amul Cheese Block (2 Blocks Of 500G)  1 Kg -- By Dashmesh,37.14,1 KG,
dairy-chilled-eggs,Aw's Market Hotty Christmas Bundle,36.6,600 G,
dairy-chilled-eggs,Aw's Market Delightful Christmas Bundle,35.75,700 G,
dairy-chilled-eggs,Kagome Yasaiseikatsu Melon Mix,27.0,12 S,
dairy-chilled-eggs,Xianzhibao Jelly Peach,14.9,2kg,
dairy-chilled-eggs,Higashimaru Takako Bukkake Udon,10.1,138 G,
dairy-chilled-eggs,Marusan Oat Soy Milk,9.58,1 L,
dairy-chilled-eggs,Xian Zhi Bao Peach Jelly,8.8,1000g,
dairy-chilled-eggs,Marusanai Soy Milk - Banana,7.72,1 L,
dairy-chilled-eggs,Fukuyama Hiroshima Ramen With Soup Base (Tonkotsu Shoyu),7.5,230 G,
dairy-chilled-eggs,Fukuyama Hiroshima Masuyamiso Miso Ramen Noodle With Soup Bas,7.05,250 G,
dairy-chilled-eggs,Kirei Ishibashiya  Miikeyama Komaru Konnyaku,6.7,300 G,
dairy-chilled-eggs,Ina Kanten Cook,6.56,16 G,
dairy-chilled-eggs,Kirei Ishibashiya  Hontenobe Konnyaku Kuro,5.7,400 G,
dairy-chilled-eggs,Otsuka Sugou Original Soybean-Small,3.15,200 ML,
dairy-chilled-eggs,Marusan Japanese Sweetened Soy Milk,2.95,200 ML,
dairy-chilled-eggs,MARUSAN Marusan Oat Soy Milk,2.95,200 ML,
dairy-chilled-eggs,Vatan Se Fresh Paneer,11.5,500 G,
dairy-chilled-eggs,Jian Bo Chee Cheong Fun Steamed Rice Rolls,4.25,279 G,
dairy-chilled-eggs,Vatan Se Low Fat Paneer,6.5,200 G,
dairy-chilled-eggs,KAGOME Tomato Juice No Salt Added,19.69,12 x 200 ML,
dairy-chilled-eggs,Kelly's Bacon Bits (Nitrites/MSG Free) - Chilled,3.9,190 G,
dairy-chilled-eggs,Jian Bo Shui Kueh Steamed Rice Cakes,4.8,221 G,
dairy-chilled-eggs,Seaboss Shimadaya Sanuki Fresh Udon Noodles 5PCS,10.1,5 S,
dairy-chilled-eggs,LG Foods Pressed Tofu,1.5,300 G,
dairy-chilled-eggs,The King's Dairy Mature White Cheddar Cheese,8.5,200 G,
dairy-chilled-eggs,The King's Dairy Extra Mature White Cheddar Cheese,8.5,200 G,
dairy-chilled-eggs,Jill's Sausages Turkey Breast Ham (Nitrite Free),8.5,150 G,
dairy-chilled-eggs,Bee Sim Pork Char Siew Pau,4.05,6 S,
dairy-chilled-eggs,Jill's Sausages Applewood Smoked Streaky Bacon (Nitrite Free),9.0,250 G,
dairy-chilled-eggs,Kagome Yasai Seikatsu100 - Carrot and Orange,19.69,12 x 200 ML,
dairy-chilled-eggs,Kelly's Honey Glazed Ham - Chilled,3.9,200 G,
dairy-chilled-eggs,Kagome Yasai Seikatsu100 - Carrot and Grape,19.69,12 x 200 ML,
dairy-chilled-eggs,Muller Crunch Corner Vanilla Chocolate Balls,4.5,124 G,
dairy-chilled-eggs,Vatan Se Fresh Paneer,5.25,200 G,
dairy-chilled-eggs,Lim Kee Mini Tau Sar Pau,3.16,280 G,
dairy-chilled-eggs,Kagome Yasai Seikatsu100 - Carrot and Apple,19.69,12 x 200 ML,
dairy-chilled-eggs,Jill's Sausages Classic Bockwurst (Nitrite Free),11.0,320 G,
dairy-chilled-eggs,Jill's Sausages Artisanal Chicken Hot Dogs (Nitrite Free),10.0,280 G,
dairy-chilled-eggs,Jill's Sausages Arabiki Cocktail Weiners (Nitrite Free),7.5,200 G,
dairy-chilled-eggs,Jill's Sausages Smoked Chicken Ham (Nitrite Free),7.5,200 G,
dairy-chilled-eggs,Kelly's Chicken Picnic Ham - Chilled,3.7,200 G,
dairy-chilled-eggs,Jill's Sausages Smoked Pork Ham (Nitrite Free),7.5,200 G,
dairy-chilled-eggs,COYO Dairy Free Organic Greek Style Coconut Yoghurt,15.95,500 G,
dairy-chilled-eggs,COYO Dairy Free Organic Natural Coconut Milk Yogurt,15.95,500 G,
dairy-chilled-eggs,Master Grocer Chicken Meat Ball 500g Frozen,7.95,500 G,
dairy-chilled-eggs,Jian Bo Yam Cake,4.8,267 G,
dairy-chilled-eggs,French Gruyere  de Savoie 12 mths by The Cheese Shop,12.9,200 G,
dairy-chilled-eggs,Clawson Blue Stilton by The Cheese Shop,8.9,150 G,
dairy-chilled-eggs,"JIN ""Radish"" Kimchi",8.9,345 G,
dairy-chilled-eggs,Calveley Mill White Mature Cheddar Cheese,8.5,200 G,
dairy-chilled-eggs,Yummy Hunter Cooked Quail Egg,6.9,850 G,
dairy-chilled-eggs,Kelly's Streaky Bacon - Chilled,4.88,200 G,
dairy-chilled-eggs,Bee Sim Chee Cheong Fun,4.79,4 S,
dairy-chilled-eggs,Kelly's Chicken Cocktail with Cheese - Chilled,4.05,200 G,
dairy-chilled-eggs,Pecorino Romano 12mths by The Cheese Shop,20.8,200 G,
dairy-chilled-eggs,Kagome Yasai Ichinichi Koreippon,19.69,12 x 200 ML,
dairy-chilled-eggs,"JIN ""Spring Onion"" Kimchi",8.9,345 G,
dairy-chilled-eggs,The King's Dairy Red Leicester Cheese,8.5,200 G,
dairy-chilled-eggs,Ryan's German Salami (Chilled),7.9,100 G,
dairy-chilled-eggs,LG Foods Medium Taukwa,5.5,1.5 KG,
dairy-chilled-eggs,Lim Kee Mini Lian Yong Pau,3.59,280 G,
dairy-chilled-eggs,Delamere Dairy Medium Hard Goats Cheese,12.9,150 G,
dairy-chilled-eggs,JIN Kimchi - Geongang,8.6,400 G,
dairy-chilled-eggs,Muller Crunch Corner Milk Chocolate Digestive,4.5,124 G,
dairy-chilled-eggs,LG Foods Silken Tofu,1.5,300 G,
dairy-chilled-eggs,Parmigiano Reggiano 36mths by The Cheese Shop,20.0,250 G,
dairy-chilled-eggs,"JIN ""Cucumber"" Kimchi",8.9,345 G,
dairy-chilled-eggs,Bee Sim Handmade Kong Bak Pau,6.65,4 S,
dairy-chilled-eggs,Vatan Se Basil & Oregano Paneer,5.5,200 G,
dairy-chilled-eggs,Sunfresh Pineapple Juice with No Added Sugar,3.7,1 L,
dairy-chilled-eggs,Double Brie with Garlic and Herbs by The Cheese Shop,13.5,200 G,
dairy-chilled-eggs,Rachel's Luscious Fruits Yoghurt,13.5,440 G,
dairy-chilled-eggs,Biotiful Kefir Original Yogurt,10.95,350 G,
dairy-chilled-eggs,The King's Dairy Mild White Cheddar Cheese,8.5,200 G,
dairy-chilled-eggs,LG Foods Large Taukwa,5.5,1.2 KG,
dairy-chilled-eggs,Bee Sim Mini Red Bean Pau,4.84,9 S,
dairy-chilled-eggs,Bee Sim Big Pork Pau (with Egg),4.39,2 S,
dairy-chilled-eggs,Bee Sim Big Pau - Vegetable,3.4,2 S,
dairy-chilled-eggs,LG Foods Golden Tofu,1.5,300 G,
dairy-chilled-eggs,Fage Total 0% Fat Greek Yogurt - Honey,18.95,3 x 150 G,
dairy-chilled-eggs,Delice Triple Cream Brie by The Cheese Shop,14.1,200 G,
dairy-chilled-eggs,Kelly's Streaky Bacon - Frozen,11.2,500 G,
dairy-chilled-eggs,Kizmiq Honey Baked Chicken Slice - Chilled,9.75,500 G,Halal
dairy-chilled-eggs,The King's Dairy Mild Coloured Cheddar Cheese,8.5,200 G,
dairy-chilled-eggs,Bettur x LG Foods - Korean Cabbage Kimchi (Spicy),7.9,400 G,
dairy-chilled-eggs,Golden Bridge Taiwan Sausage - BBQ Pork,5.4,250 G,
dairy-chilled-eggs,Bee Sim Small Chicken Pau,4.5,6 S,
dairy-chilled-eggs,Janier Brie with Truffles by The Cheese Shop,26.4,200 G,
dairy-chilled-eggs,Applewood Smoked Cheddar by The Cheese Shop,17.6,250 G,
dairy-chilled-eggs,Bute Island Vegan Grated Cheese Mozzarella Style,12.9,200 G,
dairy-chilled-eggs,Gouda Tendre 6 Months Raw Milk by The Cheese Shop,12.5,200 G,
dairy-chilled-eggs,Kelly's Back Bacon - Frozen,10.76,500 G,
dairy-chilled-eggs,Kizmiq Smoked Chicken Cheese Cocktail - Frozen,9.4,500 G,Halal
dairy-chilled-eggs,"JIN ""White"" Kimchi",8.9,345 G,
dairy-chilled-eggs,Kizmiq Smoked Chicken Hotdog Halal - Chilled,8.9,500 G,Halal
dairy-chilled-eggs,Calveley Mill White Mild Cheddar Cheese,8.5,200 G,
dairy-chilled-eggs,Grahams Family Dairy High Protein 25 Peach Yogurt,6.25,200 G,
dairy-chilled-eggs,Lim Kee Gourmet Hainanese Chicken Bun,4.46,280 G,
dairy-chilled-eggs,Bee Sim Premium Yam Cake,4.03,2 S,
dairy-chilled-eggs,Kelly's Back Bacon - Chilled,3.6,200 G,
dairy-chilled-eggs,Gouda with Truffles by The Cheese Shop,17.0,200 G,
dairy-chilled-eggs,Gouda Reypenaer VSOP by The Cheese Shop,14.7,200 G,
dairy-chilled-eggs,Rachel's Organic Greek Style Set Natural Bio-Live Yoghurt,13.95,450 G,
dairy-chilled-eggs,Grahams Family Dairy Skyr Strawberry Icelandic Style Yogurt,12.25,450 G,
dairy-chilled-eggs,Lindahls High Protein Greek Cheese,11.9,135 G,
dairy-chilled-eggs,Bee Sim Glutinous Chicken Rice,8.8,4 S,
dairy-chilled-eggs,Bee Sim Premium Lo Mai Kai,7.9,3 S,
dairy-chilled-eggs,Vitamik Original Soy Milk Twist Cap 6's,7.25,0,
dairy-chilled-eggs,Alpro Soya Cuisine Single Cream,6.9,250 ML,
dairy-chilled-eggs,Nush Blueberry High Protein Almond Yogurt Vegan & Dairy Free,6.9,120 G,
dairy-chilled-eggs,Vatan Se Fresh Paneer Slices,5.5,200 G,
dairy-chilled-eggs,CB Crispy Mini Beancurd (50pcs),5.2,350 G,
dairy-chilled-eggs,Bee Sim Mini Plain Mantou,5.0,12 S,
dairy-chilled-eggs,Rachel's Organic Greek Style Lemon Bio-Live Yoghurt,13.95,450 G,
dairy-chilled-eggs,Tomme de Savoie Fermier by The Cheese Shop,13.0,200 G,
dairy-chilled-eggs,Master Grocer Australia Premium Beef Meatball 500G Frozen,12.95,500 G,
dairy-chilled-eggs,Bute Island Vegan Grated Cheese - Mature Cheddar Style,12.9,200 G,
dairy-chilled-eggs,Alpro Greek Style Plain Natural Yoghurt,12.5,400 G,
dairy-chilled-eggs,Bute Island Sheese Vegan Greek Style Block,11.9,200 G,
dairy-chilled-eggs,Willms Bockwurst Pork Sausage - Made in Germany,10.95,400 G,
dairy-chilled-eggs,Ryan's Italian Mortadella (Chilled),10.5,300 G,
dairy-chilled-eggs,Lindahls High Protein Gouda Cheese Slices,9.9,125 G,
dairy-chilled-eggs,Zac Butchery Mexican Chilli Chicken Sausage Pack,9.7,300 G,
dairy-chilled-eggs,Naturli Organic Vegan Butter Block,9.5,200 G,
dairy-chilled-eggs,Kizmiq Chicken Chipolata - Frozen,9.4,500 G,Halal
dairy-chilled-eggs,Ryan's Chicken Hotdog Sausages,7.8,300 G,
dairy-chilled-eggs,Nush Strawberry High Protein Almond Yogurt Vegan & Dairy Free,6.9,120 G,
dairy-chilled-eggs,Golden Bridge Mini BBQ Pork Sausages - Chilled,4.82,250 G,
dairy-chilled-eggs,Muller Crunch Corner Banana Chocolate Flakes,4.5,124 G,
dairy-chilled-eggs,Lim Kee Big Curry Chicken Bun,4.35,260 G,
dairy-chilled-eggs,Lim Kee Mini Coffee Pau,3.59,280 G,
dairy-chilled-eggs,Lim Kee Vegetable Bun,2.72,180 G,
dairy-chilled-eggs,Swiss Gruyere Reserve 18Mths by The Cheese Shop,19.9,200 G,
dairy-chilled-eggs,Kizmiq Chicken Frankfurter 5.5inch Halal - Frozen,19.85,1 KG,Halal
dairy-chilled-eggs,Alpro Plant-Based Dessert - Vanilla,14.95,4 x 125 G,
dairy-chilled-eggs,Gorgonzola Piccante DOP by The Cheese Shop,14.0,200 G,
dairy-chilled-eggs,Alpro Plant-Based Dessert - Dark Chocolate,13.95,4 x 125 G,
dairy-chilled-eggs,Smoked Gouda Raw Milk by The Cheese Shop,13.0,200 G,
dairy-chilled-eggs,Gouda with Cumin Raw Milk by The Cheese Shop,13.0,200 G,
dairy-chilled-eggs,Wensleydale with Cranberries by The Cheese Shop,12.6,200 G,
dairy-chilled-eggs,Jill's Sausages Raclette and Cheddar Kransky (Nitrite Free),12.0,320 G,
dairy-chilled-eggs,Delamere Dairy Goats Butter,11.95,250 G,
dairy-chilled-eggs,Taleggio Fermier by The Cheese Shop,11.85,200 G,
dairy-chilled-eggs,Asiago d'Allevo Aged by The Cheese Shop,11.5,200 G,
dairy-chilled-eggs,Ryan's Bacon - Back Sliced (Chilled),10.8,300 G,
dairy-chilled-eggs,Flora Vegan Plant Based Salted Butter Block,9.5,200 G,
dairy-chilled-eggs,Jill's Sausages Black Truffle Ham (Nitrite Free),8.5,200 G,
dairy-chilled-eggs,Bee Sim Pork Siew Mai,7.05,375 G,
dairy-chilled-eggs,Golden Bridge Taiwan Sausage - BBQ Chicken,5.4,250 G,
dairy-chilled-eggs,Armando Pasta Orzo (Rice Shape),4.9,400 G,
dairy-chilled-eggs,Bee Sim Mini Lotus Paste Pau,4.84,9 S,
dairy-chilled-eggs,Bee Sim Lotus Paste Pau,4.2,6 S,
dairy-chilled-eggs,Kelly's Breakfast Ham - Chilled,3.95,200 G,
dairy-chilled-eggs,Coombe Castle Luxury Clotted Cream 56% Fat,3.95,28 G,
dairy-chilled-eggs,Bee Sim Big Pau - Chicken,3.6,2 S,
dairy-chilled-eggs,LG Foods Tai Lok Mee,3.33,1 KG,
dairy-chilled-eggs,Kelly's Chicken Cocktail with Cheese - Chilled (CTN),39.6,10 x 200 G,
dairy-chilled-eggs,Coombe Castle Clotted Cream,29.9,454 G,
dairy-chilled-eggs,Kagome Yasai Seikatsu100 - White Peach Mix,27.0,12 x 200 ML,
dairy-chilled-eggs,Mimolette 18 mths by The Cheese Shop,19.3,200 G,
dairy-chilled-eggs,Kelly's Jumbo Hunter Sausage - Frozen,18.99,1 KG,
dairy-chilled-eggs,Vacherousse Double Cream Brie by The Cheese Shop,15.7,200 G,
dairy-chilled-eggs,Cut Butchery Mint & Rosemary Lamb Sausage,15.0,330 G,
dairy-chilled-eggs,The Meat Club Nitrate Free Streaky Bacon - Frozen,14.9,250 G,
dairy-chilled-eggs,Alpro Plant-Based Dessert - Chocolate,13.95,125 G,
dairy-chilled-eggs,Rachel's Organic Greek Style Natural Stirred Bio-Live Yoghurt,13.95,450 G,
dairy-chilled-eggs,Fage Fruits Mango and Passion Fruit Strained Yogurt,13.9,380 G,
dairy-chilled-eggs,Fage Fruits Strawberry Strained Yogurt,13.9,380 G,
dairy-chilled-eggs,Morbier Fermier by The Cheese Shop,13.0,200 G,
dairy-chilled-eggs,Ryan's Apple Baked Ham (Chilled),12.9,300 G,
dairy-chilled-eggs,Cut Butchery Garlicky Beef Sausage,12.8,330 G,
dairy-chilled-eggs,Ryan's Turkey Smoked Ham (Chilled),12.6,300 G,
dairy-chilled-eggs,Raclette de Savoie by The Cheese Shop,12.5,200 G,
dairy-chilled-eggs,Bute Island Sheese Vegan Cheddar Block Cheese,11.9,200 G,
dairy-chilled-eggs,Cut Butchery Italian Pork Chipolata Sausage,10.8,330 G,
dairy-chilled-eggs,Sublime No. 6 Garlic Rosemary and Mint Butter,9.9,90 G,
dairy-chilled-eggs,Elmlea Plant Double Cream,9.9,250 ML,
dairy-chilled-eggs,Ryan's Premium Chicken Breast Smoked Ham (Chilled),8.7,300 G,
dairy-chilled-eggs,Calveley Mill Double Gloucester Cheese,8.5,200 G,
dairy-chilled-eggs,Ryan's Pork Cocktail Sausages (Chilled),7.9,300 G,
dairy-chilled-eggs,Jill's Sausages Sai Oua (Nitrite Free),6.9,220 G,
dairy-chilled-eggs,Food For Friends Cheese Chunk - Cheddar Mild,6.8,226 G,Halal
dairy-chilled-eggs,Grahams Family Dairy High Protein 22 Lemon Cheesecake Yogurt,6.5,200 G,
dairy-chilled-eggs,Vatan Se Desi Makkhan,5.5,200 G,
dairy-chilled-eggs,Armando Pasta Potato Gnocchi (Egg & Milk Free),5.4,500 G,
dairy-chilled-eggs,Lim Kee Festive Series - Mini Peach Buns,3.81,280 G,
dairy-chilled-eggs,Kizmiq Smoked Chicken Hotdog Halal - Chilled (CTN),83.6,10 x 500 G,Halal
dairy-chilled-eggs,Moliterno Pecorino with Truffles by The Cheese Shop,23.8,200 G,
dairy-chilled-eggs,The Meat Club Free Range Spicy Chorizo Sausages - Frozen,23.7,350 G,
dairy-chilled-eggs,Kizmiq Smoked Turkey Ham (B) Sliced Halal - Frozen,22.2,1 KG,Halal
dairy-chilled-eggs,Reblochon Fermier by The Cheese Shop,19.7,250 G,
dairy-chilled-eggs,Ryan's Organic Lamb Kofta Sausages (Chilled),19.6,400 G,
dairy-chilled-eggs,Comte 30 mths by The Cheese Shop,19.5,200 G,
dairy-chilled-eggs,Double Brie with Cranberries by The Cheese Shop,17.7,200 G,
dairy-chilled-eggs,Roquefort Fermier by The Cheese Shop,17.2,200 G,
dairy-chilled-eggs,Kapiti Pakari Aged Cheddar,17.1,170 G,
dairy-chilled-eggs,"Kelly's German Chicken Frankfurter 6"" Sausage - Frozen",16.65,1 KG,
dairy-chilled-eggs,Ryan's Free Range Pork Chipolata Sausages (Chilled),15.2,400 G,
dairy-chilled-eggs,Saint Nectaire Fermier by The Cheese Shop,15.1,200 G,
dairy-chilled-eggs,Kapiti Cumin Seed Gouda Cheese,15.1,150 G,
dairy-chilled-eggs,Cut Butchery Masala Lamb Sausage,15.0,330 G,
dairy-chilled-eggs,Vegetarian World Vegan Squid Ball,14.6,900 G,
dairy-chilled-eggs,Mexicana Cheddar w Bell Peppers and Chilli by The Cheese Shop,14.0,200 G,
dairy-chilled-eggs,Brie De Meaux AOC by The Cheese Shop,14.0,200 G,
dairy-chilled-eggs,Rachel's Organic Greek Style Bio-Live Yogurt with Raspberry,13.95,450 G,
dairy-chilled-eggs,The Meat Club Nitrate Free Sliced Ham - Chilled,13.8,200 G,
dairy-chilled-eggs,Kavli Bacon Cheese Spread,12.9,275 G,
dairy-chilled-eggs,Kavli Ham Cheese Spread,12.9,275 G,
dairy-chilled-eggs,Ryan's Free Range Pork Mexican Jalapeno Sausages (Chilled),12.8,400 G,
dairy-chilled-eggs,Cut Butchery Smoked Texas Chilli Beef Sausage,12.8,330 G,
dairy-chilled-eggs,Sublime No. 1 Pink Himalayan Salt Butter,12.5,200 G,
dairy-chilled-eggs,Cut Butchery French Toulouse Sausage,11.8,330 G,
dairy-chilled-eggs,Cut Butchery Applewood Smoked Beef Bacon,11.5,250 G,
dairy-chilled-eggs,Sublime No. 12 Truffle Parmesan and Black Pepper Butter,11.0,90 G,
dairy-chilled-eggs,Cut Butchery Herb & Garlic Pork Cocktail Sausage,10.8,330 G,
dairy-chilled-eggs,Cut Butchery Japanese Mushroom Pork Sausage,10.8,330 G,
dairy-chilled-eggs,Cut Butchery Applewood Smoked Streaky Bacon,10.0,250 G,
dairy-chilled-eggs,Cut Butchery Applewood Smoked Back Bacon,10.0,250 G,
dairy-chilled-eggs,Sublime No. 11 Lemon Caper and Dill Butter,9.9,90 G,
dairy-chilled-eggs,Cut Butchery Chicken Chipolata Sausage,9.8,330 G,
dairy-chilled-eggs,Cut Butchery Chiken Cheese with Sundried Tomato Sausage,9.8,330 G,
dairy-chilled-eggs,Rachel's Twin Traditional Creamy Rice Pudding - Twin Pack,9.5,300 G,
dairy-chilled-eggs,Bee Sim Char Siew Rice,8.8,4 S,
dairy-chilled-eggs,Bee Sim Shrimp Har Gow,8.5,12 S,
dairy-chilled-eggs,Primula Tube Cheese Spreadable - Original,7.95,140 G,
dairy-chilled-eggs,Food For Friends Cheese Chunk - Cheddar Sharp,6.8,226 G,Halal
dairy-chilled-eggs,Food For Friends Cheese Chunk - Pepper Jack,6.8,226 G,Halal
dairy-chilled-eggs,Food For Friends Cheese Chunk - Monterey Jack,6.8,226 G,Halal
dairy-chilled-eggs,Grahams Family Dairy High Protein 22 Chocolate Caramel Yogurt,6.5,200 G,
dairy-chilled-eggs,Vatan Se Malai Rabri,5.5,200 G,
dairy-chilled-eggs,Rachel's Organic Luscious Vanilla Bio-Live Yogurt,4.95,150 G,
dairy-chilled-eggs,Green Earth Spinach Yee Mee,4.9,280 G,
dairy-chilled-eggs,Armando Pasta Lasagna Sheets,4.9,500 G,
dairy-chilled-eggs,Bee Sim Small Pork Pau,4.5,6 S,
dairy-chilled-eggs,Kizmiq Smoked Turkey Ham (B) Sliced Halal - Frozen (CTN),216.95,10 x 1 KG,Halal
dairy-chilled-eggs,Kizmiq BBQ Chicken Meat (Square) Halal - Chilled (CTN),109.2,5 x 1 KG,Halal
dairy-chilled-eggs,Kelly's Jumbo Cheese Knackers Sausage - Frozen (CTN),108.0,5 x 1 KG,
dairy-chilled-eggs,Kelly's Streaky Bacon - Frozen (CTN),107.9,10 x 500 G,
dairy-chilled-eggs,Kelly's Back Bacon - Frozen (CTN),107.9,10 x 500 G,
dairy-chilled-eggs,Kizmiq Chicken Frankfurter 5.5inch - Frozen (CTN),98.7,5 x 1 KG,Halal
dairy-chilled-eggs,Kizmiq Honey Baked Chicken Ham Slice - Chilled (CTN),96.0,10 x 500 G,Halal
dairy-chilled-eggs,RedMan Merrywhip Margarine,94.4,15 KG,
dairy-chilled-eggs,Kizmiq Smoked Chicken Cheese Cocktail - Frozen (CTN),92.39,10 x 500 G,Halal
dairy-chilled-eggs,Kelly's Jumbo Hunter Sausage - Frozen (CTN),91.6,5 x 1 KG,
dairy-chilled-eggs,Kizmiq Smoked Chicken Hotdog 3.5 inch - Frozen (CTN),86.5,5 x 1 KG,Halal
dairy-chilled-eggs,Kelly's Chicken Chipolata - Frozen (CTN),82.5,5 x 1 KG,
dairy-chilled-eggs,"Kelly's German Chicken Frankfurter 6"" Sausage - Frozen (CTN)",82.45,5 x 1 KG,
dairy-chilled-eggs,Golden Bridge Sausage - Pork (CTN),75.9,20 x 250 G,
dairy-chilled-eggs,Golden Bridge Sausage - Chicken (CTN),75.9,20 x 250 G,
dairy-chilled-eggs,James White Organic Pure Juice - Carrot (Carton),69.99,750 ML,
dairy-chilled-eggs,James White Organic Pure Juice - Vegetable (Carton),69.99,750 ML,
dairy-chilled-eggs,Golden Bridge Mini BBQ Chicken Sausages - Chilled (CTN),47.8,10 x 250 G,
dairy-chilled-eggs,Golden Bridge Mini BBQ Pork Sausages - Chilled (CTN),47.8,10 x 250 G,
dairy-chilled-eggs,Kelly's Streaky Bacon - Chilled (CTN),45.8,10 x 200 G,
dairy-chilled-eggs,Kelly's Back Bacon - Chilled (CTN),42.2,10 x 200 G,
dairy-chilled-eggs,Kelly's Breakfast Ham - Chilled (CTN),38.9,10 x 200 G,
dairy-chilled-eggs,Kelly's Honey Glazed Ham - Chilled (CTN),37.9,10 x 200 G,
dairy-chilled-eggs,RedMan Margarine Pastry Sheet,36.8,10 KG,
dairy-chilled-eggs,Kelly's Chicken Picnic Ham - Chilled (CTN),35.3,10 x 200 G,
dairy-chilled-eggs,RedMan Butter - Salted,34.4,454 G,
dairy-chilled-eggs,Fermin Jamon Iberico Pork Dry Cured Sliced Ham,30.45,100 G,
dairy-chilled-eggs,Kapiti Te Tihi Aged Cheddar 200 G,28.7,200 G,
dairy-chilled-eggs,Sundrop Guava Juice,28.5,24 x 325 ML,
dairy-chilled-eggs,RedMan Shortening,27.2,1.36 KG,
dairy-chilled-eggs,The Meat Club Free Range Australian BBQ Sausages - Frozen,26.4,350 G,
dairy-chilled-eggs,Kelly's Jumbo Cheese Knackers Sausage - Frozen,22.5,1 KG,
dairy-chilled-eggs,Zac Butchery Chicken Snail Sausage Pack,22.3,730 G,
dairy-chilled-eggs,Alp Blossom by The Cheese Shop,20.5,200 G,
dairy-chilled-eggs,Appenzeller Black Label by The Cheese Shop,18.1,200 G,
dairy-chilled-eggs,Kapiti Pakari Blackcurrant Aged Cheddar,17.7,170 G,
dairy-chilled-eggs,Ossau Iraty Fermier by The Cheese Shop,17.3,200 G,
dairy-chilled-eggs,Double Cream Brie Sheeps Milk by The Cheese Shop,17.3,200 G,
dairy-chilled-eggs,OG Kristal Gouda Style Cheese by The Cheese Shop,17.3,200 G,
dairy-chilled-eggs,Kizmiq Smoked Chicken Hotdog 3.5 inch - Frozen,17.25,1 KG,Halal
dairy-chilled-eggs,UHT Whipping Cream 35.1% Fat,17.0,1 L,
dairy-chilled-eggs,Kelly's Cheese Chicken Vienna Gold,16.9,1 KG,
dairy-chilled-eggs,Kizmiq Honey Baked Chicken Ham - Frozen,16.9,1 KG,Halal
dairy-chilled-eggs,Kelly's Chicken Chipolata - Frozen,16.75,1 KG,
dairy-chilled-eggs,Ryan's Pork Italian Casalinga Sausages (Chilled),16.0,400 G,
dairy-chilled-eggs,Gotzinger Smallgoods Big Cheese Kransky,15.99,400 G,
dairy-chilled-eggs,Point Reyes Toma Cheese Wedge - Original,15.95,170 G,
dairy-chilled-eggs,Point Reyes Toma Cheese Wedge - Provence (Herbs de Provence),15.95,170 G,
dairy-chilled-eggs,Point Reyes Toma Cheese Wedge - Italian Black Truffle,15.95,170 G,
dairy-chilled-eggs,La Tur Triple Cream Brie Mixed Milk by The Cheese Shop,15.5,200 G,
dairy-chilled-eggs,Cut Butchery Xinjiang Lamb Sausage,15.0,330 G,
dairy-chilled-eggs,Cut Butchery Shumai Pork & Shrimp Sausage,15.0,330 G,
dairy-chilled-eggs,Sartori BellaVitano Cheese Wedge - Gold,14.9,150 G,
dairy-chilled-eggs,The Meat Club Free Range Back Bacon,14.9,250 G,
dairy-chilled-eggs,Ryan's Smoked Champagne Ham (Chilled),14.7,300 G,
dairy-chilled-eggs,Vegetarian World Vegan Lobster Ball,14.3,900 G,
dairy-chilled-eggs,Ryan's F/R Pork Cranberry & Chestnut Sausages (Chilled),14.2,400 G,
dairy-chilled-eggs,Gouda with Chilli Sambal by The Cheese Shop,14.1,200 G,
dairy-chilled-eggs,Gotzinger Smallgoods Cheese Kabana,13.99,400 G,
dairy-chilled-eggs,Rachel's Organic Greek Style Honey Bio-Live Yoghurt,13.95,450 G,
dairy-chilled-eggs,Ryan's Honey Baked Ham (Chilled),13.2,300 G,
dairy-chilled-eggs,Ryan's Pork Bockwurst Sausages (Chilled),12.9,400 G,
dairy-chilled-eggs,Kavli Spicy Chilli Cheddar Cheese Spread,12.9,250 G,
dairy-chilled-eggs,Kavli Jalapeno Cheese Spread,12.9,250 G,
dairy-chilled-eggs,Kavli Crayfish Cheese Spread,12.9,275 G,
dairy-chilled-eggs,Kavli Shrimp Cheese Spread,12.9,275 G,
dairy-chilled-eggs,Kavli C'est la Brie Cheese Spread,12.9,250 G,
dairy-chilled-eggs,Kavli Long Live the Cheddar Cheese Spread,12.9,250 G,
dairy-chilled-eggs,Cut Butchery Beef Braunschweiger (Liver) Sausage,12.8,330 G,
dairy-chilled-eggs,Ryan's Chicken Chorizo Sausages (Chilled),12.0,400 G,
dairy-chilled-eggs,Now Foods Organic Multigrain and Cauliflower Elbows Pasta,11.9,227 G,
dairy-chilled-eggs,Ryan's Bacon - Streaky Sliced (Chilled),11.1,300 G,
dairy-chilled-eggs,Kavli Blue Cheese Spread,10.9,175 G,
dairy-chilled-eggs,Cut Butchery American Pork Chipolata Sausage,10.8,330 G,
dairy-chilled-eggs,Cut Butchery Pork Bratwurst,10.8,330 G,
dairy-chilled-eggs,Cut Butchery Turmeric Pork Sausage,10.8,330 G,
dairy-chilled-eggs,Cut Butchery Jalapeno Cheese Pork Sausage,10.8,330 G,
dairy-chilled-eggs,Cut Butchery Pesto & Cheese Pork Sausage,10.8,330 G,
dairy-chilled-eggs,Kapiti Kahurangi Blue,10.4,130 G,
dairy-chilled-eggs,Kapiti Kahikatea Camembert,10.0,125 G,
dairy-chilled-eggs,Sublime No. 19 Bearnaise Butter,9.9,90 G,
dairy-chilled-eggs,Sublime No. 8 Red Chilli Smoked Salt and Lime Butter,9.9,90 G,
dairy-chilled-eggs,Sublime No. 17 Chimichurri Butter,9.9,90 G,
dairy-chilled-eggs,Cut Butchery Chicken Bratwurst,9.8,330 G,
dairy-chilled-eggs,Cut Butchery Chicken Masala Sausage,9.8,330 G,
dairy-chilled-eggs,Zac Butchery Italian Chicken Sausage Pack,9.4,300 G,
dairy-chilled-eggs,Arrighi Tortellini Cheese Pasta - Al Formaggio Cheese,9.0,250 G,
dairy-chilled-eggs,Ryan's Paprika Lyoner (Chilled),8.7,300 G,
dairy-chilled-eggs,Calveley Mill Red Leicester Cheese,8.5,200 G,
dairy-chilled-eggs,The King's Dairy Double Gloucester Cheese,8.5,200 G,
dairy-chilled-eggs,Primula Tube Cheese Spreadable - Spicy & Jalapenos,7.95,140 G,
dairy-chilled-eggs,Primula Tube Cheese Spreadable - Chives,7.95,140 G,
dairy-chilled-eggs,Ryan's Pork Hotdog Sausages (Chilled),7.5,250 G,
dairy-chilled-eggs,Food People Noodle - Instant Oyster Mee Sua Vermicelli,6.9,1 PC,
dairy-chilled-eggs,Willms Krakauer Pork Sausage - Made in Germany,6.85,260 G,
dairy-chilled-eggs,Food For Friends Cheese Sliced - Provolone,6.35,160 G,Halal
dairy-chilled-eggs,DEEP Kati Roll Paneer tikka,6.0,1 S,
dairy-chilled-eggs,CB 4x7 Jumbo Fish Bean Curd,6.0,350 G,
dairy-chilled-eggs,Food For Friends Cheese Sliced - Cheddar Sharp,5.95,160 G,Halal
dairy-chilled-eggs,ChaoKoh 100% Coconut Milk,5.8,1000 ML,
dairy-chilled-eggs,RedMan Margarine,5.6,1 KG,
dairy-chilled-eggs,Food For Friends Cheese Sliced - Pepper Jack,5.55,160 G,Halal
dairy-chilled-eggs,Food For Friends Cheese Sliced - Cheddar Mild,5.55,160 G,Halal
dairy-chilled-eggs,Food For Friends Cheese Sliced - Mozzarella,5.55,160 G,
dairy-chilled-eggs,Veeba Sandwich Spread Cheese & Chilli,5.5,300 G,
dairy-chilled-eggs,Armando Pasta Tortiglioni,5.4,500 G,
dairy-chilled-eggs,RedMan Creaming Ace,4.9,650 G,
dairy-chilled-eggs,Armando Pasta Casarecce Treccia (Short Twist),4.9,500 G,
dairy-chilled-eggs,Golden Bridge Mini BBQ Chicken Sausages - Chilled,4.82,250 G,
dairy-chilled-eggs,RedMan Premium Shortening,4.2,250 G,
dairy-chilled-eggs,Lim Kee Gourmet Curry Chicken Bun,4.1,280 G,
dairy-chilled-eggs,Lim Kee Festive Series - Longevity Buns (He Tao),2.72,250 G,
dairy-chilled-eggs,[BCRS] Rokeby Farms Protein Smoothie - Dutch Chocolate,4.5,425ml,
dairy-chilled-eggs,[BCRS] Rokeby Farms Fitmilk - Full Cream,4.95,900ml,
dairy-chilled-eggs,[BCRS] Rokeby Farms Protein Smoothie - Banana Honey & Cinnamon,4.5,425ml,
dairy-chilled-eggs,[BCRS] Rokeby Farms Protein Smoothie - Strawberry,4.5,425ml,Halal
dairy-chilled-eggs,Willms German Sausage - Cheese Wiener,6.62,200g,
dairy-chilled-eggs,[BCRS] Meiji Fresh Milk - Regular,6.7,2L,Halal
dairy-chilled-eggs,Meiji Pasteurized Fresh Milk - 4.3 Deluxe,3.63,946ml,Halal
dairy-chilled-eggs,Farmers Union Greek Style Yogurt - High Protein,9.65,900g,Halal
dairy-chilled-eggs,F & N NutriSoy High Calcium Fresh Soya Milk - Omega (No Sugar Added),2.97,946ml,Halal
dairy-chilled-eggs,Meiji Low Fat High Protein Milk - Green Tea,3.75,350ml,Halal
dairy-chilled-eggs,Chobani Greek Yogurt - Plain,16.5,907g,
dairy-chilled-eggs,Farmhouse Milk - Low Fat,3.73,946ml,Halal
dairy-chilled-eggs,[BCRS] Meiji Low Fat Fresh Milk - Regular,6.7,2L,Halal
dairy-chilled-eggs,[BCRS] Marigold 100% Fresh Bottle Milk,6.55,1.89L,Halal
dairy-chilled-eggs,Brownes Yogurt Pouch - Strawberry,2.95,90g,
dairy-chilled-eggs,[BCRS] Meiji Fresh Milk - Regular,3.53,830ml,Halal
dairy-chilled-eggs,Yotsuba Hokkaido Fresh Milk,2.24,200ml,
dairy-chilled-eggs,F & N NutriSoy High Calcium Fresh Soya Milk - Almond (Reduced Sugar),2.97,946ml,Halal
dairy-chilled-eggs,[BCRS] Farmhouse Milk - Fresh,6.75,1.89L,Halal
dairy-chilled-eggs,Chef Century Eggs,2.3,4 per pack,
dairy-chilled-eggs,President Cheese - Original Greek Feta,6.95,150g,
dairy-chilled-eggs,Dodo Snow Crab Leg Stick,2.85,66g,Halal
dairy-chilled-eggs,Lion Dance Pork Ball,3.05,200g,
dairy-chilled-eggs,[BCRS] Rokeby Farms Whole Protein Smoothie - Espresso,4.5,425ml,Halal
dairy-chilled-eggs,Farmers Union Greek Style High Protein Yogurt Pouch - Blueberry,4.4,150g,Halal
dairy-chilled-eggs,The Laughing Cow Cheese Dippers - Original,6.3,140g,
dairy-chilled-eggs,Chobani Greek Yogurt - Passionfruit,4.02,160g,
dairy-chilled-eggs,Lion Dance Pork Ball - Mushroom,3.05,200g,
dairy-chilled-eggs,F & N Magnolia Plus Fresh Milk - Lactose Free,4.7,946ml,
dairy-chilled-eggs,[BCRS] Meiji Low Fat Milk - Regular,3.53,830ml,Halal
dairy-chilled-eggs,DoDo Big Fish Cake - Fried,3.45,230g (3 per pack),
dairy-chilled-eggs,Farmers Union Greek Style Yoghurt - Light,9.65,1kg,Halal
dairy-chilled-eggs,Marigold 100% Fresh Milk,3.46,946ml,Halal
dairy-chilled-eggs,Pasar Singapore Fresh Eggs,3.34,10 per pack,
dairy-chilled-eggs,Farmers Union Greek Style High Protein Yogurt Pouch - Vanilla,4.4,150g,Halal
dairy-chilled-eggs,[BCRS] Meiji Fresh Milk - Skimmed,6.7,2L,Halal
dairy-chilled-eggs,SmartChoice Fresh Eggs,2.65,10 per pack,
dairy-chilled-eggs,Yotsuba Hokkaido Low Fat Milk,6.75,1L,
dairy-chilled-eggs,Jin Kimchi - Original,8.6,400g,
dairy-chilled-eggs,Kong Guan Pau - Pork,3.68,360g (6 per pack),
dairy-chilled-eggs,Chobani Fit Greek Yoghurt - Salted Caramel,4.35,160g,
dairy-chilled-eggs,Nobo Soy Milk - Original,2.7,1L,Halal
dairy-chilled-eggs,Brownes Dairy Natural Yoghurt - Raspberries & Cream,2.65,170g,
dairy-chilled-eggs,Meiji Greek Style Yoghurt - Natural,2.75,180g,
dairy-chilled-eggs,[BCRS] Meiji Fresh Milk - Coffee,3.53,830ml,Halal
dairy-chilled-eggs,Dasoon Soya Corn Fresh Eggs,3.25,600g (10 per pack),
dairy-chilled-eggs,Dasoon Sanitised Omega Fresh Eggs,5.25,15 per pack,
dairy-chilled-eggs,Dodo Kiddos Kamaboko Fish Cake Lower Sodium,3.45,90g,Halal
dairy-chilled-eggs,Dasoon Farm Fresh Eggs,2.85,10 per pack,
dairy-chilled-eggs,[BCRS] Meiji Fresh Milk,2.47,450ml,Halal
dairy-chilled-eggs,Jin Kimchi - Spicy,8.6,400g,
dairy-chilled-eggs,Lim Kee Mini Siew Mai - Chicken,3.7,240g,
dairy-chilled-eggs,Cowhead 100% Fresh Milk,4.06,1L,Halal
dairy-chilled-eggs,Dairy Farmers Thick & Creamy Yoghurt - Lemon Cream,3.45,150g,
dairy-chilled-eggs,Chobani Fit Greek Yogurt - Mango,4.35,150g,
dairy-chilled-eggs,Leong Guan Wholegrain Noodles - Mee Tai Bak,2.5,420g,Halal
dairy-chilled-eggs,Buttercup Luxury Spread Block - Unsalted,7.45,3 x 227g,Halal
dairy-chilled-eggs,Nobo Soy Milk - Original,15.9,6 x 1L (CTN),Halal
dairy-chilled-eggs,Golden Irish Organic Free Range Eggs,11.55,6 S,Organic
dairy-chilled-eggs,Chobani Greek Yogurt - Vanilla,4.1,140g,
dairy-chilled-eggs,Bakoma Men Protein Skyr Yogurt - Blueberry,5.95,300g,
dairy-chilled-eggs,Itomen Banshu Cha Soba Japanese Green Tea Buckwheat Noodle,8.9,250 G,
dairy-chilled-eggs,Kirei Kanesu Hosoi Delicious Yamaimo Japanese Soba Noodle,6.15,300 G,
dairy-chilled-eggs,AW'S Market Honey Baked Chicken Ham,16.0,1000 G,
dairy-chilled-eggs,Marumiya Mabo Tofu No Moto Instant Amakuchi Mild,7.5,162 G,
dairy-chilled-eggs,Marumiya Mabo Tofu No Moto Instant,7.5,162 G,
dairy-chilled-eggs,Muller Crunch Corner Strawberry Shortcake,4.5,124 G,
dairy-chilled-eggs,[BCRS] Meiji Fresh Milk - Regular,2.47,450ml,Halal
dairy-chilled-eggs,Muller Crunch Corner Toffee Yoghurt With Chocolate Hoops,4.5,124 G,
dairy-chilled-eggs,Misuzu Beancurd Skin 16P,5.5,270 G,
dairy-chilled-eggs,Kyotoan Inari Age,5.45,200 G,
dairy-chilled-eggs,Kirei Japanese Premium Handmade Tenobe Ume Somen Noodle Pack,12.1,300 G,
dairy-chilled-eggs,Misuzu Inari Beancurd Skin 6p,4.5,90 G,
dairy-chilled-eggs,Kyotoan Ajitsuke Age for Udon,4.75,130 G,
dairy-chilled-eggs,Calpis Kyoho Grape Concentrate 1L,21.9,1 L,
dairy-chilled-eggs,Marusan Soy Milk - Non Adjusted,9.03,1 L,
dairy-chilled-eggs,WhatIF Foods Bamnut milk - Airy (Carton of 12),72.0,12 L,
dairy-chilled-eggs,Aoren Aoren Kiroii Ringo Yellow Apple 1L x 6s Carton Sale,55.5,6 L,
dairy-chilled-eggs,Emborg Mozzarella Cheese Shredded,35.0,2 KG,
dairy-chilled-eggs,OSK Oraganic Young Barley Leaf (Promo Pack),24.35,106 G,
dairy-chilled-eggs,Prestigio Delights Hong Kong Chinese Sausage,22.0,500 G,
dairy-chilled-eggs,Sanwa Omelette Pudding Jelly + Pop Candy_30pc,15.05,450 G,
dairy-chilled-eggs,Sanwa Monster Egg+Ham Pudding / Popping Candy_30pc,15.05,690 G,
dairy-chilled-eggs,Marusanai Soy Milk - Unsweetened,9.03,1 L,
dairy-chilled-eggs,Emborg Mon Ami Unsalted Butter,6.66,250 G,
dairy-chilled-eggs,Grahams Family Dairy High Protein 25 Raspberry Yogurt,6.25,200 G,
dairy-chilled-eggs,Plus Calpis Meneki Support Drink,4.99,100 ML,
rice-noodles-cooking-ingredients,Royal Umbrella Thai Hom Mali Rice,16.25,5kg,
rice-noodles-cooking-ingredients,SongHe AAA Thai Hom Mali Rice - New Crop,16.95,5kg,Halal
rice-noodles-cooking-ingredients,FairPrice Jasmine Fragrant Rice,7.65,5kg,
rice-noodles-cooking-ingredients,Double FP Thai Hom Mali Premium Quality Fragrant Rice,12.3,5kg,
rice-noodles-cooking-ingredients,Royal Umbrella Thai Hom Mali Rice,31.5,10kg,
rice-noodles-cooking-ingredients,FairPrice Thai Hom Mali Superior Fragrant Rice,12.95,5kg,
rice-noodles-cooking-ingredients,McCormick Seasoning - Garlic Powder,4.75,55g,
rice-noodles-cooking-ingredients,Tai Sun Rice Vermicelli,1.2,400g,Halal
rice-noodles-cooking-ingredients,SIS Raw Sugar - Natural Granulated,3.75,800g,Halal
rice-noodles-cooking-ingredients,FairPrice Premium Quality Fine Salt,0.45,500g,
rice-noodles-cooking-ingredients,Prima Flour Packet Flour - Plain,2.2,1kg,Halal
rice-noodles-cooking-ingredients,Maggi Tomato Sauce,2.57,475g,
rice-noodles-cooking-ingredients,McCormick Seasoning - Black Pepper Coarse,5.25,37g,
rice-noodles-cooking-ingredients,SIS White Sugar - Fine Grain,2.35,1kg,Halal
rice-noodles-cooking-ingredients,Mccormick Chilli Flakes,5.8,29g,
rice-noodles-cooking-ingredients,Kara UHT Coconut Packet Cream,1.2,200ml,
rice-noodles-cooking-ingredients,FairPrice Canola Oil,6.15,2L,Halal
rice-noodles-cooking-ingredients,Pagoda Fine Salt (Box),0.7,500g,Halal
rice-noodles-cooking-ingredients,FairPrice Jasmine Rice,17.95,10kg,
rice-noodles-cooking-ingredients,SongHe AAA Thai Hom Mali Rice,18.6,5kg,Halal
rice-noodles-cooking-ingredients,Lee Kum Kee Oyster Sauce - Panda Brand,3.95,510g,
rice-noodles-cooking-ingredients,FairPrice Plain Flour,1.75,1kg,Halal
rice-noodles-cooking-ingredients,Kara UHT Coconut Milk - Light,1.1,200ml,Halal
rice-noodles-cooking-ingredients,FairPrice Canola Oil,20.5,5L,Halal
rice-noodles-cooking-ingredients,San Remo Pasta - Spaghetti,2.25,500g,Halal
rice-noodles-cooking-ingredients,Naturel Olive Oil - Pure,30.9,2L,Halal
rice-noodles-cooking-ingredients,Knife Brand Cooking Oil,20.9,5L + 1L,Halal
rice-noodles-cooking-ingredients,A1 Instant Rice Vermicelli,3.0,455g (10 per pack),
rice-noodles-cooking-ingredients,Tai Hua Light Soy Sauce - Standard (Big),2.65,640ml,
rice-noodles-cooking-ingredients,Chee Seng Sesame Oil - White,9.9,750ml,Halal
rice-noodles-cooking-ingredients,Marigold Evaporated Milk - King Of Kings (Full Cream),2.52,395g,Halal
rice-noodles-cooking-ingredients,San Remo Pasta - Elbows,2.25,500g,Halal
rice-noodles-cooking-ingredients,Pagoda Pure Corn Flour,1.17,400g,Halal
rice-noodles-cooking-ingredients,Lee Kum Kee Oyster Sauce - Premium Brand,7.5,510g,
rice-noodles-cooking-ingredients,FairPrice Pure Cane Sugar - Fine Grain,1.8,1kg,Halal
rice-noodles-cooking-ingredients,Naturel Cooking Oil - Premium Blend of Canola & Sunflower,12.9,3L,Halal
rice-noodles-cooking-ingredients,FairPrice Sunflower Oil,16.5,5L,Halal
rice-noodles-cooking-ingredients,Naturel Cooking Oil - Premium Blend of Canola & Sunflower,8.9,2L,Halal
rice-noodles-cooking-ingredients,Swanson Clear Chicken Broth,1.85,250ml,
rice-noodles-cooking-ingredients,FairPrice Premium Japonica Rice - Short Grain,6.1,2.5kg,
rice-noodles-cooking-ingredients,FairPrice Natural Coconut Cream,1.1,200ml,Halal
rice-noodles-cooking-ingredients,FairPrice Canola Oil,13.4,3L,Halal
rice-noodles-cooking-ingredients,FairPrice Sunflower Oil,6.8,2L,Halal
rice-noodles-cooking-ingredients,Golden Peony Jasmine Fragrant Rice,7.95,5kg,
rice-noodles-cooking-ingredients,Naturel Olive Oil - Extra Virgin,11.9,500ml,Halal
rice-noodles-cooking-ingredients,FairPrice Corn Flour,1.01,400g,
rice-noodles-cooking-ingredients,Del Monte Tomato Ketchup (Sauce),1.45,300g,Halal
rice-noodles-cooking-ingredients,Barilla Base for Bolognese Pasta Sauce with Italian Tomato,5.7,400g,Halal
rice-noodles-cooking-ingredients,SongHe AAA Thai Hom Mali Rice,32.8,10kg,Halal
rice-noodles-cooking-ingredients,Rice Field 100% Pure Rice Bran Oil,9.25,2L,Halal
rice-noodles-cooking-ingredients,FairPrice Pure Cane Sugar - Coarse Grain,1.8,1kg,Halal
rice-noodles-cooking-ingredients,Knorr Stock Cubes - Chicken (No Added MSG),3.83,120g,
rice-noodles-cooking-ingredients,Prego Pasta Sauce - Traditional Tomato,6.2,680g,Halal
rice-noodles-cooking-ingredients,Barilla Italian Pasta - Spaghetti No.5,3.88,500g,Halal
rice-noodles-cooking-ingredients,FairPrice Thai Brown Unpolished Rice,12.95,5kg,
rice-noodles-cooking-ingredients,FairPrice AAA Golden Royal Dragon Thai White Fragrant Rice,11.95,5kg,
rice-noodles-cooking-ingredients,Lee Kum Kee Soy Sauce - Light (Superior),2.4,500ml,Halal
rice-noodles-cooking-ingredients,Knorr Stock Cubes - Chicken,3.38,120g,Halal
rice-noodles-cooking-ingredients,Lee Kum Kee Oyster Sauce - Panda Brand,5.85,770g,
rice-noodles-cooking-ingredients,Chilli Brand Rice Vermicelli,1.3,400g,Halal
rice-noodles-cooking-ingredients,Chee Seng Sesame Oil - White,4.75,320ml,Halal
rice-noodles-cooking-ingredients,Okome Japanese Rice - Short Grain,12.05,4.5kg,
rice-noodles-cooking-ingredients,Lee Kum Kee Soy Sauce - Light,1.8,500ml,Halal
rice-noodles-cooking-ingredients,Heinz Tomato Ketchup,7.25,567g,
rice-noodles-cooking-ingredients,FairPrice Japanese Udon,3.0,3 x 200g,
rice-noodles-cooking-ingredients,SmartChoice Artificial Vinegar,1.22,640ml,Halal
rice-noodles-cooking-ingredients,Swanson 99% Fat Free Clear Chicken Broth,5.55,1L,
rice-noodles-cooking-ingredients,Knife Brand Groundnut Oil,12.9,2L,Halal
rice-noodles-cooking-ingredients,Gabrielle T Himalayan Pink Rock Salt (Fine),2.95,500g,
rice-noodles-cooking-ingredients,Arm & Hammer Pure Baking Soda,2.03,454g,
rice-noodles-cooking-ingredients,FairPrice Thailand Rice - Fragrant White,8.1,5kg,
rice-noodles-cooking-ingredients,FairPrice Jasmine Fragrant Rice,2.95,1kg,
rice-noodles-cooking-ingredients,Habhal's Kicap Manis (Soya Bean Sauce) - Sweet,4.0,645ml,Halal
rice-noodles-cooking-ingredients,Naturel Cooking Oil - Canola,7.5,2L,Halal
rice-noodles-cooking-ingredients,FairPrice AAA Golden Royal Dragon Thai White Fragrant Rice,23.15,10kg,
rice-noodles-cooking-ingredients,AAA Artificial Vinegar,5.05,5 L,
rice-noodles-cooking-ingredients,Ayam Brand Coconut Milk,1.4,200ml,
rice-noodles-cooking-ingredients,Gilda Tomato Paste,1.01,140g,
rice-noodles-cooking-ingredients,Lee Kum Kee Soy Sauce - Light (Premium),4.65,500ml,Halal
rice-noodles-cooking-ingredients,Barilla Basilico Pasta Sauce with Italian Tomato,5.7,400g,Halal
rice-noodles-cooking-ingredients,Golden Phoenix Rice - Thai Hom Mali,26.9,10kg,
rice-noodles-cooking-ingredients,Duck Brand Vegetable Cooking Oil,5.7,2L,Halal
rice-noodles-cooking-ingredients,Marigold Dawn Sweetened Beverage Creamer,3.8,1kg,Halal
rice-noodles-cooking-ingredients,Fortune Hokkien Noodle - Round,1.52,450g,Halal
rice-noodles-cooking-ingredients,FairPrice Olive Oil - Extra Light,26.9,2L,
rice-noodles-cooking-ingredients,Golden Pineapple Japonica Rice (Short Grain Calrose),10.8,5 KG,
rice-noodles-cooking-ingredients,Tai Hua Dark Soy Sauce - Standard (Big),2.65,640ml,
rice-noodles-cooking-ingredients,Best Foods Mayonnaise,5.35,430ml,
rice-noodles-cooking-ingredients,Knife Brand Cooking Oil,7.9,2L,Halal
rice-noodles-cooking-ingredients,Naturel Organic Rice - Mixed Brown and Red,11.0,2kg,Organic
rice-noodles-cooking-ingredients,Kewpie Mayonnaise,5.3,310ml,Halal
rice-noodles-cooking-ingredients,Milkmaid Sweetened Condensed Milk - Skimmed (Low Fat),2.64,392g,
rice-noodles-cooking-ingredients,Tadka Himalayan Pink Salt - Fine Grain,3.65,620g,Halal
rice-noodles-cooking-ingredients,Hosen Lychee,3.6,565g,Halal
rice-noodles-cooking-ingredients,San Remo Pasta - Penne,2.25,500g,Halal
rice-noodles-cooking-ingredients,San Remo Pasta - Fusillini,2.25,500g,
rice-noodles-cooking-ingredients,Sin Sin Chili Sauce - Garlic,2.6,330g,Halal
rice-noodles-cooking-ingredients,Bake King Flours - Plain (All Purpose),2.85,1kg,Halal
rice-noodles-cooking-ingredients,Campbell's Condensed Soup - Cream of Chicken,2.25,300g,Halal
rice-noodles-cooking-ingredients,Heinz Chili Sauce,2.05,310g,
rice-noodles-cooking-ingredients,Rice Field 100% Pure Rice Bran Oil,20.75,5L,Halal
rice-noodles-cooking-ingredients,Knorr Seasoning Powder - Chicken (No Added MSG),3.84,120g,Halal
rice-noodles-cooking-ingredients,SongHe 8020 Mixed Fragrant + Red Rice,17.25,5kg,Halal
rice-noodles-cooking-ingredients,FairPrice White Pepper - Ground,4.23,100g,
rice-noodles-cooking-ingredients,Golden Chef Royale Thai Hom Mali Fragrant Rice,12.95,5kg,
rice-noodles-cooking-ingredients,Royal Umbrella Thai Hom Mali Rice,3.8,1kg,
rice-noodles-cooking-ingredients,FairPrice Brown Sugar - Fine,3.1,800g,
rice-noodles-cooking-ingredients,Koka Ezy Cook Plain Noodles,1.58,375g,Halal
rice-noodles-cooking-ingredients,KCT Soya Sauce - Light (Superior),5.5,640ml,
rice-noodles-cooking-ingredients,Prima Flour Packet Flour - Bread,2.55,1kg,Halal
rice-noodles-cooking-ingredients,Narcissus White Rice Vinegar,1.53,600g,
rice-noodles-cooking-ingredients,Kewpie Mayonnaise,7.15,450g,
rice-noodles-cooking-ingredients,Lee Kum Kee Oyster Sauce - Vegetarian,3.0,510g,Halal
rice-noodles-cooking-ingredients,San Remo Pasta - Instant Spaghetti,2.25,500g,Halal
rice-noodles-cooking-ingredients,Songhe Noble Brown Rice,17.25,5kg,
rice-noodles-cooking-ingredients,Naturel Olive Oil - Pure,13.4,750ml,Halal
rice-noodles-cooking-ingredients,SongHe Shokaku Premium Sushi Rice,13.2,4.5kg,
rice-noodles-cooking-ingredients,Koka Non-Fried Plain Instant Noodles - Low Fat,1.89,350g,Halal
rice-noodles-cooking-ingredients,Golden Phoenix Rice - Thai Hom Mali,14.5,5kg,
rice-noodles-cooking-ingredients,San Remo Pasta Sauce - Bolognese and Mushroom,4.2,500g,Halal
rice-noodles-cooking-ingredients,SIS Brown Sugar - Fine Textured,4.25,800g,Halal
rice-noodles-cooking-ingredients,Taj Basmati Low GI Rice,18.9,5kg,
rice-noodles-cooking-ingredients,Royal India Basmati Rice - Extra Long,18.5,5kg,
rice-noodles-cooking-ingredients,Lee Kum Kee Soy Sauce - Reduced Salt,3.2,500ml,
rice-noodles-cooking-ingredients,Barilla Italian Pasta - Penne Rigate,3.88,500g,Halal
rice-noodles-cooking-ingredients,Double FP Thai Hom Mali Premium Quality Fragrant Rice,20.3,10kg,
rice-noodles-cooking-ingredients,Supreme Gold 1121 Basmati Rice,17.8,5kg,
rice-noodles-cooking-ingredients,FairPrice Olive Oil - Extra Virgin,24.9,2L,Halal
rice-noodles-cooking-ingredients,Naturel Cooking Oil - Sunflower,7.9,2L,Halal
rice-noodles-cooking-ingredients,Heinz Packet Broth - Chicken,5.55,1L,
rice-noodles-cooking-ingredients,FairPrice Premium Quality Fine Salt Box,0.55,500g,
rice-noodles-cooking-ingredients,Prego Pasta Sauce - Traditional Tomato,2.7,300g,
rice-noodles-cooking-ingredients,Pagoda Sea Salt - Fine,0.46,500g,
rice-noodles-cooking-ingredients,Heinz Packet Broth - Chicken,1.75,250ml,Halal
rice-noodles-cooking-ingredients,Prego Pasta Sauce - Carbonara Mushroom,2.7,295g,
rice-noodles-cooking-ingredients,Heinz Tomato Ketchup,2.0,300g,
rice-noodles-cooking-ingredients,Swanson Clear Chicken Broth - No Added MSG,5.9,1L,
rice-noodles-cooking-ingredients,Knorr Hao Chi All in One Seasoning,3.56,300g,
rice-noodles-cooking-ingredients,FairPrice Basmati Rice,17.35,5kg,
rice-noodles-cooking-ingredients,Kewpie Dressing - Roasted Sesame,4.5,210ml,Halal
rice-noodles-cooking-ingredients,Chee Seng Sesame Oil - Black,4.75,320ml,Halal
rice-noodles-cooking-ingredients,FairPrice India Ponni Rice,8.35,5kg,
rice-noodles-cooking-ingredients,Swan Tai Ann Mee Sua Box,2.14,300g,
rice-noodles-cooking-ingredients,Barilla Napoletana Pasta Sauce with Italian Tomato and Herbs,5.7,400g,Halal
rice-noodles-cooking-ingredients,San Remo Pasta - Linguine,2.25,500g,Halal
rice-noodles-cooking-ingredients,Fortune Noodles - Kway Teow,1.35,400g,Halal
rice-noodles-cooking-ingredients,Tiparos Thai Fish Sauce,2.5,700ml,Halal
rice-noodles-cooking-ingredients,Carnation Evaporated Milk - Low Fat,2.25,405g,
rice-noodles-cooking-ingredients,Knife Brand Cooking Oil,4.3,1L,Halal
rice-noodles-cooking-ingredients,Pagoda Pure Cooking Sea Salt,3.01,1kg,Halal
rice-noodles-cooking-ingredients,FairPrice Asian Recipe Paste Mix - Chicken Curry,2.25,200g,Halal
rice-noodles-cooking-ingredients,Knorr Stock Cubes - Beef,2.11,60g,Halal
rice-noodles-cooking-ingredients,Tai Hua Light Soy Sauce - Superior,5.75,640ml,
rice-noodles-cooking-ingredients,Singlong White Jade Noodles,2.0,340g,
rice-noodles-cooking-ingredients,Prego Pasta Sauce - Tomato Mushroom,6.2,680g,Halal
rice-noodles-cooking-ingredients,Tiger Brand Soya Sauce - Light (Top Quality),4.0,640ml,
rice-noodles-cooking-ingredients,Naturel Olive Oil - Extra Virgin,25.9,1.5L,Halal
rice-noodles-cooking-ingredients,Heinz Vinegar - Distilled White,3.2,473ml,
rice-noodles-cooking-ingredients,Tai Hua Light Soy Sauce - Special,3.95,640ml,
rice-noodles-cooking-ingredients,Naturel Organic Pasta - Macaroni,3.56,500g,Organic
rice-noodles-cooking-ingredients,SunRice Kangaroo Brand Australia Rice - Low GI,10.95,2kg,
rice-noodles-cooking-ingredients,Lee Kum kee Oyster Sauce - Reduced Salt,5.55,500g,Halal
rice-noodles-cooking-ingredients,Prima Taste Paste - Fragrant Hainanese Chicken Rice,2.25,80g,
rice-noodles-cooking-ingredients,Lingham's Chili Sauce (Squeeze Bottle),2.95,280ml,
rice-noodles-cooking-ingredients,Knorr Stock Cubes - Ikan Bilis,3.38,120g,Halal
rice-noodles-cooking-ingredients,Cabbage Brand Vegetable Cooking Oil,5.35,2L,Halal
rice-noodles-cooking-ingredients,KCT Soya Sauce - Light (Standard),2.3,640ml,Halal
rice-noodles-cooking-ingredients,Prego Pasta Sauce - Carbonara Mushroom,6.2,665g,Halal
rice-noodles-cooking-ingredients,Habhal's Kicap Manis (Soya Bean Sauce) - Sweet,2.91,345ml,Halal
rice-noodles-cooking-ingredients,Naturel Cooking Oil - Premium Blend of Canola & Sunflower,5.4,1L,Halal
rice-noodles-cooking-ingredients,Tiger Brand Artificial Vinegar,1.64,640ml,
rice-noodles-cooking-ingredients,Lee Kum Kee Minced Garlic - Freshly,3.75,213g,
rice-noodles-cooking-ingredients,Nestle Coffeemate Creamer - Stickpack,4.38,50 x 5g,Halal
rice-noodles-cooking-ingredients,Knife Brand Cooking Oil - Groundnut,17.8,3L,Halal
rice-noodles-cooking-ingredients,FairPrice Thai Brown Rice - Unpolished,6.95,2.5kg,
rice-noodles-cooking-ingredients,FairPrice Raw Sugar - Granulated,3.56,800g,
rice-noodles-cooking-ingredients,Bake King Baking Powder,1.8,70g,Halal
rice-noodles-cooking-ingredients,Bake King Essences - Vanilla,1.85,26ml,Halal
rice-noodles-cooking-ingredients,Cock Brand 100% Pure Groundnut Oil,12.8,2L,Halal
rice-noodles-cooking-ingredients,Nature's Nutrition Organic Chia Seed,15.07,500g,Organic
rice-noodles-cooking-ingredients,Royal Umbrella Thai Hom Mali Rice,9.58,2.5kg,
rice-noodles-cooking-ingredients,Tai Hua Light Soy Sauce - Reduced Salt,2.75,305ml,
rice-noodles-cooking-ingredients,Naturel Organic Rice - Brown,11.0,2kg,Organic
rice-noodles-cooking-ingredients,Royal Umbrella Thai Hom Mali Fragrant Rice - New Crop,16.6,5kg,
rice-noodles-cooking-ingredients,Cj Bibigo Korean Bulgogi Sauce - Mild & Sweet,5.55,500g,Halal
rice-noodles-cooking-ingredients,Fortune Japanese Udon,3.3,600g (3 per pack),Halal
rice-noodles-cooking-ingredients,A1 Instant Curry Sauce - Chicken,3.45,240g,
rice-noodles-cooking-ingredients,Marigold Dawn Sweetened Beverage Creamer,1.57,380g,Halal
rice-noodles-cooking-ingredients,Prego Pasta Sauce - Traditional Tomato,3.6,350g,Halal
rice-noodles-cooking-ingredients,FairPrice Vegetable Oil,4.95,2L,Halal
rice-noodles-cooking-ingredients,Fry Top Bread Crumbs,1.89,200g,Halal
rice-noodles-cooking-ingredients,Arm & Hammer Baking Soda Pouch,9.82,2.1kg,
rice-noodles-cooking-ingredients,Barilla Arrabbiata Pasta Sauce with Italian Tomato and Chilli Peppers,5.7,400g,Halal
rice-noodles-cooking-ingredients,Knife Brand Thai Fish Sauce - Reduced Salt,2.44,750ml,Halal
rice-noodles-cooking-ingredients,Saf-Instant Dry Baker's Yeast,2.19,55g,
rice-noodles-cooking-ingredients,Barilla Pesto Genovese Pasta Sauce with Fresh Italian Basil,6.95,190g,
rice-noodles-cooking-ingredients,Heinz Tomato Ketchup (No Added Sugar),5.0,369g,
rice-noodles-cooking-ingredients,Barilla Italian Pasta - Fusilli,3.88,500g,Halal
rice-noodles-cooking-ingredients,Pasar Raw Peanuts,2.38,300g,
rice-noodles-cooking-ingredients,Woh Hup Vegetarian Sauce - Shiitake Mushroom Oyster,3.3,500g,
rice-noodles-cooking-ingredients,"San Remo Pasta Sauce - Tomato, Onion & Garlic",4.2,500g,Halal
rice-noodles-cooking-ingredients,Sun Brand Dried Hong Kong Yee Fu Mee,2.44,200g,Halal
rice-noodles-cooking-ingredients,K-Salt Lower Sodium Salt,1.9,400g,
rice-noodles-cooking-ingredients,Prima Flour Packet Flour - Self Raising,3.31,1kg,Halal
rice-noodles-cooking-ingredients,Megah Mee Claypot Ee Mee,2.19,375g (5 per pack),
rice-noodles-cooking-ingredients,Erawan Elephant Rice Flour,1.64,600g,
rice-noodles-cooking-ingredients,Cirio Passata (Sieved Tomato),4.29,700g,
rice-noodles-cooking-ingredients,Laoganma Sauce Condiments - Spicy Chili Crisp,3.2,210g,
rice-noodles-cooking-ingredients,Kara Organic Coconut Cream,1.7,200ml,Organic
rice-noodles-cooking-ingredients,Hinode Mirin Sweet Cooking Sauce,3.77,320ml,
rice-noodles-cooking-ingredients,FairPrice Bread Flour,2.3,1kg,Halal
rice-noodles-cooking-ingredients,Delicato Himalayan Pink Salt - Fine,2.55,500g,
rice-noodles-cooking-ingredients,Soup Restaurant Samsui Sauce - Ginger,6.93,174g,Halal
rice-noodles-cooking-ingredients,San Remo Pasta - Angel Hair Spaghetti,2.25,500g,Halal
rice-noodles-cooking-ingredients,Sun Kee Dried Bean Vermicelli,1.89,180g,
rice-noodles-cooking-ingredients,Pagoda Unrefined Dry Demerara Sugar,2.29,500g,
rice-noodles-cooking-ingredients,La Molisana Spaghetti,3.63,500g,
rice-noodles-cooking-ingredients,Hai Di Lao Hot Pot Seasoning - Tomato,4.5,200g,
rice-noodles-cooking-ingredients,FairPrice Black Pepper - Ground,4.13,100g,
rice-noodles-cooking-ingredients,Oki Premium Sunflower Oil,7.3,2L,Halal
rice-noodles-cooking-ingredients,Kikkoman Sauce - Teriyaki,4.99,250ml,
rice-noodles-cooking-ingredients,Highway Pork Luncheon Meat,2.55,397g,
rice-noodles-cooking-ingredients,SmartChoice Long Grain White Rice,7.05,5kg,
rice-noodles-cooking-ingredients,Knife Brand Cooking Oil,2.4,500ml,
rice-noodles-cooking-ingredients,Temasek Gold Basmati Rice,23.22,5kg,
rice-noodles-cooking-ingredients,Double Pagoda Sesame Oil - Pure,4.64,250ml,
rice-noodles-cooking-ingredients,Pasar Chinese Herbs - Goji berry,4.15,150g,
rice-noodles-cooking-ingredients,FairPrice Basmati Rice,7.7,2.5kg,
rice-noodles-cooking-ingredients,Smart Choice Cooking Oil - Vegetable,4.75,2L,Halal
rice-noodles-cooking-ingredients,FairPrice Black Pepper - Coarse,4.53,80g,
rice-noodles-cooking-ingredients,Maggi Tomato Sauce,1.77,320g,
rice-noodles-cooking-ingredients,New Moon Premium Fragrant Rice (Thai Hom Mali),15.5,5kg,
rice-noodles-cooking-ingredients,Naturel Organic Pasta - Spaghetti,3.56,500g,Organic
rice-noodles-cooking-ingredients,Dahlia Tamarind Paste,1.28,300g,Halal
rice-noodles-cooking-ingredients,Lee Kum Kee Squeezy Bottle Oyster Sauce - Premium,7.5,500g,
rice-noodles-cooking-ingredients,FairPrice Flour Vermicelli (Mee Suah),1.35,300g,
rice-noodles-cooking-ingredients,SongHe New Crop AAA Thai Hom Mali Rice,8.2,2kg,
rice-noodles-cooking-ingredients,Heinz Mayonnaise - Seriously Good,7.85,395g,
rice-noodles-cooking-ingredients,FairPrice Thailand Rice - White,7.75,5kg,
rice-noodles-cooking-ingredients,FairPrice Pure Cane Sugar - Coarse Grain,4.89,3kg,Halal
rice-noodles-cooking-ingredients,SIS White Sugar - Coarse Grain,2.35,1kg,Halal
rice-noodles-cooking-ingredients,Knorr Stock Cubes - Vegetable,2.11,60g,
rice-noodles-cooking-ingredients,FairPrice Pasta - Fusilli,2.45,500g,Halal
rice-noodles-cooking-ingredients,CJ Haechandle Gochujang Red Pepper Paste,6.01,500g,
rice-noodles-cooking-ingredients,Heinz ABC Sweet Sauce,4.9,620ml,Halal
rice-noodles-cooking-ingredients,Barilla Italian Pasta - Chifferi Elbows,3.88,500g,Halal
rice-noodles-cooking-ingredients,Oki Premium Canola Oil,14.25,5L,Halal
rice-noodles-cooking-ingredients,AAA Shao Xing Cooking Wine,3.6,640 ML,
rice-noodles-cooking-ingredients,Pasar Dried Split Fish,2.75,100g,
rice-noodles-cooking-ingredients,Hollyfarms Instant Soup Paste - Tom Yum Koong,3.36,227g,Halal
rice-noodles-cooking-ingredients,Plum Blossom Brand Hua Tiao Chiew,15.0,500ml,
rice-noodles-cooking-ingredients,Knife Brand Rice Bran Oil,8.7,2L,Halal
rice-noodles-cooking-ingredients,Borges Black Olives - Pitted,4.15,230g,
rice-noodles-cooking-ingredients,Naturel Cooking Oil - Canola,10.65,3L,Halal
rice-noodles-cooking-ingredients,S&W Premium Vinegar - Distilled White,2.59,473ml,
rice-noodles-cooking-ingredients,FairPrice Thai Rice Blend,7.95,2.5kg,
rice-noodles-cooking-ingredients,Prima Taste Paste - Laksa,2.25,80g,Halal
rice-noodles-cooking-ingredients,Kikkoman Soy Sauce,6.57,1L,
rice-noodles-cooking-ingredients,Ayam Brand Coconut Milk - Trim,1.3,200ml,
rice-noodles-cooking-ingredients,La Molisana Fusilli,3.63,500g,
rice-noodles-cooking-ingredients,Singlong Mix - Hainanese Chicken Rice,1.73,90g,Halal
rice-noodles-cooking-ingredients,7th Month Package - Auspicious,48.8,1 per pack,
rice-noodles-cooking-ingredients,Lingham's Chilli Sauce,2.95,280ml,
rice-noodles-cooking-ingredients,KCT Soya Sauce - Dark (Best),4.08,640ml,Halal
rice-noodles-cooking-ingredients,Superchia Organic Chia Seed,8.8,500 G,
rice-noodles-cooking-ingredients,Chee Seng Sesame Oil - Black,9.15,650ml,
rice-noodles-cooking-ingredients,"Prego Pasta Sauce - Tomato, Basil & Garlic (Can)",2.7,300g,
rice-noodles-cooking-ingredients,Prima Taste Sauce Kit - Laksa,8.78,225g,
rice-noodles-cooking-ingredients,New Moon Abalone Sauce,4.5,510g,Halal
rice-noodles-cooking-ingredients,Lee Kum Kee Soy Sauce - Dark (Premium),4.55,500ml,Halal
rice-noodles-cooking-ingredients,Singlong Gula Malacca,3.97,400g,
rice-noodles-cooking-ingredients,Pagoda Mineral Salt - Less Sodium,3.77,350g,
rice-noodles-cooking-ingredients,Flying Man Brand Corn Flour,1.11,400g,
rice-noodles-cooking-ingredients,FairPrice Olive Oil - Extra Virgin,9.5,500ml,Halal
rice-noodles-cooking-ingredients,Lee Kum Kee Squeezy Bottle Oyster Sauce - Panda Brand,3.6,500g,
rice-noodles-cooking-ingredients,Good by Grove Everyday Use Avocado Oil,19.95,500ml,
rice-noodles-cooking-ingredients,Prego Pasta Sauce - Cheese and Herbs,2.7,300g,
rice-noodles-cooking-ingredients,Tiger Brand Soya Sauce - Light (Standard Grade),2.55,640ml,
rice-noodles-cooking-ingredients,Leggo's Tomato Puree,2.42,410g,Halal
rice-noodles-cooking-ingredients,Golden Chef 100% Pure Sesame Oil,8.95,750ml,Halal
rice-noodles-cooking-ingredients,Lee Kum Kee Oyster Sauce - Dried Scallop,7.5,510g,Halal
rice-noodles-cooking-ingredients,MasterFood Seasoning - Garlic Powder,5.5,45g,
rice-noodles-cooking-ingredients,FairPrice Canola Oil,2.5,500ml,Halal
rice-noodles-cooking-ingredients,Medella Organic Premium Coconut Cooking Oil,29.9,1.9L,Organic
rice-noodles-cooking-ingredients,Sakura Japonica Short Grain Rice,9.8,5 KG,
rice-noodles-cooking-ingredients,Hershey's Chocolate Chips - Semi-Sweet,7.35,285g,Halal
rice-noodles-cooking-ingredients,Pagoda Pure Potato Starch,1.97,350g,
rice-noodles-cooking-ingredients,Campbell's Condensed Soup - Cream Style Corn with Chicken,2.25,305g,
rice-noodles-cooking-ingredients,FairPrice Tomato Ketchup,1.16,320g,Halal
rice-noodles-cooking-ingredients,Maggi Air Fryer Marinade Paste - Lemongrass Chicken Thai-Style,2.1,100g,Halal
rice-noodles-cooking-ingredients,Knife Brand Thai Fish Sauce - Reduced Salt,1.43,300ml,Halal
rice-noodles-cooking-ingredients,LG Noodles - Yellow,2.95,1kg,Halal
rice-noodles-cooking-ingredients,Kikkoman Soy Sauce - Less Salt,5.95,600ml,
rice-noodles-cooking-ingredients,Naturel Cooking Oil - Sunflower,11.9,3L,Halal
rice-noodles-cooking-ingredients,Prima Flour Artisan Bread Flour,3.55,1kg,Halal
rice-noodles-cooking-ingredients,Naturel Extra Light Olive Oil,30.9,2L,Halal
rice-noodles-cooking-ingredients,Tabasco Sauce - Pepper,8.2,150ml,Halal
rice-noodles-cooking-ingredients,Fairprice Lower Sodium Salt with Potassium,2.3,400g,
rice-noodles-cooking-ingredients,SIS White Sugar - Fine Grain,4.5,2kg,Halal
rice-noodles-cooking-ingredients,Kwong Cheong Thye Superior Soya Sauce - Dark,5.5,640ml,Halal
rice-noodles-cooking-ingredients,"Leggo’s Pasta Sauce - Bolognese (Mushroom, Chunky Tomato & Herbs)",4.55,500g,Halal
rice-noodles-cooking-ingredients,Swanson Pork Bone Broth,5.55,1L,
rice-noodles-cooking-ingredients,FairPrice Soya Sauce - Light,2.2,660ml,Halal
rice-noodles-cooking-ingredients,Ajinomoto Pure Select Mayonnaise,5.3,400g,
rice-noodles-cooking-ingredients,Flying Man Brand Tapioca Starch,1.22,500g,
rice-noodles-cooking-ingredients,FairPrice Thai Hom Mali Superior Fragrant Rice,29.1,10kg,
rice-noodles-cooking-ingredients,SongHe Noble Berry Rice,6.06,1kg,Halal
rice-noodles-cooking-ingredients,SIS Raw Sugar - Natural Granulated (Sticks),4.25,350g,Halal
rice-noodles-cooking-ingredients,FLS Sichuan Soya Beancurd Chili and Sesame Oil,1.12,130g,
rice-noodles-cooking-ingredients,Hikari Miso Organic Paste - Mild Sodium,7.47,500g,Organic
rice-noodles-cooking-ingredients,Prima Flour Superior Bread Flour,3.55,1kg,Halal
rice-noodles-cooking-ingredients,Bake King Baking Soda,1.6,100g,Halal
rice-noodles-cooking-ingredients,FairPrice Cocoa Powder,3.65,100g,
rice-noodles-cooking-ingredients,FairPrice Rice Vermicelli (Bee Hoon),1.16,400g,Halal
rice-noodles-cooking-ingredients,Prima Taste Sauce Kit - Singapore Curry,8.78,300g,
rice-noodles-cooking-ingredients,Pasar Rock Sugar - China,1.89,500g,
rice-noodles-cooking-ingredients,S&B Golden Curry Sauce Mix - Mild,5.5,220g,
rice-noodles-cooking-ingredients,Lipco Sugar Sticks,2.82,100 per pack,
rice-noodles-cooking-ingredients,Pasar Dried Split Fish,6.06,300g,
rice-noodles-cooking-ingredients,KCT Soya Sauce - Light (Best),4.08,640ml,Halal
rice-noodles-cooking-ingredients,Prego Pasta Sauce - Mushroom,2.7,300g,
rice-noodles-cooking-ingredients,Van Houten Cocoa Powder,4.42,100g,Halal
rice-noodles-cooking-ingredients,FairPrice Tapioca Flour,1.16,500g,
rice-noodles-cooking-ingredients,Borges Olive Oil - Extra Light,39.5,2L,Halal
rice-noodles-cooking-ingredients,Borges Olive Oil - Extra Virgin,24.9,1L,Halal
rice-noodles-cooking-ingredients,Anchor Brand Pepper Powder - White,4.08,100g,
rice-noodles-cooking-ingredients,FairPrice Extra Virgin Coconut Oil (Cold Pressed),12.6,500ml,Halal
rice-noodles-cooking-ingredients,FairPrice White Pepper - Ground,2.14,25g,
rice-noodles-cooking-ingredients,Heinz Seriously Good Mayonnaise,7.55,460g,
rice-noodles-cooking-ingredients,FairPrice Pure Cane Sugar - Coarse Grain,3.36,2kg,Halal
rice-noodles-cooking-ingredients,FairPrice Oyster Sauce,2.98,480g,Halal
rice-noodles-cooking-ingredients,FairPrice Kway Teow,1.46,450g,Halal
rice-noodles-cooking-ingredients,PaddyKing Taiwan Pearl Rice,13.95,5 KG,
rice-noodles-cooking-ingredients,Naturel Spray Oil - Avocado Olive,7.7,200ml,Halal
rice-noodles-cooking-ingredients,San Remo Pasta Sauce - Tomato & Basil 500g,4.2,500g,
rice-noodles-cooking-ingredients,Nongshim Sweet Potato Glass Noodles,4.35,500g,
rice-noodles-cooking-ingredients,Lea & Perrins Worcestershire Sauce,4.5,150ml,
rice-noodles-cooking-ingredients,Sin Sin Chili Sauce - Sweet Thai,2.82,315g,
rice-noodles-cooking-ingredients,Pasar Dried Chilies,2.39,150g,
rice-noodles-cooking-ingredients,New Moon Premium Fragrant Organic Rice (Thai Hom Mali),9.68,2kg,Organic
rice-noodles-cooking-ingredients,Naturel Cooking Oil - Canola,4.4,1L,Halal
rice-noodles-cooking-ingredients,Campbell's Premium Selection Soup - Wild Mushroom,3.35,300g,Halal
rice-noodles-cooking-ingredients,Lee Kum Kee Sauce - Char Siu,3.75,240g,
rice-noodles-cooking-ingredients,San Remo 3 Mins Quick Cook Macaroni,2.25,500g,Halal
rice-noodles-cooking-ingredients,Kang Kang Pasteurised Fresh Laksa Noodles,1.67,420g,
rice-noodles-cooking-ingredients,Sun Brand Dried Egg Noodles (High Quality),1.48,200g,Halal
rice-noodles-cooking-ingredients,Naturel Olive Oil - Extra Light,13.4,750ml,Halal
rice-noodles-cooking-ingredients,Marigold Lady General Sweetened Condensed Milk - Full Cream,2.72,385g,Halal
rice-noodles-cooking-ingredients,Kara UHT Natural Coconut Packet Cream,3.1,500ml,
rice-noodles-cooking-ingredients,Tai Hua Light Soy Sauce - Standard (Small),1.94,320ml,
rice-noodles-cooking-ingredients,Prego Pasta Sauce - Tomato Mushroom,3.6,350g,Halal
rice-noodles-cooking-ingredients,Taj Low GI Basmati Rice,4.89,1kg,
rice-noodles-cooking-ingredients,Sun Kee Dried Food - Ruo Qiang Red Dates,4.3,300g,
rice-noodles-cooking-ingredients,Tong Hai Shao Hsing Cooking Hua Tiao Chiew,3.66,640ml,
rice-noodles-cooking-ingredients,Okome Shortgrain Rice,4.06,1kg,
rice-noodles-cooking-ingredients,SIS Caster Sugar - Extra Fine,3.5,800g,Halal
rice-noodles-cooking-ingredients,SIS White Sugar Sticks - Fine Grain,3.5,400g,Halal
rice-noodles-cooking-ingredients,San Remo Pasta - Macaroni,2.25,500g,
rice-noodles-cooking-ingredients,Del Monte Tomato Paste,1.75,195g,Halal
rice-noodles-cooking-ingredients,Erawan Elephant Glutinous Rice Flour,2.34,600g,
rice-noodles-cooking-ingredients,Maggi Chili Sauce,2.27,340g,
rice-noodles-cooking-ingredients,Golden Pineapple India Basmati Rice (Low GI),8.95,2.5 KG,
rice-noodles-cooking-ingredients,FairPrice Mayo,4.05,430g,Halal
rice-noodles-cooking-ingredients,FairPrice 100% Natural Caster Sugar - Extra Fine,2.65,800g,Halal
rice-noodles-cooking-ingredients,FairPrice Potato Starch,1.7,350g,Halal
rice-noodles-cooking-ingredients,SongHe AAA Thai Hom Mali Rice,4.84,1kg,
rice-noodles-cooking-ingredients,MasterFoods Spices - Paprika Ground,4.48,33g,
rice-noodles-cooking-ingredients,Pansalt Lower Sodium Mineral Salt,3.87,215g,
rice-noodles-cooking-ingredients,Singlong Bean Mee (Tau Chiam),1.83,250g,
rice-noodles-cooking-ingredients,FairPrice AAA Golden Royal Dragon Thai White Fragrant Rice,6.6,2.5kg,
rice-noodles-cooking-ingredients,Heinz Barbecue Sauce - Classic (Rich & Smokey),6.4,480g,
rice-noodles-cooking-ingredients,FairPrice Pasta - Elbow,2.45,500g,Halal
rice-noodles-cooking-ingredients,Lee Kum Kee Pure Sesame Oil,3.0,207ml,
rice-noodles-cooking-ingredients,Pasar Dried Prawn (Premium),7.8,150g,
rice-noodles-cooking-ingredients,Naturel Organic Basil Pesto Sauce,6.01,140g,Organic
rice-noodles-cooking-ingredients,Pasar White Sesame Seed,1.53,150g,
rice-noodles-cooking-ingredients,Heinz Mayonnaise - Seriously Good,4.95,215g,
rice-noodles-cooking-ingredients,Singlong Sauce - Black Pepper,3.26,300g,Halal
rice-noodles-cooking-ingredients,Cap Limau Fried Shallot Crisps,2.95,200g,
rice-noodles-cooking-ingredients,Pasar Red Bean,2.8,500g,
rice-noodles-cooking-ingredients,Maggi Air Fryer Marinade Paste - Aromatic Spiced Chicken,2.1,100g,Halal
rice-noodles-cooking-ingredients,Lee Kum Kee Soy Sauce - Seafood,4.34,410ml,
rice-noodles-cooking-ingredients,Maille Dijon Mustard - Original,5.6,215g,
rice-noodles-cooking-ingredients,Kafera Raw Cane Sugar - Rich Aroma,3.65,500g,
rice-noodles-cooking-ingredients,Naturel Organic Pasta - Penne,3.56,500g,Organic
rice-noodles-cooking-ingredients,FairPrice Pasta - Spaghetti,2.45,500g,Halal
rice-noodles-cooking-ingredients,Maggi Air Fryer Marinade Paste - Satay Chicken,2.1,100g,Halal
rice-noodles-cooking-ingredients,"Leggo’s Pasta Sauce - Carbonara (Fresh Cream, Onion & Cheese)",6.51,490g,Halal
rice-noodles-cooking-ingredients,Mahsuri Oyster Flavoured Sauce,3.3,510g,Halal
rice-noodles-cooking-ingredients,Double FP Thai Hom Mali Premium Quality Fragrant Rice - New Crop,12.95,5kg,
rice-noodles-cooking-ingredients,Chef Genius Chen Nian Hua Tiao Chiew,1.83,640ml,
rice-noodles-cooking-ingredients,MasterFoods Seasoning - Onion Powder,4.5,44g,
rice-noodles-cooking-ingredients,Songhe Glutinous Rice,4.03,1kg,
rice-noodles-cooking-ingredients,Golden Circle Corn Oil,7.5,2L,
rice-noodles-cooking-ingredients,"Leggo’s Pasta Sauce - Bolognese (Chunky Tomato, Garlic & Herbs)",4.55,500g,Halal
rice-noodles-cooking-ingredients,Barilla Italian Pasta - Spaghetti No.3,3.88,500g,Halal
rice-noodles-cooking-ingredients,Tiger Brand Soya Sauce - Dark (Top Quality),2.55,320ml,
rice-noodles-cooking-ingredients,PaddyKing Thai Tri-Color Wholegrain Rice,9.95,2.5 KG,
rice-noodles-cooking-ingredients,Taho Lemon Chili Sauce - Extra Hot,1.94,180g,
rice-noodles-cooking-ingredients,Double Pagoda Sesame Oil - Pure,3.25,150ml,
rice-noodles-cooking-ingredients,GPA Sugar - 100% Natural Fine Cane Sugar,1.8,1 KG,
rice-noodles-cooking-ingredients,Oki Premium Soya Bean Oil,6.3,2L,Halal
rice-noodles-cooking-ingredients,McCormick Seasoning - Onion Powder,4.1,45g,
rice-noodles-cooking-ingredients,Tai Hua Sweet Sauce,1.73,320ml,
rice-noodles-cooking-ingredients,Chan Kong Thye Black Sweet Rice Vinegar,7.34,750ml,
rice-noodles-cooking-ingredients,Fortune Premium Abalone Sauce,3.85,380g,
rice-noodles-cooking-ingredients,Tong Foong Sauce - Red Dates Dark Soy Sauce,3.66,325ml,
rice-noodles-cooking-ingredients,SongHe 8020 Mixed Fragrant Rice + Red Rice,8.9,2kg,Halal
rice-noodles-cooking-ingredients,Lee Kum Kee Sauce - Ma Po Tofu,1.94,80g,
rice-noodles-cooking-ingredients,Pasar Dried Pearl Sago,1.37,250g,
rice-noodles-cooking-ingredients,Tai Hua Dark Soy Sauce - Special,3.95,640ml,
rice-noodles-cooking-ingredients,Double FP Thai Hom Mali Premium Quality Fragrant Rice,3.55,1kg,
rice-noodles-cooking-ingredients,San Remo Pasta - Vegeroni Spirals,2.73,375g,Halal
rice-noodles-cooking-ingredients,FairPrice Canola Oil,3.95,1L,Halal
rice-noodles-cooking-ingredients,Pagoda Finest Pearl Barley,1.43,400g,
rice-noodles-cooking-ingredients,Fairprice Rice Bran Oil,9.5,2L,Halal
rice-noodles-cooking-ingredients,Mccormick Grinder - Black Peppercorn,6.45,28g,
rice-noodles-cooking-ingredients,Kewpie Dressing - Roasted Sesame (Yuzu),4.95,210ml,Halal
rice-noodles-cooking-ingredients,Heinz Vinegar - Apple Cider,5.25,473ml,
rice-noodles-cooking-ingredients,MasterFoods Herbs - Italian Herbs,4.08,10g,
rice-noodles-cooking-ingredients,Dahlia Tamarind Paste,3.31,1kg,Halal
rice-noodles-cooking-ingredients,FairPrice Black Pepper - Seed,3.66,80g,
rice-noodles-cooking-ingredients,Hunt's Tomato Sauce,2.0,227g,
rice-noodles-cooking-ingredients,MasterFoods Spices - Chilli Flakes,5.5,22g,
rice-noodles-cooking-ingredients,Barilla Italian Pasta - Farfalle,3.88,500g,Halal
rice-noodles-cooking-ingredients,Barilla Italian Pasta - Linguine 13,3.88,500g,Halal
rice-noodles-cooking-ingredients,Bake King Flours - Bread (High Protein),3.15,1kg,Halal
rice-noodles-cooking-ingredients,Maggi Premium Oyster Sauce,3.63,500g,
rice-noodles-cooking-ingredients,MasterFoods Herbs - Oregano Leaves,4.8,10g,
rice-noodles-cooking-ingredients,Knorr Seasoning Powder - Chicken,3.38,120g,Halal
rice-noodles-cooking-ingredients,FairPrice Rice Flour,1.25,600g,Halal
rice-noodles-cooking-ingredients,Double FP Thai Hom Mali Premium Quality Fragrant Rice,7.45,2.5kg,
rice-noodles-cooking-ingredients,Lee Kum Kee Sauce - Black Bean Garlic,3.75,226g,
rice-noodles-cooking-ingredients,Maggi Air Fryer Marinade Paste - Tandoori,2.1,100g,Halal
rice-noodles-cooking-ingredients,Wu Chang China Rice,15.95,5kg,
rice-noodles-cooking-ingredients,Tai Hua Dark Soy Sauce - Superior,5.75,640ml,
rice-noodles-cooking-ingredients,QBB Pure Ghee,10.4,400g,Halal
rice-noodles-cooking-ingredients,Hershey's Chocolate Mini Chips - Semi-Sweet,8.3,340g,
rice-noodles-cooking-ingredients,La Molisana Penne Rigate,3.63,500g,
rice-noodles-cooking-ingredients,House Foods Vermont Curry Sauce Mix - Mild,5.45,230g,
rice-noodles-cooking-ingredients,Hai Di Lao Hot Pot Seasoning - Broth Flavor,4.5,110g,
rice-noodles-cooking-ingredients,Barilla Italian Pasta - Love Shapes,3.88,400g,Halal
rice-noodles-cooking-ingredients,Heinz ABC Chili Sauce - Sambal Asli,2.63,395g,Halal
rice-noodles-cooking-ingredients,Naturel Spray Oil - Extra Virgin,8.8,200ml,Halal
rice-noodles-cooking-ingredients,Prima Flour Packet Flour - Cake,3.82,1kg,Halal
rice-noodles-cooking-ingredients,Pasar Dried Barley,1.7,500g,
rice-noodles-cooking-ingredients,FairPrice Groundnut Oil,12.95,2L,Halal
rice-noodles-cooking-ingredients,Bertolli Extra Light Olive Oil Spray,7.95,132g,
rice-noodles-cooking-ingredients,San Remo Pasta - Large Shells,2.25,500g,
rice-noodles-cooking-ingredients,Campbell's 100% Natural Real Stock - Beef,5.75,1L,
rice-noodles-cooking-ingredients,MasterFoods Herbs - Parsley Flakes,3.6,7g,
rice-noodles-cooking-ingredients,Ayam Brand Coconut Milk,2.55,330ml,Halal
rice-noodles-cooking-ingredients,Kang Kang Pasteurised Ipoh Hor Fun,1.67,420g,
rice-noodles-cooking-ingredients,Kang Kang Pasteurised Fresh Bee Tai Mak,1.67,420g,
rice-noodles-cooking-ingredients,Origins Healthfood Organic Hulled Millet,7.08,1kg,Organic
rice-noodles-cooking-ingredients,Heinz ABC Chili Sauce - Extra Hot,2.63,395g,Halal
rice-noodles-cooking-ingredients,Kewpie Dressing - Roasted Sesame,10.14,500ml,Halal
rice-noodles-cooking-ingredients,FairPrice Tartar Sauce,4.08,320g,Halal
rice-noodles-cooking-ingredients,Pasar Dried Prawn,4.02,100g,
rice-noodles-cooking-ingredients,PASAR Buah Keras (Candlenuts),1.22,100g,
rice-noodles-cooking-ingredients,Hinode Sauce - Soba,5.6,400ml,
rice-noodles-cooking-ingredients,Kikkoman Marinade - Teriyaki,5.33,250ml,
rice-noodles-cooking-ingredients,Hai Di Lao Hot Pot Soup Base - Spicy,4.5,220g,
rice-noodles-cooking-ingredients,Golden Chef Hot Pot Soup Base - Tomato,1.65,200g,
rice-noodles-cooking-ingredients,Tabasco Sauce - Pepper,3.5,60ml,
rice-noodles-cooking-ingredients,Soup Restaurant Samsui Sauce - XO,6.93,150g,
rice-noodles-cooking-ingredients,Lady's Choice Real Mayonnaise,2.86,220ml,
rice-noodles-cooking-ingredients,Coco Republic Coconut Cooking Oil,10.45,1L,Halal
rice-noodles-cooking-ingredients,Knorr Stock Cubes - Chicken,2.11,60g,Halal
rice-noodles-cooking-ingredients,San Remo Pasta - Instant Lasagna,3.87,250g,
rice-noodles-cooking-ingredients,Prima Flour Packet Flour - Plain (Unbleached),3.77,1kg,Halal
rice-noodles-cooking-ingredients,Sing Long Shave Kuan Miau Noodles,3.62,500g,
rice-noodles-cooking-ingredients,Equal Sweetener Sachets - Classic,10.08,100 x 1g,
rice-noodles-cooking-ingredients,Sailing Boat Pure Vegetable Cooking Oil,12.35,5L,
rice-noodles-cooking-ingredients,FairPrice Asian Recipe Paste Mix - Green Curry,2.25,200g,Halal
rice-noodles-cooking-ingredients,Tai Hua Artificial Vinegar,1.73,640ml,
rice-noodles-cooking-ingredients,Campbell's Condensed Soup - Mushroom Potage,2.63,300g,Halal
rice-noodles-cooking-ingredients,Flying Man Brand 100% Crystalline Fragrant Rice,16.81,5kg,
rice-noodles-cooking-ingredients,Bertolli Extra Virgin Olive Oil Spray,7.95,132g,
rice-noodles-cooking-ingredients,Singlong Sambal - Belacan Chili,3.0,230g,Halal
rice-noodles-cooking-ingredients,Maggi Chili Sauce - Garlic,2.63,305g,Halal
rice-noodles-cooking-ingredients,Maggi Air Fryer Marinade Paste - Black Pepper,2.1,80g,Halal
rice-noodles-cooking-ingredients,FairPrice Self Raising Flour,2.9,1kg,Halal
rice-noodles-cooking-ingredients,AAA Chinkiang Vinegar,2.55,550 G,
rice-noodles-cooking-ingredients,SIS White Sugar - Fine Grain,6.0,3kg,Halal
rice-noodles-cooking-ingredients,Tai Hua Artificial Vinegar,4.59,2L,Halal
rice-noodles-cooking-ingredients,Ayam Brand White Pearl Barley,3.48,450g,
rice-noodles-cooking-ingredients,FairPrice Whole Wheat Pasta - Fusilli,2.59,500g,Halal
rice-noodles-cooking-ingredients,Naturel Organic Olive Oil - Extra Virgin,12.5,500ml,Organic
rice-noodles-cooking-ingredients,Borges Olive Oil - Extra Virgin,13.25,500ml,
rice-noodles-cooking-ingredients,Lee Kum Kee Premium Mushroom Powder - No MSG Added,5.95,200g,Halal
rice-noodles-cooking-ingredients,Naturel Organic Rice - Mixed Brown Gaba & Riceberry,11.0,1.8kg,Halal
rice-noodles-cooking-ingredients,Naturel Organic Pasta - Fusilli,3.56,500g,Organic
rice-noodles-cooking-ingredients,GPA Sugar - 100% Natural Raw Sugar,3.5,1 KG,
rice-noodles-cooking-ingredients,Borges Blend of Canola & Extra Virgin Olive Oil,21.09,2L,
rice-noodles-cooking-ingredients,KCT Soya Sauce - Dark (Chicken Rice),3.36,450ml,Halal
rice-noodles-cooking-ingredients,Campbell's 100% Natural Real Stock - Chicken,5.75,1L,
rice-noodles-cooking-ingredients,MasterFood Seasoning - Garlic Powder,13.8,140g,
rice-noodles-cooking-ingredients,Naturel Organic Pasta Sauce - Tomato with Basil,6.21,340g,Organic
rice-noodles-cooking-ingredients,Kang Kang Pasteurised Fresh Hokkien Noodles,1.67,420g,
rice-noodles-cooking-ingredients,PaddyKing Thai Riceberry,6.05,1 KG,
rice-noodles-cooking-ingredients,Seah's Singapore Bak Kuet Teh Spices,2.8,32g,
rice-noodles-cooking-ingredients,Pasar Dried Soya Bean,2.44,800g,
rice-noodles-cooking-ingredients,Lee Kum Kee Sauce - Tomato Garlic Prawns,1.94,70g,
rice-noodles-cooking-ingredients,Bertolli Olive Oil - Extra Virgin,38.95,2L,
rice-noodles-cooking-ingredients,Golden Chef 100% Pure Sesame Oil,4.0,320ml,Halal
rice-noodles-cooking-ingredients,Campbell's Condensed Soup - Creamy Chicken Mushroom,2.63,300g,Halal
rice-noodles-cooking-ingredients,Pine Glass Noodle (40g x 10pkt),7.15,40 G,
rice-noodles-cooking-ingredients,Naturel Organic Pesto - Sundried Tomato,5.3,140g,Organic
rice-noodles-cooking-ingredients,FairPrice Premium Oyster Sauce,3.2,510g,Halal
rice-noodles-cooking-ingredients,Mahsuri Soy Sauce - Hot Sweet,2.94,410ml,Halal
rice-noodles-cooking-ingredients,FairPrice Icing Sugar - Super Fine,2.07,500g,Halal
rice-noodles-cooking-ingredients,Tiger Brand Soya Sauce - Light (Special Grade),5.45,640ml,
rice-noodles-cooking-ingredients,Six Fortune Rice Stick Noodles,4.44,320g,
rice-noodles-cooking-ingredients,La Molisana Spaghetto Quadrato,3.63,500g,
rice-noodles-cooking-ingredients,Maggi Concentrated Chicken Stock,4.74,250g,Halal
rice-noodles-cooking-ingredients,Hime Japanese Noodles - Ramen,7.64,720g,
rice-noodles-cooking-ingredients,Unicurd Fresh Noodle - Rice Vermicelli,1.95,420g,Halal
rice-noodles-cooking-ingredients,Naturel Rice Bran Oil,8.7,2L,Halal
rice-noodles-cooking-ingredients,Hikari Miso Organic Paste - Dashi,7.47,400g,Organic
rice-noodles-cooking-ingredients,Knife Brand Thai Fish Sauce,2.29,750ml,Halal
rice-noodles-cooking-ingredients,Leggo’s Pasta Sauce - Bolognese (Bacon- Chunky Tomato & Herbs),4.55,500g,
rice-noodles-cooking-ingredients,Lee Kum Kee Sauce - Chili Bean,3.75,226g,Halal
rice-noodles-cooking-ingredients,Toh's Daily Chili Garlic - Original,8.5,200g,Halal
rice-noodles-cooking-ingredients,Mahsuri Sweet Soy Sauce,2.94,410ml,Halal
rice-noodles-cooking-ingredients,Singlong Hibiscus Noodle,4.17,600g,
rice-noodles-cooking-ingredients,Campbell's 100% Natural Real Stock - Beef,3.95,500ml,
rice-noodles-cooking-ingredients,FairPrice Fried Onion Crisps,1.48,70g,Halal
rice-noodles-cooking-ingredients,Tiger Brand Soya Sauce - Dark (Super Grade),4.79,320ml,
rice-noodles-cooking-ingredients,MasterFoods Spices - Cinnamon (Ground),4.88,28g,
rice-noodles-cooking-ingredients,SIS Raw Sugar - Cubes (Box),3.5,454g,Halal
rice-noodles-cooking-ingredients,FairPrice Soya Sauce - Dark,2.2,660ml,Halal
rice-noodles-cooking-ingredients,Fish Soup Paradise Premium Fish Broth Concentrate,4.55,135g,
rice-noodles-cooking-ingredients,Borges Olive Oil - Extra Virgin,43.9,2L,
rice-noodles-cooking-ingredients,SIS Raw Sugar Sachets - Natural Granulated,4.25,500g (100 per pack),Halal
rice-noodles-cooking-ingredients,Daawat Everyday Gold Basmati Rice 5Kg -- By Dashmesh,13.95,5 KG,
rice-noodles-cooking-ingredients,Plum Blossom Brand Hua Tiao Chiew,12.0,380ml,
rice-noodles-cooking-ingredients,ILC Bah Kut Tea Spices - Singapore Style,9.08,4 x 30g,
rice-noodles-cooking-ingredients,FairPrice Basmati Rice,4.0,1kg,
rice-noodles-cooking-ingredients,Pasar Dried Red Dates,1.07,100g,
rice-noodles-cooking-ingredients,Pasar Premium Dried Mushroom - Tea Flower,9.7,200g,
rice-noodles-cooking-ingredients,Golden Chef Soup - Pepper Pork Tripe & Chicken,5.95,800g,
rice-noodles-cooking-ingredients,Lingham's Chilli Sauce - Extra Hot,3.95,280ml,Halal
rice-noodles-cooking-ingredients,Green Farm Natural Mixed Grains,14.16,1.2kg,Halal
rice-noodles-cooking-ingredients,Prima Taste Sauce Kit - Hainanese Chicken Rice,8.78,405g,
rice-noodles-cooking-ingredients,Naturel Organic Pasta Sauce - Tomato with Mushroom,6.21,340g,Organic
rice-noodles-cooking-ingredients,Pasar Red Bean,4.38,800g,
rice-noodles-cooking-ingredients,Prima Flour Packet Flour - Chakki Atta,2.14,1kg,Halal
rice-noodles-cooking-ingredients,Nomu Grinder - Black Pepper,8.25,60g,Halal
rice-noodles-cooking-ingredients,Royal India Ponni Rice,8.5,5 KG,
rice-noodles-cooking-ingredients,Chilli Brand Red Rice Vermicelli,2.19,400g,Halal
rice-noodles-cooking-ingredients,Swallow Agar Agar Powder - White,1.42,10g,
rice-noodles-cooking-ingredients,LaDiva Olive Oil - Pomace,10.95,1L,Halal
rice-noodles-cooking-ingredients,Mr Joy's Sambal Belacan,4.8,180 G,
rice-noodles-cooking-ingredients,S&B Golden Curry Sauce Mix - Medium Hot,5.5,220g,
rice-noodles-cooking-ingredients,Prima Flour Packet Flour - Superfine Wholegrain (Unbleached),3.55,500g,Halal
rice-noodles-cooking-ingredients,FairPrice Bee Tai Mak,1.61,450g,Halal
rice-noodles-cooking-ingredients,Lee Kum Kee Sauce - Plum,3.75,260g,
rice-noodles-cooking-ingredients,Teo Mei Trading Claypot Noodles,2.4,380g,
rice-noodles-cooking-ingredients,Nature's Nutrition Organic Chia Seed,27.4,1kg,Organic
rice-noodles-cooking-ingredients,FairPrice Grapeseed Oil - Light & Neutral,9.5,1L,Halal
rice-noodles-cooking-ingredients,FairPrice Pasta - Penne Rigate,2.45,500g,Halal
rice-noodles-cooking-ingredients,Harmuni Vegetable Oil,11.95,5L,Halal
rice-noodles-cooking-ingredients,Knorr SavorRich Concentrated Seasoning - Chicken,9.32,480g,Halal
rice-noodles-cooking-ingredients,Golden Chef Soup - Scallop Chicken,5.95,800g,
rice-noodles-cooking-ingredients,Cj Bibigo Korean Sesame Oil,3.16,110ml,
rice-noodles-cooking-ingredients,AAA Brown Rice Vermicelli,2.7,500g,Halal
rice-noodles-cooking-ingredients,FairPrice Premium Canola with Sunflower Oil,10.8,3L,Halal
rice-noodles-cooking-ingredients,Royal King Long Grain Basmati Rice,12.95,5 KG,
rice-noodles-cooking-ingredients,Kinmemai Japanese Better Brown Rice,10.95,1kg,
rice-noodles-cooking-ingredients,Hikari Miso Organic Paste - White,7.47,500g,Organic
rice-noodles-cooking-ingredients,Tiger Brand Soya Sauce - Dark (Top Quality),4.0,640ml,
rice-noodles-cooking-ingredients,Lee Kum Kee Choy Sun Oyster Sauce,1.95,510g,
rice-noodles-cooking-ingredients,Pagoda Unrefined Soft Dark Brown Sugar,2.34,500g,Halal
rice-noodles-cooking-ingredients,FairPrice Asian Recipe Paste Mix - Assam Fish,2.25,200g,Halal
rice-noodles-cooking-ingredients,Royal Umbrella Thai Fragrant Mixed Rice,6.55,2kg,
rice-noodles-cooking-ingredients,CJ Beksul Korean Sweet Potato Noodle,5.6,500g,
rice-noodles-cooking-ingredients,Kewpie Dressing - Sesame Soy Sauce,4.95,210ml,Halal
rice-noodles-cooking-ingredients,Heinz ABC Sweet Sauce,2.65,320ml,Halal
rice-noodles-cooking-ingredients,Equal Sweetener Sachets - Stevia (No Calorie),15.79,100 x 2g,Halal
rice-noodles-cooking-ingredients,Origins Chia Seeds,11.11,250g,
rice-noodles-cooking-ingredients,Nando's Peri Peri Sauce - Garlic,3.9,125g,Halal
rice-noodles-cooking-ingredients,Golden Chef Royale Vegetarian Oyster Flavoured Sauce Diced Mushroom,2.95,480g,Halal
rice-noodles-cooking-ingredients,Lee Kum Kee Supreme Authentic First Draw Soy Sauce - Salt Reduced,6.95,500ml,
rice-noodles-cooking-ingredients,Rice Field 100% Pure Rice Bran Oil,5.3,1 L,
rice-noodles-cooking-ingredients,Windmill Potato Starch,2.4,350g,
rice-noodles-cooking-ingredients,FairPrice Corn Oil,9.2,2L,Halal
rice-noodles-cooking-ingredients,Lee Kum Kee Sauce - Hoi Sin,3.75,240g,Halal
rice-noodles-cooking-ingredients,Knorr Stock Cubes - Chicken (No Added MSG),2.42,60g,Halal
rice-noodles-cooking-ingredients,FairPrice Vegetable Oil,1.95,500ml,Halal
rice-noodles-cooking-ingredients,Cobram Estate Extra Virgin Olive Oil - Classic,11.2,375ml,
rice-noodles-cooking-ingredients,Prima Taste Complete Sauce - Chilli Crab,6.62,300g,Halal
rice-noodles-cooking-ingredients,Lee Kum Kee Sauce - Black Pepper,3.75,230g,Halal
rice-noodles-cooking-ingredients,JA-Rice Rice - Hokkaido Nanatsuboshi (Rinse Free),24.95,2kg,
rice-noodles-cooking-ingredients,SongHe Whole Kernel Thai Hom Mali Rice,9.5,2.5kg,
rice-noodles-cooking-ingredients,Farmer Brand Ban Mee - Pumpkin,4.89,530g,
rice-noodles-cooking-ingredients,Barilla Italian Pasta - Gran Ruote Racing Edition,3.88,500g,
rice-noodles-cooking-ingredients,Barilla Italian Pasta - Angel Hair,3.88,500g,Halal
rice-noodles-cooking-ingredients,Bake King Instant Yeast,2.6,50g,Halal
rice-noodles-cooking-ingredients,FairPrice Unrefined Dry Demerara Sugar,2.1,500g,Halal
rice-noodles-cooking-ingredients,Singlong Korean Sweet Potato Vermicelli,1.53,200g,
rice-noodles-cooking-ingredients,FairPrice Canola Olive Blend Oil,15.5,2L,Halal
rice-noodles-cooking-ingredients,Bertolli Olive Oil - Classico,20.95,1L,
rice-noodles-cooking-ingredients,Pasar China Bean Stick,2.19,100g,
rice-noodles-cooking-ingredients,FairPrice Soya Bean Oil,6.25,2L,Halal
rice-noodles-cooking-ingredients,Pasar Dried Cuttlefish,4.99,70g,
rice-noodles-cooking-ingredients,TTL Taiwan Cooking Michiu (Cooking Wine),4.69,600ml,
rice-noodles-cooking-ingredients,GPA Sugar - 100% Natural Fine Cane Sugar,3.3,2 KG,
rice-noodles-cooking-ingredients,Lee Kum Kee Sauce - Fried Cod Fillet,1.94,50g,
rice-noodles-cooking-ingredients,Hime Japanese Noodles - Buckwheat,7.64,720g,
rice-noodles-cooking-ingredients,Chan Kong Thye Black Sweet Rice Vinegar,5.91,750ml,
rice-noodles-cooking-ingredients,Lamolisana Linguine,3.63,500g,
rice-noodles-cooking-ingredients,Lee Kum Kee Sauce - Honey Garlic Spare Ribs,1.94,70g,
rice-noodles-cooking-ingredients,Tiger Brand Artificial Vinegar,4.33,2L,
rice-noodles-cooking-ingredients,Taho Blachan Chili with Shrimp Paste,2.25,180g,
rice-noodles-cooking-ingredients,Maggi Stock Cubes - Chicken,2.02,60g,Halal
rice-noodles-cooking-ingredients,FairPrice Laksa Bee Hoon,1.46,400g,Halal
rice-noodles-cooking-ingredients,FairPrice Thailand Rice - Glutinous,6.95,2.5kg,
rice-noodles-cooking-ingredients,Mizkan Sesame Sauce - Calorie Half,5.95,250ml,
rice-noodles-cooking-ingredients,Knorr Seasoning Powder - Ikan Bilis (No Added MSG),3.84,120g,Halal
rice-noodles-cooking-ingredients,Tai Hua Premium Oyster Sauce,2.95,510g,
rice-noodles-cooking-ingredients,Bagus Fried Onion,2.4,100g,Halal
rice-noodles-cooking-ingredients,Pasar Dried Honey Dates,0.97,100g,
rice-noodles-cooking-ingredients,Fortune Hokkien Noodle - Flat,1.55,450g,Halal
rice-noodles-cooking-ingredients,Pagoda Shao Hsing Hua Tiao Chiew,20.0,640ml,
rice-noodles-cooking-ingredients,Kara UHT Coconut Packet Cream,5.5,1L,
rice-noodles-cooking-ingredients,MasterFoods Mustard - Honey,5.09,275g,
rice-noodles-cooking-ingredients,MasterFoods Spices - Smoked Paprika,4.8,35g,
rice-noodles-cooking-ingredients,Silver Bird Ready To Eat - Chocolate Chips,4.59,200g,Halal
rice-noodles-cooking-ingredients,La Molisana Chifferi Rigate,3.63,500g,
rice-noodles-cooking-ingredients,Singlong Sambal - Nasi Lemak Chili,3.26,230g,Halal
rice-noodles-cooking-ingredients,Alce Nero Organic Puree - Tomato,1.73,200g,Halal
rice-noodles-cooking-ingredients,Ja-Rice Rice - Niigata Koshihikari (Rinse Free),26.95,2kg,
rice-noodles-cooking-ingredients,Prima Taste Complete Sauce - Rendang,6.62,300g,Halal
rice-noodles-cooking-ingredients,Seah's Emperor Herbs Chicken Spices,2.8,23g,Halal
rice-noodles-cooking-ingredients,New Moon Low Calorie Konjac Noodles - Round,2.3,270g,
rice-noodles-cooking-ingredients,Pasar Soya Bean,1.94,500g,
rice-noodles-cooking-ingredients,Pasar Dried Scallop,11.87,150g,
rice-noodles-cooking-ingredients,Golden Chef Hot Pot Soup Base - Mushroom,1.65,110g,
rice-noodles-cooking-ingredients,La Molisana Farfalle Rigate,3.63,500g,
rice-noodles-cooking-ingredients,Maggi 5-Minute Instant Cup Pasta - Swiss Cheese Macaroni,2.67,63g,
rice-noodles-cooking-ingredients,Singlong Chilli Paste,1.73,500g,Halal
rice-noodles-cooking-ingredients,Borges Modena Balsamic Vinegar,6.45,500ml,
rice-noodles-cooking-ingredients,Lee Kum Kee Oyster Sauce - Vegetarian,4.55,770g,
rice-noodles-cooking-ingredients,Colavita Pasta - Spaghetti,2.25,500g,
rice-noodles-cooking-ingredients,Soup Restaurant Samsui Sauce - Sambal,6.93,150g,
rice-noodles-cooking-ingredients,Prima Taste Complete Sauce - Fried Hokkien Prawn Noodle,6.62,210g,Halal
rice-noodles-cooking-ingredients,Plum Blossom Brand Shao Hsing Hua Tiao Chiew,6.0,155ml,
rice-noodles-cooking-ingredients,Hunt's Tomato Puree,3.5,305g,
rice-noodles-cooking-ingredients,Knorr Stock Cubes - Tom Yam,2.11,60g,Halal
rice-noodles-cooking-ingredients,Anarkali Super Basmati Rice - Premium,20.37,5kg,Halal
rice-noodles-cooking-ingredients,FairPrice Olive Oil - Extra Virgin,17.95,1L,Halal
rice-noodles-cooking-ingredients,SCS Spreadable Butter - Extra Virgin Olive Oil with Canola Oil,8.1,250g,Halal
rice-noodles-cooking-ingredients,MasterFoods Herbs - Mixed Herbs,3.97,13g,
rice-noodles-cooking-ingredients,Pasar Dried Black Sesame Seed,1.53,150g,
rice-noodles-cooking-ingredients,Sin Sin Chili Sauce - Extra Hot,2.82,295g,
rice-noodles-cooking-ingredients,Tiger Brand Soya Sauce - Light (Top Quality),2.55,320ml,
rice-noodles-cooking-ingredients,Prego Instant Bowl Pasta - Mac & Cheese,2.5,70g,Halal
rice-noodles-cooking-ingredients,Pasar Dried Foods - Anchovies (Big),2.25,100g,
rice-noodles-cooking-ingredients,Lee Kum Kee Sauce - Teriyaki Chicken,1.94,72g,
rice-noodles-cooking-ingredients,Borges Olive Oil - Pure,39.5,2L,Halal
rice-noodles-cooking-ingredients,FairPrice Thai Hom Mali Superior Fragrant Rice,3.9,1kg,
rice-noodles-cooking-ingredients,MasterFoods Herbs - Basil Leaves,3.57,10g,
rice-noodles-cooking-ingredients,Campbell's Condensed Soup - Country Style Mushroom Chicken,3.35,300g,Halal
rice-noodles-cooking-ingredients,Delmonte Soup - Creamy Tomato,2.8,380g,Halal
rice-noodles-cooking-ingredients,Golden Chef Chinkiang Vinegar,1.82,550ml,
rice-noodles-cooking-ingredients,Billington's Natural Unrefined Cane Sugar - Demerara,6.75,1kg,
rice-noodles-cooking-ingredients,Daawat Select Basmati Rice,5.56,1 KG,
rice-noodles-cooking-ingredients,Kikkoman Marinade - Teriyaki (Thick),5.2,290g,
rice-noodles-cooking-ingredients,Naturel Organic Pasta - Angel Hair,3.56,500g,Organic
rice-noodles-cooking-ingredients,Ikan Brand Instant Curry Paste - Chicken,2.52,200g,
rice-noodles-cooking-ingredients,Prima Taste Complete Sauce - Prawn Noodle Soup,6.62,235ml,Halal
rice-noodles-cooking-ingredients,Cj Bibigo Korean Bulgogi Sauce - Hot & Spicy,5.55,500g,Halal
rice-noodles-cooking-ingredients,FairPrice Dressing - Thousand Island,4.08,340g,Halal
rice-noodles-cooking-ingredients,Pearl River Bridge Soy Sauce - Superior Light,2.8,600ml,Halal
rice-noodles-cooking-ingredients,Star Essences - Vanilla,1.71,30ml,Halal
rice-noodles-cooking-ingredients,Knife 100% Pure Sesame Oil,6.52,360ml,Halal
rice-noodles-cooking-ingredients,Prego Pasta Sauce - Carbonara Mushroom,5.0,350g,Halal
rice-noodles-cooking-ingredients,Kewpie Dressing - Caesar,4.95,210ml,Halal
rice-noodles-cooking-ingredients,Hai Di Lao Hot Pot Seasoning - Mushroom,4.5,110g,
rice-noodles-cooking-ingredients,FairPrice Vegetable Oil,2.95,1L,Halal
rice-noodles-cooking-ingredients,Prego Buddies Kids Shaped Pasta - Space,1.79,200g,Halal
rice-noodles-cooking-ingredients,Chilli Brand Rice Vermicelli - Fish Head,1.73,400g,
rice-noodles-cooking-ingredients,FairPrice Soyabean Oil,17.5,5L,Halal
rice-noodles-cooking-ingredients,FairPrice Vegetable Oil,7.4,3L,Halal
rice-noodles-cooking-ingredients,Samyang Chili Sauce - Hot Chicken Flavor Sauce,6.5,200g,Halal
rice-noodles-cooking-ingredients,Maille Dijon Mustard - Wholegrain,5.6,210g,
rice-noodles-cooking-ingredients,Kikkoman Soy Sauce - Naturally Brewed,4.62,250ml,
rice-noodles-cooking-ingredients,Laoganma Sauce Condiments - Chili with Peanut,3.2,210g,
rice-noodles-cooking-ingredients,Singlong Pickled Green Chilli,3.56,360g,Halal
rice-noodles-cooking-ingredients,SunRice Kangaroo Premium Calrose Rice,16.1,5 KG,
rice-noodles-cooking-ingredients,Borges Olive Oil - Classic,12.0,500ml,Halal
rice-noodles-cooking-ingredients,FairPrice Paste - Fish Curry,2.25,200g,Halal
rice-noodles-cooking-ingredients,McCormick Paprika Smoked,4.75,40g,
rice-noodles-cooking-ingredients,KCT Soya Sauce - Dark (Standard),2.3,640ml,Halal
rice-noodles-cooking-ingredients,San Remo Pasta - Vermicelli,2.25,500g,Halal
rice-noodles-cooking-ingredients,SongHe Whole Kernel Thai Hom Mali Rice (New Crop) 25kg,75.5,25 KG,
rice-noodles-cooking-ingredients,Lipco Sugar Sticks - Raw,3.53,100 x 4g,
rice-noodles-cooking-ingredients,FairPrice Chili Sauce,1.57,320g,Halal
rice-noodles-cooking-ingredients,McCormick Paprika Ground,4.1,40g,
rice-noodles-cooking-ingredients,Haday Superior Oyster Sauce,3.2,700g,
rice-noodles-cooking-ingredients,Pasar Dried Prawn Premium,13.2,300g,
rice-noodles-cooking-ingredients,MasterFoods Spices - Cajun Seasoning (Hot),4.11,35g,
rice-noodles-cooking-ingredients,Knorr Hao Chi All in One Seasoning,1.73,100g,
rice-noodles-cooking-ingredients,Barilla Pomodoro Sauce,5.7,400g,
rice-noodles-cooking-ingredients,MasterFoods Mustard - Dijon,4.36,170g,
rice-noodles-cooking-ingredients,Barilla Italian Pasta - Lasagne With Eggs,4.03,250g,
rice-noodles-cooking-ingredients,Woh Hup Chilli Sauce - Thai Sweet,2.98,470g,Halal
rice-noodles-cooking-ingredients,Pasar Dried Anchovies,2.34,100g,
rice-noodles-cooking-ingredients,Swan Tai Ann Vegetarian Noodles,1.28,200g,
rice-noodles-cooking-ingredients,Origins Organic Tri-Color Quinoa,12.45,450g,Organic
rice-noodles-cooking-ingredients,Ebara E-Basic Ramen Bottle Soup Base - Pork Ribs,7.18,500ml,
rice-noodles-cooking-ingredients,MasterFoods Herbs - Rosemary Leaves,4.08,18g,
rice-noodles-cooking-ingredients,Best Foods Mayonnaise,2.95,220ml,
rice-noodles-cooking-ingredients,FairPrice White Pepper - Ground,2.4,50g,
rice-noodles-cooking-ingredients,Mizkan Soup Base for Hot Pot - Chicken Paitan,7.03,729ml,
rice-noodles-cooking-ingredients,Lady's Choice Dressing - Thousand Island,3.51,250ml,Halal
rice-noodles-cooking-ingredients,Knorr Stock Cubes - Ikan Bilis,2.11,60g,
rice-noodles-cooking-ingredients,Pasar Dried Food - Melon Strip,2.04,200g,
rice-noodles-cooking-ingredients,Harmuni Thai Premium Fragrant Rice,13.34,5kg,
rice-noodles-cooking-ingredients,FairPrice Whole Wheat Pasta - Spaghetti,2.59,500g,Halal
rice-noodles-cooking-ingredients,Kara Instant Coconut Cream Powder,1.1,50g,
rice-noodles-cooking-ingredients,Hokkaido Yukigozen Japanese Rice,16.5,2 KG,
rice-noodles-cooking-ingredients,Leggo’s Pasta Sauce - Alfredo (Fresh Cream & Cheese),6.51,490g,Halal
rice-noodles-cooking-ingredients,Ajitsuke Roasted Seaweed,4.08,27g (10 per pack),
rice-noodles-cooking-ingredients,Pine Glass Noodle (M),3.1,160 G,
rice-noodles-cooking-ingredients,Habhal's Kicap Masin (Soya Bean Sauce) - Salted,2.91,345ml,
rice-noodles-cooking-ingredients,Prego Pasta - Macaroni,2.3,500g,Halal
rice-noodles-cooking-ingredients,Barilla Italian Pasta - Pipe Rigate,3.88,500g,
rice-noodles-cooking-ingredients,Campbell's Condensed Soup - Crab Chowder,3.74,290g,Halal
rice-noodles-cooking-ingredients,Maggi 5-Minute Instant Cup Pasta - Carbonara Cream Macaroni,2.67,63g,
rice-noodles-cooking-ingredients,Pasar Red Kidney Bean,1.68,250g,
rice-noodles-cooking-ingredients,Superfarm Organic Tricolor Quinoa,8.9,1 KG,
rice-noodles-cooking-ingredients,S&B Crunchy Garlic with Chili Oil,6.31,110g,
rice-noodles-cooking-ingredients,Leggo's Squeezy Tomato Paste,4.95,400g,Halal
rice-noodles-cooking-ingredients,Maggi Stock Cubes - Chicken,2.02,60g,Halal
rice-noodles-cooking-ingredients,Pagoda Shao Hsing Hua Tiao Chiew,12.0,375ml,
rice-noodles-cooking-ingredients,Pasar Dried Foods - Salted Fish,5.5,150g,
rice-noodles-cooking-ingredients,Lee Kum Kee Minced Ginger,3.75,213g,
rice-noodles-cooking-ingredients,Hosen Rambutan,3.8,565g,Halal
rice-noodles-cooking-ingredients,Golden Chef Sweet Thai Chilli,2.73,320g,Halal
rice-noodles-cooking-ingredients,Old El Paso Taco Spice Mix - Mild Spicy,2.59,25g,
rice-noodles-cooking-ingredients,AAA Salted Plums,1.43,220g,Halal
rice-noodles-cooking-ingredients,Lee Kum Kee Sauce - Sweet and Sour,3.75,240g,
rice-noodles-cooking-ingredients,Haday Cooking Wine,2.4,450ml,
rice-noodles-cooking-ingredients,FairPrice Black Pepper - Ground,2.04,50g,
rice-noodles-cooking-ingredients,GPA Sugar - 100% Natural White Sugar Sticks ( 4g x 100s ),1.95,400 G,
rice-noodles-cooking-ingredients,Royal Umbrella Thai Fragrant Brown Rice,8.35,2kg,
rice-noodles-cooking-ingredients,Superfarm Organic Hulled Non-Sticky Millet,6.8,1 KG,
rice-noodles-cooking-ingredients,Golden Chef Paste - Singapore Chicken Curry,5.35,250g,Halal
rice-noodles-cooking-ingredients,Malabar Chick Peas,3.05,500g,
rice-noodles-cooking-ingredients,San Remo Pasta Sauce - Napolitana 500g,4.2,500g,Halal
rice-noodles-cooking-ingredients,Joyfull Huai Shan Noodles,4.59,260g,
rice-noodles-cooking-ingredients,Nando's Peri Peri Sauce - Hot,3.9,125g,Halal
rice-noodles-cooking-ingredients,Kikkoman Soy Sauce - Special Fragrance,4.02,600ml,
rice-noodles-cooking-ingredients,FairPrice Vegetarian Sauce - Mushroom Oyster Flavoured,2.98,480g,Halal
rice-noodles-cooking-ingredients,San Remo Quick Cook Spaghetti,2.25,500g,Halal
rice-noodles-cooking-ingredients,House Brand Powder - Chilli,1.6,125g,
rice-noodles-cooking-ingredients,Bertolli Olive Oil - Extra Light,20.95,1L,
rice-noodles-cooking-ingredients,Lee Kum Kee Squeezy Bottle Oyster Sauce - Panda (Reduced Salt),5.55,480g,
rice-noodles-cooking-ingredients,Prima Taste Complete Sauce - Mee Siam,6.01,250g,Halal
rice-noodles-cooking-ingredients,Prima Taste Paste - Sambal Belachan,2.25,80g,Halal
rice-noodles-cooking-ingredients,Golden Pineapple Thai Fragrant Rice,25.0,10 KG,
rice-noodles-cooking-ingredients,Borges Grapeseed Oil,14.67,1L,
rice-noodles-cooking-ingredients,SIS Organic Sugar,3.62,500g,Halal
rice-noodles-cooking-ingredients,Sau Tao Amoy Flour Vermicelli,2.25,300g,
rice-noodles-cooking-ingredients,Tai Hua Light Soy Sauce - Standard (Big),6.93,2L,Halal
rice-noodles-cooking-ingredients,Borges Olive Oil - Extra Light,22.5,1L,
rice-noodles-cooking-ingredients,Pasar Dried Prawns,10.75,300g,
rice-noodles-cooking-ingredients,Woh Hup Sauce - Oyster,3.86,500g,
rice-noodles-cooking-ingredients,Prima Flour Packet Flour - Wholegrain,2.85,500g,
rice-noodles-cooking-ingredients,FairPrice Sauce Mix - Chicken Rice,3.16,180g,Halal
rice-noodles-cooking-ingredients,Mak Nyonya Instant Sauce - Asam Fish,2.75,200g,Halal
rice-noodles-cooking-ingredients,Pasar Dried Scallop,19.15,250g,
rice-noodles-cooking-ingredients,La Molisana Small Shells Pasta,3.63,500g,
rice-noodles-cooking-ingredients,Lee Kum Kee Superior Soy Sauce - Dark,3.34,500ml,Halal
rice-noodles-cooking-ingredients,Tiger Brand Rice Stick Bihon,2.73,250g,Halal
rice-noodles-cooking-ingredients,FairPrice Pancake Mix - Buttermilk,4.5,325g,Halal
rice-noodles-cooking-ingredients,Golden Chef Shao Hsing Hua Tiao Chiew,3.43,640ml,
rice-noodles-cooking-ingredients,Tai Hua Soy Sauce - Seafood,3.11,305ml,
rice-noodles-cooking-ingredients,FairPrice Premium Quality Fine Salt,4.08,10 x 500g (CTN),
rice-noodles-cooking-ingredients,Pagoda Roasted Sesame Seed - White,2.86,200g,Halal
rice-noodles-cooking-ingredients,Knife Brand Salted Soy Bean,1.83,315g,Halal
rice-noodles-cooking-ingredients,Malika Red Dry Chili Without Stem 500G -- By Dashmesh,6.15,500 G,
rice-noodles-cooking-ingredients,Daawat Basmati Rice -- By Dashmesh,26.85,5 KG,
rice-noodles-cooking-ingredients,Sun Kee Dried White Flower Mushroom,13.04,220g,
rice-noodles-cooking-ingredients,Knorr Seasoning Powder - Golden Salted Egg,5.6,110g,Halal
rice-noodles-cooking-ingredients,Koi Fish Brand Herbal Soup - Ginseng Chicken,8.48,90g,
rice-noodles-cooking-ingredients,Ayam Brand Coconut Milk - Premium,3.0,270ml,
rice-noodles-cooking-ingredients,Baba's Packet Curry Powder - Fish (Hot & Spicy),2.44,250g,Halal
rice-noodles-cooking-ingredients,Tiger Brand Salted Soya Bean Paste,2.43,370g,
rice-noodles-cooking-ingredients,FairPrice Paste - Vegetarian Curry,2.25,200g,Halal
rice-noodles-cooking-ingredients,Ayam Brand Tomato Puree,2.07,220g,Halal
rice-noodles-cooking-ingredients,McCormick Grinder - Sea Salt,7.15,60g,
rice-noodles-cooking-ingredients,Heinz Tomato Ketchup (No Added Salt),5.0,397g,
rice-noodles-cooking-ingredients,Bake King Baking Powder,3.15,200g,Halal
rice-noodles-cooking-ingredients,Lee Kum Kee White Vinegar,2.63,473ml,Halal
rice-noodles-cooking-ingredients,Prima Taste Paste - Mee Siam Goreng,2.25,80g,
rice-noodles-cooking-ingredients,"Lee Kum Kee Sauce - Sweet & Sour Pork, Spare Ribs",1.94,80g,
rice-noodles-cooking-ingredients,SunFlower White Corn Flour,1.82,400g,
rice-noodles-cooking-ingredients,Borges Blend Of Sunflower & Extra Virgin Olive Oil - Light,21.09,2L,
rice-noodles-cooking-ingredients,Lee Kum Kee Sauce - Fine Shrimp,4.8,227g,Halal
rice-noodles-cooking-ingredients,Borges Green Olives - Pitted,4.15,340g,
rice-noodles-cooking-ingredients,Sun Kee Dried Melon Strip,2.04,200g,
rice-noodles-cooking-ingredients,Maggi Stock Cubes - Ikan Bilis,2.02,60g,Halal
rice-noodles-cooking-ingredients,Pasar Dried Split Fish,9.95,500g,
rice-noodles-cooking-ingredients,Prima Taste Complete Sauce - Sayur Lodeh,6.01,295g,Halal
rice-noodles-cooking-ingredients,Double Elephant 100% Fragrant Sesame Oil,9.99,750ml,
rice-noodles-cooking-ingredients,Kewpie Dressing - Roasted Sesame (Deep),9.78,380ml,
rice-noodles-cooking-ingredients,OS Chilli Paste,2.35,500g,Halal
rice-noodles-cooking-ingredients,Sun Brand High Quality Bean Sticks,2.25,300g,
rice-noodles-cooking-ingredients,Ayam Brand Coconut Milk - Super Light,2.15,330ml,Halal
rice-noodles-cooking-ingredients,Sanko Katsuo Japan Soup Base (Teabag Style),12.02,176g (20 per pack),
rice-noodles-cooking-ingredients,New Moon Premium Oyster Sauce,4.28,510g,
rice-noodles-cooking-ingredients,Hershey's Baking Chips - Milk Chocolate,8.3,326g,
rice-noodles-cooking-ingredients,"Prego Prego Pasta Sauce - Tomato, Basil & Garlic",6.2,680g,Halal
rice-noodles-cooking-ingredients,A1 Instant Curry Sauce - Fish,3.45,240g,
rice-noodles-cooking-ingredients,Golden Chef Hot Pot Soup Base - Mala,1.65,220g,
rice-noodles-cooking-ingredients,SIX FORTUNE Soba Buckwheat Noodle,3.99,300 G,
rice-noodles-cooking-ingredients,Tower Handmade Noodle - Long Xu,3.28,1kg,
rice-noodles-cooking-ingredients,Malika Bay Leaves 100G -- By Dashmesh,2.11,100 G,
rice-noodles-cooking-ingredients,Borges Olive Oil - Extra Light,12.0,500ml,
rice-noodles-cooking-ingredients,AAA Shaved Noodles - Spinach,3.6,400g,
rice-noodles-cooking-ingredients,Tortally Jelly Crystals - Strawberry,1.21,90g,
rice-noodles-cooking-ingredients,Sunlight Brand Pure Fragrant Sesame Oil,9.01,750ml,Halal
rice-noodles-cooking-ingredients,Dewei Organic Black Bean,4.89,400g,Organic
rice-noodles-cooking-ingredients,Hai's Brand Asia Joy Sauce - Mala Hotpot,2.0,70g,Halal
rice-noodles-cooking-ingredients,Nature's Nutrition Organic Quinoa - White,15.05,1kg,Organic
rice-noodles-cooking-ingredients,Toh's Daily Chili Garlic - Extra Spicy,8.5,200g,Halal
rice-noodles-cooking-ingredients,Lee Kum Kee Soy Sauce - First Draw,5.85,500ml,
rice-noodles-cooking-ingredients,PaddyKing Thai Red Cargo Rice,5.0,1 KG,
rice-noodles-cooking-ingredients,FairPrice Corn Oil,5.0,1L,Halal
rice-noodles-cooking-ingredients,MasterFoods Herbs - Thyme Leaves,4.94,10g,
rice-noodles-cooking-ingredients,Lee Kum Kee Oyster Sauce - Golden Vegetarian (Mushroom),4.03,510g,
rice-noodles-cooking-ingredients,FairPrice Superior Soy Sauce - Light,3.99,660ml,Halal
rice-noodles-cooking-ingredients,Del Monte Quality Tomato Sauce,2.7,425g,Halal
rice-noodles-cooking-ingredients,Alce Nero Organic Pasta Alphabet Tricolore,2.34,250g,Organic
rice-noodles-cooking-ingredients,Pagoda Premium Quality Plain Flour,2.29,1kg,Halal
rice-noodles-cooking-ingredients,Farmer Brand Ban Mee - Brown Rice,4.89,530g,
rice-noodles-cooking-ingredients,Royal India Extra Long Basmati Rice,4.5,1 KG,
rice-noodles-cooking-ingredients,Alce Nero Organic Durum Wheat Pasta - Spaghetti,3.41,500g,Halal
rice-noodles-cooking-ingredients,S&B Wasabi in Tube,2.91,43g,
rice-noodles-cooking-ingredients,Adabi Tepung - Cucur Ikan Bilis (Anchovies Fritter Flour),1.84,200g,Halal
rice-noodles-cooking-ingredients,Pasar Sugar - Black,0.97,200g,
rice-noodles-cooking-ingredients,SongHe Noble Red Rice,17.25,5 KG,
rice-noodles-cooking-ingredients,La Molisana Radiatori Pasta,3.63,500g,
rice-noodles-cooking-ingredients,Golden Lion Brand Rice Stick (Kuey Teow),2.95,500g,Halal
rice-noodles-cooking-ingredients,Swanson Pork Broth,3.2,500ml,
rice-noodles-cooking-ingredients,New Moon Low Calorie Konjac Noodles - Flat,2.98,270g,
rice-noodles-cooking-ingredients,Cravins Bak Kut Teh Ready Broth - Singapore Style,2.85,40g,
rice-noodles-cooking-ingredients,Tiparos Fish Sauce,1.85,300 ML,
rice-noodles-cooking-ingredients,Hollyfarms Tempura Flour,1.64,200g,Halal
rice-noodles-cooking-ingredients,Borges Olive Oil,22.5,1L,Halal
rice-noodles-cooking-ingredients,TEMASEK GOLD BASMATI RICE 1KG,4.35,1 KG,
rice-noodles-cooking-ingredients,Alce Nero Organic Durum Wheat Pasta - Macaroni,3.41,500g,Halal
rice-noodles-cooking-ingredients,Prima Flour Packet Flour - Top (Unbleached),3.31,1kg,
rice-noodles-cooking-ingredients,Pacific Organic Broth - Free Range Chicken (Low Sodium),7.79,946ml,Organic
rice-noodles-cooking-ingredients,Hai Di Lao Hot Pot Seasoning - Shrimp Soup,4.5,200g,
rice-noodles-cooking-ingredients,Campbell's 100% Natural Real Stock - Chicken,3.95,500ml,
rice-noodles-cooking-ingredients,Borges Pasta - Fusilli,2.25,500g,
rice-noodles-cooking-ingredients,Lee Kum Kee Mala Red Oil Chilli Sauce,5.95,205g,
rice-noodles-cooking-ingredients,Tai Hua Dark Soy Sauce - Special,2.59,320ml,
rice-noodles-cooking-ingredients,Golden Chef Paste - Singapore Hainanese Chicken Rice,2.2,80g,Halal
rice-noodles-cooking-ingredients,Crab Brand White Pepper - Ground,4.94,100g,Halal
rice-noodles-cooking-ingredients,GPA Sugar - 100% Natural Raw Sugar Sticks ( 4g x 100s ),2.5,400 G,
rice-noodles-cooking-ingredients,AAA Shao Xing Cooking Wine,2.3,375 ML,
rice-noodles-cooking-ingredients,Haruma Kentucky Seasoned Flour,1.32,185g,
rice-noodles-cooking-ingredients,Singlong Tamarind Paste,1.22,300g,
rice-noodles-cooking-ingredients,Prima Taste Sauce - Roti Prata Curry,6.01,270g,Halal
rice-noodles-cooking-ingredients,Lee Kum Kee Gluten Free Soy Sauce,5.7,500ml,
rice-noodles-cooking-ingredients,Triple Stars Rice Vermicelli,3.55,600g,
rice-noodles-cooking-ingredients,QBB Pure Ghee,19.69,800g,
rice-noodles-cooking-ingredients,Hokkaido Sansanmaru Japanese Rice,16.5,2 KG,
rice-noodles-cooking-ingredients,Mccormick Cumin Ground,6.45,32g,
rice-noodles-cooking-ingredients,Woh Hup Sauce - Oyster (Extra Flavour),4.19,500g,
rice-noodles-cooking-ingredients,Dewei Organic Green Bean,4.08,400g,Organic
rice-noodles-cooking-ingredients,Dancing Chef Paste - Padang Rendang,3.09,100g,Halal
rice-noodles-cooking-ingredients,Tai Hua Light Soy Sauce - Special,2.59,320ml,
rice-noodles-cooking-ingredients,Balducci Pasta - Spaghetti No.4,2.04,500g,Halal
rice-noodles-cooking-ingredients,Songhe Plus Enriched Fragrant Rice 5kg,23.9,5kg,
rice-noodles-cooking-ingredients,Tiger Brand Soya Sauce - Dark (Special Grade),5.45,640ml,
rice-noodles-cooking-ingredients,Tai Hua Teriyaki Sauce,2.75,305ml,
rice-noodles-cooking-ingredients,Earthenpot Curry Powder - Chicken,1.82,100g,Halal
rice-noodles-cooking-ingredients,Teapot Evaporated Creamer,1.64,390g,
rice-noodles-cooking-ingredients,Borges Green Olives - Sliced,4.15,340g,
rice-noodles-cooking-ingredients,Pagoda Almond Jelly Powder,1.83,120g,
rice-noodles-cooking-ingredients,Knife Brand Thai Fish Sauce,1.37,300ml,Halal
rice-noodles-cooking-ingredients,Cobram Estate Extra Virgin Olive Oil - Picual,22.8,500ml,
rice-noodles-cooking-ingredients,Colavita Extra Virgin Olive Oil - Premium Selection,19.9,750ml,Halal
rice-noodles-cooking-ingredients,Origins Organic White Quinoa,12.45,500g,Organic
rice-noodles-cooking-ingredients,Equal Sugar Replacement - Monk Fruit,10.08,200g,Halal
rice-noodles-cooking-ingredients,Alce Nero Organic Vinegar - Balsamic,7.59,250ml,Organic
rice-noodles-cooking-ingredients,Alce Nero Organic Pasta Sauce - Basil,6.27,350g,Halal
rice-noodles-cooking-ingredients,Hakubaku Organic Soba,4.28,270g,Organic
rice-noodles-cooking-ingredients,Nando's Peri-Peri Sauce - Lemon & Herb (Extra Mild),3.9,125g,Halal
rice-noodles-cooking-ingredients,Duck Brand Vegetable Cooking Oil,3.6,1L,Halal
rice-noodles-cooking-ingredients,Delmonte Soup - Pumpkin & Carrot,2.45,380g,Halal
rice-noodles-cooking-ingredients,San Remo Pasta - Orecchiette,2.25,500g,Halal
rice-noodles-cooking-ingredients,Mak Nyonya Instant Sauce - Rendang,2.75,200g,Halal
rice-noodles-cooking-ingredients,Pasar Dried Black Eye Beans,1.37,250g,
rice-noodles-cooking-ingredients,Singlong Powder - 100% Pure Black Sesame,5.7,250g,
rice-noodles-cooking-ingredients,AAA Sriracha Chilli Sauce,4.05,793 G,
rice-noodles-cooking-ingredients,Tiger Brand Chili Sauce - Garlic & Ginger,2.9,280g,Halal
rice-noodles-cooking-ingredients,Bake King Desiccated Coconut,2.57,120g,Halal
rice-noodles-cooking-ingredients,MasterFoods Spices - Pepper Cayenne (Extra Hot),4.89,30g,
rice-noodles-cooking-ingredients,Woh Hup Concentrated Stock Sauce - Chicken,4.23,265g,Halal
rice-noodles-cooking-ingredients,FairPrice Cake Flour,3.25,1kg,
rice-noodles-cooking-ingredients,Tai Hua Lite Sauce - Light Soy Sauce,2.75,305ml,
rice-noodles-cooking-ingredients,Cobram Estate Extra Virgin Olive Oil - Robust,11.2,375ml,
rice-noodles-cooking-ingredients,Mizkan Soup Base - Pork Bone and Soy Sauce,7.03,750g,
rice-noodles-cooking-ingredients,Naturel Organic Pasta Sauce - Tomato with Mascarpone,6.21,340g,Organic
rice-noodles-cooking-ingredients,Koi Fish Brand Herbal Soup - Chicken Tonic,6.06,75g,
rice-noodles-cooking-ingredients,Balsamic Vinegar Of Modena,6.06,500 ML,
rice-noodles-cooking-ingredients,Bake King Gelatine Powder,3.5,60g,Halal
rice-noodles-cooking-ingredients,Baba's Packet Curry Powder - Hot & Spicy Meat,2.44,250g,Halal
rice-noodles-cooking-ingredients,Ecoco Organic Coconut Oil - Extra Virgin,15.18,500ml,Organic
rice-noodles-cooking-ingredients,Prima Flour Packet Flour - Semolina,3.3,500g,Halal
rice-noodles-cooking-ingredients,Asian Home Gourmet Marinade - Thai Bbq Chicken,3.53,50g,Halal
rice-noodles-cooking-ingredients,Mccormick Air Fryer Marinade Mix - Soy Garlic,2.75,45g,
rice-noodles-cooking-ingredients,Pasar Dried China Mushroom,2.5,50g,
rice-noodles-cooking-ingredients,Ibaraki Niji no Kirameki Japanese Rice,38.2,5 KG,
rice-noodles-cooking-ingredients,Songhe Plus Enriched Fragrant Rice 2kg,9.95,2kg,
rice-noodles-cooking-ingredients,Ayam Brand Coconut Milk,6.25,1L,Halal
rice-noodles-cooking-ingredients,Pasar Herbal Soup - Si Shen Tang,5.3,200g,
rice-noodles-cooking-ingredients,Kewpie Dressing - Thousand Island,4.95,210ml,Halal
rice-noodles-cooking-ingredients,Kikkoman Soy Sauce,3.3,150ml,
rice-noodles-cooking-ingredients,AAA Longkou Green Bean Vermicelli 250G,2.9,250 G,
rice-noodles-cooking-ingredients,SIS Icing Sugar - Super Fine,2.65,500g,Halal
rice-noodles-cooking-ingredients,San Remo Pasta - Instant Lasagna (Large),3.87,250g,
rice-noodles-cooking-ingredients,Colavita Pasta - Linguine,2.25,500g,Halal
rice-noodles-cooking-ingredients,Seah's Stewed Fragrant Spices,2.52,32g,
rice-noodles-cooking-ingredients,Hai's Brand Asia Joy Sauce - Fried Hokkien Prawn Noodle Paste,2.0,70g,Halal
rice-noodles-cooking-ingredients,FairPrice Japanese Udon,1.15,200g,
rice-noodles-cooking-ingredients,PaddyKing Thai Brown Rice,16.5,5 KG,
rice-noodles-cooking-ingredients,Nomu Grinder - Sea Salt,8.25,100g,Halal
rice-noodles-cooking-ingredients,Royal Umbrella Thai Hom Mali New Crop Rice,5.5,1kg,
rice-noodles-cooking-ingredients,Cravins Bak Kut Teh Ready Broth - Herbal,3.85,90g,
rice-noodles-cooking-ingredients,A1 Soup Spices - Bak Kut Teh,4.4,35g,
rice-noodles-cooking-ingredients,Daribell Pure & Natural Sweetener - Granulated Palm Sugar,2.6,200g,Halal
rice-noodles-cooking-ingredients,Sun Kee Dried Bean Curd Sheet,2.42,100g,
rice-noodles-cooking-ingredients,Prego Pasta - Spaghetti,2.3,500g,Halal
rice-noodles-cooking-ingredients,Prima Taste Sauce - Laksa Fried Rice,2.25,80g,
rice-noodles-cooking-ingredients,FairPrice Kicap Manis (Sweet Sauce),2.25,340ml,Halal
rice-noodles-cooking-ingredients,Golden Elephant Thai Fish Sauce,1.24,300ml,Halal
rice-noodles-cooking-ingredients,EcoBrown's Unpolished Brown Rice - Original,14.37,5kg,Halal
rice-noodles-cooking-ingredients,DreamRice Low GI Rice,9.9,2kg,
rice-noodles-cooking-ingredients,Malika Black Pepper Whole 500G -- By Dashmesh,7.92,500 G,
rice-noodles-cooking-ingredients,Ebara E-Basic Ramen Bottle Soup Base - Chicken Paitan,7.03,500ml,
rice-noodles-cooking-ingredients,Naturel Organic Rice - Brown,5.4,750g,Organic
rice-noodles-cooking-ingredients,Pasar Herbal Soup - Zhi Ke Tang,4.17,105g,
rice-noodles-cooking-ingredients,My Choice Seasoning - Ground Garlic,2.0,40g,
rice-noodles-cooking-ingredients,Pasar Dried Food - Split Green Beans,2.65,400g,
rice-noodles-cooking-ingredients,FairPrice Asian Recipe Paste Mix - Tom Yum,2.25,200g,Halal
rice-noodles-cooking-ingredients,AAA Sriracha Chilli Sauce,1.85,150 G,
rice-noodles-cooking-ingredients,Bertolli Extra Virgin Olive Oil - Dress & Drizz,10.95,458ml,
rice-noodles-cooking-ingredients,Equal Sweetener Sachets - Stevia (No Calorie),7.64,40 x 2g,
rice-noodles-cooking-ingredients,Drogheria & Alimentari Rock Salt Mill - Himalayan Pink,6.06,90g,
rice-noodles-cooking-ingredients,Nando's Peri Peri Sauce - Medium,4.28,125g,Halal
rice-noodles-cooking-ingredients,Dancing Chef Paste - Tom Yam,3.09,100g,Halal
rice-noodles-cooking-ingredients,EcoBrown's Premiere Brown Rice Vermicelli,1.64,300g,Halal
rice-noodles-cooking-ingredients,Naturel Organic Balsamic Vinegar,11.11,250ml,Organic
rice-noodles-cooking-ingredients,Kewpie Half Mayonnaise,8.35,400 G,
rice-noodles-cooking-ingredients,Taffy Low GI Natural Raw Sugar,5.15,1 KG,
rice-noodles-cooking-ingredients,Betty Crocker Fudge Brownie Mix - Chocolate,4.99,430g,Halal
rice-noodles-cooking-ingredients,Betty Crocker Cookie Mix - Chocolate Chip,4.59,430g,Halal
rice-noodles-cooking-ingredients,FairPrice Thai Brown Unpolished Rice,3.99,1kg,
rice-noodles-cooking-ingredients,Chng Kee's Hainanese Chicken Rice Mix,3.99,240ml,Halal
rice-noodles-cooking-ingredients,Laoganma Sauce Condiments - Chili with Fermented Soybean,3.82,280g,
rice-noodles-cooking-ingredients,Prego Pasta - Fettuccine,2.3,500g,Halal
rice-noodles-cooking-ingredients,Alce Nero Organic Chunky Tomato Puree,6.52,500g,Halal
rice-noodles-cooking-ingredients,Sun Kee Dried Black Fungus,3.97,100g,
rice-noodles-cooking-ingredients,SIS Premium Coffee Sugar Crystals,3.82,350g,Halal
rice-noodles-cooking-ingredients,Lee Kum Kee Sauce - Lemon Chicken,1.94,80g,
rice-noodles-cooking-ingredients,Pasar Tamarind Slice,1.32,50g,
rice-noodles-cooking-ingredients,Taj Ponni Rice,12.9,5kg,
rice-noodles-cooking-ingredients,Golden Chef Dressing - Roasted Sesame,8.5,400g,
rice-noodles-cooking-ingredients,Hinode Ryorishu Japanese Cooking Seasoning,7.24,500ml,
rice-noodles-cooking-ingredients,Hai Di Lao Hot Pot Soup Base - Broth Bundle of 2,7.2,110 G,
rice-noodles-cooking-ingredients,Bertolli Olive Oil - Classico,6.95,250ml,
rice-noodles-cooking-ingredients,Golden Chef Paste - Singapore Satay Beehoon,5.35,290g,Halal
rice-noodles-cooking-ingredients,Hellmann's Real Mayonnaise Squeezy,5.25,280ml,
rice-noodles-cooking-ingredients,Adabi Ketupat Nasi Rice Cube,4.6,6 x 130g,Halal
rice-noodles-cooking-ingredients,Sun Brand Whole Wheat Mee Suah,3.82,300g,Halal
rice-noodles-cooking-ingredients,Bird's Custard Powder - Original,2.9,300g,Halal
rice-noodles-cooking-ingredients,Bake King Pumpkin Seeds,2.9,100g,
rice-noodles-cooking-ingredients,Daesang Hot Pepper Bean Paste,2.75,200g,
rice-noodles-cooking-ingredients,Malabar Chilli Paste Lada Kisar,1.79,500g,Halal
rice-noodles-cooking-ingredients,FairPrice Koto Kome Australian Calrose Rice,14.71,5kg,
rice-noodles-cooking-ingredients,Samyang Chili Sauce - Hot Chicken Flavor Sauce (Extremely Spicy),6.5,200g,Halal
rice-noodles-cooking-ingredients,FairPrice Premium Canola with Sunflower Oil,5.5,1L,Halal
rice-noodles-cooking-ingredients,SIS White Sugar - Coarse Grain,4.5,2kg,Halal
rice-noodles-cooking-ingredients,Hakubaku Organic Cha Soba,4.28,200g,Organic
rice-noodles-cooking-ingredients,Barilla Al Bronzo - Fusilli,4.25,500g,
rice-noodles-cooking-ingredients,Barilla Itailan Pasta - Whole Wheat Penne Rigate,3.99,500g,
rice-noodles-cooking-ingredients,Telugu Ginger Garlic Paste -- By Dashmesh,3.53,300 G,
rice-noodles-cooking-ingredients,Sanhee Premium Rice Wine,3.1,640 ML,
rice-noodles-cooking-ingredients,FairPrice Soya Bean Oil,2.6,500ml,Halal
frozen,I'm Bulgogi Frozen Marinated Meat - Galbi Chicken,5.0,300g,
frozen,I'm Bulgogi Frozen Marinated Meat - Spicy Pork,5.0,300g,
frozen,I'm Bulgogi Coook Galbi Pork Collar,5.0,300g,
frozen,I'm Bulgogi Frozen Marinated Meat - Spicy Chicken,5.0,300g,
frozen,I'm Bulgogi Frozen Marinated Meat - Chicken,5.0,300g,
frozen,Seara Frozen Chicken - Legs (Boneless),8.95,2kg,Halal
frozen,Sadia IQF Skinless Chicken Breast,7.95,1kg,Halal
frozen,Sadia Frozen Chicken Boneless Leg Meat,8.95,2kg,Halal
frozen,Ocean Fresh Delite Frozen Salmon Portion,20.95,500g,
frozen,Sadia Frozen Chicken Thigh,4.95,900g,Halal
frozen,Seara Frozen Chicken Wings,9.45,2kg,Halal
frozen,Seara Frozen Chicken Wing Sticks,3.55,1kg,Halal
frozen,Sadia Frozen Chicken - 3 Joint Wings,9.45,2kg,
frozen,Sadia IQF Chicken Drumette,5.45,1kg,Halal
frozen,Seara Frozen Chicken Drumsticks,7.45,2kg,
frozen,Freezepak Crispy Chicken Nuggets,9.95,1kg,Halal
frozen,Porkee Frozen Pork - Minced Pork,4.95,500g,
frozen,Valley Chef Frozen Chicken Franks,4.5,340.2g,Halal
frozen,Porkee Frozen Pork - Spare Rib,6.45,500g,
frozen,Porkee Frozen Pork - Pork Belly,6.35,500g,
frozen,FairPrice Crispy Popcorn Chicken,7.6,500g,
frozen,FairPrice Spicy Chicken Katsu - Spicy,5.95,410g,
frozen,Tay's Japanese Crispy Chicken - Seaweed,16.25,1kg,
frozen,CJ Bibigo Dumplings - Pork & Vegetables,6.95,500g,
frozen,Porkee Frozen Pork - Collar Shabu Shabu,6.15,300g,
frozen,Chef Delights Frozen Beef Shabu Shabu,7.02,300g,Halal
frozen,Haagen-Dazs Ice Cream - Belgian Chocolate,14.77,473ml,
frozen,Mermaid Premium Frozen Smoked Salmon,7.9,100g,Halal
frozen,"Magnum Mini Ice Cream - Classic, Almond & White",12.11,6 x 55ml,
frozen,Porkee Frozen Pork - Belly Sukiyaki,6.15,300g,
frozen,FairPrice Roasted Chicken Mid Wing - Honey,10.15,380g,Halal
frozen,FairPrice Frozen Chicken Nuggets,6.75,850g,Halal
frozen,Seara Frozen Chicken - Griller,3.95,1kg,
frozen,CJ Bibigo Mandu Dumpling - Pork & Vegetable,7.65,500g,
frozen,Haagen-Dazs Ice Cream - Strawberry,14.77,473ml,
frozen,Farmpride Frozen Buffalo Wings,8.09,450g,Halal
frozen,Tian Tian Mian Dian Dumplings - Cabbage & Pork,5.33,500g,
frozen,Farmland Frozen Premium Fries - Shoestring,4.5,1kg,
frozen,Haagen-Dazs Ice Cream - Macadamia Nut,14.77,473ml,
frozen,Golden Chef Dumpling - Cabbage & Pork,5.05,400g,
frozen,WK Muar Fish Otah - Chunky,4.75,180g,Halal
frozen,Farmland Frozen Chicken Nuggets - Original,4.38,400g,
frozen,Fairprice Potong Ice Cream - Coconut,2.95,6 x 60g,Halal
frozen,Catch Seafood Salmon Portion,13.35,3 x 150 G,
frozen,Yummy Fresh Frozen Meat - Minced Pork,4.5,500g,
frozen,Golden Chef Dumpling - Chive & Pork,5.05,400g,
frozen,Xin Jia Fu Dumpling - Chives & Pork,5.33,500g,
frozen,FairPrice Potong Ice Cream - Chendol & Red Bean,2.95,6 x 65g,
frozen,Seara IQF Chicken Thigh,4.95,1kg,
frozen,Haagen-Dazs Ice Cream - Rum & Raisin,14.77,473ml,
frozen,CP Easy Snack - Half-Cut Middle Wings,8.75,350g,Halal
frozen,Magnum Mini Ice Cream - Intense Dark,12.11,6 x 55ml,
frozen,Haagen-Dazs Ice Cream - Pistachio Cream,14.77,420ml,
frozen,FairPrice Frozen Seaweed Chicken,7.6,400g,Halal
frozen,Haagen-Dazs Ice Cream - Cookies & Cream,14.77,473ml,
frozen,Ocean Fresh Delite Frozen - Sutchi Cube,5.5,500g,
frozen,Farmland Frozen Premium Fries - Crinkle Cut,4.5,1kg,
frozen,FairPrice Frozen Chicken Fingers,6.95,500g,Halal
frozen,FairPrice Japanese Style Crispy Chicken Katsu,6.65,410g,Halal
frozen,FairPrice Potong Ice Cream - Red Bean,2.95,6 x 65g,Halal
frozen,Amir's Premium Frozen Meat - Minced Chicken,4.84,300g,Halal
frozen,CP Roasted Hot Wings,15.75,1kg,Halal
frozen,Ocean Fresh Delite Frozen Sutchi Fillet,5.3,500g,
frozen,FairPrice Frozen Chicken Nuggets - Hot & Spicy,6.75,850g,Halal
frozen,Cornetto Ice Cream Cone - Classic (Vanilla & Chocolate),7.34,4 x 110ml,Halal
frozen,FreezePak Frozen Crispy Flamin Nuggets,9.95,800g,Halal
frozen,Tay's Japanese Crispy Chicken - Super Crispy,16.25,1kg,
frozen,Haagen-Dazs Ice Cream - Matcha Green Tea,14.77,473ml,
frozen,Haagen-Dazs Ice Cream - Vanilla,14.77,473ml,
frozen,CP Shrimp Wonton - Whole Shrimp,7.25,154g (12 per pack),Halal
frozen,Farmland Frozen Rosti Hash Brown,5.4,1kg,Halal
frozen,Porkee Frozen Pork - Shoulder Butt,5.45,500g,
frozen,Wall's Solero Ice Cream - Lime & Vanilla Split,7.64,6 x 64ml,
frozen,Armiya Frozen Beef Meat Ball,2.86,200g,
frozen,Porkee Frozen Pork - Lean Pork,5.85,500g,
frozen,Magnum Ice Cream - Almond,12.11,3 x 100ml,
frozen,Magnum Mini Ice Cream - Mini Mint,12.11,6 x 55ml,
frozen,Nan Xiang Frozen Dumplings - Cabbage Pork,4.58,400g,
frozen,Ajinomoto Japanese Dumpling - Chicken & Vegetable,10.08,600g (30 per pack),
frozen,Chef Delights Frozen Minced Beef,4.84,300g,Halal
frozen,FairPrice Frozen Mini Buns - Red Bean,2.9,270g (9 per pack),Halal
frozen,FairPrice Buffalo Drumette,6.95,500g,Halal
frozen,FairPrice Frozen Tori Karaage Japanese Fried Chicken - Original,6.95,500g,Halal
frozen,Mermaid Sutchi Fillet Cube,9.9,800g,Halal
frozen,Fairprice Potong Ice Cream - Pulut Hitam & Yam,2.95,6 x 60g,Halal
frozen,Tian Tian Mian Dian Dumplings - Mushroom & Pork,5.33,500g,
frozen,WK Muar Minced Fish Otah,3.95,180g,Halal
frozen,Dr Oetker Ristorante Pizza - Pepperoni,11.55,320g,Halal
frozen,Cornetto Mini Ice Cream Cone - Chocolate & Vanilla,7.96,12 x 28ml,Halal
frozen,Oriental Fortune Frozen Mantou - Pandan,2.55,360g (8 per pack),
frozen,Oriental Fortune Frozen Mantou - Chocolate,2.55,360g (8 per pack),
frozen,CP Easy Snack - Roasted Chicken Wings Glazed with Sweet Honey,21.45,850g,Halal
frozen,Haagen-Dazs Ice Cream - Coffee,14.77,473ml,
frozen,Porkee Frozen Pork - Prime Rib,9.45,500g,
frozen,FairPrice Frozen French Fries - Crinkle Cut,4.35,1kg,Halal
frozen,CP Easy Snack - Roasted Chicken Wings Glazed with Sweet Honey,10.3,380g,Halal
frozen,Haagen-Dazs Ice Cream - Belgian Chocolate,5.62,100ml,
frozen,FairPrice Frozen Pak Satay with Gravy - Chicken (Pan Fry),8.71,500g,Halal
frozen,Sadia IQF Chicken Drumstick,6.5,1kg,
frozen,F & N Magnolia Wafer Ice Cream - Raspberry Ripple,5.55,4 per pack,
frozen,FairPrice Mexican Style Roasted Chicken Drumette,6.65,350g,Halal
frozen,CP Easy Snack - Japanese Crispy Gyoza,6.5,350g,Halal
frozen,Magnum Ice Cream - Classic,12.11,3 x 100ml,
frozen,New Moon Mackerel Fillet Muar Otah,4.3,180g,
frozen,CP Frozen Signature Chicken Ribs,8.25,350g,Halal
frozen,FairPrice Potong Ice Cream - Black Sesame,2.95,6 x 65g,
frozen,Chef's Pork Premium Frozen Iberico - Belly Slice,12.95,250g,
frozen,Dr Oetker Ristorante Pizza - Hawaii,11.55,355g,Halal
frozen,FairPrice Frozen Salt & Pepper Crispy Chicken Drumette,10.15,500g,
frozen,FairPrice Crispy Popcorn Chicken - Tom Yum,7.6,500g,
frozen,Farmland Frozen Chicken Nuggets - Hot and Spicy,4.38,400g,
frozen,Bulla Splits Sorbet Ice Cream - Mango,9.95,1L,
frozen,FairPrice Frozen French Fries - Straight Cut,4.35,1kg,Halal
frozen,CP Selection Raw Frozen Chicken Breast – Boneless Skinless,10.95,1kg,Halal
frozen,Magnum Ice Cream - Double Cherry,12.11,3 x 85ml,
frozen,Betagro IQF Frozen Chicken Fillet,8.95,1kg,Halal
frozen,Magnolia Ice Cream Stick - Hershey's Chocolate Almond (Mini),7.45,6 per pack,Halal
frozen,Fisher's Catch Salmon Portion Chunks,19.95,1 KG,
frozen,Bulla Splits Sorbet Ice Cream - Lemon Lime,9.95,1L,
frozen,FairPrice Crispy Popcorn Chicken - Spicy,7.6,500g,
frozen,New Moon Wholemeal Mini Mantou - Original,2.15,180g (12 per pack),Halal
frozen,Tay's Japanese Crispy Chicken with Beancurd Wrappings,16.25,850g,Halal
frozen,Dr Oetker Ristorante Pizza - Quattro Formaggi,11.55,340g,
frozen,New Zealand Natural Premiun Ice Cream - Cookies & Cream,14.7,480ml,
frozen,Betagro IQF Frozen Chicken Skinless Boneless Breast,8.95,1kg,Halal
frozen,FairPrice Frozen Chicken Yakitori with Soy Sauce,5.25,250g,Halal
frozen,Superpork Pork Collar Shabu Shabu (Steamboat),5.95,400 G,
frozen,Magnum Mini Ice Cream - Almond,12.11,6 x 55ml,
frozen,Porkee Frozen Soft Bone,6.25,400g,
frozen,Tay's Skinless Chicken Whole Breast Fillet,8.35,345g,Halal
frozen,FairPrice Mantou - Plain,2.1,400g,Halal
frozen,Porkee Frozen Pork - Sweet and Sour,6.45,500g,
frozen,CP Signature Hot & Crisp Chicken Ribs,8.25,350g,Halal
frozen,FairPrice Frozen Seaweed Chicken with Cheese,7.6,300g,
frozen,Golden Chef Xiao Long Bao - Original,7.34,500g,
frozen,Seafood Boy - Frozen Dory Sutchi Cube (IQF),7.97,1 KG,
frozen,"Haagen-Dazs Ice Cream - Caramel, Biscuit & Cream",14.77,473ml,
frozen,CP Selection Raw Frozen Chicken Leg – Boneless Skinless,10.95,1kg,Halal
frozen,FairPrice Mantou - Pandan,2.1,400g,Halal
frozen,FairPrice Potong Ice Cream - Durian,2.95,6 x 65g,Halal
frozen,Magnum Mini Ice Cream - White Chocolate & White Chocolate Almond,12.11,6 x 55ml,
frozen,Amir's Stir Fry Chicken,3.75,1 per pack,Halal
frozen,Ben & Jerry's Ice Cream - Chocolate Fudge Brownie,15.18,473ml,
frozen,CP Easy Snack - Crispy Chicken Nuggets,9.7,850g,Halal
frozen,CP Chicken Gyoza,7.25,400g,
frozen,Fassler Frozen Soup - Cream of Mushroom,4.59,500g,Halal
frozen,Cornetto Mini Ice Cream Cone - Tiramisu & Dark Chocolate,7.96,12 x 28ml,Halal
frozen,Spring Home Shaomai - Chicken & Prawn,4.74,200g (10 per pack),
frozen,F & N Magnolia Mag-A-Cone Ice Cream - Vanilla & Chocolate,5.95,110ml,
frozen,Cornetto Ice Cream Cone - Cookies & Cream,7.34,4 x 102ml,Halal
frozen,Tasty Food Affair US Beef Short Plate Shabu Shabu,13.5,500 G,
frozen,Dr.Oetker Ristorante Frozen Pizza - Margherita,11.55,295g,Halal
frozen,Tasty Food Affair New Zealand Fresh Grass Fed Minced Beef,10.0,300 G,
frozen,Magnum Ice Cream - Le Peche,12.11,3 X 90ml,
frozen,Mr Joy's Fried Big Ngoh Hiang,5.87,420 G,
frozen,Chef Delights Frozen Beef Cube,8.92,500g,Halal
frozen,Chef's Pork Frozen Shirobuta Pork - Belly Shabu,9.95,250g,
frozen,FairPrice Frozen Whole Shrimp Wonton,5.6,154g (12 per pack),Halal
frozen,Fish Bay Frozen Nile Fish White Fillet,15.5,450g,
frozen,Tay's Japanese Crispy Chicken - Original,16.25,850g,
frozen,Ben & Jerry's Ice Cream - Chocolate Chip Cookie Dough,15.18,458ml,
frozen,Farmpride Popcorn Chicken,8.2,400g,Halal
frozen,Chef's Pork Premium Frozen Shirobuta Pork - Collar Shabu,9.95,250g,
frozen,Ocean Fresh Delite Frozen Sutchi Fillet,8.15,800g,
frozen,FairPrice Crispy Chicken Half-Cut Mid Wing - Mild Spicy,6.95,350g,Halal
frozen,Tatsumoto Frozen Pork Sausage - Original,4.59,200g,
frozen,Golden Chef Lau Pa Sat Satay Street - Chicken (Unskewered),8.0,300g,
frozen,FairPrice Samosa,5.14,500g,Halal
frozen,CJ Bibigo Mandu - Vegetables & Seafood,15.9,805g,
frozen,Hego Chicken Wings (Mid-Joint),8.6,1 KG,
frozen,Bulla Splits Sorbet Ice Cream - Raspberry,9.95,1L,
frozen,Okeanoss Toman Slice,11.95,1 KG,
frozen,Chef's Fin Rosemary Chicken with Roasted Potatoes & Vegetables,3.95,280g,Halal
frozen,Nestle Ice Cream Pack - Kitkat Mini Stick,8.05,6 x 45ml,
frozen,BoBo Chicken Sausage - Cheese,3.26,200g,
frozen,Catch Seafood Salmon Portion,27.2,6 x 150 G,
frozen,Farmpride Gourmet Burger Patties - Beef with Cheddar Cheese,8.5,420g,Halal
frozen,Tay's Japanese Crispy Chicken - Seaweed,8.35,400g,
frozen,Doux Frozen Chicken Franks - Cheese,2.87,400g,
frozen,FairPrice Crispy Chicken Drumette - Flaming Hot & Spicy,10.15,500g,Halal
frozen,FairPrice Spring Roll,5.6,500g,Halal
frozen,Snow Treasures Premium Atlantic Salmon,29.95,1 KG,
frozen,CP Easy Snack - Mexican Wings,7.15,350g,Halal
frozen,Al-lazat Beef Shabu Shabu,5.95,300 G,
frozen,Ben & Jerry's Ice Cream - Strawberry Cheesecake,15.18,458ml,
frozen,Golden Chef Cantonese Roast Pork,9.95,220g,
frozen,CJ Bibigo Frozen Crispy Dumplings - Pork & Vegetables,5.95,500g,
frozen,Haagen-Dazs Mini Cups Ice Cream - Vanilla,5.62,100ml,
frozen,Betagro Yakitori - Soy Sauce,6.56,250g,Halal
frozen,Sunkist Ice Confection - Orange and Yogurt,5.95,4 x 65ml,Halal
frozen,Amir's Premium Frozen Meat - Beef Cube,10.45,500g,Halal
frozen,Wall's Yakoo Orange Stick Multi Pack,7.64,7 per pack,Halal
frozen,Ocean Fresh Delite Seasoned Fish Slices Snakehead,4.95,250g,
frozen,Chinatown Glutinous Rice Ball - Black Sesame,2.88,300g,
frozen,CP Selection Raw Frozen Chicken Leg – Boneless Skin On,10.45,1kg,Halal
frozen,CP Tsukune Chicken Meatball with Teriyaki Sauce,6.5,360g,Halal
frozen,FairPrice Potong Ice Cream - Teh Tarik,2.95,6 x 65g,Halal
frozen,Tasty Food Affair Minced Chicken,5.5,500 G,
frozen,Spring Home Mini Char Siew Chicken Bun,4.44,160g (8 per pack),Halal
frozen,CP Shrimp Wonton with Sesame Sauce,7.25,204g,Halal
frozen,CP Frozen Ready Meal - Nasi Lemak with Chicken Rendang,4.75,250g,Halal
frozen,F & N Magnolia Ice Cream Cone-Hershey's Chocolate Overload (Mini),7.45,6 per pack,Halal
frozen,Chef Delights Frozen Beef Ribeye Shabu,9.19,200g,Halal
frozen,Chinatown Glutinous Rice Ball - Peanut & White Sesame,2.88,300g,
frozen,Okeanoss Premium Salmon Portion,18.5,400g,
frozen,CP Easy Snack - Roasted Chicken Wing Stick with Honey Sauce,18.17,850g,Halal
frozen,FairPrice Frozen Tori Karaage Japanese Fried Chicken - Spicy,6.95,500g,Halal
frozen,Sunshine Frozen Pizza - Hawaiian,7.74,340g (2 per pack),
frozen,CP Frozen Fried Chicken Wing,21.5,1kg,
frozen,Home Flavours Ready to Eat - Lotus Root Soup,5.95,500g,
frozen,FairPrice Frozen Buns - Longevity,3.31,360g (6 per pack),
frozen,SuperPork Pork Spare Ribs Slab,11.5,900 G,
frozen,Catch Seafood - Salmon Portion Family Cut (Frozen),9.9,350 G,
frozen,Dr Oetker Ristorante Pizza - Spinach,11.55,390g,
frozen,Seaco Frozen Fish Fillet - Grouper,13.5,500g,
frozen,FairPrice Potong Ice Cream - Bandung,2.95,6 x 65g,
frozen,Superpork Pork Chop,5.2,500 G,
frozen,Spring Home TYJ Spring Roll Pastry (19cm),3.13,550g (50 per pack),
frozen,Tay's Frozen Japanese Extra Lean Chicken Mini Sausage - Cheese,3.56,150g,
frozen,EB Frozen Prawn Cake - Golden Cripsy,7.8,200g,
frozen,Amir's Premium Frozen Meat - Beef Shabu Shabu,11.0,400g,Halal
frozen,Dr Oetker Ristorante Pizza - Funghi,11.55,365g,
frozen,Farmpride Popcorn Chicken - Hot & Spicy,16.2,1kg,Halal
frozen,"Bulla Crunch Ice Cream Sticks - Vanilla, Orange, Peppermint",6.98,8 per pack,
frozen,Catch Seafood Premium Salmon Portion (Frozen),4.99,150 G,
frozen,Churo Pork Rib (Bak Kut Teh) - Frozen,7.4,500 G,
frozen,CP Frozen Ready Meal - Kampung Fried Rice,4.75,250g,Halal
frozen,Golden Chef Frozen Fish (Whole) - Garlic Grilled,13.95,1kg,
frozen,Frozen Dory Sutchi Fillet (IQF),5.66,600 G,
frozen,F & N Magnolia Mag-A-Cone Ice Cream - Strawberry & Vanilla,5.95,110ml,Halal
frozen,Porkolicious Iberico Pork Belly Shabu (Steamboat),6.95,200 G,
frozen,Home Flavours Ready to Eat - Abc Soup,5.95,500g,
frozen,Ben & Jerry's Ice Cream - New York Super Fudge Chunk,15.18,458ml,
frozen,CP Easy Snack - Golden Crispy Chicken Chunk,16.35,1kg,
frozen,Magnolia Almond Crush - Mint,5.95,4 x 58g,Halal
frozen,Seaco Frozen Fish Fillet - White Snapper,12.5,500g,
frozen,Dr Oetker Ristorante Pizza - Mozzarella,11.55,355g,
frozen,Bulla Crunch Ice Cream Sticks - Vanilla,6.98,8 per pack,
frozen,"Bulla Crunch Ice Cream Sticks - Honeycomb, Strawberry, Caramel",6.98,8 per pack,
frozen,Ben & Jerry's Ice Cream - Churifcally Churros-y,15.18,465ML,
frozen,Superpork Pork Belly Shabu Shabu (Steamboat),7.5,400 G,
frozen,Tay's Hainanese Chicken Thigh - Boneless,8.35,380g (2 per pack),Halal
frozen,Spring Home Glutinous Rice Ball - Sesame,2.52,200g (10 per pack),
frozen,Ocean Fresh Delite Seasoned Fish Slices Black Bass,4.95,250g,
frozen,Ajinomoto Frozen Shumai - Shrimp,5.3,150g (10 per pack),
frozen,The Better Fish Barramundi Frozen Fillet,16.5,340g,
frozen,Golden Chef Singapore Pork Satay - Unskewered,8.0,300g,
frozen,Haagen-Dazs Ice Cream - Chocolate,14.77,473ml,
frozen,Magnolia Almond Crush - Vanilla,5.95,4 x 58g,Halal
frozen,Spring Home Prawn Hargow,4.74,160g (8 per pack),
frozen,Golden Chef Cantonese Char Siew,9.95,220g,
frozen,Tay's Frozen Japanese Extra Lean Chicken Mini Sausage - Original,3.56,150g,
frozen,F & N Magnolia Ice Cream Cone - Hershey's Chocolate Overload,7.45,3 x 110ml,Halal
frozen,FairPrice Frozen Pizza - Deluxe Cheese,6.85,300g (2 per pack),Halal
frozen,Binggrae Melona Stickbar Ice Cream - Melon,6.95,8 x 80ml,
frozen,Chef's Fin Spaghetti Aglio Olio with Chicken Bacon & Mushrooms,3.95,280g,Halal
frozen,Tasty Food Affair New Zealand Sliced Beef,10.5,500 G,
frozen,Ajinomoto Japanese Style Hane Gyoza Pork,8.9,276g,
frozen,Sara Lee Frozen Pound Cake - Chocolate Swirl,8.25,300g,
frozen,Catch Seafood Wild Caught Saba Mackerel Fillet,8.7,350 G,
frozen,F & N Magnolia Ice Cream - Neopolitan,6.42,1.4L,Halal
frozen,F & N Magnolia Ice Cream - Vanilla,6.42,1.4L,
frozen,Catch Seafood Salmon Portion Pack of 9 - Frozen,38.3,9 x 150 G,
frozen,Tay's Golden Crispy Chicken Fingers - Skinless,16.25,850g,Halal
frozen,Sajo Korean Style Mozzarella Corndogs,14.2,400g,
frozen,Ben & Jerry's Ice Cream - Cherry Garcia,15.18,473ml,
frozen,CP Shrimp Wonton - Jumbo,9.75,194g (8 per pack),
frozen,S-Pure Roasted Chicken Breast - Rosemary & Lemon,7.8,300g,Halal
frozen,Chef's Fin Claypot Chicken Rice with Chinese Chicken Sausages,3.95,280g,Halal
frozen,Haagen-Dazs Mini Cups Ice Cream - Chocoholic Moments,18.24,4 x 100ml,
frozen,Magnolia Ice Cream Stick - Hershey's Cookies 'N' Creme,7.45,3 x 70ml,Halal
frozen,Magnolia Almond Crush - Chocolate,5.95,4 x 58g,Halal
frozen,CP Selection Raw Frozen Chicken Fillet – Inner without Tendon,10.95,1kg,Halal
frozen,Magnum Bon Bon Ice Cream - White Chocolate & Cookies,15.18,204ml,
frozen,The Ice Cream & Cookie Co. Sorbet - Acai Berry,13.96,473ml,
frozen,Sara Lee Frozen Pound Cake - Chocolate,8.25,300g,
frozen,100 Plus Hydration Bar - Original,4.95,4 per pack,Halal
frozen,Cornetto Ice Cream Cone - Muscat Grape,7.34,4 x 108ml,Halal
frozen,CP Shrimp & Pork Wonton with Soup Powder,4.59,120g,
frozen,Amir's Premium Frozen Meat - Minced Mutton,7.15,300g,Halal
frozen,EB Frozen Foods - Seafood Beancurd Roll,5.56,300g,
frozen,FairPrice Frozen Glutinous Rice Ball - Peanut,2.22,200g (10 per pack),Halal
frozen,FairPrice Pak Satay with Gravy - Chicken (20 Sticks),10.2,500g,Halal
frozen,Twinfish Sutchi Dory Fillet,5.95,800 G,
frozen,Batang Spanish Mackerel Steak - Frozen,19.95,2 KG,
frozen,Home Flavours Ready to Eat - Watercress Soup,5.95,500g,
frozen,Spring Home TYJ Spring Roll Pastry (21.5cm),3.13,550g (40 per pack),
frozen,BoBo Chicken Wings - Prawn Paste,5.91,200g,Halal
frozen,Spring Home Chicken Glutinous Rice Dumpling,4.44,270g (3 per pack),
frozen,Bulla Fudge Ice Cream Sticks - Chocolate,6.98,8 per pack,
frozen,Seara Boneless Chicken Leg Skinless,12.95,2 KG,
frozen,Home Flavours Ready to Eat - Sweet And Sour Fish,4.95,240g,
frozen,F & N Magnolia Ice Cream - Raspberry Ripple,6.42,1.4L,
frozen,FairPrice Pork Meat Ball with Solefish,5.0,200g,
frozen,Churo Triangle Hashbrown,5.0,500 G,
frozen,Tay's Frozen Chicken Cutlet - Ikeda Japanese,16.25,990g,
frozen,Catch Seafood Salmon Belly,5.95,240 G,
frozen,Betagro IQF Frozen Chicken Middle Wing,8.95,1kg,Halal
frozen,Tasty Food Affair New Zealand Minced Beef,9.9,500 G,
frozen,Serve by Hai Sia Premium Salmon Whole Fillet - Frozen,39.76,1 KG,
frozen,Tasty Food Affair Minced Chicken Breast,3.95,300 G,
frozen,Sajo Korean Style Half & Half Corndogs,14.2,400g,
frozen,Tasty Food Affair Skin-On Pork Belly Slab,16.0,1 KG,
frozen,CP Pork & Chicken Gyoza - Suki Sauce,7.25,370g (20 per pack),
frozen,Tay's Baked Chicken Bites,16.25,1kg,
frozen,Delicato Frozen Pork Ribs - Honey Glazed Sauce,18.65,550g,
frozen,Twinfish Sutchi Dory Fillet Cube,5.95,800 G,
frozen,Ben & Jerry's Ice Cream - Strawberry Doughnut-eee,15.18,465ML,
frozen,Seawaves Frozen Chicken Cutlet,13.9,1kg,
frozen,Betagro IQF Frozen Chicken Drumstick,8.95,1kg,Halal
frozen,Seawaves Battered Chicken Cutlet - Herbs & Spices,5.8,400g,Halal
frozen,Hego Minced Beef,7.05,500 G,
frozen,Churo Tater Tots - Frozen,4.95,500 G,
frozen,Seafood Boy - Premium Frozen Salmon Fillet Bulk Pack,33.75,930 G,
frozen,Sunshine Frozen Pizza - Mozzarella Cheese,7.74,240g (2 per pack),
frozen,Farmland Frozen Potato Wedges - Spicy,6.06,500g,
frozen,Amir's Premium Frozen Meat - Beef Rib Eye Steak,13.2,500g,Halal
frozen,Magnolia Ice Cream Stick - Hershey's Classic,7.45,3 x 67ml,Halal
frozen,Tasty Food Affair Pork Collar Slab,12.5,1 KG,
frozen,FairPrice Frozen Pak Satay with Gravy - Beef (Pan Fry),8.71,500g,Halal
frozen,Tay's Japanese Crispy Chicken - Super Crispy,8.35,400g,
frozen,CP Frozen Ready Meal - Spaghetti with Chicken & Carbonara Sauce,6.5,350g,Halal
frozen,Serve by Hai Sia Saba Mackerel Fillet - Frozen,8.07,220 G,
frozen,Seawaves Crispy Mid Wing,5.8,400g,Halal
frozen,Haagen-Dazs Crispy Sandwich Ice Cream - Rich Strawberry,6.9,60ml,
frozen,Farmpride Frozen Pizza - Margherita,6.5,210g,Halal
frozen,BoBo Chicken Sausage - Black Pepper,3.26,200g,
frozen,The Ice Cream & Cookie Co. Gelato - Black Sesame Mochi,13.96,473ml,
frozen,Tasty Food Affair Pork Collar Chop,6.5,500 G,
frozen,The Ice Cream & Cookie Co. Ice Cream - Dark Chocolate,13.96,473ml,
frozen,Tatsumoto Frozen Pork Sausage - Ham,4.59,200g,
frozen,Porkee Frozen Marinated Pork - Yakiniku,7.35,250g,
frozen,Home Flavours Ready to Eat - Sayur Lodeh,5.95,300g,
frozen,Tatsumoto Frozen Pork Sausage - Cheese,4.59,200g,
frozen,Jin Ji Li Whole Fresh Prawn Wonton - Prawn Soup,7.97,168g,
frozen,SunnyFarm Sweet Potato Cut,6.95,1 KG,
frozen,Port65 Shokunin - Natural Dashi Japanese Soup Base,5.96,50 G,
frozen,Emborg Shredded Easy Stretch Mozzarella Cheese,27.95,2 KG,
frozen,Ben & Jerry's Ice Cream - Half Baked,15.18,473ml,
frozen,CP Frozen Ready Meal - Spaghetti with Chicken Sauce,6.5,350g,Halal
frozen,FairPrice Frozen Glutinous Rice Ball - Sesame,2.22,200g (10 per pack),Halal
frozen,Superpork Pork Minced Meat,4.5,500 G,
frozen,FairPrice Frozen Pizza - Hawaiian,6.52,300g (2 per pack),Halal
frozen,Haagen-Dazs Crispy Sandwich Ice Cream - Rich Caramel,6.9,60ml,
frozen,CP Selection Raw Frozen Chicken – Boneless Skin On,10.45,1kg,Halal
frozen,Wall's Buzz Rocket Jelly - Multipack,9.9,5 x 50ml,Halal
frozen,Golden Chef Frozen Fish (Whole) - Mala Grilled,13.95,1kg,
frozen,Wall's Aliens Shot Ice Cream - Multipack,9.9,5 x 70ml,Halal
frozen,SunnyFarm Sweet Potato Fries,12.95,1 KG,
frozen,Porkee Frozen Marinated Pork - Shoyu,7.35,250g,
frozen,Chef Delights Frozen Stir Fry Beef,6.98,300g,Halal
frozen,Tasty Food Affair Chicken Leg Shabu Shabu,6.0,300 G,
frozen,BoBo Chicken Sausage - Satay,3.26,200g,
frozen,Hego Minced Chicken Breast Lean (Frozen),5.89,500 G,Halal
frozen,CP Easy Snack - Roasted Mexican Chicken Wing Stick,7.05,350g,Halal
frozen,Betagro Yakitori - Korean Sauce,6.56,250g,Halal
frozen,Churo Pork Softbone,4.8,500 G,
frozen,Serve by Hai Sia Canton Fish Curd - Frozen,4.63,105 G,
frozen,CP Easy Snack - Roasted Mexican Wing Stick,14.7,800g,Halal
frozen,The Ice Cream & Cookie Co. Gelato - Mint Chocolate,13.96,473ml,
frozen,Catch Seafood Naturally Smoked Boneless Duck Meat,3.99,170 G,
frozen,Home Flavours Ready to Eat - Herbal Chicken,7.5,450g,
frozen,Superpork Pork Loin Ribs Slab,18.8,1 KG,
frozen,Golden Chef Lau Pa Sat Satay Street - Beef (Unskewered),8.0,300g,
frozen,Catch Seafood Wild-Caught Alaskan Keta Salmon (Value Pack),20.9,400 G,
frozen,Ben & Jerry's Ice Cream - Phish Food,15.18,473ml,
frozen,Home Flavours Ready to Eat - Honey Coffee Pork Chop,6.95,350g,
frozen,S-Pure Roasted Chicken Bites- Italian Herbs & Garlic,7.8,320g,Halal
frozen,CP Frozen Ready Meal - Fried Rice with Bbq Pork,5.25,350g,
frozen,Lamb Weston Frozen Original Fries,6.65,750g,
frozen,Catch Seafood Seabass Barramundi Fillet,4.5,150 G,
frozen,Seawaves Frozen Crispy Mid Wing,13.9,1kg,
frozen,Bulla Splits Ice Cream Sticks - Raspberry,9.95,10 per pack,
frozen,Seaco Frozen Fish Fillet - Premium Halibut,8.5,320g,
frozen,Tay's Japanese Crispy Chicken - Original,8.35,400g,
frozen,Tradition Spanish Pork Collar - Shabu Shabu,7.95,300g,
frozen,Niseko Ice Bar - Cookies & Cream,7.56,4 x 90ml,
frozen,Haagen-Dazs Stickbar Ice Cream - Green Tea & Almond,5.92,80ml,
frozen,Magnum Bon Bon Ice Cream - Salted Caramel & Almond,15.18,204ml,
frozen,Tasty Food Affair Pork Soft Bone Cut,6.0,500 G,
frozen,Snow Treasures Premium Atlantic Salmon,15.4,500 G,
frozen,Oriental Delight Unagi Kabayaki (Roasted Eel),11.95,200 G,
frozen,Porkolicious Iberico Pork Collar Shabu (Steamboat),9.5,200 G,
frozen,Tasty Food Affair Beef Ribeye Shabu Shabu,8.8,300 G,
frozen,Golden Chef Xiao Long Bao - Spring Onion,7.34,500g,
frozen,CJ Bibigo Mandu Dumpling - Pork,13.9,910g,
frozen,Ben & Jerry's Ice Cream - Vanilla,15.18,473ml,
frozen,Home Flavours Ready to Eat - Honey Coffee Chicken,4.95,230g,
frozen,Home Flavours Ready to Eat - Fried Lemon Fish,4.95,240g,
frozen,Mr Joy's Muar Otah Bun,6.9,300 G,
frozen,Seawaves Frozen Popcorn Chicken - Original,16.04,1kg,
frozen,The Ice Cream & Cookie Co. Sorbet - Yuzu,13.96,473ml,
frozen,Tay's Japanese Crispy Chicken - Beancurd,8.35,400g,
frozen,Mr Joy's Steamboat Taiwan Frozen Tofu,4.9,300 G,
frozen,Chinatown Traditional Ang Ku Kueh - Peanut,4.5,258g,Halal
frozen,Delicato Frozen Pork Ribs - Yuzu Sauce,18.65,550g,
frozen,Catch Seafood Saba Teriyaki Marinade (Pack of 2),8.8,350 G,
frozen,Yorihada Three-Colored Assorted Honey Rice Cake,5.45,320g,
frozen,Superpork Pork Belly Cube,6.5,500 G,
frozen,CP Frozen Fried Chicken Wing,19.55,800g,
frozen,Hego Frozen Boneless Chicken Breast (Skinless),9.34,1 KG,Halal
frozen,Ajinomoto Gyoza Pops Chicken & Vegetables,5.95,260g,
frozen,Tradition Spanish Pork Belly - Shabu Shabu,7.95,300g,
frozen,Serve Batang Slice Hotpot Steamboat - Frozen,7.9,200 G,
frozen,CJ Bibigo Plantable Frozen Mandu - Kimchi,8.1,420g,
frozen,CP Fried Shrimp Wonton,4.95,130g,Halal
frozen,Delicato Frozen Pork Ribs - Black Pepper,18.65,500g,
frozen,Freezepak Popcorn Chicken,16.65,1kg,Halal
frozen,BoBo Chicken Bites - Prawn Paste,5.91,200g,Halal
frozen,CP Frozen Ready Meal - Rendang Chicken,6.95,260g,Halal
frozen,Home Flavours Ready to Eat - Sweet And Sour Chicken,4.95,230g,
frozen,Snow Treasures Wild Caught Cod Fish Steak,77.0,1 KG,
frozen,Lamb Weston Frozen Grill Fries - Salt & Pepper,6.65,500g,
frozen,Hego Minced Chicken,5.9,500 G,
frozen,New Multi Roasted Boneless Chicken Leg,15.9,1kg,Halal
frozen,Amir's Premium Frozen Meat - Mutton Cube,12.05,500g,Halal
frozen,Lamb Weston Frozen Ziggy Fries,6.65,750g,
frozen,Hego Beef Chuck Tender Cube,10.5,500 G,
frozen,CP Pork & Chive Wonton with Soup Powder,4.59,120g,
frozen,Emerald Seafood Frozen Sea Scallops,27.5,400g,
frozen,Seaco Frozen Fish Fillet - Snapper,13.5,500g,
frozen,Magnolia Ice Cream Stick - Hershey's Chocolate Almond,7.45,3 x 70ml,Halal
frozen,Serve by Hai Sia Black Pomfret (Scaled & Gutted) - Frozen,6.51,250 G,
frozen,Tradition Shabu Shabu Chicken,4.95,250g,
frozen,Aw's Market Frozen Pork Soup Bones,4.23,300 G,
frozen,Magnolia Ice Cream Stick - Hershey's Matcha Almond,7.45,3 x 70ml,
frozen,Xin Jia Food Steamed Buns - Original,7.34,500g,
frozen,Tay Chicken Twistees - Garlic Aioli,7.2,350g,Halal
frozen,Catch Seafood Wild Black Cod Portion (Sable Fish/Gindara),15.88,230 G,
frozen,Seafood Boy Frozen IQF Dory Sutchi Cube,7.97,1kg,
frozen,Mr Joy's Dim Sum Big Shaomai,11.5,375 G,
frozen,Mr Joy's Steamboat Pork Ball With Meat,9.9,500 G,
frozen,Dodo Kiddos Chicken Nuggets - Toy Story,6.95,500g,Halal
frozen,Aw's Market Frozen Pork Belly,5.5,300 G,
frozen,Philadelphia Cheesecake - Classic New York Style,22.66,794g,
frozen,Serve by Hai Sia Norwegian Salmon Family Pack - Frozen,26.62,600 G,
frozen,Ben & Jerry's Ice Cream - Sweet Mango Memories,15.18,465ml,Halal
frozen,Seafood Boy - Frozen Crispy Ang Kar Prawn Roll (Hae Zhor),12.85,400 G,
frozen,S-Pure Chicken - Charcoal Grilled Yakitori,7.8,280g,Halal
frozen,Aw's Market Frozen Pork Mince,3.7,300 G,
frozen,Catch Seafood Wild Atlantic Cod Value Pack,19.99,480 G,
frozen,Aw's Market Frozen Pork Prime Ribs,4.95,300 G,
frozen,Tasty Food Affair Pork Spare Rib Slab,11.5,900 G,
frozen,FairPrice Frozen Pizza - Pepperoni,6.85,300g (2 per pack),Halal
frozen,Seafood Boy Frozen IQF Dory Sutchi Fillet,5.66,600g,
frozen,Tay Chicken Twistees - Spicy Korean,7.2,350g,Halal
frozen,Seawaves Chicken Xiao Long Bao,5.9,360g,Halal
frozen,CP Mala Shrimp Wonton Noodle,5.95,300g,Halal
frozen,Tay Tatsuda Golden Chicken Nugget,12.9,1kg,Halal
frozen,Amir's Premium Frozen Meat - Beef Striploin Steak,13.2,500g,Halal
frozen,Farmland Frozen Chicken Nuggets - Fully Cooked,9.45,1kg,
frozen,Meiji Ice Cream - Kaku Ice Soda,6.5,450ml,
frozen,Ding Borneo Frozen Shabu Roll - Pork Shoulder,7.45,250g,
frozen,Haagen-Dazs Stickbar Ice Cream - Chocolate Choc Almond,13.5,3 x 80ml,
frozen,Royal Delight Salmon Fish Bones,5.9,1 KG,
frozen,CP Frozen Ready Meal - Roasted Chicken Satay,6.95,260g,Halal
frozen,As-Sufi Currypuff - Potatoes,3.35,500g,
frozen,Oriental Delight Teriyaki Marinated Chicken Chop,11.0,450 G,
frozen,Catch Seafood Salmon Portion,9.99,330 G,
frozen,Home Flavours Ready to Eat - Braised Soft Bone Pork,8.5,300g,
frozen,Bistro Belgique Shoestring Fries 7MM,5.0,1 KG,Halal
frozen,Snickers Ice Cream Mini Bars - Almond,15.95,280ml,
frozen,Pondok Abang Rendang Lembu,8.65,400g,Halal
frozen,Simply Natural Mini Mantou - Rainbow,7.5,300 G,
frozen,Yorihada Crispy Fried Sweet Potato And Vegetables,7.45,600g,
frozen,Porkee Frozen Marinated Pork - Black Pepper,7.35,250g,
frozen,Betagro IQF Frozen Chicken Wing Stick,8.95,1kg,Halal
frozen,Churo Pork Spare Rib,5.99,500 G,
frozen,Tasty Food Affair Pork Collar Shabu Shabu,4.95,300 G,
frozen,As-Sufi Exotic Traditional Snacks - Potato Samosa,4.81,500g,
frozen,Ocean Fresh Delite Frozen Cod Steak,49.95,500g,
frozen,Haagen-Dazs Stickbar Ice Cream - Assorted,13.5,3 x 80ml,
frozen,Sunshine Frozen Pizza - BBQ Chicken,7.74,340g (2 per pack),Halal
frozen,Blue Ocean Yellow Stripe Trevally/Kunning 21-25,6.95,1 KG,
frozen,Mr Joy's Steamboat Pork Skin,4.9,200 G,
frozen,Tasty Food Affair Beef Brisket Cube,10.0,500 G,
frozen,Haagen-Dazs Stickbar Ice Cream - Cookies & Cream,5.92,80ml,
frozen,Catch Seafood Cod Cube (Frozen),26.0,500 G,
frozen,Mt Cook Alpine King Salmon Portion - Frozen,13.12,150 G,
frozen,Magnolia Ice Cream Nuggets - Hershey's Triple Chocolate,7.45,4 x 45ml,Halal
frozen,CP Thai Spicy Shrimp Wonton Noodles,5.95,250g,Halal
frozen,Amir's Premium Frozen Meat - Beef Sukiyaki,11.0,400g,Halal
frozen,Hego Grass Fed Beef Stir Fry - Chilled,9.67,250 G,Halal
frozen,Home Flavours Ready to Eat - Kam Heong Chicken,4.95,250g,
frozen,Churo Bone-In Pork Chop,5.65,500 G,
frozen,Tasty Food Affair Minced Pork,5.6,500 G,
frozen,Tasty Food Affair Onion Rings,9.5,1 KG,Halal
frozen,Tasty Food Affair Tater Tots,7.6,750 G,
frozen,U Farm Benja Frozen Raw Boneless Chicken Breast - Skinless,13.95,520g,Halal
frozen,Tasty Food Affair Wagyu Beef Patty,12.5,240 G,
frozen,Hego Beef Cube,8.7,500 G,
frozen,Ding Borneo Frozen Shabu Roll - Pork Belly,7.45,250g,
frozen,Catch Seafood Natural Pacific Dory Cube (IQF) - Frozen,7.45,1 KG,
frozen,Chinatown Traditional Ang Ku Kueh - Mung Bean,4.5,258g,Halal
frozen,Snow Treasures Wild Caught Cod Fish Cubes,34.65,500 G,
frozen,Catch Seafood Salmon Cube Skinless Family Pack,15.5,500 G,
frozen,Andersen's of Denmark Ice Cream - Belgian Chocolate Chip,14.06,473ml,
frozen,Niks Paneer 1Kg -- By Dashmesh,13.82,1 KG,
frozen,Al-Lazat Mutton Cube,10.5,500 G,
frozen,Port65 Black Cod Gindara Portion - Frozen,15.92,150 G,
frozen,Haagen-Dazs Stickbar Ice Cream - Chocolate Choc Almond,5.92,80ml,
frozen,Seawaves Chicken Gyoza - Pepper,5.9,380g,Halal
frozen,Aw's Market Frozen Pork Loin Chop,3.99,300 G,
frozen,Hego Beef Striploin Steak,13.3,500 G,
frozen,Tegel Free Range Crispy Chicken Tenders (Frozen),11.9,400 G,
frozen,Hego Frozen Chicken Drumstick,10.9,2 KG,Halal
frozen,Hai Sia Frozen Batang Slices,7.9,200g,Halal
frozen,Hego Chicken Sliced (Shabu Shabu),5.4,300 G,
frozen,Serve by Hai Sia Barramundi Portion Family Pack - Frozen,18.41,600 G,
frozen,Tasty Food Affair New Zealand Fresh Grass Fed Beef Brisket,16.0,500 G,
frozen,U Farm Benja Frozen Raw Boneless Chicken Leg - Skinless,11.4,400g,Halal
frozen,Churo Minced Pork Lean (Frozen),5.7,500 G,
frozen,Deebees Organic Superfruit Freezee,15.4,400 ML,Organic
frozen,Fisher's Catch Salmon Cube (Rainbow Trout),15.0,500 G,
frozen,CP Frozen Ready Meal - Stir- Fried Hor Fun with Bbq Pork,5.25,350g,
frozen,Johnsonville Meatball - Classic Italian,18.9,680g,
frozen,Port65 Salmon Cubes (Baby-Friendly) - Frozen,14.22,180 G,
frozen,Ding Iberico Frozen Shabu Roll - Pork Collar,12.95,200g,
frozen,Hego Oxtail,10.51,500 G,
frozen,Aw's Market Frozen Pork Spare Ribs,5.22,300 G,
frozen,Catch Seafood Naturally Smoked Black Pepper Duck,3.99,170 G,
frozen,Mr Joy's Dim Sum Beancurd Prawn Roll,8.5,270 G,
frozen,Yorihada Plant-based Blackbean Noodles,4.95,330g,
frozen,Serve by Hai Sia Barramundi Fillet - Frozen,5.33,120 G,
frozen,Mr Joy's Handmade Teochew Pork Ball Frozen,5.49,240 G,
frozen,Figo Lotus Leaf Bun,3.95,300 G,
frozen,Haagen-Dazs Ice Cream Bar - Belgian Chocolate,5.92,80ml,
frozen,Amir's Premium Frozen Meat - Lamb Shoulder Chop,12.9,500g,Halal
frozen,Bulla Ice Cream Sticks - Honeycomb,12.12,360ml,
frozen,Churo Pork Tenderloin,10.89,1 KG,
frozen,Magnolia Ice Cream - Chocolate Berry (Multipack),5.5,4 x 70ml,
frozen,Johnsonville Meatball -  Homestyle,18.9,680g,
frozen,Tasty Food Affair Fresh Sliced Beef (Grass Fed),12.5,300 G,
frozen,Catch Seafood Alaskan Salmon Wild Caught,8.5,140 G,
frozen,Farmpride Japanese Fried Chicken,7.87,400g,
frozen,Snow Treasures Premium Barramundi Whole (Seabass),6.78,400 G,
frozen,Churo Japanese Burger Patties,6.6,300 G,
frozen,Mr Joy's Mackerel Fillet Muar Otah,4.99,170 G,
frozen,Seafood Boy Frozen Norwegian Salmon Belly,23.22,500 G,
frozen,Catch Seafood Barramundi Portion  Skin On Value Pack,17.8,1 KG,
frozen,Anderson's of Denmark Ice Cream - Cookies & Cream,14.06,473ml,
frozen,Superpork Pork Slice Stir Fry,4.95,500 G,
frozen,Johnsonville Meatball - Three Cheese Italian,15.2,680g,
frozen,Catch Seafood Tuna Cube,13.5,500 G,
frozen,Superpork Pork Belly Sliced 1.2cm,8.5,500 G,
frozen,Kirei Life Foods Rice Cauliflower,8.1,500 G,
frozen,Catch Seafood Pacific Dory Fillet,5.95,700 G,
frozen,Mr Joy's Fried Ngoh Hiang Ball,4.8,300 G,
frozen,AW'S Market Frozen Chicken Breast (Skinless),4.14,300 G,
frozen,Aw's Market Premium Cod Fish Steak,27.0,250 G,
frozen,Port65 Threadfin Cubes (Baby-friendly) - Frozen,16.01,180 G,
frozen,Catch Seafood Barramundi Fillet Large,13.85,580 G,
frozen,Royal Delight Seaweed Chicken,13.5,1 KG,
frozen,Catch Seafood Threadfin Slice(Ngor He),8.99,300 G,
frozen,Yorihada Sweet Korean Pancakes,8.95,400g,
frozen,Tasty Food Affair Beef Bone,8.5,1 KG,
frozen,Amir's Premium Frozen Meat - Chicken Cube,6.55,400g,Halal
frozen,Aw's Market Frozen Pork Soft Bone,5.13,300 G,
frozen,Chinatown Glutinous Rice Ball - Coconut Caramel,2.85,200g,Halal
frozen,Ecofrost Onion Ring,8.95,1 KG,
frozen,Yorihada Authentic Five-Color Japchae,8.45,300g,
frozen,Mr Joy's Handmade Shrimp Balls,6.89,250 G,
frozen,Churo Potato Wedges,3.3,500 G,
frozen,Tasty Food Affair Pork Belly Shabu Shabu,6.9,300 G,
frozen,Betagro Buffalo Drummet - Spicy,6.06,300g,Halal
frozen,Mr Joy's Handmade Shiitake Mushroom Chicken Ball Frozen,5.33,240 G,
frozen,Churo Pork Cube,4.79,500 G,
frozen,Seafood Boy Chilean Seabass Cod Steak - Frozen,75.79,1 KG,
frozen,Churo Boneless Pork Shoulder,10.9,1 KG,
frozen,Hego Beef Brisket,9.74,500 G,
frozen,Sunkist Ice Cream - Zesty Lemon Bliss,7.65,450ml,
frozen,Serve by Hai Sia Toman Slices Hotpot Steamboat - Frozen,5.95,200 G,
frozen,Churo Pork Bone,4.05,0.9 KG,
frozen,Tegel Free Range Crunchy Chicken Burger (Frozen),11.9,390 G,
frozen,Tegel Free Range Chargrill Chicken Steak (Frozen),11.9,400 G,
frozen,Amir's Premium Frozen Meat - Beef Tail,10.9,500g,Halal
frozen,Yorihada Black Sesame Injeolmi,5.95,300g,
frozen,Churo Prawn Paste Chicken Mid Joint Wing Frozen,8.0,300 G,
frozen,AW'S Market USDA Shortplate Shabu,7.2,200 G,
frozen,Sakura Chicken Frozen Sakura Chicken-Boneless Skinless Breast,6.2,350 G,Organic
frozen,Chinatown Traditional Ang Ku Kueh - Tangerine Redbean,4.5,258g,Halal
frozen,AW'S Market Frozen Chicken Leg (Boneless),4.14,300 G,
frozen,Tasty Food Affair Pork Tenderloin,13.5,900 G,
frozen,Hego Grass Fed Beef Shin Shank Cube Chilled,10.58,300 G,
frozen,Al-lazat Mutton Slice Shabu Shabu,9.95,300 G,
frozen,Tasty Food Affair Pork Baby Back Ribs Cut,9.5,500 G,
frozen,Pondok Abang Sambal Goreng Pengantin,8.65,400g,Halal
frozen,Ben & Jerry's Ice Cream - Chocolate Fudge Brownie,5.62,100ml,Halal
frozen,Churo Pork Shabu Shabu,5.0,300 G,
frozen,Butcher's Reserve Chipolata Chicken Sausage,12.95,1 KG,
frozen,Catch Seafood Barramundi Chunks,9.95,500 G,
frozen,Hego US Beef Shortplate Shabu Shabu,8.1,250 G,
frozen,Catch Seafood Salmon Angle Cut (Kirimi Cut),6.95,200 G,
frozen,Catch Seafood Wild Spanish Mackerel (Batang Steak),6.9,240 G,
frozen,Tay Thai Pandan Chicken,11.5,400g,Halal
frozen,Churo Pork Belly,7.1,500 G,
frozen,Figo Japanese Prawn Dumplings Gyoza,6.45,200 G,
frozen,CP Korean Crispy Mandoo & Gochujang Sauce,4.95,200g,
frozen,Wall's X Butterbear Milk Butter Cookie Cup Ice Cream + FOC Toy,4.9,90ml,
frozen,Catch Seafood Catch Seafood Dory Fillet - Large,3.99,340 G,
frozen,Churo Spicy Potato Wedges,3.95,500 G,
frozen,Mr Joy's Mini Glutinous Rice Ball,3.8,120 G,
frozen,Snow Treasures Wild Caught Cod Fish Fillet,44.81,500 G,
frozen,Okeanoss Unagi Kabayaki,16.5,200g,Halal
frozen,Hego Frozen Minced Mutton,14.3,500 G,Halal
frozen,Mr Joy's Steamboat Taiwan Taro Cube,5.8,350 G,
frozen,Churo Pork Prime Rib,11.0,500 G,
frozen,Mr Joy's Prawn Roll,9.2,400 G,
frozen,Churo Chicken Cheese Cocktail Sausage,8.7,500 G,
frozen,Golden Chef Pork Bulgogi,6.75,250g,
frozen,Tasty Food Affair Pork Spare Rib Cut,6.19,500 G,
frozen,Fisher's Catch Salmon Portion,17.95,500 G,
frozen,Tasty Food Affair Heritage Choice Wagyu Beef MS4+ Shabu Shabu,17.5,200 G,
frozen,Niceme Ice Cream - Carrot Shaped,10.95,210g,
frozen,Tasty Food Affair Chunky Triangular Hashbrown,8.0,1 KG,
frozen,Golden Chef Chicken Bulgogi - Spicy,6.75,250g,
frozen,Seafood Boy Toman Slices IQF - Frozen,7.51,500 G,
frozen,Tasty Food Affair Pork Big Bone Cut,5.6,1 KG,
frozen,Mr Joy's Fried Small Ngoh Hiang,5.2,300 G,
frozen,Mr Joy's Hakka Fried Meat Ball,5.0,250 G,
frozen,Aw's Market Frozen Pork Collar,4.23,300 G,
frozen,Gusong Konjac - Knot Strips,1.8,240g,
frozen,Sara Lee Creamy Tiramisu Cake,13.45,415g,
frozen,Tasty Food Affair Marbled Beef Striploin Steak,12.65,180 G,
frozen,Tegel Free Range Tempura Chicken Nuggets (Frozen),11.9,400 G,
frozen,Tasty Food Affair Chicken Whole Leg,6.8,900 G,
frozen,Churo Boneless Pork Chop,6.1,500 G,
frozen,Al-Lazat Beef Slice Stir Fry,6.0,200 G,
frozen,Tasty Food Affair Pork Loin Chop,6.0,500 G,
frozen,Tasty Food Affair Beef Ox-Tail Cut,13.0,500 G,
frozen,S-Pure Frozen Pork - Japanese Chashu,11.8,200g,
frozen,Catch Seafood Wild Caught Pollock Fillet Value Pack,8.95,650 G,
frozen,Magnolia Ice Cream Stick - My Melody X Kuromi Strawberry Yoghurt,7.25,4 x 50ml,Halal
frozen,Frozen Sakura Chicken Boneless Leg,8.0,350 G,
frozen,Churo Minced Pork,4.95,500 G,
frozen,Mr Joy's Glutinous Rice Ball Sesame (Taiwan),3.47,150 G,
frozen,Snow Treasures Premium Halibut Steak,32.0,1 KG,
frozen,Catch Seafood Wild-Caught Alaskan Keta Salmon (twin pack),14.2,280 G,
frozen,Ding Iberico Frozen Shabu Roll - Pork Loin,12.95,200g,
frozen,Heritage Harvest Ribeye Steak - Frozen,11.95,200 G,
frozen,Kirei Ajinomoto Hane Gyoza Chicken And Vegetable,11.5,276 G,
frozen,CJ Bibigo Teokbokki - Sweet & Spicy,7.56,360g,
frozen,Churo Beef Bulgogi | Ready To Cook Meal,7.3,300 G,
frozen,Catch Seafood Seabass Barramundi Whole Fish,6.99,350 G,
frozen,Tasty Food Affair IQF Chicken Boneless Leg,6.5,450 G,
frozen,Catch Seafood Wild King Grouper Portion Cut,5.95,180 G,
frozen,Mr Joy's Steamboat Fried Fuzhu,4.9,200 G,
frozen,Aw's Market Frozen Pork Loin Boneless,4.5,300 G,
frozen,Catch Seafood Shishamo,4.41,120 G,
frozen,Kirei Vegetable Gyoza,11.5,600 G,
frozen,Mr Joy's Herbal Chicken,10.0,500 G,
frozen,Catch Seafood Haddock Cod Fillet - Skinless,9.25,250 G,
frozen,Superpork Pork Streaky Bacon,6.95,300 G,
frozen,Ecofrost Potato Croquettes,5.5,1 KG,
frozen,Catch Seafood Wild Snapper Skinless Portion,3.55,150 G,
frozen,Snow Treasures Premium Double Fry Ngoh Hiang,8.62,200 G,
frozen,Emborg Cauliflower Rice,5.3,450g,Halal
frozen,Aw's Market Frozen Pork Stir Fry/Sliced,4.23,300 G,
frozen,AW'S Market Frozen Chicken Mince,4.14,300 G,
frozen,Figo Mini Mantou,4.0,180 G,
frozen,Kochi Ice Doutor Coffee Monaka Wafer Japanese Ice Cream,3.95,100 ML,
frozen,Churo Pork Belly Slab,20.49,1.3 KG,
frozen,Tegel Free Range Panko Chicken Tenders (Frozen),11.9,375 G,
frozen,Mr Joy's Steamboat Fukubukuro Roe (Taiwan),11.33,400 G,
frozen,Al-Lazat Beef Cube,9.5,500 G,
frozen,As-Sufi Sambal Cuttlefish,9.23,400g,
frozen,Hego Beef Cube Meat (Shin/ Shank),8.8,500 G,
frozen,Hego Beef Bone,6.65,1 KG,
frozen,Aw's Market Frozen Pork Tenderloin,5.7,300 G,
frozen,Sakura Chicken Frozen Sakura Chicken Whole Leg,5.6,350 G,Halal
frozen,Port65 Chilean Bass Cod Cubes (Baby-friendly) - Frozen,52.92,500 G,
frozen,Catch Seafood Wild Black Cod Cube (Sable Fish/Gindara),16.85,280 G,
frozen,Tasty Food Affair IQF Chicken Middle Joint Wing,12.5,1 KG,
frozen,Serve by Hai Sia Norwegian Salmon Portion - Frozen,11.38,240 G,
frozen,Snow Treasures Wild Caught Cod Fish Bones,10.78,1 KG,
frozen,Golden Chef Pork Bulgogi - Spicy,6.75,250g,
frozen,Hego Beef Stir Fry,7.55,300 G,
frozen,Sakura Chicken Frozen Sakura Chicken - Minced,6.2,350 G,Organic
frozen,AW'S Market Frozen Chicken Fillet,4.14,300 G,
frozen,Aw's Market Chicken Liver,3.84,200 G,
frozen,Catch Seafood Smoke Salmon 100g x 4 pack - Festive Promo,27.8,400 G,
frozen,Tasty Food Affair Marinated Bone In Short Ribs (LA Galbi),18.5,350 G,
frozen,Hego Beef Ribeye,13.23,500 G,
frozen,Heritage Harvest USA Beef Shabu Shabu - Ribeye,12.95,200 G,
frozen,Tay Tatsuda Crispy Chicken Drumettes - Hot & Spicy,12.9,750g,Halal
frozen,Churo Babyback Rib,10.55,550 G,
frozen,Serve by Hai Sia Seafood Angoli Portion - Fresh,8.22,150 G,
frozen,Golden Chef Chicken Bulgogi,7.85,250g,
frozen,Ben & Jerry's Ice Cream - Strawberry Cheesecake,5.62,100ml,
frozen,Catch Seafood Salmon Tail Cut 150G,5.3,150 G,
frozen,Churo Pork Slice Stir Fry (Frozen),4.49,300 G,
frozen,Aw's Market Chicken Feet,3.84,200 G,
frozen,Snow Treasures Wild Caught Cod Fish Fillet,86.24,1 KG,
frozen,Aw's Market Premium Cod Fish Fillet,19.2,150 G,
frozen,Haagen-Dazs Mini Cups Ice Cream - Fruit Fantasy,18.24,4 x 100ml,
frozen,Mr Joy's Hotpot Collagen Beauty Soup Frozen,13.8,500 G,
frozen,Royal Delight Karaage Chicken,11.95,1 KG,
frozen,S-Pure Frozen Pork - Japanese Tonkatsu,11.8,360g,
frozen,Hego Chicken Whole Leg (Frozen),6.05,1 KG,Halal
frozen,Kee Song Frozen Lacto Chicken Feet,5.85,500 G,
frozen,Amocan Boneless Satay Chicken Thigh,4.59,290g,Halal
frozen,Churo Black Pepper Smoked Duck Breast (Frozen),4.55,180 G,Halal
frozen,AW'S Market Frozen Chicken Feet,3.99,300 G,
frozen,Hego Chicken Carcass Bone (Frozen),3.6,500 G,
frozen,AW'S Market Frozen Chicken Drummettes (Wing Stick),3.6,300 G,
frozen,Catch Seafood Halibut Fillet,24.89,400 G,
frozen,Niceme Eggplant-Shaped Ice Cream,10.95,3 x 70g,
frozen,Hego Beef Tendon,9.71,500 G,
frozen,Catch Seafood Squid - Flower Cut,9.0,1 KG,
frozen,AW'S Market Frozen Beef Mince,8.8,300 G,
frozen,Kee Song Premium Chicken Broth,6.96,500 G,
frozen,Kee Song Frozen KS Cajun Boneless Chicken Leg,5.85,500 G,
frozen,Frozen Sakura Chicken Thigh,5.6,350 G,
frozen,Tasty Food Affair Marinated Jap Garlic Chicken Boneless Leg,5.6,220 G,
frozen,Mr Joy's Steamboat Small TaoKee Roll,5.2,310 G,
frozen,Aw's Market Premium Pork Belly Shabu (Frozen),4.95,250 G,
frozen,AW'S Market Frozen Chicken Thigh,4.14,300 G,
frozen,Catch Seafood Dory Slice,4.0,300 G,
frozen,Mr Joy's Glutinous Rice Ball Peanut (Taiwan),3.47,150 G,
frozen,Hego Beef Rib Finger,36.45,1 KG,
frozen,Hego US Beef Boneless Short Rib (Frozen),14.0,200 G,Halal
frozen,Hego Chicken Thigh,13.21,2 KG,
frozen,Catch Seafood Black Cod Steak Gindara,13.2,330 G,
frozen,Seara Chicken Boneless Legs,12.95,2 KG,
frozen,Hego US Prime Beef Shabu Shabu (Frozen),11.56,250 G,Halal
frozen,Tay Paper Wrapped Chicken,11.5,400g,Halal
frozen,Churo Pork Boneless Loin (Frozen),10.99,1 KG,
frozen,Churo Pork Sparerib Slab (St Louis Style Ribs) - Frozen,10.55,800 G,
frozen,Fisher's Catch Cod Fish Bones,10.09,1 KG,
frozen,Churo Boneless Pork Leg,9.49,1 KG,
frozen,Hego Chicken Cube,5.99,500 G,
frozen,Al-lazat Beef Minced,5.95,300 G,
frozen,Chinatown Fruity Tart - Chunky Pineapple,5.9,144g,Halal
frozen,Tasty Food Affair Seasoned Beef Patty,5.6,200 G,
frozen,Hego Whole Chicken Portion,5.21,950 G,
frozen,Kirei Taiyaki Waffle Japanese Ice Cream,4.9,130 ML,
frozen,AW'S Market Frozen Chicken Drumstick,4.14,300 G,
frozen,Frozen Sakura Chicken - 3 Joint Wings,3.7,350 G,Organic
frozen,Catch Seafood Large Cooked Prawn,23.9,1 KG,
frozen,Tasty Food Affair Heritage Choice Wagyu Beef MS4+ Yakiniku,17.5,200 G,
frozen,DeeBee's Organic Freezepop Sticks - Tropical,15.4,400 ML,Organic
frozen,Hego Sliced Lamb Chop,13.51,500 G,
frozen,Tasty Food Affair Beef Fat,9.5,500 G,
frozen,Royal Delights Tsukune Chicken Teriyaki Meatball,8.95,800 G,
frozen,Simply Roast Black Pepper Chicken Breast - Frozen,8.5,300 G,
frozen,Kirei Komochi Premium Shishamo,8.4,67.5 G,
frozen,Oriental Delight Chive Pork Dumpling (Steamboat),6.95,500 G,
frozen,Simply Natural Mini Buns - Black Sesame,6.5,270 G,
frozen,Churo Frozen Smoked Duck Breast,6.5,180 G,
frozen,Catch Seafood Salmon Wings (Fins),3.95,250 G,
frozen,Catch Seafood Salmon Fillet,43.91,1 KG,
frozen,Tasty Food Affair Young Prime Beef Bone-In Short Ribs,24.5,500 G,
frozen,Catch Seafood Haddock Value Pack,19.9,700 G,
frozen,Mr Joy's FS Hakka Fried Meat Ball,19.9,1 KG,
frozen,Heritage Choice Wagyu Beef MS4+ Karubi Plate Yakiniku,15.8,200 G,
frozen,Yakitori Master K Tori Kawa Kushi (Chicken Skin Skewer),15.7,480 G,
frozen,Serve by Hai Sia Sustainable Halibut Portion - Frozen,13.61,240 G,
frozen,Catch Seafood New Zealand King Salmon Portion (Frozen),13.5,150 G,
frozen,Tasty Food Affair Beef Tendon,12.8,500 G,
frozen,Tegel Free Range Popcorn Chicken (Frozen),11.9,400 G,
frozen,Wall's Selection Ice Cream Tub - Happy Birthday,8.65,750ml,
frozen,Mr Joy's Dim Sum Seafood Treasure,7.51,300 G,
frozen,Kee Song Frozen KS Original Marinated Boneless Chicken Leg,6.66,500 G,
frozen,Simply Natural Mushroom Mini Buns,6.5,270 G,
frozen,Al-Lazat Handmade Juicy Beef Patty,5.95,4 S,
frozen,Bistro Belgique Straight Cut Fries 9MM,5.0,1 KG,
frozen,Catch Seafood Salmon Burger Patties,4.8,200 G,
frozen,Catch Seafood Hokkaido Flounder (Sole) Fish Whole,3.85,220 G,
frozen,Gusong Hotpot - Tofu Skewers,3.1,100g,
frozen,Butcher's Reserve Chicken Cheese Sausage,13.95,1 KG,
frozen,Blue Oceans Yellow Tail Scad Fish Selar (8-10),12.0,1 KG,
frozen,Hego Beef Tendon (Whole) - Frozen,9.88,500 G,
frozen,Royal Delights Chicken Nugget,9.5,1 KG,
frozen,Churo Sutchi Fish Fillet (Frozen),8.51,700 G,
frozen,Catch Seafood Smoke Salmon 100g (Frozen),7.1,100 G,
frozen,Serve by Hai Sia Atlantic Salmon Portion - Frozen,6.74,150 G,
frozen,Kochi Ice Ten Pi En Sea Salt Gelato Japanese Ice Cream Cup,4.1,115 ML,
frozen,Signature Reserve Wagyu 6/7 Beef Ribeye Steak,46.9,250 G,
frozen,Serve by Hai Sia Seafood Chilean Seabass (Cod) Steak - Frozen,24.75,200 G,
frozen,Churo BBQ Pork Babyback Ribs (Frozen),23.89,1 KG,
frozen,Hego Mutton Cube,15.9,500 G,
frozen,Hego NZ Wagyu MB5+ Beef Shabu Shabu (Frozen),15.21,250 G,Halal
frozen,Heritage Harvest USA Beef Shabu Shabu - Striploin,13.95,200 G,
frozen,Heritage Harvest Striploin Steak - Frozen,10.95,200 G,
frozen,Serve by Hai Sia Norwegian Salmon Portion - Frozen,9.52,200 G,
frozen,Hego Chicken Leg Portion,9.0,2 KG,Halal
frozen,Oriental Delights Chicken Bulgogi,8.5,300 G,
frozen,Tasty Food Affair Pork Hock Cut,8.0,1 KG,
frozen,Hego Chicken Wing,8.0,1 KG,
frozen,Farmpride Crispy Shoyu Chicken Tatsutaage,7.87,400g,
frozen,Churo Pork Katsu (Ready to Cook),7.85,250 G,
frozen,Aw's Market Pork Meatball w Dried Sole Fish,6.0,200 G,
frozen,Ecofrost Crinkle French Fries (Frozen),6.0,1 KG,
frozen,Kirei Chicken Wings with Sesame,28.3,1 KG,
frozen,Butcher's Reserve Jumbo Chicken Sausage,20.0,1 KG,
frozen,Tasty Food Affair Marbled Beef Ribeye Steak,19.0,250 G,
frozen,Serve Red Grouper Slice Hotpot Steamboat - Frozen,17.81,200 G,
frozen,Catch Seafood Crab Cake Maryland,14.89,448 G,
frozen,Mr Joy's Chesnut Pork Belly Sliced 2mm,12.0,200 G,
frozen,Udders Sorbet Ice Cream - Ribena Blackcurrant,9.95,473ml,
frozen,Mr Joy's Shabu Shabu Pork Collar,10.0,400 G,
frozen,Catch Seafood Wild Caught Flounder Portion Value Pack,9.35,500 G,
frozen,Hego Beef Shabu Shabu,9.1,300 G,
frozen,Catch Seafood Pacifc Dory Portion Value Pack,8.95,1 KG,
frozen,Churo Chicken Chipolata,8.9,500 G,
frozen,Tasty Food Affair Pork Belly Cube,8.5,500 G,
frozen,Tori Chicken Katsu Panko Breaded Chicken Cutlet 5 Pcs Pack,6.8,400 G,
frozen,Kee Song Frozen KS Original Marinated Boneless Chicken Breast,6.66,500 G,
frozen,Simply Natural Mini Buns - Red Bean,6.5,270 G,
frozen,Kee Song Frozen Lacto Chicken Carcass (Bones),5.55,500 G,
frozen,Kee Song Frozen KS Honey Garlic Butter Chicken Boneless Leg,5.04,200 G,
frozen,Oriental Delight Famous Muar Fish Otah,4.95,180 G,
frozen,Kochi Ice Limited Edition Yuzu Milk Japanese Ice Cream Cup,4.6,115 ML,
frozen,Kochi Ice Yuzu Sorbet Japanese Ice Cream Cup,4.1,115 ML,
frozen,Catch Seafood Tuna Steak Big portion (Frozen),21.89,450 G,
frozen,Tasty Food Affair 150D GF Black Angus Beef Striploin Steak,14.5,200 G,
frozen,Churo Salmon Belly,12.4,200 G,
frozen,Catch Seafood Atlantic Salmon Portion,8.9,190 G,
frozen,Simply Roast Honey Soy Chicken Mid Joint Wing,8.05,300 G,
frozen,CJ Bibigo Teokbokki - Hot & Spicy,7.56,360g,
frozen,Hego Chicken Prime Joint Wing (Wing Stick),7.1,1 KG,Halal
frozen,Oriental Delight Cabbage Pork Dumpling (Steamboat),6.95,500 G,
frozen,Simply Natural Mini Buns - Yam,6.5,270 G,
frozen,Tasty Food Affair Skinless Sliced Chicken,6.5,500 G,
frozen,Al-Lazat Paru Lembu Frozen Beef Lung Cut,6.46,500 G,
frozen,Tasty Food Affair Sliced Pork,6.0,500 G,
frozen,Kirei Frozen Shishamo Fish,5.8,8 S,
frozen,Catch Seafood Barramundi Portion,4.99,180 G,
frozen,AW'S Market Frozen Chicken Mid Joint,4.95,300 G,
frozen,Kochi Ice Millet Strawberry Biscuit Japanese Ice Cream Cup,4.6,115 ML,
frozen,Catch Seafood Flounder Portion Skinless,3.99,150 G,
frozen,Catch Seafood Smoke Salmon Gravlax Family Pack,26.99,400 G,
frozen,Heritage Choice Wagyu MS4+ Beef Boneless Short Rib Shabu,25.0,200 G,
frozen,Snow Treasures Soon Hock Whole (Marble Goby) (M),24.64,600 G,
frozen,Hego Canterbury Lamb Bone-in Fore Shank Frozen,24.1,700 G,
frozen,Al-Lazat Beef Tail Cut,20.0,1 KG,
frozen,Hen Tick Whole Chicken Griller - Frozen,16.34,1.8 KG,
frozen,Amir's Premium Frozen Meat - Lamb Shabu Shabu,14.95,400g,Halal
frozen,Serve by Hai Sia Canton Fish Curd Family Pack - Frozen,13.85,500 G,
frozen,Seafood Boy Salmon Sashimi Slice - Frozen,13.6,160 G,
frozen,Snow Treasures Premium Emperor Herbal Chicken,12.94,500 G,
frozen,Royal Delights Vegetable Spring Roll,11.0,1440 G,
frozen,Fiesta Cheesy Lover,7.95,500g,Halal
frozen,Great Hill Farms Premium Chicken Nuggets,10.8,1 KG,
frozen,Catch Seafood Pacific Dory Chunks Value Pack,8.95,1 KG,
frozen,Oriental Delights Pork Belly Bulgogi,8.95,300 G,
frozen,Tasty Food Affair IQF Skinless Chicken Breast,8.5,500 G,
frozen,Churo Pork Belly Bulgogi (Ready To Cook Meal),8.3,300 G,
frozen,FairPrice Chicken Nuggets,7.95,850g,
frozen,Serve by Hai Sia Angoli (Goldband Snapper) Portion,7.88,150 G,
frozen,Catch Seafood Tuna Steak Small portion (Frozen),7.5,170 G,
frozen,Tasty Food Affair Pork Garlic Sausage,6.5,200 G,
frozen,Catch Seafood Wild Caught Mahi Mahi Portion,5.99,140 G,
frozen,Tasty Food Affair Marinated Smokey BBQ Pork Collar,5.95,350 G,
frozen,Sunnydale Straight Cut French Fries,5.95,1 KG,
frozen,Sunnydale Crinkle Cut French Fries,5.95,1 KG,
frozen,Churo Shoestring Fries,3.8,500 G,
frozen,Hego Canterbury Frenched Lamb Rack Frozen,38.85,400 G,
frozen,Port65 Kami No Ebi (God-like) Jumbo Live - Frozen Prawn (ASC),36.5,1 KG,
frozen,Catch Seafood New Zealand Salmon Portion 3pcs (Akaroa),36.5,450 G,
frozen,Catch Seafood Trout Fillet,33.95,900 G,
frozen,AW'S Market Frozen Cooked Marinated Ribs - Char Siew,20.4,500 G,
frozen,Mr Joy's Pig Tendon Frozen,19.07,500 G,
frozen,Hego AUS Beef T-Bone Steak (Frozen),18.68,500 G,
frozen,Serve by Hai Sia NZ King Salmon Portion - Frozen,18.59,200 G,
frozen,Catch Seafood Soon Hock Fish Whole,13.85,350 G,
frozen,Catch Seafood Unagi (Frozen),11.5,190 G,
frozen,Churo Beef Sukiyaki (Ready to Cook),10.36,300 G,
frozen,Tasty Food Affair Atlantic Salmon Portion Cut,9.5,180 G,
frozen,Hego Beef Golden Coin,9.0,350 G,
frozen,Hego Chicken Meatballs,8.5,500 G,
frozen,Catch Seafood Swordfish Steak (Frozen),7.9,170 G,
frozen,Churo Chicken Bulgogi | Ready to Cook (Frozen),7.7,300 G,
frozen,Simply Natural Pumpkin Mini Buns,6.5,270 G,
frozen,Churo Prawn Paste Chicken Karaage Frozen,6.4,300 G,
frozen,Tasty Food Affair Marinated Sliced Pork Belly (Butadon),5.5,150 G,
frozen,Aw's Market Frozen Pork Cubes,4.13,300 G,
frozen,Kochi Ice Ino Strawberry Japanese Ice Cream Cup,4.1,115 ML,
frozen,Churo Ready to Eat Soy Braised Duck Breast (Frozen),3.2,90 G,
frozen,Gusong Hotpot - Gongcai (Stem Lettuce Strips),2.6,260g,
frozen,AW'S Market Frozen Beef Angus Short Ribs,68.0,1 KG,
frozen,Churo Unagi (Roasted Eel),26.5,380 G,
frozen,Mr Joy's Fs Small Ngoh Hiang,20.0,1 KG,
frozen,Ecofrost Triangle Hashbrown,17.79,2.5 KG,
frozen,Kee Song Frozen Lacto Whole Leg with Bones,13.92,500 G,
frozen,Hego Canterbury Lamb Rump Frozen (Lamb Picanha),13.55,300 G,
frozen,Churo Beef Sliced Tongue,13.2,250 G,
frozen,Kirei Frozen Age Mochi Shoyu Soy Seasoned Skewers,12.9,325 G,
frozen,Churo Duck Breast,12.51,400 G,
frozen,AW'S Market Frozen Lamb Flap,10.88,500 G,
frozen,Churo Salmon Wings,10.0,250 G,
frozen,Aw's Market Iberico Pork Collar Shabu,9.9,200 G,
frozen,Hego US Beef Flat Iron Steak (Prime) Frozen,9.59,200 G,
frozen,Hego Boneless Chicken Leg Skin on,9.27,1 KG,
frozen,Tasty Food Affair 3 Joint Chicken Wing,9.0,1 KG,
frozen,Seaco Frozen Rabbit Fish,8.98,800g,
frozen,Snow Treasures Premium Salmon Fillet,8.62,180 G,
frozen,AW'S Market Frozen Pig Ear,7.2,1 S,
frozen,Sunnydale Spicy Wedges,6.95,1 KG,
frozen,Simply Natural Mini Buns - Sweet Potato Curry,6.5,270 G,
frozen,Churo Pork Collar,6.11,500 G,
frozen,Kee Song Frozen KS Original Marinated Chicken Wing,6.05,500 G,
frozen,Heritage Harvest Pork Collar Shabu Roll,5.5,250 G,
frozen,Mr Joy's Salmon Fish Imitation,5.05,270 G,
frozen,Kochi Ice Premium Hojicha Tea Japanese Ice Cream Cup,4.6,115 ML,
frozen,Churo Asian Burger Patties,4.55,300 G,
frozen,Tasty Food Affair Pork Fat Cube,4.5,500 G,
frozen,Churo Potato Croquettes,4.2,500 G,
frozen,Kochi Ice Yamakita Mikan Japanese Ice Cream Sorbet,4.1,115 ML,
frozen,AW'S Market Frozen Chicken Skin,4.0,500 G,
frozen,Kochi Ice Shimanto Kuri Chestnut Japanese Ice Cream,3.95,115 ML,
frozen,Snow Treasures Premium Alaskan Black Cod Fillet,55.44,400 G,
frozen,Catch Seafood Wild Black Cod Fillet (Sable Fish/Gindara),50.91,700 G,
frozen,Hego NZ Beef Ribeye (Slab) - Frozen,49.0,1 KG,
frozen,Heritage Choice Wagyu MS4+ Beef Denver Steak,29.9,200 G,
frozen,Catch Seafood Cod Portion Loin Wild Caught Chilean (Frozen),26.6,230 G,
frozen,Yummy Fresh Frozen Meat - Shabu Platter,22.95,450g,
frozen,AW'S Market Beef Tripe - Frozen,22.4,700 G,
frozen,Mr Joy's Fs Big Ngoh Hiang,21.33,1.8 KG,
frozen,AW'S Market Frozen Cooked Marinated Ribs - BBQ Honey,20.4,500 G,
frozen,Mr Joy's Fs Taokee Fish Roll,19.99,1 KG,
frozen,Oriental Delight Spicy BBQ Pork Back Ribs,19.9,700 G,
frozen,Tasty Food Affair New Zealand Striploin Shabu Shabu,16.5,300 G,
frozen,The Fish Farmer Heat and Eat Baramundi - Crispy Tempura,16.04,250g,
frozen,Ecofrost Potato Wedges,15.8,2.5 KG,
frozen,Hego Chicken Wing,15.3,2 KG,
frozen,Oriental Delight Takoyaki Ball,15.0,1 KG,
frozen,Kee Song Frozen Lacto Chicken Drumstick,14.02,500 G,
frozen,Hego Lamb Brisket Cube (Bone-in),12.6,500 G,
frozen,Churo Salmon Steak (Portion),12.15,240 G,
frozen,Catch Seafood Tiger Prawn Meat with tail on,10.99,500 G,
frozen,Mr Joy's Chesnut Pork Collar Sliced 2mm,10.0,200 G,
frozen,Mr Joy's Sotong Dough Fritter,9.99,470 G,
frozen,Churo Pork Jowl - Frozen,9.2,300 G,
frozen,Tasty Food Affair Chicken Wing Sticks,8.8,1 KG,
frozen,Simply Roast Black Pepper Chicken Leg (Frozen),8.5,300 G,
frozen,Churo Salmon Sliced,8.49,200 G,
frozen,Churo Pork Hock Cut (Frozen),7.79,1 KG,
frozen,Churo Pork Bulgogi | Ready to Cook (Frozen),7.7,300 G,
frozen,Kee Song Frozen KS Rich Lacto Marinated Boneless Chicken Leg,7.16,500 G,
frozen,Hego Crispy Chicken Strips (Frozen),6.8,400 G,
frozen,Hego Chicken Nuggets (Frozen),6.25,500 G,Halal
frozen,Kirei Gyoza No Kawa,6.2,24 S,
frozen,Tasty Food Affair Marinated Cajun Chicken Boneless Leg,5.6,220 G,
frozen,Imuraya Melon Ice Ball,4.25,170 ML,
frozen,Kochi Ice Crayon Shin-Chan Wafer Japanese Ice Cream,4.1,100 G,
frozen,Churo Crinkle French Fries,3.95,500 G,
frozen,Hego Chicken Skin (Frozen),2.9,300 G,
frozen,Yuzu Soy Milk Cream Daifuku Japan Frozen Mochi Dessert,2.9,60 G,
frozen,Tsukiji Kanisho Snow Crab Platter (Half Shell) - Frozen,37.1,400 G,
frozen,Hego Boneless Lamb Leg - Frozen,34.95,900 G,Halal
frozen,Snow Treasures Soon Hock Whole (Marble Goby) (L),29.95,0.8 KG,
frozen,Kirei Teba-Gyoza Grilled Stuffed Chicken Wings,29.5,530 G,
frozen,Heritage Choice Wagyu MS4+ Beef Boneless Short Rib Yakiniku,25.0,200 G,
frozen,Tasty Food Affair USA Angus Short Rib Boneless Beef Yakiniku,21.0,200 G,
frozen,Catch Seafood Salmon Skinless Portion,18.85,300 G,
frozen,Tasty Food Affair Kurobuta Pork Belly Shabu Shabu,15.5,250 G,
frozen,Aw's Market Zhu Bao Bundle (1-2Pax),15.0,700 G,
frozen,Catch Seafood Barramundi Portions - Frozen,14.98,540 G,
frozen,Tasty Food Affair Tempura Chicken Nugget,12.5,1 KG,
frozen,Kirei Japanese Sawara Fish With Saikyo Miso,12.4,70 G,
frozen,Kirei Frozen Ramen,11.5,1 KG,
frozen,Magnolia Ice Cream - Hershey's Cookies N Creme,7.65,450ml,Halal
frozen,Magnolia Ice Cream - Hershey's Chocolate Fudge Ripple,7.65,450ml,Halal
frozen,Little Totler Wholegrain Paella with Chicken,7.9,150 G,
frozen,Barramundi and Macaroni Soup - Frozen,7.5,150 G,
frozen,Adobo Chicken Porridge - Frozen,7.5,150 G,
frozen,Hego Chicken Karaage (Frozen),6.0,400 G,
frozen,Tasty Food Affair Bone-in Pork Chop,6.0,500 G,
frozen,Kee Song Frozen KS Pepper Teriyaki Chicken Slice,5.04,200 G,
frozen,Kee Song Frozen KS Citrus Herbs Chicken Boneless Breast,5.04,200 G,
frozen,Catch Seafood Barramundi Belly & Trimming,4.5,300 G,
frozen,Kochi Ice Tosa Jiro Vanilla Japanese Ice Cream,4.1,115 ML,
frozen,Kochi Ice Ice Crin Tradition Times Ice Cream,3.95,115 ML,
frozen,AW'S Market Frozen Chicken Wing,3.6,300 G,
frozen,Fisher's Catch Cod Portion Skinless,46.95,500 G,
frozen,Hego US Beef Bone in Shortrib Chunk (Frozen),45.6,1 KG,Halal
frozen,Aw's Market Niu Year Shabu Bundle (1-2 pax),28.8,400 G,
frozen,Hego US Beef Shortplate Shabu-Shabu,27.6,3 x 250 G,Halal
frozen,Port65 Shin Toyosu Snow Crab Claw - Frozen,25.5,250 G,
frozen,Hego NZ Wagyu MB5+ Beef Oyster Blade Shabu Shabu,23.96,250 G,Halal
frozen,Tasty Food Affair USA Angus Short Rib Boneless Beef Shabu,21.0,200 G,
frozen,Kee Song Frozen CaroGold Whole Chicken,20.99,1200 G,
frozen,AW'S Market Frozen Cooked Marinated Ribs - Yuzu,20.4,500 G,
frozen,Butcher's Reserve Chicken Bratwurst Sausage,20.0,1 KG,
frozen,Churo Cantonese Char Siew Bundle of 2,17.1,400 G,
frozen,Bouillabaisse Fish Porridge Twin Pack - Frozen,15.0,2 x 150 G,
frozen,Chicken Collagen Ramen Twin Pack - Frozen,15.0,2 x 150 G,
frozen,Miso Salmon Rice Twin Pack - Frozen,15.0,2 x 150 G,
frozen,Beef Bolognese Spaghetti Twin Pack - Frozen,15.0,2 x 150 G,
frozen,Hego NZ Beef Tenderloin Steak (Frozen),14.59,200 G,Halal
frozen,Hego Lamb Shabu Shabu,13.9,300 G,
frozen,Kee Song Frozen CaroGold Chicken Wing,12.91,500 G,
frozen,Blue Oceans Boontong Fish (Whole Clean 8-10),12.0,1 KG,
frozen,Royal Delights Curry Potato Samosa,11.0,1.2 KG,
frozen,Kirei Sato Imo Japanese Yam Ball,10.9,500 G,
