term,occurrences,rank,product_id,name,price_value,quantity,dietary
formula,168,1,13013346,Palmer's Cocoa Butter Formula Massage Lotion for Stretch Marks,29.07,250ml,
formula,168,2,13200320,Enfagrow Pro A+ Growing Up Milk Powder Formula - Stage 3,104.95,1.65kg,Halal
formula,168,3,13226927,Enfagrow Pro A+ Growing Up Milk Powder Formula - Stage 3,55.45,800g,
formula,168,4,13131001,Abbott Grow Toddler Stage 3 Milk Formula – 1 to 3 Years,30.18,900g,Halal
formula,168,5,13263704,Aptamil Gold+ Toddler Growing Up Milk Formula - Stage 3,92.4,2 x 900g,Halal
formula,168,6,13165079,Nature One Dairy Premium Milk Drink Formula - Step 3,33.2,900g,
formula,168,7,13216338,Nestle Nan Supremepro H.A Milk Formula - Stage 3,58.8,800g,Halal
formula,168,8,13050946,Wyeth S26 Promise Gold Grow Up Milk Formula - Step 4,73.8,1.6kg,Halal
formula,168,9,13057291,Abbott Isomil Growing Up Soy Milk Formula - Step 3,71.3,850g,
formula,168,10,13200334,Enfagrow Pro A+ Growing Up Milk Powder Formula - Stage 4,83.3,1.65kg,Halal
formula,168,11,13050947,Wyeth S26 Gold Progress Grow Up Milk Formula - Step 3,87.3,1.6kg,Halal
formula,168,12,12711454,Aptamil Gold+ Toddler Growing Up Milk Formula - Stage 3,286.9,6 x 900g (CTN),
formula,168,13,13210795,Karihome Goat Milk Growing Up Formula - Stage 3,58.83,900g,Halal
formula,168,14,13275383,Enfagrow Pro A+ Growing Up Milk Powder Formula - Stage 3,178.9,2 x 1.65kg,
formula,168,15,13263703,Aptamil Gold+ Junior Growing Up Milk Formula - Stage 4,77.9,2 x 900g,Halal
formula,168,16,12619732,Abbott Grow School Stage 5 Milk Formula – 6 Years Onwards,73.83,1.8kg,Halal
formula,168,17,13012302,Abbott Similac Total Comfort Growing Up Milk Formula - Stage 3,69.75,820g,Halal
formula,168,18,13280061,Nestle Lactogen Growing Up Milk Formula - Stage 3,45.0,1.6kg,Halal
formula,168,19,12619695,Abbott Grow School Stage 5 Milk Formula – 6 Years Onwards,40.07,900g,Halal
formula,168,20,13210794,Karihome Goat Milk Pre-School Formula - Stage 4,58.83,900g,Halal
sandwich,177,1,12083675,Julie's Sandwich Biscuits - Peanut Butter,5.6,360g (12 per pack),
sandwich,177,2,13012296,Oreo Sandwich Cookie Multipack - Vanilla,3.05,236.2g,Halal
sandwich,177,3,13160723,Ritz Sandwich Biscuits Multipack - Cheese Cream,3.0,243g,Halal
sandwich,177,4,10797324,Khong Guan Sandwich Biscuits - Lemon Puff,2.8,260g (12 per pack),
sandwich,177,5,13212611,Oreo Sandwich Cookies Multipack - Mildly Sweet,3.05,248.4g,Halal
sandwich,177,6,12021917,Julie's Sandwich Biscuits - Cheese,5.6,336g (12 per pack),
sandwich,177,7,12599807,Julie's Le-Mond Sandwich Biscuits - Lemon,3.26,170g,
sandwich,177,8,13175396,Oreo Mini Sandwich Cookies Sharepack - Vanilla,4.0,163.2g,
sandwich,177,9,13013277,Munchy's Lexus Sandwich Calcium Crackers - Chocolate,3.63,190g,
sandwich,177,10,11167455,Cowhead Sandwich Crackers with Calcium - Cheese,2.65,190g (8 per pack),
sandwich,177,11,13160720,Ritz Sandwich Biscuits Multipack - Lemon Cream,3.0,243g,
sandwich,177,12,13289746,Oreo Sandwich Cookie Multipack - Purple Brown Sugar (BTS),3.05,236.25g,Halal
sandwich,177,13,13013279,Munchy's Lexus Sandwich Calcium Crackers - Peanut Butter,3.63,190g,
sandwich,177,14,13102645,Jack 'n Jill Dewberry Sandwich Biscuits - Strawberry,3.3,12 x 27g,
sandwich,177,15,11167498,Cowhead Sandwich Crackers with Calcium - Milk,2.86,190g (8 per pack),
sandwich,177,16,13098765,Oreo Sandwich Cookies Multipack - Dark & White Chocolate,3.05,236.25g,Halal
sandwich,177,17,13030696,Munchy's Lexus Sandwich Biscuits - Chocolate,3.63,200g,Halal
sandwich,177,18,13012298,Oreo Sandwich Cookie Multipack - Chocolate,3.05,236.25g,Halal
sandwich,177,19,13013276,Munchy’s Lexus Sandwich Calcium Crackers - Cheese,3.63,190g,
sandwich,177,20,13102644,Jack 'n Jill Dewberry Sandwich Biscuits - Blueberry,3.3,12 x 27g,Halal
cereals,176,1,13208400,Nestle Trix Cereal,6.97,330g,Halal
cereals,176,2,13206550,Nestle Koko Krunch Economic Pack,8.5,450g,Halal
cereals,176,3,10591166,Nestle Cereal - Variety School Pack,4.9,6 x 20g / 25g,Halal
cereals,176,4,80440,Nestle Cereal - Milo,4.0,150g,Halal
cereals,176,5,13020957,Post Great Grains Cereal - Banana Nut Crunch,6.5,439g,
cereals,176,6,13018680,Post Great Grains Cereal - Blueberry Morning,6.5,382g,
cereals,176,7,13206560,Nestle Milo Cereal Economic Pack,8.5,450g,Halal
cereals,176,8,13184589,Nestle Cereal - Gold Cornflakes,5.95,500g,
cereals,176,9,13021420,Post Great Grains Cereal - Cranberry Almond Crunch,6.5,396g,
cereals,176,10,11042329,Kellogg's Cereal - Cornflakes (Jumbo Pack),6.7,500g,
cereals,176,11,114843,Nestle Cereal - Koko Krunch,6.46,300g,Halal
cereals,176,12,13245073,Nestle Cereal - Milo,1.64,70g,Halal
cereals,176,13,13206570,Nestle Cereal - Honey Stars Econopack,8.5,450g,Halal
cereals,176,14,10613679,Nestle Cereal - Milo,5.65,300g,Halal
cereals,176,15,13174343,Post Cereals - Waffle Crisp,7.52,326g,
cereals,176,16,12620098,Sanitarium Weet-Bix Breakfast Cereal,9.04,750g,
cereals,176,17,13021613,Post Great Grains Cereal - Raisins- Dates & Pecans,6.5,453g,
cereals,176,18,13021228,Post Great Grains Cereal - Crunchy Pecan,6.5,453g,
cereals,176,19,13180964,Kellogg's Cereal - Froot Loops,8.9,400g,Halal
cereals,176,20,13093016,Nestle Cereal - Cheerios (Multi Grain),7.0,300g,Halal
beverages,90,1,13280708,[BCRS] Pokka Can Drink - Oolong Tea (No Sugar Added),7.75,12 x 300ml,Halal
beverages,90,2,13281432,[BCRS] Maison Perrier Forever Sparkling Beverage - Lemon,17.55,10 x 250ml,
beverages,90,3,13281660,[BCRS] Maison Perrier Forever Sparkling Beverage - Strawberry,17.55,10 x 250ml,
beverages,90,4,13280982,[BCRS] Pokka Bottle Drink - Jasmine Green Tea,2.25,1.5L,Halal
beverages,90,5,13281654,[BCRS] Maison Perrier Forever Sparkling Beverage - Lime,8.95,4 x 330ml,
beverages,90,6,13281627,[BCRS] Maison Perrier Forever Sparkling Beverage - Peach,17.55,10 x 250ml,
beverages,90,7,13281639,[BCRS] Maison Perrier Forever Sparkling Beverage - Lemon,8.95,4 x 330ml,
beverages,90,8,13280991,[BCRS] Pokka Can Drink - Jasmine Green Tea,4.25,6 x 300ml,Halal
beverages,90,9,12700043,Milo Chocolate Malt Milk UHT Packet Drink,16.95,24 x 200ml (CTN),
beverages,90,10,12714896,[BCRS] 100 Plus Isotonic Can Drink - Original,16.81,24 x 325ml,Halal
beverages,90,11,13281102,[BCRS] Fuze Tea Flavoured Tea Bottle Drink - Passionfruit,1.85,1.5L,Halal
beverages,90,12,10003037,Pokka Packet Drink - Jasmine Green Tea,3.6,6 x 250ml,Halal
beverages,90,13,13281379,[BCRS] Coca-Cola Mini Can Drink - Classic,5.25,6 x 180ml,Halal
beverages,90,14,13281050,[BCRS] Pokka Can Drink - Jasmine Green Tea,7.75,12 x 300ml (CTN),Halal
beverages,90,15,12714768,[BCRS] FairPrice Pure Drinking Bottle Water,7.2,24 x 600ml,
beverages,90,16,12714947,[BCRS] Dasani Drinking Bottle Water,8.4,12 x 1.5L,
beverages,90,17,12708770,Milo Chocolate Malt Milk UHT Packet Drink -Less Sugar,19.5,24 x 200ml (CTN),Halal
beverages,90,18,12714946,[BCRS] Dasani Drinking Bottle Water,8.4,24 x 600ml (CTN),
beverages,90,19,13281362,[BCRS] Coca-Cola Can Drink - Zero Sugar,8.75,12 x 320ml,
beverages,90,20,12704723,Pokka Packet Drink - Oolong Tea (No Sugar Added),7.55,24 x 250ml (CTN),Halal
beverages,90,21,12714758,[BCRS] Life Distilled Drinking Bottle Water,7.0,12 x 1.5L,
beverages,90,22,13281412,[BCRS] Coca-Cola Mini Can Drink - Zero Sugar,5.25,6 x 180ml,Halal
beverages,90,23,13281057,[BCRS] Coca-Cola Bottle Drink - Zero Sugar,2.6,1.5L,
beverages,90,24,13281620,[BCRS] Coca-Cola Original Taste - Less Sugar,16.95,24 x 320ml,
beverages,90,25,11520415,Marigold Packet Drink - Chrysanthemum Tea (LessSweet),8.8,24 x 250ml (CTN),Halal
beverages,90,26,12714970,[BCRS] F & N Ice Mountain Drinking Bottle Water,9.85,24 x 600ml,Halal
candies,104,1,13083487,Skittles Candies - Original (Fun Size Bag),5.14,10 x 15g,Halal
candies,104,2,225830,Mentos Chewy Dragees - Mint (Share- A-Bowl),1.9,135g,
candies,104,3,13249621,Hi-Chew Chewy Candy - Grape and Green Apple,2.8,100g,
candies,104,4,13269335,Skittles Gummies - Fruit,2.0,42.5g,
candies,104,5,13250100,Hi-Chew Chewy Candy - Grape and Strawberry,2.8,100g,
candies,104,6,13250090,Hi-Chew Chewy Candy - Grape and Peach and Lychee,2.8,100g,
candies,104,7,13023349,Mentos Mini Chewy Dragees - Rainbow,1.9,120g,
candies,104,8,13240793,Eclipse Plus Soothing Herbal Mint - Loquat Pear,3.85,30g,
candies,104,9,13070283,TNCC Chews Candies - Sour,4.95,180g,
candies,104,10,13205856,Hi-Chew Chewy Candy - Soda Pop,2.8,90g,
candies,104,11,11583571,Wrigley's Eclipse Sugar Free Mints Candy - Spearmint,3.84,35g,
candies,104,12,13052399,Wrigley's Eclipse Sugar Free Mints Candy - Berry,3.84,35g,Halal
candies,104,13,13035327,Mentos Chewy Dragees - Fruit,7.74,540g (200 per pack),Halal
candies,104,14,13269336,Skittles Gummies - Yogurt,2.0,42.5g,
candies,104,15,13035326,Mentos Chewy Dragees - Mint,7.74,200 per pack,
candies,104,16,13143031,Mentos Chewy Dragees - Mint,2.29,3 x 37.5g,Halal
candies,104,17,90022450,Train Haw Jelly,4.1,300 G,
candies,104,18,13264590,Mumi Sweetened Flavoured Milk Tablets,1.0,12.5g,
candies,104,19,90159123,Mentos Mint - Chewy Dragees,4.25,135 G,
candies,104,20,90123376,Mentos Fruit Chewy Dragees Mentos,4.98,135 G,
candies,104,21,13274214,Kinder Milkredible Candy - Cocoa,4.6,105.3g,
candies,104,22,90147751,Mentos Mint & Fruity Assorted Flavours Chewy Dragees,7.98,405 G,
candies,104,23,13274215,Kinder Milkredible Candy - Milk,4.6,105.3g,
cereal,51,1,13208400,Nestle Trix Cereal,6.97,330g,Halal
cereal,51,2,13206550,Nestle Koko Krunch Economic Pack,8.5,450g,Halal
cereal,51,3,10591166,Nestle Cereal - Variety School Pack,4.9,6 x 20g / 25g,Halal
cereal,51,4,80440,Nestle Cereal - Milo,4.0,150g,Halal
cereal,51,5,13020957,Post Great Grains Cereal - Banana Nut Crunch,6.5,439g,
cereal,51,6,13018680,Post Great Grains Cereal - Blueberry Morning,6.5,382g,
cereal,51,7,13206560,Nestle Milo Cereal Economic Pack,8.5,450g,Halal
cereal,51,8,13184589,Nestle Cereal - Gold Cornflakes,5.95,500g,
cereal,51,9,13021420,Post Great Grains Cereal - Cranberry Almond Crunch,6.5,396g,
cereal,51,10,11042329,Kellogg's Cereal - Cornflakes (Jumbo Pack),6.7,500g,
cereal,51,11,114843,Nestle Cereal - Koko Krunch,6.46,300g,Halal
cereal,51,12,13245073,Nestle Cereal - Milo,1.64,70g,Halal
cereal,51,13,13206570,Nestle Cereal - Honey Stars Econopack,8.5,450g,Halal
cereal,51,14,10613679,Nestle Cereal - Milo,5.65,300g,Halal
cereal,51,15,13174343,Post Cereals - Waffle Crisp,7.52,326g,
cereal,51,16,12620098,Sanitarium Weet-Bix Breakfast Cereal,9.04,750g,
cereal,51,17,13021613,Post Great Grains Cereal - Raisins- Dates & Pecans,6.5,453g,
cereal,51,18,13021228,Post Great Grains Cereal - Crunchy Pecan,6.5,453g,
cereal,51,19,13180964,Kellogg's Cereal - Froot Loops,8.9,400g,Halal
cereal,51,20,13093016,Nestle Cereal - Cheerios (Multi Grain),7.0,300g,Halal
pie,51,1,13177137,Farmpride Frozen Pizza - Margherita,5.25,210g,Halal
pie,51,2,13033307,Dr Oetker Ristorante Pizza - Pepperoni,11.55,320g,Halal
pie,51,3,12033504,Dr Oetker Ristorante Pizza - Hawaii,11.55,355g,Halal
pie,51,4,13177140,Farmpride Stone Baked & Frozen Pizza - Truffle,5.25,215g,Halal
pie,51,5,122961,Dr Oetker Ristorante Pizza - Quattro Formaggi,11.55,340g,
pie,51,6,13167686,Dr.Oetker Ristorante Frozen Pizza - Margherita,11.55,295g,Halal
pie,51,7,122929,Dr Oetker Ristorante Pizza - Spinach,11.55,390g,
pie,51,8,122979,Dr Oetker Ristorante Pizza - Funghi,11.55,365g,
pie,51,9,11056659,Sunshine Frozen Pizza - Hawaiian,7.74,340g (2 per pack),
pie,51,10,10738957,Dr Oetker Ristorante Pizza - Mozzarella,11.55,355g,
pie,51,11,11089864,FairPrice Frozen Pizza - Deluxe Cheese,6.85,300g (2 per pack),Halal
pie,51,12,90072946,Orion Choco Pie 6p (Halal),2.3,180 G,
pie,51,13,11056472,Sunshine Frozen Pizza - Mozzarella Cheese,7.74,240g (2 per pack),
pie,51,14,11089936,FairPrice Frozen Pizza - Hawaiian,6.52,300g (2 per pack),Halal
pie,51,15,13202159,Oreo Cadbury Choco Pie,3.65,168g,
pie,51,16,90072944,Orion Custard Pie 6p (Halal),2.3,138 G,
pie,51,17,11089979,FairPrice Frozen Pizza - Pepperoni,6.85,300g (2 per pack),Halal
pie,51,18,13265795,Lotte Zero Choco Pie,7.2,336g,
pie,51,19,13013193,Sunshine Frozen Pizza - BBQ Chicken,7.74,340g (2 per pack),Halal
pie,51,20,13167204,Lotte Choco Pie - Cacao,2.86,6 per pack,
crackers,76,1,11157740,Hup Seng Crackers - Cream (Special),2.5,225g (10 per pack),
crackers,76,2,12374819,Hup Seng Crackers - Cream,2.5,428g,Halal
crackers,76,3,12080992,Julie's Crackers - Butter,2.94,250g,
crackers,76,4,11178701,Hup Seng Crackers - Sugar,2.5,225g (10 per pack),
crackers,76,5,11157804,Hup Seng Crackers - Wholemeal,2.5,225g (10 per pack),
crackers,76,6,12465788,Meiji Plain Crackers - Original,1.68,4 x 26g,
crackers,76,7,13228021,Meiji Plain Cracker - Oat,6.06,416g,Halal
crackers,76,8,200494,Ritz Crackers Box - Original,2.6,300g,
crackers,76,9,13013282,Munchy's Lexus Sandwich Calcium Crackers - Vegetable,3.63,200g,
crackers,76,10,11031742,Khong Guan Biscuits - Sultana,3.55,260g (10 per pack),
crackers,76,11,12081063,Julie's Crackers - Wheat,2.94,250g (10 per pack),
crackers,76,12,13033320,FairPrice Cream Crackers,1.85,220g (10 per pack),
crackers,76,13,13228009,Meiji Plain Cracker - Sesame,6.06,416g,Halal
crackers,76,14,13241039,Jacob's Weetameal Crackers,5.0,15 per pack,Halal
crackers,76,15,11936234,SkyFlakes Crackers - Original,3.03,250g,
crackers,76,16,13289383,FairPrice Crackers - Black Oat,1.45,104g,Halal
crackers,76,17,13197832,Ritz Toasted Chips - Sour Cream & Onion,4.9,229g,
crackers,76,18,10522988,Khong Guan Crackers - Cream,2.35,300g,
crackers,76,19,13289398,FairPrice Crackers - Original Plain,1.45,104g,Halal
crackers,76,20,13216356,Jacob's Cream Crackers Multipack - Original,5.0,504g,Halal
veal,48,1,90031970,The Cellar Door Veal Stock - Frozen 1 KG,37.0,1 KG,
veal,48,2,209280,Valley Chef Frozen Chicken Franks,4.5,340.2g,Halal
veal,48,3,13112503,Tamar Valley Dairy Greek Style Yoghurt - Strawberry,2.97,110g,
veal,48,4,13285373,FairPrice Bathroom Tissues - Value (2-Ply),2.95,10 X 160 per pack,
veal,48,5,12603773,Kinder Bueno Chocolate Wafer Bar - Milk T2x10 Valuepack,13.95,8 + 2 free per pack,
veal,48,6,13129443,Tamar Valley Dairy Kids Greek Style Yoghurt - Blueberry,2.97,110g,
veal,48,7,13112504,Tamar Valley Dairy Kids Greek Style Yoghurt - Tropical,2.97,110g,
veal,48,8,13171278,Tamar Valley Dairy Greek Style Yoghurt - Raspberry,2.97,110g,
veal,48,9,13112505,Tamar Valley Dairy Kids Greek Style Yoghurt - Vanilla,2.97,110g,
veal,48,10,13067851,UIC Big Value Detergent Powder - Anti Bacterial (Citrus Splash),2.29,1kg,
veal,48,11,13013715,UIC Big Value Liquid Detergent Refill - Floral,4.1,1.6kg,
veal,48,12,12104114,UIC Big Value Detergent Powder - Anti-Bacterial,9.37,5kg,
veal,48,13,12104472,UIC Big Value Detergent Powder - Regular (Floral Fruity),9.37,5kg,
veal,48,14,13225033,Energizer Max Battery Value Pack - AA (15+5),22.31,20 per pack,
veal,48,15,13013712,UIC Big Value Concentrated Liquid Detergent Refill-Anti-Bacterial,4.1,1.6kg,
veal,48,16,90012070,MTRADE Medium White Plastic Bag with Print Value Pack,1.8,240 G,
veal,48,17,13067850,UIC Big Value Detergent Powder - Regular (Floral Fruity),2.29,1kg,
veal,48,18,12698741,UIC Big Value Dishwashing Liquid Refill - Lime,1.43,600ml,
veal,48,19,13013716,UIC Big Value Liquid Detergent Refill - Colour Care,4.1,1.6L,
veal,48,20,13213032,Nature Valley Crunchy Granola Bar - Variety,5.96,210g,Halal
nuts,77,1,13136644,Camel Natural Wholesome Nut Mix - Power Bounce,12.12,10 per pack,
nuts,77,2,13276096,FairPrice Trail Mix - Energy Booster,7.7,7 x 25g,
nuts,77,3,13276097,FairPrice Trail Mix - Focus Booster,7.7,7 x 25g,
nuts,77,4,13136645,Camel Natural Wholesome Nut Mix - Power Revive,12.12,10 per pack,
nuts,77,5,13258470,Camel Natural Wholesome Nut Mix - Power Delight,10.9,250g,Halal
nuts,77,6,11961907,Nature's Wonders The Royal Mix,8.8,220g,
nuts,77,7,13210300,FairPrice Mixed Snacks,1.12,150g,Halal
nuts,77,8,13237058,Camel Mixed Snacks - Bundle Pack,6.66,12 x 36g,Halal
nuts,77,9,13292814,FairPrice Trail Mix - Glow Booster,7.7,7 x 25g,
nuts,77,10,13183194,FairPrice Snacks - Mixed Nuts (Premium),6.01,150g,Halal
nuts,77,11,13292826,FairPrice Trail Mix - Vitality Booster,7.7,7 x 25g,
nuts,77,12,10878597,Nature's Wonders Fruits & Nuts Fusion,6.95,270g,
nuts,77,13,13185120,Tong Garden Nutrione Baked Nuts & Dried Fruit - Mango Tango,10.08,7 x 28g,Halal
nuts,77,14,13183196,FairPrice Natural Fruits & Nuts,11.51,400g,Halal
nuts,77,15,11241328,Camel Natural Baked Cocktail Mix,12.12,400g,
nuts,77,16,13048945,Tong Garden Roasted Salted Nuts - Cocktail,10.9,400g,Halal
nuts,77,17,10999209,Tai Sun Oriental Mix,1.55,150g,
nuts,77,18,13037223,Tong Garden Party Snack (Freshly Roasted),4.05,400g,
nuts,77,19,11036455,Tai Sun Coated Green Peas,1.55,140g,
nuts,77,20,13050035,Nature's Wonders Nuts Mix - Macadamia & Cashews,5.6,150g,Halal
pretzels,43,1,491837,Mitsuya Tasty Biscuit Stick,1.9,40g,
pretzels,43,2,297756,Meiji Yan Yan Stick Biscuits - Chocolate,1.37,50g,
pretzels,43,3,13072764,Glico Pocky Biscuit Sticks Share Pack - Chocolate,4.89,8 x 22g,Halal
pretzels,43,4,475469,Meiji Yan Yan Stick Biscuits - Chocolate & Strawberry,1.37,44g,
pretzels,43,5,13072765,Glico Pocky Biscuit Sticks Share Pack - Strawberry,4.89,8 x 21g,Halal
pretzels,43,6,297764,Meiji Yan Yan Stick Biscuits - Strawberry,1.37,50g,
pretzels,43,7,12128845,Meiji Yan Yan Stick Biscuits - Choco-Hazelnut,1.37,44g,
pretzels,43,8,12403819,Meiji Yan Yan Stick Biscuits - Tsukebo Chocolate (Double Dip),1.37,48g,
pretzels,43,9,435950,Meiji Yan Yan Stick Biscuits - Vanilla,1.37,50g,
pretzels,43,10,13078118,Glico Pocky Biscuit Sticks - Chocolate,1.43,47g,
pretzels,43,11,13221380,Meiji Lucky Biscuit Stick - Strawberry,2.7,120g,Halal
pretzels,43,12,10720183,Pepperidge Farm Goldfish Baked Snack Crackers - Colors,5.6,187g,
pretzels,43,13,13061918,Nutella & Go Biscuit,2.8,48g,
pretzels,43,14,11932495,Pepperidge Farm Goldfish Baked Crackers - Cheddar,5.6,187g,
pretzels,43,15,13193455,Lotte Pepero Stick Biscuits - Strawberry,1.75,32g,
pretzels,43,16,13158679,Glico Pretz Stick Biscuit - Pizza,0.97,31g,Halal
pretzels,43,17,13267991,Glico Pocky Biscuit Sticks - Milk,1.0,40g,Halal
pretzels,43,18,13008823,Meiji Lucky Biscuit Stick - Chocolate,2.7,8 x 15g,Halal
pretzels,43,19,13072166,Meiji Printed Biscuits - Dinoland,1.37,70g,
pretzels,43,20,13150320,Glico Pocky Family Pack Biscuit Sticks - Cookies & Cream,4.89,8 per pack,
babyfood,48,1,12302241,"Rafferty's Garden Baby Food - Blueberry, Banana & Apple",3.48,120g,
babyfood,48,2,13198051,Gerber Puree Baby Food After 6 Months - Prunes,2.11,80g,
babyfood,48,3,13018597,Rafferty's Garden Baby Food - Pear & Superberries,3.48,120g,
babyfood,48,4,12441276,Rafferty's Garden Baby Food - Pear & Apricot,3.48,120g,
babyfood,48,5,12302292,"Rafferty's Garden Baby Food - Pumpkin, Apple & Sweetcorn",3.48,120g,
babyfood,48,6,13233732,Rafferty's Garden Baby Food Puree - Summer Fruits & Quinoa,3.48,120g,
babyfood,48,7,12302321,"Rafferty's Garden Baby Food - Spinach, Apple, Broccoli & Pea",3.48,120g,
babyfood,48,8,13198052,Gerber Puree Baby Food After 6 Months - Applesauce,2.11,80g,
babyfood,48,9,13233632,"Rafferty's Garden Baby Food - Brown Rice, Bean & Pumpkin",3.48,120g,
babyfood,48,10,13191857,Ddoddomam Baby Rice Stick - Vegetable,6.31,20g,
babyfood,48,11,12302217,"Rafferty's Garden Baby Food - Apple, Pear & Cinnamon",3.48,120g,
babyfood,48,12,13230373,"Organix Puree Pouch - Oatmeal,Apple,Banana,Raspberry&Blueberry",5.3,100g,Organic
babyfood,48,13,13241982,Gerber Organic Pouch Puree - Pear Mango Avocado,5.55,99g,Organic
babyfood,48,14,13186731,"Gerber Organic Gentle Teethers Wafers - Mango, Banana, Carrot",11.46,48g,Organic
babyfood,48,15,13179562,Gerber Organic Baby Cereal - Oatmeal Banana,11.46,227g,Organic
babyfood,48,16,13126813,Bellamy's Organic Ready to Eat Baby Food - Apple & Fig Oatmeal,5.3,120g,Organic
babyfood,48,17,13186732,Gerber Organic Gentle Teethers Wafers - Blueberry Apple Beet,11.46,48g,Organic
babyfood,48,18,13230375,"Organix Fruit Puree Pouch - Apple, Strawberry & Blueberry",5.3,100g,Organic
babyfood,48,19,13126817,Bellamy's Organic Ready to Eat Baby Food - Banana Apple Porridge,5.3,120g,Organic
babyfood,48,20,13230372,"Organix Fruit Puree Pouch - Mango, Pear & Granola",5.3,100g,Organic
squash,54,1,90145601,Agro Fresh Pumpkin - Whole,2.95,1 S,
squash,54,2,90215551,Agro Fresh Zucchini-Green,2.45,1 S,
squash,54,3,90169109,Yuan Zhen Yuan Japanese Pumpkin Seg Cut,5.95,1 KG,
squash,54,4,90187575,Yuan Zhen Yuan Zucchini Green,4.8,600 G,
squash,54,5,90171165,Yuan Zhen Yuan Butternut Pumpkin Seg Cut,5.34,500 G,
squash,54,6,90089354,ZENXIN Organic Pumpkin,5.6,300 G,Organic
squash,54,7,90187570,Yuan Zhen Yuan Butternut Pumpkin,7.9,1 KG,
squash,54,8,90189718,Yuan Zhen Yuan Zucchini Yellow,4.5,600 G,
squash,54,9,90160955,"Agro Fresh Hairy Gourd (Marrow, Fuzzy Squash)",2.98,550 G,
squash,54,10,90183480,Vegeponics Australia Pumpkin,5.0,500 G,
squash,54,11,90104645,Butternut Pumpkin,12.99,1 KG,
squash,54,12,90240741,FreshCo. Pumpkin,27.0,3.5 KG,
squash,54,13,210790,Dragon Coin Fruit Cordial - Orange Squash,2.29,1L,Halal
squash,54,14,90229128,ST-C Deodorizer For Garbage Bin - Menthol Squash,7.5,2 S,
squash,54,15,90043132,Bush Squash Seeds,3.53,1 S,
squash,54,16,90238872,FreshCo. Chayote,2.3,350 G,
squash,54,17,90130223,Auga Organic Creamy Butternut Squash Soup with Sweet Potatoes,7.67,400 G,
squash,54,18,13238540,Skittles Squishy Clouds - Fruits,3.75,94g,
squash,54,19,90215709,PlayDoh Starwars Squish n Slice Lightsabers Playset,29.9,1 S,
muffin,37,1,13253779,Treats Muffin - Chocolate Chips,1.3,60g,Halal
muffin,37,2,13253780,Treats Muffin - Double Chocolate,1.3,60g,Halal
muffin,37,3,13253782,Treats Chocolate Muffin - Salted Caramel,1.3,60g,Halal
muffin,37,4,90039037,Delyco Vanilla Muffin - Bundle of 2,7.05,2 x 230 G,
muffin,37,5,90039036,Delyco Banana Muffin - Bundle of 2,7.05,2 x 230 G,
muffin,37,6,90039187,Delyco Chocolate Muffin - Bundle of 2,7.05,2 x 230 G,
muffin,37,7,90039188,Delyco Pandan Muffin - Bundle of 2,7.05,2 x 230 G,
muffin,37,8,13097419,Betty Crocker Muffin Mix - Chocolate Chip,4.99,430g,Halal
muffin,37,9,13026090,Pepperidge Farm Goldfish Baked Grahams - Vanilla Cupcake,5.6,187g,
muffin,37,10,90216389,NoStik Silicon Muffin Liner - Brown,29.95,12 S,
muffin,37,11,90202946,On Line Kids Detangling Spray - Muffin,6.9,200 ML,
muffin,37,12,90202295,Dodomu Mermaid Cupcake Border,13.0,24 S,
muffin,37,13,90184572,BEST Choice Lovely Printed Muffin Cake Cup Liner (M),6.9,20 PC,
muffin,37,14,90223289,Yes You Can Cupcake Mix - Red Velvet,11.2,450 G,
muffin,37,15,90245093,BEST Choice Starry Printed Muffin Cake Cup Liners,6.9,20 S,
muffin,37,16,90184571,BEST Choice Sweet Printed Muffin Cake Cup Liner (M),6.9,20 PC,
muffin,37,17,90184570,BEST Choice Baker Pattern Muffin Cake Cup Liner (M),6.9,20 PC,
muffin,37,18,90135990,Best Choice Floral Printed Muffin Cake Cup Liners,6.9,20 S,
muffin,37,19,90135986,Best Choice Pattern Printed Muffin Cake Cup Liners,6.9,20 S,
muffin,37,20,90135987,BEST Choice Cute Printed Muffin Cake Cup Liners,6.9,20 PC,
dip,31,1,90167094,"Santa Maria Dip Nachos Cheese Style, 250G",6.9,250 G,
dip,31,2,13209203,Chris Dip & Spread - Hommus,6.9,200g,
dip,31,3,13017957,California Creamery Nacho Cheese Sauce,7.03,4 x 99g,
dip,31,4,90214035,Santa Maria Chunky Salsa - Hot,5.6,230 G,
dip,31,5,12529040,La Costena Salsa Dip - Hot,5.3,453g,
dip,31,6,12529032,La Costena Salsa Dip - Medium,5.3,453g,
dip,31,7,13084858,Tostitos Salsa Dip - Chunky Habanero (Hot),7.74,439.4g,
dip,31,8,1,Santa Maria Dip Tex Mex Style (Guacamole),6.9,250 G,
dip,31,9,90014927,Biona Organic Salsa Dip Sauce - Mild,7.11,260 G,
dip,31,10,90217626,Casa del Sur Guacamole Salsa,4.45,300 G,
dip,31,11,90217624,Casa del Sur Mexicana Salsa,8.1,315 G,
dip,31,12,90040819,Simply Organic Spices Turmeric,8.91,67 G,
dip,31,13,90217651,Casa del Sur Chesse Salsa,8.1,300 G,
dip,31,14,90040818,Simply Organic Garam Masala,17.95,85 G,Organic
dip,31,15,90028426,Kitchen & Love Piquillo & Artichoke Bruschetta,9.12,225 G,
dip,31,16,90014643,Kitchen & Love Artichoke Bruschetta,9.12,225 G,
dip,31,17,90231592,"Tenuta Fragassi Bruschetta with Dried Tomatoe, Olives & Caper",7.74,145 G,
dip,31,18,90014642,Kitchen & Love Olive Medley Bruschetta,9.12,225 G,
dip,31,19,90231564,Tenuta Fragassi Asparagus Bruschetta,7.74,145 G,
dip,31,20,90040820,Simply Organic Spices Cilantro,9.41,22 G,Organic
candy,40,1,13083487,Skittles Candies - Original (Fun Size Bag),5.14,10 x 15g,Halal
candy,40,2,12683443,M&M's Chocolate Candies - Milk (Funsize),7.8,175.5g (13 per pack),
candy,40,3,12683670,M&M's Chocolate Candies - Peanut (Funsize),7.8,175.5g (13 per pack),
candy,40,4,13269335,Skittles Gummies - Fruit,2.0,42.5g,
candy,40,5,225830,Mentos Chewy Dragees - Mint (Share- A-Bowl),1.9,135g,
candy,40,6,13068973,Haribo Gummy Candies - Goldbears,4.99,200g,Halal
candy,40,7,13096780,Yupi Gummy Candies - Burger,1.58,84g,Halal
candy,40,8,13269336,Skittles Gummies - Yogurt,2.0,42.5g,
candy,40,9,13249621,Hi-Chew Chewy Candy - Grape and Green Apple,2.8,100g,
candy,40,10,12267167,Chupa Chups Lollipops - Mini,3.56,150g (25 per pack),Halal
candy,40,11,13240793,Eclipse Plus Soothing Herbal Mint - Loquat Pear,3.85,30g,
candy,40,12,13240792,Eclipse Plus Soothing Herbal Mint - Honey Lemon,3.85,30g,
candy,40,13,10083452,Yupi Gummy Candies - Baby Bears,1.58,120g,
candy,40,14,11066830,Wrigley's Eclipse Sugar Free Mints Candy - Peppermint,3.84,35g,
candy,40,15,13250100,Hi-Chew Chewy Candy - Grape and Strawberry,2.8,100g,
candy,40,16,13250090,Hi-Chew Chewy Candy - Grape and Peach and Lychee,2.8,100g,
candy,40,17,13195497,M&M's Chocolate Candies - Crispy (Funsize),7.8,12 per pack,
candy,40,18,13096715,Kopiko Coffee Candy - Regular,1.12,140g,Halal
candy,40,19,13187918,Himalaya Salt Sports Candy - Honey Lime,1.01,15g,Halal
candy,40,20,10083778,Yupi Gummy Candies - Strawberry Kiss,1.58,120g,
candy,40,21,13023349,Mentos Mini Chewy Dragees - Rainbow,1.9,120g,
candy,40,22,10083698,Yupi Gummy Candies - Apple Rings,1.58,120g,
candy,40,23,11583571,Wrigley's Eclipse Sugar Free Mints Candy - Spearmint,3.84,35g,
candy,40,24,231548,Storck Mint Chocos Candies,4.02,200g,
hamburger,25,1,90251382,Ikari Kakeru Japanese Hamburger & Steak Sauce Squeeze Bottle,7.6,290 G,
hamburger,25,2,90247078,Otafuku Hamburger Sauce,8.55,200 G,
hamburger,25,3,90227128,RedMan Hamburger Tray,56.0,1 S,
hamburger,25,4,90228471,San Neng Hamburger Tray (675X435X362mm),44.8,1 S,
hamburger,25,5,90226135,"RedMan Hamburger Bun Pan - 4"" (SN1618)",41.6,1 S,
hamburger,25,6,90245071,ROCK Lulu The Piggy Silicone Earphone Bag - Hamburger,27.0,1 S,
hamburger,25,7,90120131,Puku Multi Use Neoprene Money Pouch - Hamburger,16.9,,
hamburger,25,8,90228702,RedMan Hamburger Wrapper with Prints,5.6,100 S,
hamburger,25,9,1,RedMan Hamburger Wrapper,4.0,100 S,
beverage,42,1,13280708,[BCRS] Pokka Can Drink - Oolong Tea (No Sugar Added),7.75,12 x 300ml,Halal
beverage,42,2,12700043,Milo Chocolate Malt Milk UHT Packet Drink,16.95,24 x 200ml (CTN),
beverage,42,3,10125966,Pokka Packet Drink -  Green Tea,11.9,24 x 250ml (CTN),Halal
beverage,42,4,13280982,[BCRS] Pokka Bottle Drink - Jasmine Green Tea,2.25,1.5L,Halal
beverage,42,5,12714896,[BCRS] 100 Plus Isotonic Can Drink - Original,16.81,24 x 325ml,Halal
beverage,42,6,13281379,[BCRS] Coca-Cola Mini Can Drink - Classic,5.25,6 x 180ml,Halal
beverage,42,7,12714768,[BCRS] FairPrice Pure Drinking Bottle Water,7.2,24 x 600ml,
beverage,42,8,10003037,Pokka Packet Drink - Jasmine Green Tea,3.6,6 x 250ml,Halal
beverage,42,9,12714947,[BCRS] Dasani Drinking Bottle Water,8.4,12 x 1.5L,
beverage,42,10,12708770,Milo Chocolate Malt Milk UHT Packet Drink -Less Sugar,19.5,24 x 200ml (CTN),Halal
beverage,42,11,13280991,[BCRS] Pokka Can Drink - Jasmine Green Tea,4.25,6 x 300ml,Halal
beverage,42,12,13281050,[BCRS] Pokka Can Drink - Jasmine Green Tea,7.75,12 x 300ml (CTN),Halal
beverage,42,13,10020227,Yeo's Packet Drink - Chrysanthemum Tea (Not So Sweet),11.6,24 x 250ml (CTN),Halal
beverage,42,14,13281102,[BCRS] Fuze Tea Flavoured Tea Bottle Drink - Passionfruit,1.85,1.5L,Halal
beverage,42,15,12714946,[BCRS] Dasani Drinking Bottle Water,8.4,24 x 600ml (CTN),
beverage,42,16,13281362,[BCRS] Coca-Cola Can Drink - Zero Sugar,8.75,12 x 320ml,
beverage,42,17,12704723,Pokka Packet Drink - Oolong Tea (No Sugar Added),7.55,24 x 250ml (CTN),Halal
beverage,42,18,12714758,[BCRS] Life Distilled Drinking Bottle Water,7.0,12 x 1.5L,
beverage,42,19,13281412,[BCRS] Coca-Cola Mini Can Drink - Zero Sugar,5.25,6 x 180ml,Halal
beverage,42,20,13281057,[BCRS] Coca-Cola Bottle Drink - Zero Sugar,2.6,1.5L,
water,26,1,12714946,[BCRS] Dasani Drinking Bottle Water,8.4,24 x 600ml (CTN),
water,26,2,12714767,[BCRS] FairPrice Pure Drinking Water,6.5,12 x 1.5L,
water,26,3,12714768,[BCRS] FairPrice Pure Drinking Bottle Water,7.2,24 x 600ml,
water,26,4,12714947,[BCRS] Dasani Drinking Bottle Water,8.4,12 x 1.5L,
water,26,5,12714758,[BCRS] Life Distilled Drinking Bottle Water,7.0,12 x 1.5L,
water,26,6,12714766,[BCRS] FairPrice Pure Drinking Bottle Water,7.0,24 x 330ml,
water,26,7,12714970,[BCRS] F & N Ice Mountain Drinking Bottle Water,9.85,24 x 600ml,Halal
water,26,8,13281598,[BCRS] Evian Sparkling Can Water,6.95,4 x 330ml,
water,26,9,13280995,[BCRS] HSC Sparkling Oldenlandia Can Water,4.0,6 x 325ml,
water,26,10,12714887,[BCRS] F & N Ice Mountain Drinking Bottle Water,9.85,12 x 1.5L,
water,26,11,12715103,[BCRS] Evian Sparkling Can Water,39.95,24 x 330ml,
water,26,12,13281465,[BCRS] F & N Ice Mountain Sparkling Can Water - Lemon (No Sugar),5.2,6 x 325ml,Halal
water,26,13,13281509,[BCRS] Evian Natural Mineral Bottle Water,17.75,6 x 1.5L,
water,26,14,12715145,[BCRS] Evian Natural Mineral Bottle Water,25.95,330ml x 24S,
water,26,15,12714761,[BCRS] FairPrice Natural Mineral Bottle Water,7.4,12 x 1.5L,Halal
water,26,16,12714759,[BCRS] FairPrice Natural Mineral Bottle Water,8.7,24 x 550ml,
water,26,17,12715120,[BCRS] Evian Natural Mineral Bottle Water,29.75,12 x 1.5L (CTN),
water,26,18,12714884,[BCRS] F & N Can Drink - Soda Water (Slim),14.55,24 x 325ml,
water,26,19,13281658,[BCRS] F & N Sparkling Zero Can - Korean Peach,5.2,6 x 325ml,Halal
water,26,20,12712991,Chang Soda Water - Sparkling,18.41,24 x 325ml (CTN),
cheeseburger,26,1,13267070,Cowhead Triple Pack Cheese - Burger Cheddar,6.95,3 x 200g,Halal
popcorn,29,1,13176264,Cobs Natural Popcorn - Lightly Salted Slightly Sweet,4.2,120g,
popcorn,29,2,13268080,Orville Popcorn - Movie Theater Butter,5.7,279.9g,
popcorn,29,3,13057867,Orville Redenbacher's Gourmet Popping Corn - Naturals,5.7,3 x 93.3g,
popcorn,29,4,13186829,FairPrice Sweet Popcorn,2.55,180g,Halal
popcorn,29,5,11698117,Poppin Microwave Popcorn - Butter,2.7,100g,
popcorn,29,6,13176269,Cobs Natural Popcorn - Cheddar Cheese,4.2,100g,
popcorn,29,7,13078390,Poppin Microwave Popcorn - Butter Flavour (Lite),2.7,85g,
popcorn,29,8,13168675,Movietime Flavored Popcorn - Sweet & Salty,6.41,100g,
popcorn,29,9,13144993,Eureka Popcorn - Classic Caramel,4.69,80g,
popcorn,29,10,13144977,Eureka Popcorn - Savoury Cheese,4.69,80g,
popcorn,29,11,13156298,Eureka Popcorn - Golden Salted Egg,4.69,80g,
popcorn,29,12,13255016,Candy POP Popcorn - M&M Minis,8.95,149ml,
popcorn,29,13,90249578,Eng's Popcorn Strawberry,1.8,80 G,Halal
popcorn,29,14,90072576,Makhanawalas Makhanawalas Roasted Makhana Cream & onion,5.95,60 G,
popcorn,29,15,13266401,Peanut Butter & Jelly Pop Smuckers & Jif Popcorns - Strawberry,8.95,149g,
popcorn,29,16,13255018,Cookie Pop Popcorn - Oreo,8.95,149g,
popcorn,29,17,90044301,Natures Choice Premium Quality Popcorn,4.4,500 G,
popcorn,29,18,90042785,Serious Food Company Serious Popcorn - Sea Salt Multipack,7.05,120 G,
popcorn,29,19,1,Serious Food Company - Sugar Free Salted Caramel Multipack,5.75,60 G,
popcorn,29,20,90200591,Serious Food Sugar Free Popcorn - Sweet & Salty (Multipack),5.75,60 G,
soymilk,25,1,13164521,Nestle Omega Plus Adult Ready to Drink Milk,6.0,6 x 200ml,Halal
soymilk,25,2,10553397,F & N NutriSoy High Calcium Fresh Soya Milk - Reduced Sugar,2.77,946ml,
soymilk,25,3,11160106,F & N NutriSoy High Calcium Fresh Soya Milk - Omega (No Sugar Added),2.97,946ml,Halal
soymilk,25,4,12709340,Nestle Omega Plus Adult Ready to Drink Milk,21.05,24 x 200ml (CTN),Halal
soymilk,25,5,13148892,F & N NutriSoy High Calcium Fresh Soya Milk - No Sugar Added,2.77,946ml,
soymilk,25,6,13024479,Marigold Power Beans Fresh Soya Milk - Unsweetened,2.34,946ml,Halal
soymilk,25,7,457912,F & N NutriSoy High Calcium Fresh Soya Milk - Regular,2.77,946ml,
soymilk,25,8,13281537,[BCRS] Magnolia High Protein Milk - Chocolate,4.75,375ml,Halal
soymilk,25,9,13292377,F & N NutriSoy High Calcium Fresh Soya Milk - Matcha Latte,2.97,946ml,Halal
soymilk,25,10,13024475,Marigold Power Beans Fresh Soya Milk - Reduced Sugar,2.34,946ml,Halal
soymilk,25,11,13281536,[BCRS] Magnolia High Protein Milk - Vanilla,4.75,375ml,Halal
soymilk,25,12,13024477,Marigold Power Beans Fresh Soya Milk - Reduced Sugar Almond,2.34,946ml,Halal
soymilk,25,13,13229976,Yeo's Packet Drink - Brown Sugar Soy Milk,2.75,6 x 250ml,Halal
soymilk,25,14,13196987,Marigold Power Beans Fresh Soya Milk,2.34,946ml,Halal
soymilk,25,15,13230351,Yeo's Packet Drink - Brown Sugar Soy Milk,1.85,1L,Halal
soymilk,25,16,90146549,Kirei Marusan Premium Peach Soy Milk,2.6,200 ML,
soymilk,25,17,90146547,Kirei Marusan Marusan Premium Soy Milk,2.6,200 ML,
soymilk,25,18,90048890,Marusan Soybean Milk Matcha With 50-Percent Reduced Calories,2.95,200 ML,
soymilk,25,19,90142349,MARUSAN Marusan Oat Soy Milk,2.95,200 ML,
soymilk,25,20,90142350,Marusan Oat Soy Milk,9.58,1 L,
soymilk,25,21,90185002,Marusanai Soy Milk - Banana,7.72,1 L,
soymilk,25,22,90242410,Otsuka Sugou Original Soybean-Small,3.15,200 ML,
soymilk,25,23,90214307,Marusan Japanese Sweetened Soy Milk,2.95,200 ML,
soymilk,25,24,90117660,Vitamik Original Soy Milk Twist Cap 6's,7.25,0,
ravioli,22,1,13154794,Arrighi Ravioli Pasta - Al Formaggio,7.95,250g,
nectar,21,1,13234156,Sweet Nature Multifloral Manuka Honey 50+,20.09,500g,Halal
nectar,21,2,13252153,Wild Nectar 100% Cold Extracted - Raw Honey (Jar),11.0,450g,
nectar,21,3,13252151,Wild Nectar 100% Cold Extracted Australian Honey,19.9,1kg,
nectar,21,4,13079296,Sweet Nature Manuka Honey UMF 5+,28.0,500g,
nectar,21,5,90239400,Lunica Blueberry Nectar Juice,5.9,250 ML,
nectar,21,6,90239393,Lunica Plum Nectar Juice,4.9,250 ML,
nectar,21,7,90239392,Lunica Pear Nectar Juice,4.9,250 ML,
nectar,21,8,13169856,Egmont New Zealand Honey - Native Bush Honey,11.11,500g,
nectar,21,9,90239383,Lunica Apple Nectar Juice,4.9,250 ML,
nectar,21,10,90140341,Nectar Peach Juice - Kirei,4.1,350 ML,
nectar,21,11,90239378,Lunica Strawberry Nectar Juice,5.9,250 ML,
nectar,21,12,13070717,Pasar White Nectarine,11.45,900g,
nectar,21,13,13073346,Bio-Home Laundry Detergent Delicate - Hyacinth & Nectarine,12.12,1.5L,
nectar,21,14,13071916,Bio-Home Laundry Detergent - Hyacinth & Nectarine,12.12,1.5L,
nectar,21,15,13208385,Bio-Home Delicate Laundry Detergent Refill-Hyacinth & Nectarine,7.08,900ml,
nectar,21,16,13208384,Bio-Home Laundry Detergent Refill-Hyacinth & Nectarine,7.08,900ml,
nectar,21,17,90201553,Elizabeth Arden Eau De Toilette - Green Tea Nectarine Blossom,24.9,100 ML,
nectar,21,18,90164151,Gonzalez Byass Nectar PX,48.0,750 ML,
nectar,21,19,90031279,Green Apple Organic Agave Nectar,11.2,350 ML,
nectar,21,20,90015766,Now Foods Organic Blue Agave Nectar,16.9,660 G,
nectar,21,21,90252070,Folkington's Mango Juice Nectar,5.95,250 ML,
nectar,21,22,90216663,Saint Nectaire Fermier by The Cheese Shop,15.1,200 G,
burrito,19,1,90190428,Cannamela Cannamela Mix for Tacos & Burritos,5.52,25 G,
burrito,19,2,90219118,Chicken Burrito Bowl Twin Pack - Frozen,15.0,2 x 150 G,
burrito,19,3,90219126,Chicken Burrito Bowl - Frozen,7.5,150 G,
burrito,19,4,1,Throw Throw Burrito Dodgeball Card Game,49.9,1 S,
burrito,19,5,90188677,Throw Throw Burrito Dodgeball Card Game,49.9,1 S,
waffle,22,1,13067408,Kellogg's Eggo Frozen Waffles - Buttermilk,6.85,10 per pack,
waffle,22,2,13067420,Kellogg's Eggo Frozen Waffles - Chocolatey Chip,6.85,10 per pack,
waffle,22,3,13067415,Kellogg's Eggo Frozen Waffles - Blueberry,6.85,10 per pack,
waffle,22,4,13190057,Cowhead Waffles - Original Belgium,5.3,200g (4 per pack),Halal
waffle,22,5,13094139,Kellogg's Eggo Frozen Waffles - Strawberry,6.85,10 per pack,
waffle,22,6,13258403,Eggo Homestyle Waffles,6.85,349g,
waffle,22,7,13174343,Post Cereals - Waffle Crisp,7.52,326g,
waffle,22,8,13229935,Redondo Creme Waffle Sticks - Cookies & Creme,3.85,300g,Halal
waffle,22,9,13229933,Redondo Creme Waffle Sticks - Vanilla,3.85,300g,Halal
waffle,22,10,13229934,Redondo Creme Waffle Sticks - Strawberry,4.3,300g,Halal
waffle,22,11,13265984,Good Today Butter Waffle,4.95,180g,
waffle,22,12,12146955,Aladdin Danish Deluxe Waffle Cones,4.03,148g (8 per pack),
waffle,22,13,90104359,Kirei Taiyaki Waffle Japanese Ice Cream,4.9,130 ML,
waffle,22,14,13250931,Slurrp Pancake & Waffle Mix - Blueberry,6.9,150g,
waffle,22,15,90207919,Julie's Coffee Waffles,3.3,100 G,Halal
waffle,22,16,90207924,Julie's Coconut Waffles,3.3,100 G,Halal
waffle,22,17,90092254,CB Waffle Fries,6.5,1 KG,
waffle,22,18,90202074,Punched Foods Criss-Cut Waffle Fries,9.8,1 KG,
waffle,22,19,90227008,Bob's Red Mill Pancake & Waffle Mix - Whole Grain Buttermilk,10.4,680 G,
waffle,22,20,90223570,Bob's Red Mill Pancake & Waffle Mix - 10 Grain,8.0,680 G,
biscuit,24,1,13262808,Nutella Biscuits,4.95,193.2g,Halal
biscuit,24,2,11157740,Hup Seng Crackers - Cream (Special),2.5,225g (10 per pack),
biscuit,24,3,491837,Mitsuya Tasty Biscuit Stick,1.9,40g,
biscuit,24,4,12083675,Julie's Sandwich Biscuits - Peanut Butter,5.6,360g (12 per pack),
biscuit,24,5,13160723,Ritz Sandwich Biscuits Multipack - Cheese Cream,3.0,243g,Halal
biscuit,24,6,12374819,Hup Seng Crackers - Cream,2.5,428g,Halal
biscuit,24,7,10797324,Khong Guan Sandwich Biscuits - Lemon Puff,2.8,260g (12 per pack),
biscuit,24,8,13021967,Khong Guan Biscuits - Marie (Premium),2.5,260g (12 per pack),Halal
biscuit,24,9,12080992,Julie's Crackers - Butter,2.94,250g,
biscuit,24,10,327454,Meiji Hello Panda Biscuits - Chocolate,6.67,234g (9 x 26g),
biscuit,24,11,13034311,Khong Guan Bite Sizes Biscuits - Fancy Gems,1.6,110g,Halal
biscuit,24,12,10397654,Khong Guan Assortment Biscuits - Family Pack,4.5,600g,Halal
biscuit,24,13,11178701,Hup Seng Crackers - Sugar,2.5,225g (10 per pack),
biscuit,24,14,12234429,Meiji Hello Panda Biscuits - Assorted,6.67,234g,Halal
biscuit,24,15,11157804,Hup Seng Crackers - Wholemeal,2.5,225g (10 per pack),
biscuit,24,16,13212611,Oreo Sandwich Cookies Multipack - Mildly Sweet,3.05,248.4g,Halal
biscuit,24,17,297756,Meiji Yan Yan Stick Biscuits - Chocolate,1.37,50g,
biscuit,24,18,13021988,Khong Guan Assortment Biscuits - Grade 1,3.6,800g,
biscuit,24,19,12465788,Meiji Plain Crackers - Original,1.68,4 x 26g,
biscuit,24,20,13228021,Meiji Plain Cracker - Oat,6.06,416g,Halal
cupcake,19,1,13253779,Treats Muffin - Chocolate Chips,1.3,60g,Halal
cupcake,19,2,13253780,Treats Muffin - Double Chocolate,1.3,60g,Halal
cupcake,19,3,13097419,Betty Crocker Muffin Mix - Chocolate Chip,4.99,430g,Halal
cupcake,19,4,13026090,Pepperidge Farm Goldfish Baked Grahams - Vanilla Cupcake,5.6,187g,
cupcake,19,5,13253782,Treats Chocolate Muffin - Salted Caramel,1.3,60g,Halal
cupcake,19,6,90216389,NoStik Silicon Muffin Liner - Brown,29.95,12 S,
cupcake,19,7,90202946,On Line Kids Detangling Spray - Muffin,6.9,200 ML,
cupcake,19,8,90202295,Dodomu Mermaid Cupcake Border,13.0,24 S,
cupcake,19,9,90039037,Delyco Vanilla Muffin - Bundle of 2,7.05,2 x 230 G,
cupcake,19,10,90039036,Delyco Banana Muffin - Bundle of 2,7.05,2 x 230 G,
cupcake,19,11,90039187,Delyco Chocolate Muffin - Bundle of 2,7.05,2 x 230 G,
cupcake,19,12,90039188,Delyco Pandan Muffin - Bundle of 2,7.05,2 x 230 G,
cupcake,19,13,90184572,BEST Choice Lovely Printed Muffin Cake Cup Liner (M),6.9,20 PC,
cupcake,19,14,90223289,Yes You Can Cupcake Mix - Red Velvet,11.2,450 G,
cupcake,19,15,90245093,BEST Choice Starry Printed Muffin Cake Cup Liners,6.9,20 S,
cupcake,19,16,90184571,BEST Choice Sweet Printed Muffin Cake Cup Liner (M),6.9,20 PC,
cupcake,19,17,90184570,BEST Choice Baker Pattern Muffin Cake Cup Liner (M),6.9,20 PC,
cupcake,19,18,90135990,Best Choice Floral Printed Muffin Cake Cup Liners,6.9,20 S,
cupcake,19,19,90135986,Best Choice Pattern Printed Muffin Cake Cup Liners,6.9,20 S,
cupcake,19,20,90135987,BEST Choice Cute Printed Muffin Cake Cup Liners,6.9,20 PC,
muffins,20,1,13253779,Treats Muffin - Chocolate Chips,1.3,60g,Halal
muffins,20,2,13253780,Treats Muffin - Double Chocolate,1.3,60g,Halal
muffins,20,3,13253782,Treats Chocolate Muffin - Salted Caramel,1.3,60g,Halal
muffins,20,4,90039037,Delyco Vanilla Muffin - Bundle of 2,7.05,2 x 230 G,
muffins,20,5,90039036,Delyco Banana Muffin - Bundle of 2,7.05,2 x 230 G,
muffins,20,6,90039187,Delyco Chocolate Muffin - Bundle of 2,7.05,2 x 230 G,
muffins,20,7,90039188,Delyco Pandan Muffin - Bundle of 2,7.05,2 x 230 G,
muffins,20,8,13097419,Betty Crocker Muffin Mix - Chocolate Chip,4.99,430g,Halal
muffins,20,9,90216389,NoStik Silicon Muffin Liner - Brown,29.95,12 S,
muffins,20,10,90202946,On Line Kids Detangling Spray - Muffin,6.9,200 ML,
muffins,20,11,90184572,BEST Choice Lovely Printed Muffin Cake Cup Liner (M),6.9,20 PC,
muffins,20,12,90245093,BEST Choice Starry Printed Muffin Cake Cup Liners,6.9,20 S,
muffins,20,13,90184571,BEST Choice Sweet Printed Muffin Cake Cup Liner (M),6.9,20 PC,
muffins,20,14,90184570,BEST Choice Baker Pattern Muffin Cake Cup Liner (M),6.9,20 PC,
muffins,20,15,90135990,Best Choice Floral Printed Muffin Cake Cup Liners,6.9,20 S,
muffins,20,16,90135986,Best Choice Pattern Printed Muffin Cake Cup Liners,6.9,20 S,
muffins,20,17,90135987,BEST Choice Cute Printed Muffin Cake Cup Liners,6.9,20 PC,
muffins,20,18,90148444,BEST Choice Pink Muffin Cake Cup Cases,6.3,20 PC,
muffins,20,19,90148443,BEST Choice Yellow Muffin Cake Cup Cases,6.3,20 PC,
muffins,20,20,90148442,BEST Choice Green Muffin Cake Cup Cases,6.3,20 PC,
syrup,18,1,90201232,Zerup Zero Sugar Syrup - Cane Sugar +,16.9,1 L,
syrup,18,2,13280896,[BCRS] Ribena Blackcurrant Cordial - Regular,14.67,2L,Halal
syrup,18,3,13280951,[BCRS] Ribena Blackcurrant Cordial - Regular,8.31,850ml,Halal
syrup,18,4,90186453,Zerup Zero Sugar Syrup - White Peach,16.9,1 L,
syrup,18,5,10630911,Rose Brand Syrup - Rose,5.05,750ml,
syrup,18,6,13292570,[BCRS] Ribena Blackcurrant Cordial - Regular + GWP,14.67,2L,Halal
syrup,18,7,10681890,Asia Farm Cordial - Fruit Punch,5.55,2L,
syrup,18,8,90116958,Mathieu Teisseire Kiwi Syrup,23.9,1000 ML,
syrup,18,9,13228292,Fairprice Cordial Juice - Orange,4.55,2L,
syrup,18,10,13239861,Hershey's Chocolate Syrup,7.2,623g,
syrup,18,11,90247159,Zerup Zero Sugar Syrup - Multifruits,16.9,1 L,
syrup,18,12,90115617,Mathieu Teisseire Rose Syrup,17.9,700 ML,
syrup,18,13,210807,Dragon Coin Syrup - Rose,2.5,1L,Halal
syrup,18,14,90115626,Mathieu Teisseire Almond Syrup,17.9,700 ML,
syrup,18,15,13197490,Hershey's Chocolate Syrup - Special Dark,7.2,623g,
syrup,18,16,12127084,Asia Farm Syrup - Barley,5.55,2L,
syrup,18,17,210790,Dragon Coin Fruit Cordial - Orange Squash,2.29,1L,Halal
syrup,18,18,13242344,Gum Tea Premium Honey Lemon,16.2,1kg,
syrup,18,19,90054294,Rooh Afsa Rose Syrup 700Ml -- By Dashmesh,4.99,700 ML,
syrup,18,20,90230988,Captain Salty Lemon Syrup,21.8,600 ML,
loaf,18,1,10470049,Gardenia Loaf - California Raisin,3.9,400g,
loaf,18,2,13270761,Sunshine Loaf Bread - Dark Rye Komugi,4.6,400g,Halal
loaf,18,3,13271382,Gardenia Loaf - Brioche,3.8,380g,Halal
loaf,18,4,10762199,Gardenia Loaf - Nutri Multi-Grain,3.8,400g,
loaf,18,5,13273421,Gardenia Loaf - Chocolate Royale,3.9,340g,
loaf,18,6,12535264,EL-Dina Chicken Meat Loaf - Original,4.7,340g,Halal
loaf,18,7,12535256,EL-Dina Chicken Meat Loaf - Black Pepper,4.3,340g,Halal
loaf,18,8,13221779,Sheba Cat Food Pouch - Chicken Premium Loaf,1.31,70g,
loaf,18,9,12535221,EL-Dina Chicken Meat Loaf - Cheese,4.3,340g,Halal
loaf,18,10,90213994,NoStik Silicon Loaf Tin Liner - 1-2LB,23.95,1 S,
loaf,18,11,90231346,Absolute Holistic Meaty Loaf Wet Tray Food for Dog - Salmon,20.9,16 x 100 G,
loaf,18,12,90231344,Absolute Holistic Meaty Loaf Wet Tray Food For Dog - Duck,20.9,16 x 100 G,
loaf,18,13,90194541,Russell Taylors Bread Maker BM-10 (1kg/2.2lb loaf),94.99,1 S,
loaf,18,14,4,RedMan Non-Stick Loaf Pan,49.0,1 S,
loaf,18,15,0108,Wilton Non-Stick 18 Cavity Mini Loaf Pan (2105-0108),37.8,1 S,
loaf,18,16,90227202,RedMan Baking Pan - Loaf,33.6,1 S,
loaf,18,17,90228362,San Neng Non-Stick Loaf Baking Pan - Square,28.8,1 S,
loaf,18,18,1,Absolute Holistic Meaty Loaf Wet Tray Food for Dog - Lamb,20.9,16 x 100 G,
loaf,18,19,90231370,Absolute Holistic Meaty Loaf Wet Tray Food for Dog - Chicken,20.9,16 x 100 G,
sub,23,1,13183876,Altamura Foglia Sublime Leaves - Mesclun Mix,5.3,125g,
sub,23,2,13051403,Casa Subercaseaux Red Wine - Cabernet Sauvignon,16.9,750ml,
sub,23,3,13254211,Casa Subercaseaux Merlot Red Wine,16.9,750ml,
sub,23,4,13051429,Casa Subercaseaux White Wine - Sauvignon Blanc,16.9,750ml,
sub,23,5,90052717,Earth's Creation Extra Strength Sublingual Melatonin,39.9,60 S,
sub,23,6,90232821,Subi Frozen Seafood - Crumbed Pollock Fish Fingers,8.0,400 G,
sub,23,7,90245631,Subi Frozen - Crumbed Spicy Korean Pollock Fish Fingers,5.5,400 G,
sub,23,8,90245627,Subi Frozen Seafood - Tempura Pollock Fish Fillets,8.0,260 G,
sub,23,9,90232823,Subi Frozen Seafood - Battered Squid Based Rings,8.0,400 G,
sub,23,10,90251452,Sublime No. 6 Garlic Rosemary and Mint Butter,9.9,90 G,
sub,23,11,90251443,Sublime No. 11 Lemon Caper and Dill Butter,9.9,90 G,
sub,23,12,90248187,TOI Frozen Indonesia Fishcake (Pempek Submarine),9.5,315 G,
sub,23,13,90251441,Sublime No. 1 Pink Himalayan Salt Butter,12.5,200 G,
sub,23,14,90251442,Sublime No. 12 Truffle Parmesan and Black Pepper Butter,11.0,90 G,
sub,23,15,90251462,Sublime No. 19 Bearnaise Butter,9.9,90 G,
sub,23,16,90235558,Sennheiser AMBEO Subwoofer,1099.0,1 S,
sub,23,17,1,Dyson V12s Detect Slim Submarine​ Wet & Dry Vacuum Cleaner,999.0,7.69 KG,
sub,23,18,90244688,Dyson V12s Origin Submarine Wet & Dry Vacuum,899.0,1 S,
sub,23,19,90218216,Razer Nommo V2 Pro 2.1 Gaming Speakers Wireless Subwoofer,663.21,1 S,
sub,23,20,90251134,Kanto SUB8 Subwoofer - Black,499.0,1 S,
crust,17,1,13094779,Mission Pizza Crust - Wholemeal,5.4,300g (2 per pack),Halal
crust,17,2,13094778,Mission Pizza Crust - Plain,5.4,300g (2 per pack),Halal
crust,17,3,90237981,Mr. Macho 9.5 inch Super Thin Crust Funghi Pizza,11.8,360 G,Halal
crust,17,4,90237980,Mr. Macho 9.5 inch Super Thin Crust Mozzarella Cheese Pizza,11.8,340 G,Halal
crust,17,5,1,RedMan Nuvola Airy & Fragrant Crusts Flour,24.0,5 KG,
crust,17,6,90237978,Mr. Macho 9.5 inch Super Thin Crust Hawaiian Pizza,11.8,370 G,Halal
crust,17,7,90221085,Caputo Nuvola Airy & Fragrant Crusts Flour,6.3,1 KG,
crust,17,8,90225867,RedMan Crusty Bread Improver,14.4,1 KG,
crust,17,9,90072944,Orion Custard Pie 6p (Halal),2.3,138 G,
crust,17,10,13253778,Treats Croissant - Custard,1.1,55g,Halal
crust,17,11,13084865,Magiclean Floor Cleaner - Crystal Shine for Marble & Stone,8.65,1.8L,
crust,17,12,13083647,Vanish Powder Fabric Stain Remover - Oxi Action (Crystal White),16.5,1.5kg,
crust,17,13,308488,Lipco Sugar Sticks,2.82,100 per pack,
crust,17,14,10403479,SIS White Sugar Sticks - Fine Grain,3.5,400g,Halal
crust,17,15,13291078,Nerds Gummy Clusters - Rainbow,1.9,35g,
crust,17,16,13259653,Magnolia Almond Crush - Mint,5.95,4 x 58g,Halal
crust,17,17,13291103,Nerds Gummy Clusters - Very Berry,1.9,35g,
crust,17,18,13215347,Flying Man Brand 100% Crystalline Fragrant Rice,16.81,5kg,
crust,17,19,13259655,Magnolia Almond Crush - Vanilla,5.95,4 x 58g,Halal
crust,17,20,12589991,Lotte Happy Promise Cream Cake - Custard,2.86,138g,
collards,16,1,13280667,Pasar Fresh Malaysia Pork Shoulder Butt - Collar,7.5,300g,
collards,16,2,90018590,Aw's Market Fresh Australia Pork Collar,6.0,300 G,
collards,16,3,90110549,Aw's Market Fresh Malaysian Pork Collar,6.6,300 G,
collards,16,4,90110513,Aw's Market Fresh Malaysian Pork Collar Steak Cut,6.6,300 G,
collards,16,5,90110512,Aw's Market Fresh Malaysian Pork Collar (Sliced),7.0,300 G,
collards,16,6,90051448,Aw's Market Fresh Australia Pork Collar Roast,10.5,500 G,
collards,16,7,90078031,Tasty Food Affair Marinated Korean Spicy Pork Collar,5.95,350 G,
collards,16,8,90110574,Aw's Market Fresh Malaysian Pork Collar Roast,12.2,500 G,
collards,16,9,13209694,Porkee Frozen Pork - Collar Shabu Shabu,6.15,300g,
collards,16,10,13267878,I'm Bulgogi Coook Galbi Pork Collar,10.0,300g,
collards,16,11,13082985,Chef's Pork Premium Frozen Iberico - Collar Shabu,12.95,250g,
collards,16,12,13280884,Chef's Pork Premium Frozen Shirobuta Pork - Collar Shabu,9.95,250g,
collards,16,13,90076864,Tasty Food Affair Pork Collar Slab,12.5,1 KG,
collards,16,14,90076867,Tasty Food Affair Pork Collar Chop,6.5,500 G,
collards,16,15,13225857,Tradition Spanish Pork Collar - Shabu Shabu,7.95,300g,
collards,16,16,90158338,Porkolicious Iberico Pork Collar Shabu (Steamboat),9.5,200 G,
collards,16,17,90076860,Tasty Food Affair Pork Collar Shabu Shabu,4.19,300 G,
collards,16,18,13245495,Ding Iberico Frozen Shabu Roll - Pork Collar,12.95,200g,
collards,16,19,90193427,Aw's Market Frozen Pork Collar,4.23,300 G,
collards,16,20,90112285,Mr Joy's Shabu Shabu Pork Collar,10.0,400 G,
cornmeal,15,1,90145717,"Santa Maria Tex Mex Nacho Chips Original, 475G",9.0,475 G,
cornmeal,15,2,90225793,RedMan Bread Mix - Cornmeal,4.2,500 G,
cornmeal,15,3,90225171,RedMan Cookie Premix - Cornmeal,4.2,500 G,
cornmeal,15,4,90145714,"Santa Maria Tex Mex Tortilla Chips BBQ, 185G",4.75,185 G,
cornmeal,15,5,90048138,Green Earth Organic Corn Meal,7.0,500 G,
cornmeal,15,6,90223248,RedMan Yellow Corn Meal,4.9,500 G,
cornmeal,15,7,13102790,L'Oreal Paris Magic Retouch Root Concealor Spray - Dark Brown,14.75,75ml,
cornmeal,15,8,13102788,L'Oreal Paris Magic Retouch Root Concealor Spray - Black,19.7,75ml,
cornmeal,15,9,13102789,L'Oreal Paris Magic Retouch Root Concealor Spray - Brown,14.75,75ml,
cornmeal,15,10,90233246,Rimmel London Royal Blush  – 004 Regal Rose,2.02,3.5 G,
cornmeal,15,11,90214383,Max Factor Pan Stik Foundation,3.06,9 G,
cornmeal,15,12,90232943,Rimmel Insta CC Primer – Peach Colour Corrector Primer,2.15,30 ML,
cornmeal,15,13,90233222,Max Factor Facefinity Compact Foundation – 33 Crystal Beige,2.98,10 G,
cornmeal,15,14,008,Max Factor Facefinity Compact  Foundation Toffee 008,2.98,10 G,
cornmeal,15,15,20,Max Factor Facefinity Compact Foundation SPF 20,2.98,10 G,
cornmeal,15,16,90233237,Max Factor Touch-Proof Foundation – 103 Warm Nude,2.58,35 ML,
cornmeal,15,17,90212527,Max Factor Creme Puff Pressed Powder 55 Candle Glow,2.36,21 G,
cornmeal,15,18,13149446,Maybelline Fit Me Concealer - 17,19.9,6.8ml,
cornmeal,15,19,90222974,Eveline Wonder Match Lumi Foundation SPF20 - 25 Sand Beige,19.9,30 ML,
cornmeal,15,20,13134957,L'Oreal Paris Magic Retouch Root Concealor Spray-DarkIcedBrown,19.7,43.2g,
cornmeal,15,21,90090265,Helen Seward Quick and Easy Root Concealer Brown,13.9,75 ML,
cornmeal,15,22,90214339,Max Factor Dark Magic Instant Dramatic Volume  Black/Brown,5.98,10 ML,
wheat,15,1,13281454,[BCRS] Carlsberg Danish Can Beer - Wheat (Alcohol Free),5.95,4 x 330ml,
wheat,15,2,12081063,Julie's Crackers - Wheat,2.94,250g (10 per pack),
wheat,15,3,13215265,Munchy's Crackers - Wheat,3.13,276g,Halal
wheat,15,4,13185361,FairPrice Whole Wheat Pasta - Fusilli,2.59,500g,Halal
wheat,15,5,13237098,Abbott Ensure Life Strength Pro Milk Powder - Wheat,45.9,800g,Halal
wheat,15,6,13185360,FairPrice Whole Wheat Pasta - Spaghetti,2.59,500g,Halal
wheat,15,7,12241370,Koka Instant Purple Wheat Noodles - Plain,2.55,5 x 50g,Halal
wheat,15,8,13026146,Alce Nero Organic Durum Wheat Pasta - Macaroni,3.41,500g,Halal
wheat,15,9,13026151,Alce Nero Organic Durum Wheat Pasta - Spaghetti,3.41,500g,Halal
wheat,15,10,11497649,Cowhead Crackers - Wheat Bran,2.65,178g (8 per pack),
wheat,15,11,13035028,Sun Brand Whole Wheat Mee Suah,3.82,300g,Halal
wheat,15,12,13167740,Barilla Itailan Pasta - Whole Wheat Penne Rigate,3.99,500g,
wheat,15,13,10579503,House Brand Fresh Atta Wheat Flour - Fine Ground,2.47,1kg,
wheat,15,14,13167741,Barilla Italian Pasta - Whole Wheat Fusilli,3.99,500g,
wheat,15,15,13236859,Abbott Ensure Life Strength Pro Milk Powder - Wheat (Twin Pack),81.5,2 x 800g,Halal
wheat,15,16,13180882,Abbott Glucerna Triple Care Milk Formula - Wheat,53.9,800g,Halal
wheat,15,17,13048939,Borges Durum Wheat Pasta - Spaghetti,2.25,500g,
wheat,15,18,13098972,Alce Nero Organic Durum Wheat Pasta - Fusilli,3.41,500g,Halal
wheat,15,19,13098973,Alce Nero Organic Durum Wheat Pasta - Penne Rigate,3.41,500g,Halal
wheat,15,20,13243025,"Nestle Cerelac Baby Cereal - Wheat, Banana & Prune",7.7,250g,Halal
beets,16,1,13186732,Gerber Organic Gentle Teethers Wafers - Blueberry Apple Beet,11.46,48g,Organic
beets,16,2,90016906,Ora Organic Pre-Workout Powder Beet Pomegranate,70.0,200 G,
beets,16,3,90231612,Feral No 1 - Beet Hop Szechuan Pepper 0.0 White Wine,31.6,750 ML,
beets,16,4,90231575,Feral No 4 - Beet Lavender Juniper 0.0 Red Wine,32.48,750 ML,
beets,16,5,90231603,Feral No 3 - Beet Pepper Thyme Oak 0.0 Red Wine,32.48,750 ML,
beets,16,6,90231604,Feral No 2 - Beet Ginger Allspice 0.0 White Wine,31.6,750 ML,
beets,16,7,90247028,Yude Azuki Premium Hokkaido Red Bean And Beet Sugar,11.8,350 G,
beets,16,8,90250475,"Aureli Juice Mix 6 Blueberry, Beetroot, Carrot Red Beet",30.0,6 x 200 ML,
beets,16,9,90216035,Aureli Pure Juice - Carrot Red Beet Apple,9.0,750 ML,
beets,16,10,90250492,Aureli Pure Carrot Red Beet Apple Juice (Carton),57.6,12 x 200 ML,
beets,16,11,90248067,Biofinest Beet Root+ Gummies Heart Health Energy Vitality,19.95,60 S,
beets,16,12,90201977,"Rice Pop - Banana, Blueberry, Beet",3.5,15 G,
beets,16,13,1,Fitbit Versa 4 Smartwatch Beet Juice / Copper Rose Aluminium,224.0,1 S,
beets,16,14,90252192,Aureli Organic Red Beet Juice (Carton),57.6,12 x 200 ML,Organic
beets,16,15,90250482,Aureli Juice Bundle 6 - Carrot Red Beet Apple Juice,30.0,6 x 200 ML,
beets,16,16,90250481,Aureli Juice Bundle 6 Blueberry Red Beet Purple Carrot Apple,30.0,6 x 200 ML,
beets,16,17,90225089,RedMan Yamaguchi Beet Sugar Powder,9.8,600 G,
bowl,17,1,12521284,HomeProud Disposable Paper Plates (17.78cm),2.8,30 per pack,
bowl,17,2,13103576,HomeProud Biodegradable Plates (15cm),2.86,18 per pack,
bowl,17,3,90012036,MTRADE Disposable 6 Inch White Paper Plates,3.5,50 S,
bowl,17,4,13103580,HomeProud Biodegradable Dessert Bowl,2.75,18 per pack,
bowl,17,5,43240,HomeProud Disposable Bowls - Small,1.53,10 per pack,
bowl,17,6,90012058,MTRADE Disposable 7 Oz PP White Plastic Bowl,4.9,50 S,
bowl,17,7,11208704,HomeProud Plastic Plates - White (25.4cm),3.0,10 per pack,
bowl,17,8,90005449,MTRADE Disposable 9 Inch Eco Biodegradable Plates,8.9,50 S,
bowl,17,9,90012038,MTRADE Disposable 9 Inch White Paper Plates,4.9,50 S,
bowl,17,10,563727,HomeProud Disposable Bowls - Big,4.2,10 per pack,
bowl,17,11,90012037,MTRADE Disposable 7 Inch White Paper Plates,3.9,50 S,
bowl,17,12,90005447,MTRADE Disposable 7 Inch Eco Biodegradable Plates,5.9,50 S,
bowl,17,13,90005448,MTRADE Disposable 6 Inch Eco Biodegradable Plates,4.9,50 S,
bowl,17,14,11216464,HomeProud Plastic Plates - White (18cm),3.56,10 per pack,
bowl,17,15,90005445,MTRADE Disposable 9 Inch White Plastic Plates,8.5,50 S,
bowl,17,16,90005460,MTRADE Disposable 12 Oz PP White Plastic Bowl,7.9,50 S,
bowl,17,17,13186263,HomeProud Biodegradable Plates - Round (10 inch),8.76,18 per pack,
bowl,17,18,13251850,Hefty Ecosave Plates (8-3/4inch),5.95,22 per pack,
bowl,17,19,13251851,Hefty Ecosave Plates (6-3/4inch),5.95,30 per pack,
bowl,17,20,90150163,MTRADE Disposable 10 Oz Eco Biodegradable Bowl,6.5,50 S,
oatmeal,17,1,13104729,Nestle Fitnesse Granola Oats - Honey,7.92,300g,Halal
oatmeal,17,2,12478562,Quaker Oats Instant Oatmeal - Smooth & Creamy (Free 100g),5.4,800g + free 100g,Halal
oatmeal,17,3,12165101,Quaker Oats Oatmeal - Whole Rolled Oats,6.06,800g,Halal
oatmeal,17,4,13184517,"Nestle Fitnesse Granola Oats - Quinoa, Almonds & Chocolate",7.92,300g,Halal
oatmeal,17,5,13277905,FairPrice Instant Oatmeal,2.0,900g,
oatmeal,17,6,12478589,Quaker Quickcook Oatmeal - Hearty Supreme (Free 100g),5.4,800g + free 100g,Halal
oatmeal,17,7,13247908,Origins Health Food Organic Baby Oat,4.95,500g,Organic
oatmeal,17,8,13104810,Nestle Fitnesse Granola Oats - Cranberry & Pumpkin Seed,7.92,300g,Halal
oatmeal,17,9,10992066,Quaker Oats Oatmeal - Instant (Refill Pack),3.2,400g,Halal
oatmeal,17,10,13059926,Quaker Oats Oatmeal - Instant,7.9,1.35kg,Halal
oatmeal,17,11,13216284,Nature Valley Crunchy Granola Bar - Oats & Honey,5.96,210g,Halal
oatmeal,17,12,13261124,Nat Valley Oats & Choc Chips,5.96,210g,
oatmeal,17,13,13070846,Kellogg's Crunchy Nut Oat Granola - Hazelnuts & Chocolate,9.6,380g,Halal
oatmeal,17,14,13218646,Nature Valley Crunchy Granola Bar - Oats & Dark Chocolate,5.96,210g,Halal
oatmeal,17,15,13012480,Captain Oats Oatmeal - Instant,3.75,800g + free 100g,
oatmeal,17,16,13059927,Quaker Oats Oatmeal - Quickcook,7.9,1.35kg,Halal
oatmeal,17,17,10992074,Quaker Oats Oatmeal - Quickcook (Refill Pack),3.41,400g,Halal
oatmeal,17,18,13277906,FairPrice Instant Oatmeal,2.7,400g,
oatmeal,17,19,13247907,Origins Health Food Organic Rolled Oat,4.95,500g,
oatmeal,17,20,13248130,Origins Health Food Raw Oat Bran,4.95,500g,
oatmeal,17,21,13070847,Kellogg's Crunchy Nut Oat Granola - Fruits & Nut,9.6,380g,Halal
oatmeal,17,22,13012481,Captain Oats Oatmeal - Quick Cook,4.98,800g + free 100g,
oatmeal,17,23,434788,Quaker Oats Oatmeal - Quickcook (Tin),7.03,800g,Halal
oatmeal,17,24,13055082,Vitamax Instant Oatmeal,3.55,700g,Halal
oatmeal,17,25,13262181,Quaker Chia Seed Oatmeal Beverage - Nuts Flavour,9.1,10 x 29g,
oatmeal,17,26,13291250,Mayver's High Protein+ Granola - Caramelised Honey Oat,11.9,400g,
omelet,14,1,90214000,NoStik Silicon Pan & Omelet Liner,19.95,1 S,
omelet,14,2,90059547,YAMAKI Japanese Rolled Egg Omelette Sauce,6.91,150 ML,
omelet,14,3,90201722,Otafuku Japanese Omelette Rice Sauce 300g Tub,5.9,300 G,
omelet,14,4,90107846,Neoflam Fika Omelette Pan - 15cm,56.0,1 S,
omelet,14,5,90174512,Sanwa Omelette Pudding Jelly + Pop Candy_30pc,15.05,450 G,
bagel,14,1,90248871,Everiday Gluten Free Plain Bagel,13.0,400 G,
bagel,14,2,90118991,ISMY Bagelen Butter Flavour Crispy Toast Bread,5.5,1 S,
casserole,12,1,13290093,Winnie Aluminium Casserole 4.67L,159.9,1 per pack,
casserole,12,2,13234368,Tramontina 24cm Paris Texture Casserole,41.9,1 per pack,
casserole,12,3,1,Table Matters Everyday Chef 16cm Non Stick Casserole Pot,23.88,1 S,
casserole,12,4,90086358,"Chasseur Cast Iron Oval Casserole 35cm 8,5Ltr Orange/Sand",388.0,1 S,
casserole,12,5,90086359,"Chasseur Cast Iron Oval Casserole 35cm 8,5Ltr Red/Black",388.0,1 S,
casserole,12,6,90146007,"Chasseur Cast Iron Oval Casserole 33cm 7,1 Ltr Rosewood/Black",368.0,1 S,
casserole,12,7,90086340,"Chasseur Cast Iron Oval Casserole 33cm 7,1Ltr Red/Black",348.0,1 S,
casserole,12,8,90086341,"Chasseur Cast Iron Oval Casserole 33cm 7,1Ltr Red/Sand",368.0,1 S,
casserole,12,9,90086339,"Chasseur Cast Iron Oval Casserole 7,1Ltr - 33cm Quartz/Black",368.0,1 S,
casserole,12,10,90146009,"Chasseur Cast Iron Round Casserole 28cm 6,1 Ltr Rosewood/Blac",338.0,1 S,
casserole,12,11,90086373,"Chasseur Cast Iron Round Casserole 28cm 6,1Ltr Red/Black",338.0,1 S,
casserole,12,12,90086360,Chasseur Cast Iron Oval Casserole 31cm 6Ltr Orange/Sand,338.0,1 S,
casserole,12,13,90086361,Chasseur Cast Iron Oval Casserole 31cm 6Ltr Red/Black,338.0,1 S,
casserole,12,14,90086372,"Chasseur Cast Iron Round Casserole 28cm 6,1Ltr Orange/Sand",338.0,1 S,
casserole,12,15,90086374,Chasseur Cast Iron Round Casserole 26cm 5Ltr Red/Black,358.0,1 S,
casserole,12,16,90086363,Chasseur Cast Iron Oval Casserole 29cm 5Ltr Orange/Sand,298.0,1 S,
casserole,12,17,90086362,Chasseur Cast Iron Oval Casserole 5Ltr - 29CM Quartz/Black,298.0,1 S,
casserole,12,18,90146008,Chasseur Cast Iron Oval Casserole 29cm 5 Ltr Rosewood/Black,288.0,1 S,
casserole,12,19,90086378,Chasseur Cast Iron Round Casserole 24cm 4Ltr Red/Black,308.0,1 S,
casserole,12,20,90086376,Chasseur Cast Iron Round Casserole 4Ltr - 24cm Quartz/Black,278.0,1 S,
bagels,12,1,90248871,Everiday Gluten Free Plain Bagel,13.0,400 G,
bagels,12,2,90199449,Bagless vacuum cleaner Black BGC21X3GB,449.0,1 S,
bagels,12,3,90252021,Philips Bagless and Corded Vacuum Cleaner (FC9350),165.0,1 S,
bagels,12,4,0550,Karcher 1100W Bagless Vacuum Cleaner VC 3 Plus (1.198-055.0),159.0,1 S,
bagels,12,5,90252003,Electrolux Bagless and Corded Canister Vacuum Cleaner (Z1231),135.0,1 S,
bagels,12,6,90014087,PowerPac Wet & Dry Vacuum Cleaner - Bagless (PPV1500),95.9,1 S,
bagels,12,7,90256264,PowerPac Bagless Vacuum Cleaner 1200W PPV1222,69.9,1 S,
bagels,12,8,90118991,ISMY Bagelen Butter Flavour Crispy Toast Bread,5.5,1 S,
ostrich,12,1,90119367,Sanabelle Adult Ostrich Dry Cat Food for Adult Cats,183.0,10 KG,
doughnut,12,1,161620,Prima Mix Doughnut Mix,2.7,350g,
doughnut,12,2,13291386,Ben & Jerry's Ice Cream - Strawberry Doughnut-eee,15.18,465ML,
doughnut,12,3,10,Vitantonio Doughnut Baking Plates (PVWH-10),49.0,1 S,
doughnut,12,4,90227244,RedMan Cutter Doughnut (7cm),8.0,1 S,
doughnut,12,5,90147684,Cakeland Stainless Steel Doughnut Mould,7.36,1 PC,
doughnut,12,6,90227708,RedMan Doughnut Cutter (6cm),7.2,1 S,
doughnut,12,7,90037215,Vesta Stainless Steel Doughnut Maker 31Cm,3.5,1 PC,
chocolate,14,1,12683670,M&M's Chocolate Candies - Peanut (Funsize),7.8,175.5g (13 per pack),
chocolate,14,2,12700043,Milo Chocolate Malt Milk UHT Packet Drink,16.95,24 x 200ml (CTN),
chocolate,14,3,12708770,Milo Chocolate Malt Milk UHT Packet Drink -Less Sugar,19.5,24 x 200ml (CTN),Halal
chocolate,14,4,12683849,Snickers Chocolate Bar - Funsize,7.8,12 x 20g,
chocolate,14,5,13190429,Nestle Kit Kat Milk Chocolate Pack,11.4,18 x 15g,Halal
chocolate,14,6,12603773,Kinder Bueno Chocolate Wafer Bar - Milk T2x10 Valuepack,13.95,8 + 2 free per pack,
chocolate,14,7,13273564,Nestle Kit Kat 2 Finger Chocolate Bar - Milk,7.45,10 x 15g,
chocolate,14,8,12683443,M&M's Chocolate Candies - Milk (Funsize),7.8,175.5g (13 per pack),
chocolate,14,9,12704800,Milo Chocolate Malt Milk UHT Packet Drink,27.45,40 x 125ml (CTN),Halal
chocolate,14,10,13028905,Maltesers Milk Chocolate - Fun Size,7.4,144g,Halal
chocolate,14,11,13286951,Snickers Chocolate Bar - Strawberry,5.5,154g,Halal
chocolate,14,12,13029003,Snickers Chocolate Bar - Peanut,5.8,153g,Halal
chocolate,14,13,13230549,Kinder Bueno - Mini,7.5,18 per pack,
chocolate,14,14,13061037,Lindt Lindor Cornet Chocolate Balls - Hazelnut,18.5,200g,
chocolate,14,15,13184352,Cadbury Dairy Milk Sharepack Chocolate,7.05,144g,
chocolate,14,16,13286573,Kinder Bueno Chocolate Wafer Bar - Dark T2,2.75,43g,Halal
chocolate,14,17,13166228,Nestle Milo Nuggets - Party Packs,6.95,8 x 15g,Halal
chocolate,14,18,13042672,Kinder Bueno Chocolate Wafer Bar - Milk T2x3 Flowpack,7.5,3 x 43g,
chocolate,14,19,464545,Toblerone Tiny Chocolate Sharebag - Milk,6.75,200g,
chocolate,14,20,11665454,Toblerone Tiny Chocolate Sharebag - Dark Chocolate,6.75,200g,
brussels,12,1,90202303,Churo Brussels Sprouts - Frozen,5.6,1 KG,
brussels,12,2,90174338,Yuan Zhen Yuan Brussels Sprout,4.75,250 G,
brussels,12,3,90235192,Punched Foods Frozen Brussels Sprouts,8.8,1 KG,
brussels,12,4,13267864,Lilchef Brussel Sprouts,9.95,400g,
brussels,12,5,90103428,Brussel Sprouts,5.45,250 G,
brussels,12,6,90084326,Gelcampo Brussel Sprouts,31.28,2.5 KG,
brussels,12,7,13161887,Oral-B Interdental Brushes - Size 0 - 1,10.08,10 per pack,
brussels,12,8,90254109,Nordics Interdental Brushes L-Shaped 0.4mm,10.8,10 S,
brussels,12,9,90024927,Natural Aid Bumps and Bruises Cream,33.0,60 ML,
brussels,12,10,90253557,Popoto Instant Camera Mini Two-Tone Color Brunfelsia,149.0,1 S,
brussels,12,11,90252982,HOTO 16V Brushless Drill,129.0,1 S,
brussels,12,12,90118638,Lila Loves It Brush Cleaner to Clean Dog Brushes,16.0,1 S,
brussels,12,13,90007376,Catch Seafood Chilean Mussels Whole,8.9,1 KG,
brussels,12,14,90007405,Catch Seafood New Zealand Mussels,6.84,300 G,
brussels,12,15,90095277,Snow Treasures Premium Half Shell Mussels,18.48,907 G,
brussels,12,16,90007377,Catch Seafood New Zealand Mussels,19.5,907 G,
brussels,12,17,90212372,Agromar Mussels In Garlic Sauce with Olive Oil,17.01,190 G,
brussels,12,18,90222655,Lulina Mussels In Escabeche (Medium) - 13 to 18 Pieces,15.9,111 G,
brussels,12,19,1,Agromar Mussels In Garlic Sauce with Olive Oil,11.87,114 G,
brussels,12,20,90213901,Agromar Mussels In Escabeche Sauce with Cider Vinegar,11.87,114 G,
toast,15,1,90190066,IQBar IQJoe Enhanced Instant Coffee Toasted Hazelnut,3.8,8 G,
toast,15,2,10983506,Sunshine Hokkaido Milk Toast Bread,3.6,400g,
toast,15,3,13046008,President Cheese Slices - Emmental Toast,6.81,200g (10 per pack),
toast,15,4,90197261,The GFB Protein Bar - Cranberry Toasted Almond (CTN),64.0,58 G,
toast,15,5,13027685,Cowhead Cheese - Toast Melt (Cheddar),4.95,250g,Halal
toast,15,6,13012303,Food People Toast Spread - Black Sesame Seeds,5.6,170g,
toast,15,7,13265985,Good Today Toast Biscuit,3.95,320g,
toast,15,8,90184078,IQBar Plant Protein Bar - Toasted Coconut Chip,5.5,45 G,
toast,15,9,13197832,Ritz Toasted Chips - Sour Cream & Onion,4.9,229g,
toast,15,10,13197831,Ritz Toasted Chips - Cheddar,4.9,229g,
toast,15,11,90184077,IQBar Plant Protein Bar - Toasted Coconut Chip x12,59.0,45 G,
toast,15,12,13054783,The Laughing Cow Cheese Slices - Toast,6.0,200g,
toast,15,13,13197830,Ritz Toasted Chips - Original,4.9,229g,
toast,15,14,90197266,The GFB Protein Bar - Cranberry Toasted Almond,5.9,58 G,
toast,15,15,90058012,Clearspring Organic Toasted Sesame Oil,13.8,250 ML,
toast,15,16,13276612,Blue Diamond Natural Toasted Smokehouse Almonds,6.7,150g,
toast,15,17,13276611,Blue Diamond Natural Toasted Almonds,6.7,150g,
toast,15,18,90190062,IQBar IQJoe Enhanced Instant Coffee Toasted Hazelnut,98.0,40 x 8 G,
toast,15,19,90058013,Clearspring Organic Toasted Sesame Oil,16.95,500 ML,
toast,15,20,1,Toast Box Nonya Kaya,6.8,250 G,
stew,12,1,13240799,Hai's Asia Joy Korean Paste- Army Stew,2.0,70g,Halal
stew,12,2,90251294,House Japan Cream Stew Mix Pack,5.6,102 G,
stew,12,3,13234091,Seah's Stewed Fragrant Spices,2.52,32g,
stew,12,4,13148985,Nissin Instant Cup Noodles - Korean Army Stew,1.66,76g,
stew,12,5,13099257,Samyang Hot Chicken Instant Ramen - Stew Type,8.98,5 x 145g,
stew,12,6,13243171,Tefal Air Stew Pot - 24cm (E25446),159.0,1 per pack,
stew,12,7,13055473,Narcissus Can Food - Stewed Pork Chops,6.05,397g,
stew,12,8,13056862,Narcissus Can Food - Stewed Pork,3.81,256g,
stew,12,9,13046448,Narcissus Can Food - Stewed Pork Sliced,5.45,383g,
stew,12,10,13056867,Narcissus Can Food - Stewed Pork,4.95,397g,
stew,12,11,13056871,Narcissus Can Food - Stewed Pork Chops,5.05,256g,
stew,12,12,13022757,Gulong Stewed Pork Sliced,5.66,383g,
stew,12,13,187329,Gulong Stewed Pork Chop,5.15,397g,
stew,12,14,10624853,Gulong Stewed Pork,3.51,256g,
stew,12,15,13046544,Q-three Can Food - Stewed Pork Chops,4.85,397g,
stew,12,16,13026794,Q-three Can Food - Stewed Pork,2.35,256g,
stew,12,17,13271742,Lim Kee Wholemeal Bun - Stewed Pork,2.45,140g (4 per pack),
stew,12,18,12650262,Hunt's Tomato Stewed,4.15,411g,
stew,12,19,13140785,Golden Bridge Stewed Pork Sliced,7.6,380g,
stew,12,20,13184497,Golden Bridge Pork Ribs (Stewed),7.6,380g,
frostings,13,1,90195169,Mionix Long Pad Frosting Wrist Pad or Mouse Pad - Pink,19.9,1 S,
frostings,13,2,13180963,Kellogg's Cereal - Frosties,9.2,450g,Halal
frostings,13,3,395310,Kellogg's Cereal - Frosties,6.6,300g,
frostings,13,4,494609,Kellogg's Cereal - Frosties,4.5,175g,
frostings,13,5,90211676,Kellogg's Frosties Shower Gel,17.0,500 ML,
restaurant,11,1,13274482,Yorihada Squid Kimchi Pancake by Restaurant Gyodong Jeon,7.45,260g,
restaurant,11,2,13015881,Soup Restaurant Samsui Sauce - Ginger,6.93,174g,Halal
restaurant,11,3,13252670,Tostitos Tortilla Chips - Classic Restaurant Style,7.74,250g,
restaurant,11,4,13015645,Soup Restaurant Samsui Sauce - XO,6.93,150g,
restaurant,11,5,13015665,Soup Restaurant Samsui Sauce - Sambal,6.93,150g,
restaurant,11,6,90234523,LEGO 75640 ONE PIECE The Baratie Floating Restaurant,404.9,1 S,
restaurant,11,7,90224001,LEGO 77076 Fortnite Durrr Burger Restaurant,85.4,1 S,
restaurant,11,8,90174617,Bormioli Rocco Restaurant Water Star Glass 43cl Blue,36.0,430 ML,
restaurant,11,9,90221344,RedMan Mayonnaise - (Restaurant Type),12.8,1 L,
novelties,11,1,90006551,MTRADE Five Stones Game,13.0,12 S,
novelties,11,2,90006560,MTRADE Mini Balance Puzzle Game Assortment,10.9,24 S,
novelties,11,3,90006556,MTRADE Magic Cube Game,9.9,6 S,
novelties,11,4,13138901,HomeProud Party Balloons - Novelty Shape,2.9,20 per pack,
novelties,11,5,90006592,MTRADE Animal Gel Roller Pen 0.5mm Black Ink,36.0,48 S,
novelties,11,6,90006577,MTRADE Sea Animal Peg-Top Stamper,13.9,24 S,
novelties,11,7,90006575,MTRADE Zoo Animal Peg-Top Stamper,13.9,24 S,
novelties,11,8,90006574,MTRADE Farm Animal Peg-Top Stamper,13.9,24 S,
novelties,11,9,90006573,MTRADE Dinosaur Peg-Top Stamper,13.9,24 S,
novelties,11,10,90006579,MTRADE Mini Smile Face Erasers,8.9,30 S,
novelties,11,11,90006566,MTRADE Mini Shapes Rainbow Magic Spring,5.0,12 S,
taro,12,1,90067762,Mr Joy's Steamboat Taiwan Taro Cube,5.8,350 G,
taro,12,2,13243923,Binggrae UHT Flavored Packet Milk - Taro,6.73,6 x 200ml,
taro,12,3,90173893,Haifusheng Instant Porridge - Taro Vegetable,2.97,40 G,
taro,12,4,90162975,KiomKee QQ Taro Stuffed Sweet Potato Ball,6.48,300 G,
taro,12,5,90098353,Nagatanien Sushi Taro Gomokuchirashi,7.65,198 G,
taro,12,6,90070673,KiomKee Crispy Taro Roll,5.41,250 G,
taro,12,7,90210129,Disposable Tablecloth - Taro Purple,4.12,1 S,
taro,12,8,90230337,Disposable Round Tablecloth - Taro,4.01,1 S,
taro,12,9,90239970,stryv LumiStyler - Taro Cloud,79.0,1 S,
taro,12,10,90105709,Gin Thye Crispy Eight Treasure Taro Pastry 8pcs/box,29.9,8 PC,
taro,12,11,90187697,Sweet Home Multifunctional Wavy Hooks Hanger - Taro Purple,15.9,10 S,
taro,12,12,90223610,RedMan Taro Powder,15.2,1 KG,
taro,12,13,90222842,Too Cool For School Frottage Pencil 17 Taro Chiffon,10.0,1.1 G,
taro,12,14,90150239,Aroi Coconut Crispy Rolls - Taro,2.0,40 G,
taro,12,15,13167850,CocoThumb Fresh Coconut,3.9,1 per pack,Organic
taro,12,16,13196980,Fresh Mini Thailand Watermelon,4.5,1.2kg,
taro,12,17,13193951,Fresh Red Dragonfruit,2.2,2 per pack,
taro,12,18,13252351,FairPrice Potong Ice Cream - Teh Tarik,2.9,6 x 65g,Halal
taro,12,19,13281376,[BCRS] Minute Maid Pulpy Bottle Juice Drink - Tropical,3.25,1.5L,Halal
taro,12,20,90213499,Fisher's Catch Salmon Cube (Rainbow Trout),15.0,500 G,
fruit,12,1,90090838,YayaPapaya Tangerines,6.5,1 KG,
fruit,12,2,13167850,CocoThumb Fresh Coconut,3.9,1 per pack,Organic
fruit,12,3,13196980,Fresh Mini Thailand Watermelon,4.5,1.2kg,
fruit,12,4,90174938,YayaPapaya Orange Sunkist,4.85,4 S,
fruit,12,5,13193951,Fresh Red Dragonfruit,2.2,2 per pack,
fruit,12,6,10632060,Fresh Blueberries,3.95,125g,
fruit,12,7,10896998,China Premium Fuji Apple,4.85,4 per pack,
fruit,12,8,90074785,YayaPapaya Lemon,4.75,1 S,
fruit,12,9,13198956,China Fuji Apples,3.45,5 per pack,
fruit,12,10,13287100,France Legend Apple,6.9,700g,
fruit,12,11,90074788,YayaPapaya Grapefruit,1.5,1 S,
fruit,12,12,90074777,YayaPapaya Orange,3.25,1 S,
fruit,12,13,13024402,Donut Peach,5.95,500g,
fruit,12,14,90074790,YayaPapaya Dragonfruit Red,3.55,1 S,
fruit,12,15,13288765,Malaysia Red Seedless Watermelon,5.5,1 per pack,
fruit,12,16,13137896,Sumifru Sweet Mountain Bananas,4.0,820g,
fruit,12,17,13151589,Sunkist Australia Delite Mandarin,5.95,400g,
fruit,12,18,13132201,Pasar Longan,4.75,850g,
fruit,12,19,13218308,CGPL South Africa Lemon,2.85,750g,
fruit,12,20,13174747,Pasar Thai Young Coconut,2.25,1 per pack,
taco,11,1,90145727,"Santa Maria Tex Mex Taco Tubs Dinner Kit, 298G",10.6,298 G,
taco,11,2,10729209,Doritos Tortilla Chips - Taco,4.95,190g,
taco,11,3,10386664,Old El Paso Taco Spice Mix - Mild Spicy,2.59,25g,
taco,11,4,90145734,Santa Maria Taco Spice Mix - Fish,3.8,25 G,
taco,11,5,90218066,Casa Del Sur Taco Shells,5.52,150 G,
taco,11,6,13270883,Mission Wraps - Street Tacos,6.3,375g,
taco,11,7,13291689,Calbee Jagabee Potato Chips - Taco Beef (Wave Cut),5.95,80g,
taco,11,8,90145676,Santa Maria Tex Mex Taco Spice Mix Mild,3.6,28 G,
taco,11,9,13273010,Good Today Pretzel Snack - Mix Mexican Taco,2.0,65g,
taco,11,10,90217627,Casa del Sur Taco Sauce,7.9,230 G,
taco,11,11,90146112,"Santa Maria Mini Taco Tubs (10 pieces), 86G",7.9,86 G,
taco,11,12,90145733,Santa Maria Taco Spice Mix - Chicken,3.8,28 G,
taco,11,13,90190428,Cannamela Cannamela Mix for Tacos & Burritos,5.52,25 G,
taco,11,14,90145722,"Santa Maria Tex Mex Taco Tubs (8-Pack), 145G",6.9,145 G,
taco,11,15,90221145,Quest Protein Chip - Tortilla Chips Loaded Taco,47.5,8 S,
taco,11,16,13257231,Cholula Seasoning Mix - Original Taco (Medium),3.3,28g,
taco,11,17,90167075,Santa Maria Organic Taco Sauce Medium,5.8,230 G,
taco,11,18,90205674,Korea's Samjin Mini Mix Mexican Taco,2.4,65 G,
taco,11,19,13038696,Tao Kae Noi Crispy Seaweed - Original,4.64,59g,Halal
taco,11,20,12678628,Tao Kae Noi Big Bang Grilled Seaweed - Classic,3.95,50g,
mein,12,1,13196980,Fresh Mini Thailand Watermelon,4.5,1.2kg,
mein,12,2,11208122,Pasar Mini Romaine,1.95,300g,
mein,12,3,13280658,Pasar Fresh Malaysia Lean Minced Pork,5.8,300g,
mein,12,4,13097678,Kee Song Fresh Chicken - Minced,6.2,300g,Halal
mein,12,5,12714767,[BCRS] FairPrice Pure Drinking Water,6.5,12 x 1.5L,
mein,12,6,13281379,[BCRS] Coca-Cola Mini Can Drink - Classic,5.25,6 x 180ml,Halal
mein,12,7,13281412,[BCRS] Coca-Cola Mini Can Drink - Zero Sugar,5.25,6 x 180ml,Halal
mein,12,8,13281509,[BCRS] Evian Natural Mineral Bottle Water,17.75,6 x 1.5L,
mein,12,9,13281485,[BCRS] Sprite Sparkling Lemon Lime Can Drink - Mini,5.25,6 x 180ml,Halal
mein,12,10,12715145,[BCRS] Evian Natural Mineral Bottle Water,25.95,330ml x 24S,
mein,12,11,12714761,[BCRS] FairPrice Natural Mineral Bottle Water,7.4,12 x 1.5L,Halal
mein,12,12,12714759,[BCRS] FairPrice Natural Mineral Bottle Water,8.7,24 x 550ml,
mein,12,13,12715120,[BCRS] Evian Natural Mineral Bottle Water,29.75,12 x 1.5L (CTN),
mein,12,14,13281621,[BCRS] Minute Maid Qoo Can Drink - White Grape,11.1,12 x 300ml,
mein,12,15,13280753,[BCRS] Schweppes Manao Soda Mini - Lemon lime,5.9,6 x 180ml,Halal
mein,12,16,13281377,[BCRS] Minute Maid Plus+ Fruit Drink - Orange,3.25,1.5L,Halal
mein,12,17,13281634,[BCRS] Fuze Tea Flavoured Tea Bottle Drink - Peach Mint,1.85,1.5L,Halal
mein,12,18,12715106,[BCRS] Evian Natural Mineral Bottle Water,34.95,24 x 500ml (CTN),
mein,12,19,13281167,[BCRS] FairPrice Natural Mineral Bottle Water,2.15,6 x 550ml,
mein,12,20,13281017,[BCRS] Volvic Natural Mineral Bottle Water,15.95,6 x 1.5L,
poultry,10,1,13224928,Amir's Premium Frozen Meat - Chicken Cube,6.55,400g,Halal
poultry,10,2,13097675,Kee Song Fresh Chicken - Boneless Breast,5.8,300g,Halal
poultry,10,3,13097673,Kee Song Fresh Chicken - Thighs,5.1,300g,Halal
poultry,10,4,13224927,Amir's Premium Frozen Meat - Minced Chicken,4.84,300g,Halal
poultry,10,5,13097670,Kee Song Fresh Chicken - Kampong,12.3,900g,Halal
poultry,10,6,13097679,Kee Song Fresh Chicken - Whole Leg,5.2,300g,Halal
poultry,10,7,13097678,Kee Song Fresh Chicken - Minced,6.2,300g,Halal
poultry,10,8,13224926,Amir's Stir Fry Chicken,3.75,1 per pack,Halal
poultry,10,9,13097674,Kee Song Fresh Chicken - Whole,15.3,1.4kg,Halal
poultry,10,10,13097629,Kee Song Fresh Chicken - Mid Joint Wings,6.3,300g,Halal
poultry,10,11,90244319,Fried Chicken Breast Meat,9.9,1 KG,Halal
poultry,10,12,90198604,Kizmiq Chicken Ham Cube Halal - Frozen (CTN),195.6,12 x 1 KG,Halal
poultry,10,13,13097671,Kee Song Fresh Chicken - Black,7.67,400g,
poultry,10,14,90198584,Kizmiq Chicken Ham Cube Halal - Frozen,17.2,1 KG,Halal
poultry,10,15,13097672,Kee Song Fresh Chicken - Wings,4.4,300g,Halal
poultry,10,16,13097677,Kee Song Fresh Chicken - Drumstick,5.5,300g,Halal
poultry,10,17,13176928,Seara Frozen Chicken - Legs (Boneless),8.95,2kg,Halal
poultry,10,18,13104103,Sadia IQF Skinless Chicken Breast,7.95,1kg,Halal
poultry,10,19,10849841,Sadia Frozen Chicken Boneless Leg Meat,8.95,2kg,Halal
poultry,10,20,13174421,Seara Frozen Chicken Wings,9.45,2kg,Halal
tortellini,10,1,90143755,Arrighi Tortellini Cheese Pasta - Al Formaggio Cheese,9.0,250 G,
tortellini,10,2,90143754,Arrighi Tortellini Cheese Pasta - Al Funghi,9.0,250 G,
sundae,10,1,90242076,Quest Overload Protein Bar - Sundae Funday,58.43,12 x 63 G,
sundae,10,2,90222768,Maxine's Burn Protein Powder - Strawberry Sundae,42.32,500 G,
sundae,10,3,90178860,Maison Margiela Replica Lazy Sunday Morning Eau de Toilette,169.9,100 ML,
sundae,10,4,90163473,Sunday Pets Adult Gentle Baked Grain-Free Hoki (S/M Breed),28.95,1.3 KG,
sundae,10,5,90167731,Sunday Pets New Zealand Freeze Dried King Salmon,16.09,50 G,
lentils,10,1,13094031,Uncle Saba's Poppadoms Lentil Chip - Original,2.55,70g,Halal
lentils,10,2,13188910,Ayam Brand Tuna Light Meal-Chickpeas-Lentils&Quinoa(MildlySpicy),4.02,150g,Halal
lentils,10,3,12603917,Cirio Lenticchie (Lentils),3.2,410g,
lentils,10,4,13094032,Uncle Saba's Poppadoms Lentil Chip - Sweet Chilli,2.55,70g,Halal
lentils,10,5,90185846,LITALY Lentils,3.5,400 G,
lentils,10,6,90102309,Simply Natural Organic Red Split Lentils,8.0,500 G,Organic
lentils,10,7,13094034,Uncle Saba's Poppadoms Lentil Chip - Tomato Ketchup,2.55,70g,Halal
lentils,10,8,13094033,Uncle Saba's Poppadoms Lentil Chip - Korean BBQ,2.55,70g,Halal
lentils,10,9,90252476,La Fragua Extra Lentils,3.15,390 G,
lentils,10,10,90034257,Green Earth Organic Red Lentil,4.3,200 G,
lentils,10,11,90199971,Only Organic Carrots Red Lentils & Cheddar,27.0,6 x 120 G,Organic
lentils,10,12,90252594,Pasta d'Alba Organic Gluten Free Red Lentils Fusilli,8.49,250 G,Organic
lentils,10,13,90231148,BioJunior Organic Pasta Snail with Lentils,4.9,200 G,Organic
lentils,10,14,90223583,RedMan Decor Mini Chocolate Lentil,36.0,500 G,
lentils,10,15,90014251,Kiddylicious Lentil Straws,3.6,12 G,
lentils,10,16,90018921,Shahi Golden Masoor Dhal Split - Red Lentils,3.6,1 KG,
lentils,10,17,90014866,Shahi Golden Masoor Dhal Split (Red Lentils),1.9,500 G,
lentils,10,18,90099714,"Clearspring Quick Cook Organic Millet, Peas & Lentils",6.96,250 G,
lentils,10,19,90236912,Strianese Lentils,2.79,400 G,
lentils,10,20,90094204,Delphi Smoky Paprika & Red Lentil Houmous Vegan & Gluten Free,6.5,170 G,
breadsticks,10,1,90023893,"Schar Grissini, Breadsticks - Gluten Free",11.2,50 G,
breadsticks,10,2,90047489,Garden Picks Breadsticks ( Cinnamon Sugar ),12.22,300 G,
shake,11,1,13290150,McCormick Shake Shake Seasoning - Seaweed,5.25,55g,Halal
shake,11,2,13290160,McCormick Shake Shake Seasoning - Hot and Spicy,5.25,52g,Halal
shake,11,3,13259172,McCormick Shake Seasoning - Black Pepper & Truffle Flavour,5.25,57g,
shake,11,4,90135909,Kirei Uma Mayo Jaken Shake Seasoned Yummy Mayo Salmon Flakes,9.8,190 G,
shake,11,5,90066548,Maison Gourmet Sea Salt Shaker,4.03,225 G,
shake,11,6,11507050,Gatsby Moving Rubber Styling Wax - Wild Shake,9.78,80g,
shake,11,7,90094418,Quest Protein Shake Salted Caramel,72.5,12 x 325 ML,
shake,11,8,90222113,Lean Body Strawberry Protein Shake,84.9,12 x 500 ML,
shake,11,9,90222358,Quest Protein Shake - Coffee Milkshake,68.91,12 x 325 ML,
shake,11,10,90132750,Labrada Banana Protein Shake,84.9,500 ML,
shake,11,11,90094420,Quest Nutrition Protein Shake - Chocolate,72.5,12 x 325 ML,
shake,11,12,90222112,Lean Body Chocolate Peanut Butter Protein Shake,84.9,12 x 500 ML,
shake,11,13,90222074,Lean Body Salted Caramel Protein Shake,84.9,12 x 500 ML,
shake,11,14,90094419,Quest Nutrition Protein Shake Vanilla,72.5,325 ML,
shake,11,15,90222075,Lean Body Cafe Mocha Protein Shake,84.9,12 x 500 ML,
shake,11,16,90132749,Labrada Cookies n Cream Protein Shake,84.9,500 ML,
shake,11,17,12310348,Gatsby Moving Rubber Styling Wax - Wild Shake,4.89,15g,
shake,11,18,90132755,Labrada Mint Chocolate Protein Shake,86.71,12 x 500 ML,
shake,11,19,90132753,Labrada Chocolate Protein Shake,86.71,500 ML,
shake,11,20,90132752,Labrada Vanilla Protein Shake,86.71,12 x 500 ML,
turnips,11,1,90217617,Masseria Calongo Apulian Turnip Greens in Extra Virgin Olive,7.45,220 G,
biscuits,11,1,13262808,Nutella Biscuits,4.95,193.2g,Halal
biscuits,11,2,11157740,Hup Seng Crackers - Cream (Special),2.5,225g (10 per pack),
biscuits,11,3,491837,Mitsuya Tasty Biscuit Stick,1.9,40g,
biscuits,11,4,12083675,Julie's Sandwich Biscuits - Peanut Butter,5.6,360g (12 per pack),
biscuits,11,5,13160723,Ritz Sandwich Biscuits Multipack - Cheese Cream,3.0,243g,Halal
biscuits,11,6,12374819,Hup Seng Crackers - Cream,2.5,428g,Halal
biscuits,11,7,10797324,Khong Guan Sandwich Biscuits - Lemon Puff,2.8,260g (12 per pack),
biscuits,11,8,13021967,Khong Guan Biscuits - Marie (Premium),2.5,260g (12 per pack),Halal
biscuits,11,9,12080992,Julie's Crackers - Butter,2.94,250g,
biscuits,11,10,327454,Meiji Hello Panda Biscuits - Chocolate,6.67,234g (9 x 26g),
biscuits,11,11,13034311,Khong Guan Bite Sizes Biscuits - Fancy Gems,1.6,110g,Halal
biscuits,11,12,10397654,Khong Guan Assortment Biscuits - Family Pack,4.5,600g,Halal
biscuits,11,13,11178701,Hup Seng Crackers - Sugar,2.5,225g (10 per pack),
biscuits,11,14,12234429,Meiji Hello Panda Biscuits - Assorted,6.67,234g,Halal
biscuits,11,15,11157804,Hup Seng Crackers - Wholemeal,2.5,225g (10 per pack),
biscuits,11,16,297756,Meiji Yan Yan Stick Biscuits - Chocolate,1.37,50g,
biscuits,11,17,13021988,Khong Guan Assortment Biscuits - Grade 1,3.6,800g,
biscuits,11,18,12021917,Julie's Sandwich Biscuits - Cheese,5.6,336g (12 per pack),
biscuits,11,19,13040299,Quaker Oats - Chocolate Chips Oat Cookies,2.9,6 x 25g,Halal
biscuits,11,20,13084527,Munchy's Oat Krunch Crackers - Chunky Hazelnut,3.78,208g (8 per pack),Halal
coleslaw,10,1,12129012,Lady's Choice Dressing - Coleslaw,3.51,250ml,Halal
coleslaw,10,2,13096850,FairPrice Dressing - Coleslaw,4.08,310g,Halal
ns,9,1,13077167,Panadol Extra with Optizorb Caplets,9.95,20 per pack,
ns,9,2,13069119,Panadol with Optizorb Caplets,7.95,20 per pack,
ns,9,3,13282963,Panadol Extra with Optizorb Caplets,13.25,30 per pack,
ns,9,4,13259430,Panadol Cough & Cold,14.45,16 per pack,
ns,9,5,13096480,Panadol ActiFast Caplets,11.75,20 per pack,
ns,9,6,10947003,Panadol Extend For Muscle & Joint Pain Relief Caplets 18 per pack,9.95,18 per pack,
ns,9,7,13074422,Panadol Cold Relief PE Caplets,11.95,12 per pack,
ns,9,8,13098698,Nurofen Express Tablets,10.35,12 per pack,
ns,9,9,13091836,Nurofen Coated Tablets,7.1,12 per pack,
ns,9,10,13004346,Panadol Cold + Flu Sinus Max Caplets,11.95,12 per pack,
ns,9,11,13098848,Panadol Cold & Flu Hot Remedy - Lemon,8.75,5 per pack,
ns,9,12,11074806,Panadol Children's Suspension - Orange (1 - 12 Years),10.75,60ml,
ns,9,13,13290376,Panadol Menstrual Caplets,9.95,20 per pack,
ns,9,14,13112490,Nurofen for Children Oral Suspension - Orange,12.55,60ml,
ns,9,15,13118393,Dhamol Suspension Liquid,6.55,250ml,
ns,9,16,13056789,Panadol Children's Chewable Tablets - Cherry,8.75,24 per pack,
ns,9,17,13119448,Panadol Extra with Optizorb Caplets,55.75,120 per pack,
ns,9,18,61747,Panadol Children's Suspension - Strawberry (1 Month+),9.75,60ml,
ns,9,19,90161167,Beryl's 80% Cacao Dark Chocolate Bar (NSA),8.0,90 G,
ns,9,20,90161168,Beryl's 99% Cacao Dark Chocolate Bar (NSA),8.0,90 G,
syrups,9,1,90115617,Mathieu Teisseire Rose Syrup,17.9,700 ML,
syrups,9,2,13280896,[BCRS] Ribena Blackcurrant Cordial - Regular,14.67,2L,Halal
syrups,9,3,13280951,[BCRS] Ribena Blackcurrant Cordial - Regular,8.31,850ml,Halal
syrups,9,4,90201232,Zerup Zero Sugar Syrup - Cane Sugar +,16.9,1 L,
syrups,9,5,10630911,Rose Brand Syrup - Rose,5.05,750ml,
syrups,9,6,13292570,[BCRS] Ribena Blackcurrant Cordial - Regular + GWP,14.67,2L,Halal
syrups,9,7,10681890,Asia Farm Cordial - Fruit Punch,5.55,2L,
syrups,9,8,90116958,Mathieu Teisseire Kiwi Syrup,23.9,1000 ML,
syrups,9,9,13228292,Fairprice Cordial Juice - Orange,4.55,2L,
syrups,9,10,13239861,Hershey's Chocolate Syrup,7.2,623g,
syrups,9,11,90186453,Zerup Zero Sugar Syrup - White Peach,16.9,1 L,
syrups,9,12,90115626,Mathieu Teisseire Almond Syrup,17.9,700 ML,
syrups,9,13,210807,Dragon Coin Syrup - Rose,2.5,1L,Halal
syrups,9,14,90115616,Mathieu Teisseire Okinawa Syrup,17.9,700 ML,
syrups,9,15,13197490,Hershey's Chocolate Syrup - Special Dark,7.2,623g,
syrups,9,16,12127084,Asia Farm Syrup - Barley,5.55,2L,
syrups,9,17,210790,Dragon Coin Fruit Cordial - Orange Squash,2.29,1L,Halal
syrups,9,18,13242344,Gum Tea Premium Honey Lemon,16.2,1kg,
syrups,9,19,90054294,Rooh Afsa Rose Syrup 700Ml -- By Dashmesh,4.99,700 ML,
syrups,9,20,90230988,Captain Salty Lemon Syrup,21.8,600 ML,
nachos,9,1,90145717,"Santa Maria Tex Mex Nacho Chips Original, 475G",9.0,475 G,
nachos,9,2,10729188,Doritos Tortilla Chips - Nacho Cheese,4.95,190g,
nachos,9,3,11464820,Doritos Tortilla Chips - Spicy Nacho,4.95,190g,
nachos,9,4,90167094,"Santa Maria Dip Nachos Cheese Style, 250G",6.9,250 G,
nachos,9,5,13252001,FairPrice Tortilla Chips - Nacho Cheese,4.05,190g,Halal
nachos,9,6,13252002,Fairprice Tortilla Chips - Spicy Nacho Cheese,4.05,190g,Halal
nachos,9,7,13287308,California Creamery Nacho Cheese Sauce & Tortilla Chips,5.5,134g,Halal
nachos,9,8,13237352,Doritos Tortilla Chip - Nacho Cheese,1.75,65g,
nachos,9,9,90253573,Santa Maria Giant Tortilla Chips Nacho Cheese,5.75,160 G,
nachos,9,10,90094404,Quest Protein Chips Nacho Cheese,47.5,8 x 32 G,
nachos,9,11,12707890,Doritos Tortilla Chips - Nacho Cheese,44.08,48 x 31.8g (CTN),
nachos,9,12,13017957,California Creamery Nacho Cheese Sauce,7.03,4 x 99g,
nachos,9,13,90224428,Zanuy Tortilla Chips - Nachos Cheese,3.5,200 G,
nachos,9,14,90221134,RedMan Nacho Cheese (Cheddar),36.0,3 L,
nachos,9,15,90224501,Zanuy Nachos Chips,3.5,150 G,
nachos,9,16,13291016,Munchy's Oat Krunch Oat & Grain Crisps - Nacho Cheese,2.5,70g,Halal
nachos,9,17,13149967,Arnott's Shapes Original Biscuits - Nacho Cheese,4.55,160g,
nachos,9,18,1,Legendary Protein Popped Chips High Protein - Nacho Cheese,52.51,7 x 34 G,
nachos,9,19,90175418,Maxicorn Snacks Nacho Cheese Flavored Tortilla Chips,3.98,140 G,
nachos,9,20,90162762,Doritos Nacho Chips - Masala Mayhem Flavour,3.89,61 G,
topping,9,1,105214,Bake King Topping - Hundreds & Thousands (Nonpareils Colour Balls),3.0,80g,Halal
topping,9,2,12181638,Bake King Topping - Chocolate Rice,3.05,60g,Halal
topping,9,3,90047563,Garden Picks Multi Grain Topping,10.0,1000 G,
topping,9,4,90008023,Hamaotome Ume Konbu Furikake Japanese Rice Topping,5.2,20 G,
topping,9,5,90251270,S&B Umami Topping Crunchy Garlic With Chili Oil Tin,24.9,400 G,
topping,9,6,90142347,Marutomo Koebi Dried Shrimps Toppings,4.99,10 G,
topping,9,7,90064762,Hamaotome Ochazuke Nori Flavour Japanese Instant Rice Topping,5.8,56 G,
topping,9,8,90221150,RedMan Crunchy Chocolate Topping,17.6,1 KG,
topping,9,9,90247100,OTAFUKU Ika Tenkatsu Mala Fried Tempura Bits Toppings,5.7,30 G,
topping,9,10,90223202,RedMan Crunchy Choco Topping,5.6,250 G,
topping,9,11,1,Marutomo Koebi Dried Shrimps Toppings,4.95,10 G,
topping,9,12,90066028,Itsuki An Tenpura Soba Noodle Soup (With Sauce And Topping) 1,3.95,165 G,
topping,9,13,13286204,FairPrice Shredded Pizza Topping Cheese,5.2,225g,Halal
topping,9,14,90221968,RedMan Topping Sauce - Raspberry,28.0,1 KG,
topping,9,15,90221884,RedMan Topping Sauce - Iris Caramel,25.6,1 KG,
topping,9,16,90222011,RedMan Topping Sauce - Butterscotch,23.2,1 KG,
topping,9,17,90221885,RedMan Topping Sauce - Strawberry,20.8,1 KG,
topping,9,18,90221921,RedMan Topping Sauce -  Iris Chocolate,20.0,1 KG,
topping,9,19,90143563,Hershey's Shell Topping Chocolate Syrup,13.9,250 G,
topping,9,20,90222349,RedMan Caramel Topping Sauce,7.7,700 G,
grits,9,1,90241438,The 16 PU  Corn Grits,3.5,500 G,
grits,9,2,90225044,Bob's Red Mill Organic Corn Grits (Polenta),9.6,680 G,
grits,9,3,90225054,Bob's Red Mill Gluten Free Corn Grits (Polenta),8.0,680 G,
grits,9,4,13108891,Tahuna Hawke's Bay White Wine - Pinot Gris,26.0,750ml,
grits,9,5,90015598,Gits Heat & Eat - Palak Paneer 285G -- By Dashmesh,3.53,285 G,
grits,9,6,90015591,Gits Heat & Eat - Dal Makhani 300G -- By Dashmesh,2.42,300 G,
grits,9,7,13269554,Oyster Bay White Wine - Pinot Gris,39.0,750ml,
grits,9,8,90015592,Gits Heat & Eat - Dal Palak 300G -- By Dashmesh,2.5,300 G,
grits,9,9,90015599,Gits Heat & Eat - Paneer Makhani 285G -- By Dashmesh,3.53,285 G,
grits,9,10,90015606,Gits Heat & Eat - Tadka Dal 300G -- By Dashmesh,2.42,300 G,
grits,9,11,90015612,Gits Dhokla Mix 200G -- By Dashmesh,2.23,200 G,
grits,9,12,90015627,Gits Rava Dosai Mix 200G -- By Dashmesh,2.3,200 G,
grits,9,13,90015632,Gits Upma Mix 200G -- By Dashmesh,2.3,200 G,
grits,9,14,90015614,Gits Idly Mix 200G -- By Dashmesh,2.4,200 G,
grits,9,15,90015610,Gits Dosai Mix 200G -- By Dashmesh,2.3,200 G,
grits,9,16,90015619,Gits Kheer Mix Vermicelli 100G -- By Dashmesh,2.3,100 G,
grits,9,17,90015630,Gits Uttapam Mix 200G -- By Dashmesh,2.3,200 G,
grits,9,18,90015617,Gits Khaman Dhokla Mix 180G -- By Dashmesh,2.23,180 G,
grits,9,19,90006748,Wither Hills Marlborough Pinot Gris - White Wine,54.0,750 ML,
grits,9,20,90109047,Matahiwi Estate Pinot Gris New Zealand White Wine,27.51,750 ML,
cocoa,9,1,90202874,Tyler's Premium Hot Cocoa Mix,32.0,1 KG,
cocoa,9,2,13206007,Nutella Hazelnut Cocoa Spread,13.85,680g,Halal
cocoa,9,3,13287632,Meiji Hello Panda Dark Cocoa Biscuit - 30% Less Sugar,1.7,37g,Halal
cocoa,9,4,13273776,Hershey's Chocolate Chips - Semi-Sweet,7.35,285g,Halal
cocoa,9,5,13251239,Nestle Kit Kat 2 Finger Chocolate Bar - Dark 52% Cocoa,6.2,8 x 17g,Halal
cocoa,9,6,13211304,FairPrice Cocoa Powder,3.65,100g,
cocoa,9,7,13151687,Van Houten Cocoa Powder,4.42,100g,Halal
cocoa,9,8,13046017,Bahlsen Zoo Biscuits - Jungle (Cocoa),3.95,100g,
cocoa,9,9,496811,Silver Bird Ready To Eat - Chocolate Chips,4.59,200g,Halal
cocoa,9,10,13190493,Kinder Happy Hippo Cocoa,4.9,5 per pack,Halal
cocoa,9,11,12289235,Swiss Miss Instant Hot Cocoa Mix - Dark Chocolate Sensation,5.45,283g,
cocoa,9,12,13225007,Hershery's Premier White Creme Chips,8.3,340g,
cocoa,9,13,11633110,Swiss Miss Instant Hot Cocoa Mix - Marshmallow,5.45,280g,
cocoa,9,14,90008079,Ritter Sport Cocoa Mousse,3.9,100 G,
cocoa,9,15,13056943,Reese's Peanut Butter Chips,8.3,283g,
cocoa,9,16,12181670,Bake King Powder - Cocoa,4.12,100g,
cocoa,9,17,13251240,Nestle Kit Kat 4 Finger Chocolate Bar - Dark 52% Cocoa,2.15,35g,Halal
cocoa,9,18,13139925,Nature's Superfood Organic Raw Cocoa Nibs - Unsweetened,17.2,250g,Organic
cocoa,9,19,13274214,Kinder Milkredible Candy - Cocoa,4.6,105.3g,
cocoa,9,20,13086596,Loacker Quadratini Crispy Wafers - Cocoa & Milk,7.2,250g,Halal
patty,10,1,13226028,Farmpride Classic Burger Patties - Chicken,5.5,320g,Halal
patty,10,2,90221809,Tasty Food Affair Wagyu Beef Patty,12.5,240 G,
patty,10,3,90187732,Tegel Free Range Chargrill Chicken Steak (Frozen),9.9,400 G,
patty,10,4,13226008,Farmpride Gourmet Burger Patties - Beef with Cheddar Cheese,8.5,420g,Halal
patty,10,5,90187733,Tegel Free Range Crunchy Chicken Burger (Frozen),9.9,390 G,
patty,10,6,90141430,Tasty Food Affair Seasoned Beef Patty,5.6,200 G,
patty,10,7,90024023,Catch Seafood Salmon Burger Patties,4.8,200 G,
patty,10,8,90052052,Churo Asian Burger Patties,4.55,300 G,
patty,10,9,90112009,Master Grocer Australia Premium Beef Burger Patties Frozen,9.95,500 G,
patty,10,10,90033198,FRY'S Chicken-Style Burgers,9.8,1 S,
patty,10,11,90093002,The Meat Club Pumpkin Chickpea Burger Patty - Frozen,11.0,250 G,
patty,10,12,90140904,Seaboss Wagyu Beef Burger Patty,13.0,150 G,
patty,10,13,90093003,The Meat Club Japanese Mushroom Burger Patty - Frozen,11.0,250 G,
patty,10,14,90248266,Ryan's Wagyu Patties MB 4-5 (Chilled),22.5,300 G,
patty,10,15,90114469,Zac Butchery Chicken Patties Pack,17.1,480 G,
patty,10,16,90112284,Master Grocer Ireland Grassfed Lamb Riblets 500g Frozen,13.95,500 G,
patty,10,17,90093004,The Meat Club Beetroot Chickpea Burger Patty - Frozen,11.0,250 G,
patty,10,18,90093001,The Meat Club Carrot Chickpea Burger Patty - Frozen,11.0,250 G,
patty,10,19,90033206,FRY'S Traditional Burger,9.0,1 S,
patty,10,20,90252717,Meat Affair USA Pork Patties,6.9,200 G,
artichokes,8,1,90206309,Cucina & Amore Quartered Marinated Artichoke Hearts,11.6,410 G,
artichokes,8,2,90204917,Cooks & Co Artichoke Hearts,10.03,390 G,
artichokes,8,3,90028427,Kitchen & Love Whole Grilled & Marinated Artichokes Heart,11.74,410 G,
artichokes,8,4,90018065,Biona Organic Artichoke Hearts,10.26,200 G,
artichokes,8,5,90014647,Kitchen & Love Quartered Artichokes in Brine,10.03,240 G,
artichokes,8,6,13273490,Sandhurst Artichokes - Quartered & Marinated,7.45,250g,
artichokes,8,7,90217590,La Tudelana Tudela Artichokes Hearts,17.52,410 G,
artichokes,8,8,90217591,La Tudelana Tudela Artichokes Halved,12.72,345 G,
artichokes,8,9,90252721,Farmhouse S.A Greek Grilled Artichokes,7.49,270 G,
artichokes,8,10,90211960,Ristoris Gourmet Grilled Artichoke With Stem,31.79,750 G,
artichokes,8,11,90236850,Aimar Creamy Soup - Artichoke,5.95,490 G,
artichokes,8,12,90028426,Kitchen & Love Piquillo & Artichoke Bruschetta,9.12,225 G,
artichokes,8,13,90014660,Kitchen & Love Artichoke Pesto Sauce,9.12,225 G,
artichokes,8,14,90014643,Kitchen & Love Artichoke Bruschetta,9.12,225 G,
artichokes,8,15,90231573,Tenuta Fragassi Artichoke Bruschetta,7.74,145 G,
artichokes,8,16,90240628,Easy Montali Puree Artichoke,7.5,150 G,
artichokes,8,17,90251361,Urbani Truffle and Artichoke Sauce,18.9,130 G,
artichokes,8,18,90086693,Coelsanus Tomatoes In Sunflower Oil - Artichokes & Dried,9.1,280 G,
artichokes,8,19,90039981,Mantova Italian Pesto - Artichoke,7.15,190 G,
artichokes,8,20,90217597,Masseria Calongo Sliced Artichokes In Extra Virgin Olive Oil,7.95,220 G,
lemonade,7,1,90221163,IQBar IQMix Hydration Electrolytes Pwd Raspberry Lemonade,55.0,20 x 8 G,
lemonade,7,2,13280716,[BCRS] Snapple Bottle Drink - Pink Lemonade,2.98,473ml,
lemonade,7,3,90187448,Nestle Lemonade Powder Pink Lychee,13.19,200 G,
lemonade,7,4,90249634,IQBar IQMix Hydration Electrolytes Powder - Iced Tea Lemonade,55.0,20 x 8 G,
lemonade,7,5,90013410,Remedy Organic Kombucha - Raspberry Lemonade,12.95,4 x 250 ML,
lemonade,7,6,90013405,Remedy Organic Kombucha - Raspberry Lemonade,67.9,24 x 250 ML,Organic
lemonade,7,7,90174242,Spindrift Pink Lemonade Sparkling Water,24.9,355 ML,
lemonade,7,8,13281694,[BCRS] Sprite Sparkling Lemon Lime Bottle Drink,2.4,1.5L,Halal
lemonade,7,9,90013390,Remedy Organic Kombucha - Raspberry Lemonade,12.0,750 ML,Organic
lemonade,7,10,90013395,Remedy Organic Kombucha - Raspberry Lemonade,71.82,12 x 330 ML,Organic
lemonade,7,11,13281338,[BCRS] Sprite Sparkling Lemon Lime Can Drink,4.0,4 x 320ml,Halal
lemonade,7,12,90247025,IQBar IQMix Hydration Electrolytes Powder - Lemon Lime,95.0,40 x 8 G,
lemonade,7,13,90013385,Remedy Organic Kombucha - Raspberry Lemonade,61.56,6 x 750 ML,
lemonade,7,14,90151017,IQBar IQMix Hydration Electrolytes Powder - Lemon Lime,3.25,8 G,
lemonade,7,15,13291070,Optimum Nutrition Micrinozed Creatine Powder - Blueberry Lemonade,37.3,360g,
lemonade,7,16,13291039,Optimum Nutrition Amino Electrolytes Can - Pink Lemonade,2.5,250ml,
lemonade,7,17,90129122,Karma Drinks Organic Sparkling Lemmy Lemonade,5.03,300 ML,
lemonade,7,18,13257831,Hooch Alcoholic Lemonade,3.9,275ml,
lemonade,7,19,90155967,Nuun Hydration (Electrolytes) Strawberry Lemonade,78.6,8 x 55 G,
lemonade,7,20,90023052,Monin Lemonade Concentrate Syrup,18.16,700 ML,Halal
lemonade,7,21,90234017,Applied Nutrition Marine Collagen Powder Strawberry&Lemonade,58.5,300 G,
lemonade,7,22,90129116,Karma Drinks Organic Sparkling Lemmy Lemonade,55.0,15 x 300 ML,
lemonade,7,23,90203529,Tomarchio Organic Soft Drink - Limonata (Lemonade),15.6,4 x 275 ML,
lemonade,7,24,1,Famous Soda Co Sugar Free Pink Lemonade Bottle,5.95,330 ML,
curry,8,1,13023174,Dancing Chef Paste - Indian Curry,3.09,100g,Halal
curry,8,2,13039423,Maggi 2-Minute Instant Noodles - Curry,1.95,5 x 79g,Halal
curry,8,3,13052761,Twisties Corn Snack - Kaboom! BBQ Curry,2.9,8 x 13g,Halal
curry,8,4,11063904,Dancing Chef Paste - Red Curry,3.09,100g,Halal
curry,8,5,13064199,Maggi Big 2-Minute Instant Noodles - Curry,3.63,5 per pack,
curry,8,6,13012301,Maggi 2-Minute Instant Noodles - Kari Letup,2.67,5 x 79g,Halal
curry,8,7,13128980,FairPrice Asian Recipe Paste Mix - Chicken Curry,2.25,200g,Halal
curry,8,8,11063883,Dancing Chef Paste - Green Curry,3.09,100g,Halal
curry,8,9,10834359,A1 Instant Curry Sauce - Chicken,3.45,240g,
curry,8,10,10001701,Baba's Packet Curry Powder - Meat,2.44,250g,Halal
curry,8,11,11063867,Dancing Chef Paste - Yellow Curry,3.09,100g,Halal
curry,8,12,13213600,Nissin Cup Noodles - Fish Head Curry,1.66,73g,
curry,8,13,429284,Myojo Instant Bowl Noodles - Chicken Curry,1.37,79g,Halal
curry,8,14,10353037,Pasar Curry Leaf,1.7,100g,
curry,8,15,13205704,S&B Golden Curry Sauce Mix - Mild,5.5,220g,
curry,8,16,11008331,Prima Taste Sauce Kit - Singapore Curry,8.78,300g,
curry,8,17,13101512,Myojo Instant Noodles - Curry Chicken,1.95,5 x 83g,Halal
curry,8,18,13128056,FairPrice Instant Noodles - Curry,1.75,5 x 70g,Halal
curry,8,19,13102721,Maggi Hot Mealz Instant Bowl Noodles - Curry,1.82,90g,Halal
curry,8,20,13102720,Maggi Hot Mealz Instant Bowl Noodles - Curry Chicken,1.82,99g,Halal
curry,8,21,13238538,Indomie Mi Goreng Fried Noodles - Spicy Red Curry,2.15,5 x 90g,Halal
waffles,8,1,13067408,Kellogg's Eggo Frozen Waffles - Buttermilk,6.85,10 per pack,
waffles,8,2,13067420,Kellogg's Eggo Frozen Waffles - Chocolatey Chip,6.85,10 per pack,
waffles,8,3,13067415,Kellogg's Eggo Frozen Waffles - Blueberry,6.85,10 per pack,
waffles,8,4,13190057,Cowhead Waffles - Original Belgium,5.3,200g (4 per pack),Halal
waffles,8,5,13094139,Kellogg's Eggo Frozen Waffles - Strawberry,6.85,10 per pack,
waffles,8,6,13258403,Eggo Homestyle Waffles,6.85,349g,
waffles,8,7,13174343,Post Cereals - Waffle Crisp,7.52,326g,
waffles,8,8,13229935,Redondo Creme Waffle Sticks - Cookies & Creme,3.85,300g,Halal
waffles,8,9,13229933,Redondo Creme Waffle Sticks - Vanilla,3.85,300g,Halal
waffles,8,10,13229934,Redondo Creme Waffle Sticks - Strawberry,4.3,300g,Halal
waffles,8,11,13265984,Good Today Butter Waffle,4.95,180g,
waffles,8,12,12146955,Aladdin Danish Deluxe Waffle Cones,4.03,148g (8 per pack),
waffles,8,13,90104359,Kirei Taiyaki Waffle Japanese Ice Cream,4.9,130 ML,
waffles,8,14,13250931,Slurrp Pancake & Waffle Mix - Blueberry,6.9,150g,
waffles,8,15,90207919,Julie's Coffee Waffles,3.3,100 G,Halal
waffles,8,16,90207924,Julie's Coconut Waffles,3.3,100 G,Halal
waffles,8,17,90092254,CB Waffle Fries,6.5,1 KG,
waffles,8,18,90202074,Punched Foods Criss-Cut Waffle Fries,9.8,1 KG,
waffles,8,19,90227008,Bob's Red Mill Pancake & Waffle Mix - Whole Grain Buttermilk,10.4,680 G,
waffles,8,20,90223570,Bob's Red Mill Pancake & Waffle Mix - 10 Grain,8.0,680 G,
toddler,8,1,13287632,Meiji Hello Panda Dark Cocoa Biscuit - 30% Less Sugar,1.7,37g,Halal
toddler,8,2,11034687,Take One Baby Bites - Carrot,3.01,50g,
toddler,8,3,13185530,Abbott Grow Ready To Drink Packet Milk - Vanilla,6.1,4 x 180ml,Halal
toddler,8,4,13046017,Bahlsen Zoo Biscuits - Jungle (Cocoa),3.95,100g,
toddler,8,5,13206090,Baby Bites Rice Rust - Blueberry & Goji,4.48,24 per pack,Organic
toddler,8,6,10173060,Take One Baby Bites - Original,3.01,50g,
toddler,8,7,13094018,Nestle NAN OPTIPRO Toddler Growing Up Milk (Now with 5-MO Complex) - Stage 4,79.5,1.6kg,Halal
toddler,8,8,13278210,Calbee Harvest Snap Kids - Apples,9.35,55g,
toddler,8,9,11068166,Gerber Graduates Baby Puffs - Strawberry Apple,5.0,42g,
toddler,8,10,13278202,Calbee Harvest Snap Kids - Strawberry,9.35,25g,
toddler,8,11,13193246,Nestle NAN OPTIPRO Toddler Growing Up Milk (Now with 5-MO Complex) - Stage 4,45.2,850g,Halal
toddler,8,12,10427526,Take One Baby Bites - Vegetable,3.01,50g,
toddler,8,13,12302241,"Rafferty's Garden Baby Food - Blueberry, Banana & Apple",3.48,120g,
toddler,8,14,13034131,Gerber Graduates Baby Puffs - Blueberry,5.0,42g,
toddler,8,15,13212833,Little Blossom Organic Brown Rice Puffs - Strawberry,5.6,40g,Organic
toddler,8,16,13206089,Baby Bites Rice Rust - Sweet Potato & Carrot,4.48,24 per pack,Organic
toddler,8,17,13136385,Gerber Baby MultiGrain Cereal - Banana- Apple & Strawberry,11.46,227g,
toddler,8,18,13212834,Little Blossom Organic Baby Puffs - Apple Broccoli,5.6,40g,Organic
toddler,8,19,13018597,Rafferty's Garden Baby Food - Pear & Superberries,3.48,120g,
toddler,8,20,13022002,Gerber Graduates Baby Yogurt Melts - Mixed Berries,8.04,28g,
croissant,7,1,13253777,Treats Croissant - Chocolate,1.1,55g,Halal
croissant,7,2,13253778,Treats Croissant - Custard,1.1,55g,Halal
croissant,7,3,13253781,Treats Croissant - Strawberry,1.1,55g,Halal
croissant,7,4,90129419,Churo Mini Butter Croissants (Frozen),10.9,12 x 25 G,
croissant,7,5,90120666,Churo Butter Croissants (Frozen),5.8,3 x 60 G,
enchilada,7,1,90145732,Santa Maria Tex Mex Enchilada Spice Mix Medium,3.6,28 G,
enchilada,7,2,90142209,Gran Luchito Chipotle Enchilada Sauce,9.99,400 G,
enchilada,7,3,90120495,Gran Luchito Green Tomato Enchilada Sauce,8.98,238 G,
applesauce,7,1,13198052,Gerber Puree Baby Food After 6 Months - Applesauce,2.11,80g,
applesauce,7,2,90010828,Field Day Organic Apple Sauce Original,9.81,680 G,
applesauce,7,3,12712041,Gerber 1st Foods - Apple Sauce,12.72,6 x 80g (CTN),
applesauce,7,4,90010827,Field Day Apple Sauce Original,8.91,113 G,
applesauce,7,5,90253582,Clearspring Bio Kitchen Organic Demeter Apple Sauce,5.9,360 G,Organic
applesauce,7,6,1,Gerber 1st Foods Puree - Applesauce - From 6 Months,12.9,6 x 80 G,
applesauce,7,7,2,Gerber 1st Foods Puree - Applesauce - From 6 Months,6.45,3 x 80 G,
applesauce,7,8,90246793,Gerber 1st Foods Puree - Applesauce - From 6 Months,4.3,2 x 80 G,
sushi,7,1,13208988,SongHe Shokaku Premium Sushi Rice,12.8,4.5kg,
sushi,7,2,90022067,Sanhee Yaki Sushi Nori,3.35,30 G,
sushi,7,3,90022469,Akishima Yaki Sushi Nori,4.1,30 G,
sushi,7,4,13260971,Mizkan Sushi Seasoning,5.4,360ml,
sushi,7,5,10114052,Kikkoman Soy Sauce - Sushi & Sashimi,3.56,150ml,
sushi,7,6,90041271,PaddyKing Sushi Rice,8.25,2.5 KG,
sushi,7,7,90081194,Hamaotome Ariake-San Yakinori (10 Pcs) Sushi Seaweed Sheet,10.6,10 S,
sushi,7,8,90002253,Kirei Sushi Bamboo Mat - Maki Su,4.5,1 S,
sushi,7,9,90044597,OTAFUKU Sushi Vinegar,6.25,300 ML,
sushi,7,10,90018332,Yamamori Sushi And Sashimi Soy Sauce,4.05,200 ML,Halal
sushi,7,11,13267002,Siji Sushi Ginger,2.55,120g,Halal
sushi,7,12,90229782,Japan Premium Sushi Su Vinegar Glass Bottle,10.9,300 ML,
sushi,7,13,90141737,Kirei Kono Premium Akazu Japanese Sushi Vinegar Glass Bottle,9.4,150 ML,
sushi,7,14,90064234,Kirei Hinode Waten Sushi Vinegar,8.95,220 ML,
sushi,7,15,90113460,Kirei Yokoi Premium Traditional Japan Edomae Sushi Su Vinegar,10.7,150 ML,
sushi,7,16,90002875,Kirei Sakura Denbu Sushi Pink Fish Powder,5.6,36 G,
sushi,7,17,90160222,Kirei Sui Premium Frozen Sushi - Hamayaki Saba No Oshizushi,24.2,300 G,
sushi,7,18,90251402,Tamanoi Japan Aka Sushinoko Sushi Seasoning Powder Vinegar,8.1,36 G,
sushi,7,19,90202794,Seaweed (Sushi Roll),22.9,100 G,
sushi,7,20,90129259,Kirei Sushi Yo Ebi - Boiled,21.5,185 G,
wrap,7,1,90145720,Santa Maria Tortilla Wrap Original - Medium,5.95,320 G,
wrap,7,2,13193027,FairPrice Frozen Roti Prata,6.31,20 per pack,Halal
wrap,7,3,10186398,Spring Home Roti Paratha - Plain,6.95,1.3kg (20 per pack),
wrap,7,4,90145719,Santa Maria Tortilla Wrap Original - Large,6.95,6 S,
wrap,7,5,496415,Spring Home Roti Paratha - Plain,2.82,325g (5 per pack),
wrap,7,6,13051972,FairPrice Frozen Roti Prata,2.17,480g (6 per pack),Halal
wrap,7,7,13229363,Fairprice Wraps - Wholemeal,4.2,360g (8 per pack),Halal
wrap,7,8,90145722,"Santa Maria Tex Mex Taco Tubs (8-Pack), 145G",6.9,145 G,
wrap,7,9,13005789,Mission Wraps - Wholegrain,5.85,360g (8 per pack),Halal
wrap,7,10,10196799,Chinatown Roti Prata - Original,9.58,30 per pack,
wrap,7,11,90145721,Santa Maria Tortilla Wrap Original - Small,5.4,8 S,
wrap,7,12,13005800,Mission Wraps - Original,5.85,360g (8 per pack),Halal
wrap,7,13,10606479,Mekong Vietnam Rice Paper - 16cm,1.02,100g,
wrap,7,14,13229362,FairPrice Wraps - Original,4.2,360g,Halal
wrap,7,15,13254449,FairPrice Garlic & Herbs Wraps,4.2,360g (8 per pack),
wrap,7,16,10221763,Spring Home Roti Paratha - Onion,7.95,1.3kg (20 per pack),
wrap,7,17,13251697,Mission Wholemeal Wraps - Protein,6.21,360g,Halal
wrap,7,18,13159031,Mission Wraps - Reduced Carbs,6.21,270g (6 per pack),Halal
wrap,7,19,13253845,FairPrice Wholemeal Pita Bread,5.75,400g,
wrap,7,20,13254512,FairPrice Multigrain Wraps,4.2,360g (8 per pack),
bratwurst,6,1,90223089,Golden Bridge Sausage - Chicken (CTN),75.9,20 x 250 G,
bratwurst,6,2,90223129,Kizmiq Barbeque Sausage - Chicken,14.2,1 KG,Halal
bratwurst,6,3,13202316,Delicato Bratwurst Pork Sausage - Cheddar,8.4,360g,
bratwurst,6,4,90223128,Golden Bridge Sausage - Pork (CTN),75.9,20 x 250 G,
bratwurst,6,5,13202317,Delicato Bratwurst Pork Sausage - Smoked,8.4,360g,
bratwurst,6,6,13247514,Delicato Bratwurst Pork Sausage - Garlic,8.4,360g,
bratwurst,6,7,90199132,Cut Butchery Pork Bratwurst,10.8,330 G,
bratwurst,6,8,90158797,Kelly's Jumbo Hunter Sausage - Frozen,18.99,1 KG,
bratwurst,6,9,90199117,Cut Butchery Chicken Bratwurst,9.8,330 G,
bratwurst,6,10,90229338,Butcher's Reserve Chicken Bratwurst Sausage,20.0,1 KG,
bratwurst,6,11,90158798,Kelly's Jumbo Cheese Knackers Sausage - Frozen,22.5,1 KG,
bratwurst,6,12,90170251,Kelly's Jumbo Hunter Sausage - Frozen (CTN),91.6,5 x 1 KG,
kabob,6,1,13052761,Twisties Corn Snack - Kaboom! BBQ Curry,2.9,8 x 13g,Halal
kabob,6,2,90253290,Ogontoh Oita Kabosu Throat Candy,2.8,40 G,
kabob,6,3,90140921,Seaboss Kuri Kabocha (Hokkaido Cut Chestnut Pumpkins Chunks),8.55,500 G,
kabob,6,4,90163490,Kaloba Kaloba Tablet 20mg 21s,16.7,21 S,
kabob,6,5,90216095,Waboba Land Cracket Set With Moonball,50.0,1 S,
kabob,6,6,90213769,Waboba Pickleball Set,50.0,1 S,
kabob,6,7,90213430,Waboba Battlebird,40.0,1 S,
kabob,6,8,90213429,Waboba Play Pack Bundle,35.0,1 S,
kabob,6,9,90213768,Waboba Mini Moon Cracket Bat Set,30.0,1 S,
kabob,6,10,90195560,Waboba Classic Volleyball,30.0,1 S,
kabob,6,11,90213440,Waboba Throwback,25.0,1 S,
kabob,6,12,90195555,Waboba Flobo Floating Disc,18.0,1 S,
kabob,6,13,90190330,Waboba Wingman PRO Flying Disc,16.0,1 S,
kabob,6,14,90190324,Waboba Wingman Flying Disc,12.0,1 S,
kabob,6,15,90192586,Waboba Flyer,11.0,1 S,
plantain,6,1,90123917,Gardena Gardening Mat/ City Gardening Planting Mat M,49.45,100 CM,
plantain,6,2,90123916,Gardena Gardening Mat/ City Gardening Planting Mat S,27.15,80 CM,
plantain,6,3,90169956,Gardena Planting & Soil Glove -M,23.2,1 S,
plantain,6,4,90169954,Gardena Planting & Soil Gloves Size 8/M,18.1,1 S,
plantain,6,5,13184548,Huggies Baby Diaper Platinum Naturemade Pants - XL (12-18kg),28.17,38 per pack,
plantain,6,6,13184546,Huggies Baby Diaper Platinum Naturemade Pants - XXL (15kg),23.12,26 per pack,
plantain,6,7,13266440,Vinda Platinum Kitchen Towel - Washable & Hanging (2ply),4.2,1 per pack,
plantain,6,8,13184541,Huggies Baby Diaper Platinum Naturemade Pants - L (9-14kg),28.17,44 per pack,
plantain,6,9,13254608,Huggies Baby Diaper Platinum Naturemade Pants - XXXL (17kg),28.17,28 per pack,
plantain,6,10,11858029,Planta Multi-Pupose Margarine,5.91,480g,
plantain,6,11,11900856,Planta Multi-Pupose Margarine,3.82,240g,Halal
plantain,6,12,13219696,CJ Bibigo Plantable Frozen Mandu - Kimchi,8.1,420g,
plantain,6,13,13146371,Huggies Baby Platinum Naturemade Tape Diapers - M (6-11kg),28.17,64 per pack,
plantain,6,14,13146372,Huggies Baby Platinum Naturemade Tape Diapers - L (9-14kg),28.17,54 per pack,
plantain,6,15,13184547,Huggies Baby Platinum Naturemade Tape Diapers - S (4-8kg),28.17,70 per pack,
plantain,6,16,12713710,Huggies Baby Diaper Platinum Naturemade Pants - XXXL (17kg),96.1,4 x 28 per pack (CTN),
plantain,6,17,12710300,Huggies Platinum Nature Made Pants - XXL (15kg),78.09,4 x 26 per pack (CTN),
plantain,6,18,10924995,Planta Multi-Pupose Margarine,10.34,1kg,Halal
plantain,6,19,13184544,Huggies Baby Diaper Platinum Naturemade Pants - M (6-11kg),28.17,58 per pack,
plantain,6,20,13146374,Huggies Baby Platinum Naturemade Tape Diapers - Newborn (0-5kg),16.95,60 per pack,
cola,7,1,13280688,[BCRS] Coca-Cola Can Drink - Classic,21.15,24 x 320ml,Halal
cola,7,2,13281379,[BCRS] Coca-Cola Mini Can Drink - Classic,5.25,6 x 180ml,Halal
cola,7,3,13281362,[BCRS] Coca-Cola Can Drink - Zero Sugar,8.75,12 x 320ml,
cola,7,4,13281324,[BCRS] Coca-Cola Can Drink - Light,8.75,12 x 320ml,
cola,7,5,13281412,[BCRS] Coca-Cola Mini Can Drink - Zero Sugar,5.25,6 x 180ml,Halal
cola,7,6,13281057,[BCRS] Coca-Cola Bottle Drink - Zero Sugar,2.6,1.5L,
cola,7,7,13281620,[BCRS] Coca-Cola Original Taste - Less Sugar,16.95,24 x 320ml,
cola,7,8,13280721,[BCRS] Coca-Cola Can Drink - Vanilla,8.75,12 x 320ml,
cola,7,9,13281385,[BCRS] Coca-Cola Original Taste - Less Sugar,2.6,1.5L,
cola,7,10,13179229,Coca-Cola Original Taste - Less Sugar,11.4,12 x 320ml,Halal
cola,7,11,13281279,[BCRS] Coca-Cola Bottle Drink - Vanilla,2.6,1.5L,Halal
cola,7,12,13281361,[BCRS] Coca-Cola Can Drink - Zero Sugar,3.8,4 x 320ml,Halal
cola,7,13,13281476,[BCRS] Coca-Cola Original Taste - Less Sugar,8.75,12 x 320ml,Halal
cola,7,14,12714940,[BCRS] Coca-Cola Can Drink - Zero Sugar,42.0,24 x 500ml,
cola,7,15,13281482,[BCRS] Coca-Cola Original Taste - Less Sugar,3.8,4 x 320ml,Halal
cola,7,16,12714889,[BCRS] Coca-Cola Original Taste - Less Sugar (Case),42.0,24 x 500ml,
cola,7,17,13179225,Coca-Cola Original Taste - Less Sugar,4.2,4 x 320ml,Halal
cola,7,18,12714941,[BCRS] Coca-Cola Bottle Drink - Zero Sugar,34.2,12 x 1.5L,
cola,7,19,13293570,[BCRS] Coca-Cola Can Drink - Classic,18.3,24 x 180ml (CTN),Halal
cola,7,20,12714996,[BCRS] Coca-Cola Original Taste - Less Sugar (Case),34.2,12 x 1.5L,
plantains,6,1,90123917,Gardena Gardening Mat/ City Gardening Planting Mat M,49.45,100 CM,
plantains,6,2,90123916,Gardena Gardening Mat/ City Gardening Planting Mat S,27.15,80 CM,
plantains,6,3,90169956,Gardena Planting & Soil Glove -M,23.2,1 S,
plantains,6,4,90169954,Gardena Planting & Soil Gloves Size 8/M,18.1,1 S,
chickpeas,6,1,12603933,Cirio Ceci (Chick Peas),3.23,400g,
chickpeas,6,2,13188910,Ayam Brand Tuna Light Meal-Chickpeas-Lentils&Quinoa(MildlySpicy),4.02,150g,Halal
chickpeas,6,3,90014903,Biona Organic Chick Peas,4.56,400 G,
chickpeas,6,4,90185849,LITALY Chick Peas,3.4,400 G,
chickpeas,6,5,90008904,Shahi Golden White Kabuli Chana (Chick Peas),2.55,500 G,
chickpeas,6,6,90156013,The Happy Snack Company Roasted Chickpeas Lightly Salted,9.0,25 G,
chickpeas,6,7,90067240,Laobanniang Raw Chickpeas,3.36,500 G,
chickpeas,6,8,13280032,Ayam Brand Chickpeas - Tomato Sauce,3.15,425g,Halal
chickpeas,6,9,90252431,La Fragua Extra Chickpeas,3.15,390 G,
chickpeas,6,10,90156012,The Happy Snack Company Roasted Chickpeas Lime & Pepper,9.0,25 G,
chickpeas,6,11,90253338,Clearspring Bio Kitchen Organic Demeter Chickpeas,5.13,350 G,Organic
chickpeas,6,12,90014904,Biona Organic Black Chick Peas,4.56,400 G,Organic
chickpeas,6,13,90253350,Biona Organic Chickpea Curry Indian Style,7.9,350 G,
chickpeas,6,14,90008905,Shahi Golden White Kabuli Chana (Chick Peas),5.0,1 KG,
chickpeas,6,15,90067241,Laobanniang Roasted Chickpeas,6.0,330 G,
chickpeas,6,16,90237479,Global Organics Chick Peas - No Added Salt,5.9,400 G,
chickpeas,6,17,90078095,Pastagetti's Premium Chick Peas In Brine,3.9,425 G,
chickpeas,6,18,90253329,Biona Organic Chickpea Tagine Moroccan Style,11.31,350 G,Organic
chickpeas,6,19,90134336,"Himalaya Protein Hair Cream, Extra Nourishment, Chickpea &Aml",9.98,100 ML,
chickpeas,6,20,90031014,Green Earth Organic Chickpeas,10.3,500 G,
souffle,6,1,90222449,RedMan Souffle Baking Pan - Brown (15X3.5cm),8.0,25 S,
souffle,6,2,90226229,RedMan Souffle Baking Case - Silver (50 x 40mm),6.4,100 S,
souffle,6,3,5,RedMan Souffle Baking Case - Brown,6.4,100 S,
souffle,6,4,90222025,RedMan Souffle Baking Case - Brown Alph,6.3,100 S,
souffle,6,5,90228843,RedMan Souffle Baking Case - Polka Dot Orange (44X35mm),5.6,200 S,
souffle,6,6,3,RedMan Souffle Baking Case - Brown Alph,5.6,100 S,
souffle,6,7,90228665,RedMan Souffle Baking Case - White (50x39mm),5.6,100 S,
souffle,6,8,90228629,RedMan Souffle Baking Case - Yellow Fruit,5.6,100 S,
souffle,6,9,90228393,RedMan Souffle Baking Case - Brown Strip,5.6,100 S,
souffle,6,10,14,RedMan Souffle Baking Case,5.6,1 S,
souffle,6,11,90222493,RedMan Souffle Baking Case - Sweet Heart (44X35mm),5.6,1 S,
souffle,6,12,90222103,RedMan Souffle Baking Case - Brown Writing,5.6,1 S,
souffle,6,13,90222096,RedMan Souffle Baking Case - Polka Dot Pink,5.6,1 S,
souffle,6,14,90228715,RedMan Souffle Baking Case - White (38x28mm),4.9,100 S,
souffle,6,15,90228648,RedMan Souffle Baking Case - Brown (60x44mm),4.9,50 S,
souffle,6,16,90228387,RedMan Souffle Baking Case - White (44x35mm),4.9,100 S,
souffle,6,17,90227074,RedMan Souffle Baking Case - White,4.9,1 S,
souffle,6,18,1,RedMan Souffle Baking Case - Country Scene,4.9,50 S,
souffle,6,19,90222426,RedMan Souffle Baking Case - Brown Alph (60Xh44mm),4.9,1 S,
souffle,6,20,90222164,RedMan Souffle Baking Case - Strawberry (62X40mm),4.9,1 S,
tamale,6,1,90068784,Kirei Riken Ameiro Tamanegi Caramelized Onion Salad Dressing,10.6,350 ML,
tamale,6,2,90140911,Seaboss Tamanegi Ten (Onion Tempura),6.9,150 G,
doughnuts,7,1,13291386,Ben & Jerry's Ice Cream - Strawberry Doughnut-eee,15.18,465ML,
doughnuts,7,2,161620,Prima Mix Doughnut Mix,2.7,350g,
doughnuts,7,3,10,Vitantonio Doughnut Baking Plates (PVWH-10),49.0,1 S,
doughnuts,7,4,90227244,RedMan Cutter Doughnut (7cm),8.0,1 S,
doughnuts,7,5,90147684,Cakeland Stainless Steel Doughnut Mould,7.36,1 PC,
doughnuts,7,6,90227708,RedMan Doughnut Cutter (6cm),7.2,1 S,
doughnuts,7,7,90037215,Vesta Stainless Steel Doughnut Maker 31Cm,3.5,1 PC,
replacement,6,1,90221648,Nordics Kids Sonic Toothbrush Replacement Heads - Blue,19.0,1 S,
replacement,6,2,13199769,Equal Sugar Replacement - Monk Fruit,10.08,200g,Halal
replacement,6,3,13199768,Equal Sugar Replacement - Monk Fruit,8.04,60g,Halal
replacement,6,4,13292661,Oral-B IO Electric Replacement Brush Head - Clean & Gum Protect,39.73,2 per pack,
replacement,6,5,13181391,Colgate ProClinical Replacement Brush Heads - Charcoal,17.21,2 per pack,
replacement,6,6,13292652,Oral-B IO Electric Replacement Brush Head - Advanced Clean,74.0,4 per pack,
replacement,6,7,90219343,Kao Quickle Handy Duster Replacement - Black,14.9,8 S,
replacement,6,8,90219366,Kao Quickle Handy Duster Replacement - Purple,14.9,8 S,
replacement,6,9,90118746,Pigeon Flexible Slim Neck Replacement Nipple Size LL (12M+),7.06,2 S,
replacement,6,10,90218875,Condor Baby Seal Toilet Brush Replacement Refill,5.9,1 S,
replacement,6,11,90242404,Braun Series 9 Pro+ 96M Replacement Shaving Head Cassette,119.0,1 S,
replacement,6,12,90118748,Pigeon Flexible Slim Neck Replacement Nipple Size L (9M+),7.06,2 S,
replacement,6,13,1,Philips Replacement Filter Cartridge ADD550,159.0,1 S,
replacement,6,14,90251182,Acerpure Aqua WP3 DCF Replacement Filter,69.0,3 S,
replacement,6,15,90249853,Acerpure Air Purifier 4-in-1 HEPA Filter Replacement,68.0,1 S,
replacement,6,16,90233209,Philips Sonicare Replacement Brush Head Pack of 4 (HX6064/67),49.0,1 S,
replacement,6,17,90249843,Acerpure 3-in-1 HEPA Filter Replacement,39.0,1 S,
replacement,6,18,90241123,MOZA Racing CRP2 Full Length Throttle Replacement Plate,39.0,1 S,
replacement,6,19,90233280,Philips Sonicare Replacement Brush Head Pack of 4 (HX6064/96),39.0,4 S,
replacement,6,20,90252858,Insta360 X4 Air Replacement Kit,38.0,1 S,
sweeteners,6,1,330994,SIS Raw Sugar - Natural Granulated,3.75,800g,Halal
sweeteners,6,2,13209117,SIS Next Sweetener Sticks - Zero Calorie,6.01,100g (50 per pack),Halal
sweeteners,6,3,308488,Lipco Sugar Sticks,2.82,100 per pack,
sweeteners,6,4,13156998,Kordel's Sugar Guard Alpha-Lipoic Acid 200mg,39.2,60 per pack,
sweeteners,6,5,10403479,SIS White Sugar Sticks - Fine Grain,3.5,400g,Halal
sweeteners,6,6,13182264,SIS Premium Coffee Sugar Crystals,3.82,350g,Halal
sweeteners,6,7,13149026,LBS Palm Sugar,3.75,450g,
sweeteners,6,8,13108806,SIS White Sugar - Fine Grain,2.35,1kg,Halal
sweeteners,6,9,13233967,Equal Stevia Pouch,6.4,150g,Halal
sweeteners,6,10,90067172,Laobanniang Big Yellow Rock Sugar,4.06,1 KG,
sweeteners,6,11,90143488,Laobanniang Honey Rock Sugar,1.82,250 G,
sweeteners,6,12,90067176,Laobanniang Red Jaggery Sugar,3.56,500 G,
sweeteners,6,13,90137304,FLS Rock Sugar,8.6,3 KG,
sweeteners,6,14,90012359,Ajiwai Kokuto Japanese Okinawa Brown Rock Sugar,10.4,200 G,
sweeteners,6,15,90067171,Laobanniang Big White rock Sugar,5.0,1 KG,
sweeteners,6,16,90110917,Kirei Japan Pebbles Brown Sugar Cube,7.3,160 G,
sweeteners,6,17,377417,Equal Sweetener Sachets - Classic,10.08,100 x 1g,
sweeteners,6,18,13139991,Equal Sweetener Sachets - Stevia (No Calorie),15.79,100 x 2g,Halal
sweeteners,6,19,13199769,Equal Sugar Replacement - Monk Fruit,10.08,200g,Halal
sweeteners,6,20,13026259,Equal Sweetener Sachets - Stevia (No Calorie),7.64,40 x 2g,
products,6,1,91570,Kara UHT Coconut Packet Cream,1.2,200ml,
products,6,2,13137108,Kara UHT Coconut Milk - Light,1.1,200ml,Halal
products,6,3,11042142,FairPrice Natural Coconut Cream,1.1,200ml,Halal
products,6,4,10725136,Ayam Brand Coconut Milk,1.4,200ml,
products,6,5,13188192,FairPrice Glass Cleaner Spray with Refill - Extra Shine,3.36,2 x 500ml,
products,6,6,13214893,FairPrice Multi Purpose Cleaner - Lavender,4.45,2L,
products,6,7,13214894,FairPrice Multi Purpose Cleaner - Apple Fresh,4.45,2L,
products,6,8,13194578,Kara Organic Coconut Cream,1.7,200ml,Organic
products,6,9,11670229,Ayam Brand Coconut Milk - Trim,1.3,200ml,
products,6,10,13226210,FairPrice Bathroom Stain & Mold Remover Refill,6.85,2 x 520ml,
products,6,11,179079,Kara UHT Natural Coconut Packet Cream,3.1,500ml,
products,6,12,13149898,Ayam Brand Coconut Milk,2.55,330ml,Halal
products,6,13,13240137,Coco Republic Coconut Cooking Oil,10.45,1L,Halal
products,6,14,486268,Kara UHT Coconut Packet Cream,5.5,1L,
products,6,15,10741320,Kara Instant Coconut Cream Powder,1.1,50g,
products,6,16,13004620,Ayam Brand Coconut Milk - Premium,3.0,270ml,
products,6,17,13149899,Ayam Brand Coconut Milk - Super Light,2.15,330ml,Halal
products,6,18,11239500,Bake King Desiccated Coconut,2.57,120g,Halal
products,6,19,13099582,Ayam Brand Coconut Milk,6.25,1L,Halal
products,6,20,13123740,Australia's Own Organic Coconut Milk - Unsweetened,4.59,1L,Organic
mixture,6,1,90033984,Haldiram's Cornflakes Mixture,2.5,150 G,
mixture,6,2,90210296,Madras Mixture,2.4,150 G,Halal
mixture,6,3,90033979,Haldiram's Mixture,2.0,150 G,
mixture,6,4,90033978,Haldiram's South Mixture,2.0,150 G,
mixture,6,5,70409,African Sea-Coconut Cough Mixture,6.9,177ml,
mixture,6,6,11160317,Aik Cheong 2 in 1 Kopi O Coffee Mixture Bags - Sugar Added,6.8,20 x 20g,Halal
mixture,6,7,90049372,Coffeehock 2898 Coffee Mixture Powder,4.95,500 G,
mixture,6,8,13116369,ICM Pharma Antacid Mixture - Magtasil,12.12,200ml,
mixture,6,9,90055664,Coffeehock Coffee-O Kosong Mixture Bags 8's [B6],7.26,8 S,
mixture,6,10,90098138,Coffeehock Coffee-O Kosong Mixture Bags (Tub) 50x18g [Carton],48.9,50 S,
mixture,6,11,90041657,NeilMed Sinus Rinse Pediatric Mixture Sachets 120s,33.75,120 S,
mixture,6,12,90055667,Coffeehock Coffeehock Coffee-O Kosong Mixture Bags [Carton],34.51,20 S,
mixture,6,13,90055663,Coffeehock Coffee-O Kosong Mixture Bags 8's [Carton],24.22,8 S,
mixture,6,14,90055668,Coffeehock Coffee-O Kosong Mixture Bags [B4],11.5,20 S,
mixture,6,15,90020179,Harvest Cough Mixture Cold/Phlegm,11.9,170 ML,
mixture,6,16,90020178,Harvest Cough Mixture Herbal Extract,10.9,170 ML,
mixture,6,17,90041382,ICM Pharma Aromag Antacid Mixture 100Ml - By Medic Drugstore,7.8,100 ML,
mixture,6,18,90044929,Kozhi Koden's Madras Mixture 200 G,3.55,200 G,
goose,6,1,90117630,Gim's Heritage Vegetarian Goose,10.5,380 G,
goose,6,2,13258580,Grey Goose Vodka,79.0,700ml,
goose,6,3,90239413,Mas Pares Goose Foie Gras Pyramid,35.01,80 G,
goose,6,4,90075626,Himalaya THISTLE & INDIAN GOOSEBERRY Oil Anti-Hair Fall,13.98,200 ML,
goose,6,5,90139012,Burp Everyday Casserole With Lamb Goose & Guinea Fowl,2.26,100 G,
goose,6,6,90132898,Green Earth Organic Amla Powder (Indian Gooseberry),13.0,125 G,
goose,6,7,90215013,JM Flower Alma - Baby Breath Bouquet,61.5,1 S,
goose,6,8,13267613,Smuckers Goober Grape Peanut Butter,9.5,510g,
goose,6,9,90197726,Murphy Goode California Merlot Red Wine,29.94,750 ML,
goose,6,10,90134987,Murphy Goode California Pinot Noir - Red Wine,62.0,750 ML,
goose,6,11,90064689,Murphy Goode California Cabernet Sauvignon - Red Wine,62.0,750 ML,
goose,6,12,90064690,Murphy Goode California Red Blend - Red Wine,62.0,750 ML,
goose,6,13,90188578,Lucky Baby Goodee Portable Booster Dining Chair - Blue,89.9,1 S,
goose,6,14,10968533,China Loose Garlic,2.95,500g,
goose,6,15,90152671,The Loose Moose Sud de France Merlot Red Wine,22.5,750 ML,
goose,6,16,90192777,Loose Moose Italy Pinot Grigio White Wine (CTN),131.4,6 x 750 ML,
goose,6,17,90192776,The Loose Moose French Rose Wine (CTN),126.0,6 x 750 ML,
goose,6,18,90192780,The Loose Moose Italy Prosecco DOC Wine (CTN),131.4,6 x 750 ML,
goose,6,19,90152676,The Loose Moose South Australia Shiraz Red Wine,22.5,750 ML,
goose,6,20,90152673,The Loose Moose Sud de France Rose Wine,21.9,750 ML,
cone,7,1,12670220,Cornetto Ice Cream Cone - Classic (Vanilla & Chocolate),7.34,4 x 110ml,Halal
cone,7,2,10958634,Cornetto Mini Ice Cream Cone - Chocolate & Vanilla,7.96,12 x 28ml,Halal
cone,7,3,13107386,Cornetto Mini Ice Cream Cone - Tiramisu & Dark Chocolate,7.96,12 x 28ml,Halal
cone,7,4,10290056,F & N Magnolia Mag-A-Cone Ice Cream - Vanilla & Chocolate,5.95,110ml,
cone,7,5,13256765,Cornetto Ice Cream Cone - Cookies & Cream,7.34,4 x 102ml,Halal
cone,7,6,13279961,F & N Magnolia Ice Cream Cone-Hershey's Chocolate Overload (Mini),7.45,6 per pack,Halal
cone,7,7,13149442,F & N Magnolia Mag-A-Cone Ice Cream - Strawberry & Vanilla,5.95,110ml,Halal
cone,7,8,13253346,F & N Magnolia Ice Cream Cone - Hershey's Chocolate Overload,7.45,3 x 110ml,Halal
cone,7,9,13286997,Cornetto Ice Cream Cone - Muscat Grape,7.34,4 x 108ml,Halal
cone,7,10,200006,Aladdin Ice Cream Cones,2.67,120g (12 per pack),
cone,7,11,12146955,Aladdin Danish Deluxe Waffle Cones,4.03,148g (8 per pack),
cone,7,12,90049513,De Bernard Conegliano Prosecco DOCG Extra Dry Sparkling Wine,28.1,750 ML,
cone,7,13,90249981,Melissa n Doug Scoop n Stack Ice Cream Cone Playset,34.9,1 S,
cone,7,14,90194681,CAFEC Tritan Cone-shaped Flower Dripper (Clear Wine Red) Cup4,25.5,1 PC,
cone,7,15,90194684,CAFEC Tritan Cone-shaped Flower Dripper (Clear-Black) Cup4,25.5,1 PC,
cone,7,16,90194682,CAFEC Tritan Cone-shaped Dripper (Clear Pink Brown) Cup4,25.5,1 PC,
cone,7,17,90194683,CAFEC Tritan Cone-shaped Dripper (Clear Blue Green) Cup4,25.5,1 PC,
cone,7,18,90194685,CAFEC Tritan Cone-shaped Flower Dripper (Clear) Cup4,23.0,1 PC,
cone,7,19,90251222,Partyforte Rattan Wreath Jute Bow Berries Pines Cones - 25cm,19.9,1 S,
cone,7,20,90194687,CAFEC Tritan Cone-shaped Flower Dripper (Clear Wine Red) Cup1,20.5,1 PC,
snowpeas,6,1,10428035,Calbee SnowPea Crisps - Original,2.15,80g,
snowpeas,6,2,10419673,Pasar Snow Peas,1.4,150g,
snowpeas,6,3,90246376,Agro Fresh Holland Snow Peas,1.75,130 G,
cashews,6,1,13184483,FairPrice Baked Cashew Nuts,11.51,400g,Halal
cashews,6,2,13184482,FairPrice Roasted Cashew Nuts,11.51,400g,Halal
cashews,6,3,13259519,FairPrice Cashew Nuts - Roasted Corn,4.9,100g,Halal
cashews,6,4,13290824,FairPrice Cashew - Japanese Seaweed,4.9,100g,
cashews,6,5,13271015,FairPrice Cashew - Wasabi,4.9,100g,Halal
cashews,6,6,13259518,FairPrice Fried Chicken Cashews,4.9,100g,Halal
cashews,6,7,13290831,FairPrice Cashew - Yakitori,4.9,100g,
cashews,6,8,13278400,FairPrice Cashew - Mala,3.0,100g,
cashews,6,9,13271016,FairPrice Cashew - Garlic,4.9,100g,Halal
cashews,6,10,11238655,Nature's Wonders Baked Nuts - Cashew,6.95,200g,
cashews,6,11,268963,Camel Roasted Cashews,12.12,360g,Halal
cashews,6,12,13101674,Camel Natural Baked Cashews,12.12,360g,Halal
cashews,6,13,13271014,FairPrice Cashew - Honey Mustard,2.45,100g,Halal
cashews,6,14,13048943,Tong Garden Roasted Salted Nuts - Cashew,10.9,400g,Halal
cashews,6,15,13186668,Nature's Wonders Nuts - Baked Cashew,11.8,350g,Halal
cashews,6,16,13056831,FairPrice Baked Cashew Nuts,4.89,150g,Halal
cashews,6,17,13290825,FairPrice Cashew - Matcha Latte,4.9,100g,
cashews,6,18,13237060,Camel Roasted Cashews - Bundle Pack,17.06,12 x 36g,Halal
cashews,6,19,458952,Camel Roasted Cashews,1.53,36g,
cashews,6,20,13010754,Camel Roasted Cashews,4.99,135g,
raisins,5,1,275885,Sun-Maid Natural California Raisins - Mini Pack,3.97,12 x 14g,
raisins,5,2,341769,Sun-Maid Natural California Raisins - Tub,7.13,500g,Halal
raisins,5,3,13154793,Nature's Wonders Golden Raisins - Jumbo,4.28,200g,Halal
raisins,5,4,13106097,Sun-Maid Organic Raisins - Mini-Snacks,5.45,170g (12 per pack),Organic
raisins,5,5,13039517,Sun-Maid Natural California Raisins - Box,4.08,6 x 30g,Halal
raisins,5,6,13039534,Sun-Maid Natural California Raisins - Bag,5.05,283.5g,Halal
raisins,5,7,13096115,Sun-Maid Natural California Raisins - Golden,4.08,6 x 28.3g,Halal
raisins,5,8,90008110,Malika Golden Raisins 500G -- By Dashmesh,6.4,500 G,
raisins,5,9,90008187,Malika Golden Raisins 100G -- By Dashmesh,1.43,100 G,
raisins,5,10,10609426,Del Monte Fruit Snacks - Sun Dried Raisins,8.02,340g,
raisins,5,11,90253276,Laobanniang Dried Black Raisins,7.0,500 G,
raisins,5,12,90064283,Malika Black Raisin 500G -- By Dashmesh,5.91,500 G,
raisins,5,13,90252845,Laobanniang Dried Green Raisins,7.0,500 G,
raisins,5,14,90064285,Malika Black Raisin 100G -- By Dashmesh,1.3,100 G,
raisins,5,15,90253275,Laobanniang Dried Jumbo Yellow Raisin,10.0,500 G,
raisins,5,16,90031247,Green Earth Organic Black Raisin,7.2,200 G,
raisins,5,17,90066807,Biogreen Biogreen Organic Sultana Raisins (Pouch),6.1,240 G,
raisins,5,18,1,RedMan Dried Black Raisins,4.2,250 G,
raisins,5,19,90016894,Heritage Black Raisins,6.5,500 G,
raisins,5,20,90047363,Garden Picks Green Raisin,3.91,200 G,
bulgur,5,1,90221755,Bob's Red Mill Bulgur Red Wheat Ala,8.0,680 G,
bulgur,5,2,90047547,Garden Picks Yellow Bulgur,4.06,500 G,
bulgur,5,3,90067268,Laobanniang Raw Sunflower Seeds,6.8,500 G,
bulgur,5,4,13088711,Meiji Bulgaria Yoghurt - Golden Honey,2.85,2 x 110g,Halal
bulgur,5,5,13066315,Meiji Bulgaria Yoghurt - Natural,2.85,2 x 110g,Halal
bulgur,5,6,13267385,Meiji Bulgaria Yoghurt - Strawberry,2.85,2 x 110g,Halal
bulgur,5,7,13267299,Meiji Bulgaria Yoghurt - Wildberry,2.85,2 x 110g,
bulgur,5,8,13293683,[BCRS] Meiji Bulgaria Yoghurt Drink - Low Sugar,1.94,150ml,Halal
bulgur,5,9,90101225,Alteya Organics Organic Bulgarian Lavender Water,39.89,500 ML,
bulgur,5,10,90101226,Alteya Organics Organic Bulgarian White Rose Water,39.89,500 ML,
bulgur,5,11,90052325,Alteya Organics Organic Bulgarian Rose Water,39.89,500 ML,
bulgur,5,12,90052323,Alteya Organics Bulgarian Rose Water,29.9,200 ML,
bulgur,5,13,90052318,Alteya Organics Organic Bulgarian Rosewater,14.89,120 ML,
bulgur,5,14,13239999,Nestle Mini Kit Kat - Mix,9.5,197.4g,
bulgur,5,15,90213040,Alteya Organics Rose Hydrobiome Microbiotic H.A. Serum,39.9,30 ML,Organic
bulgur,5,16,90146378,Nordics Nordics Natural Kid's Toothpaste Strawberry Splash,13.0,50 ML,
bulgur,5,17,90254109,Nordics Interdental Brushes L-Shaped 0.4mm,10.8,10 S,
bulgur,5,18,90213024,Alteya Organics Rose Hydrobiome Skin Renewal Face Mask,29.9,50 ML,Organic
bulgur,5,19,90197278,Nordics Kids Premium Toothbrush Pink Dino Super Soft,11.0,1 S,
bulgur,5,20,90213023,Alteya Organics Organic Rose Hydrobiome Prebiotic Cleanser,33.9,120 ML,Organic
pecans,5,1,13208524,Nature's Wonder Baked USA Pecans,7.25,150g,
pecans,5,2,13264329,FairPrice Honey Pecans,6.95,100g,
pecans,5,3,13106290,ChaCha Roasted Sunflower Seeds - Chinese Pecan,2.65,160g,
pecans,5,4,90112928,SnackFirst Brainy Baked Pecans (Baked and Unsalted),16.9,200 G,
pecans,5,5,90015357,Now Foods Real Food Raw Pecans Unsalted,29.9,340 G,
pecans,5,6,90112942,SnackFirst Honey Brainy Pecans (Honey Roasted Pecan Nuts),16.9,200 G,
pecans,5,7,90122257,SnackFirst Brainy Pecans (Raw Nuts Snacks from USA),15.9,200 G,
pecans,5,8,90221722,RedMan Pecan Nut,11.2,250 G,
pecans,5,9,90224491,Chase Pecan Pecans - Shelled,483.0,13.6 KG,
pecans,5,10,1,RedMan Pecan Nut,41.6,1 KG,
pecans,5,11,13259333,Pepperidge Farm Chesapeake Chunk Cookies - Dark Chocolate Pecan,9.5,204g,
pecans,5,12,13091042,Voortman Sugar Free Pecan Shortbread,5.75,227g,
pecans,5,13,90217906,Lao Jie Kou Sunflower Seeds - Pecan,4.9,500 G,
pecans,5,14,90122258,SnackFirst Supreme Ketogenic Medley-Pecans Walnuts Macadamia,16.9,200 G,
pecans,5,15,13021613,Post Great Grains Cereal - Raisins- Dates & Pecans,6.5,453g,
pecans,5,16,13021228,Post Great Grains Cereal - Crunchy Pecan,6.5,453g,
pecans,5,17,90232673,SnackFirst Worthy Pecans Chocolate Chip Cookies,13.9,120 G,
pecans,5,18,90221523,RedMan Syrup - Pecan Praline,19.2,750 ML,
pecans,5,19,90148873,"SnackFirst Pecans Cinnamon  Granola - Cacao Nibs, Chia Seeds",8.9,200 G,
pecans,5,20,90110784,Green Earth Organic Pecan,9.9,150 G,
tortilla,5,1,90145717,"Santa Maria Tex Mex Nacho Chips Original, 475G",9.0,475 G,
tortilla,5,2,13052764,Cheezels Cheese Rings Snack - Original (Multipack),2.9,8 x 13g,Halal
tortilla,5,3,10729188,Doritos Tortilla Chips - Nacho Cheese,4.95,190g,
tortilla,5,4,90145714,"Santa Maria Tex Mex Tortilla Chips BBQ, 185G",4.75,185 G,
tortilla,5,5,13052761,Twisties Corn Snack - Kaboom! BBQ Curry,2.9,8 x 13g,Halal
tortilla,5,6,13052762,Twisties Corn Snack - Cheeky Cheddar Cheese,2.9,8 x 13g,Halal
tortilla,5,7,11464820,Doritos Tortilla Chips - Spicy Nacho,4.95,190g,
tortilla,5,8,90145720,Santa Maria Tortilla Wrap Original - Medium,5.95,320 G,
tortilla,5,9,13019210,Oriental Super Ring Cheese Snack,1.17,60g,Halal
tortilla,5,10,10729196,Doritos Tortilla Chips - Smoking BBQ,4.95,190g,
tortilla,5,11,90145719,Santa Maria Tortilla Wrap Original - Large,6.95,6 S,
tortilla,5,12,90145721,Santa Maria Tortilla Wrap Original - Small,5.4,8 S,
tortilla,5,13,13252670,Tostitos Tortilla Chips - Classic Restaurant Style,7.74,250g,
tortilla,5,14,90217937,Santa Maria Tortilla Strips Sweet Chili,4.75,185 G,
tortilla,5,15,13238961,Cheetos Cheese Flavoured Snacks - Original (Crunchy),1.75,60g,
tortilla,5,16,13278877,FairPrice Layered Chips - Corn,2.5,80g,
tortilla,5,17,13252001,FairPrice Tortilla Chips - Nacho Cheese,4.05,190g,Halal
tortilla,5,18,10729209,Doritos Tortilla Chips - Taco,4.95,190g,
tortilla,5,19,13278891,FairPrice Layered Chips - Wasabi Seaweed,2.5,80g,
tortilla,5,20,13038691,Cheetos Cheese Flavoured Snacks - Puffs,5.85,220g,
hummus,5,1,90007213,Delphi Fresh Low Fat Hummus Dip Gluten and Dairy Free Vegan,5.95,170 G,
hummus,5,2,90007226,Delphi Chargrilled Red Pepper Hummus Dip,6.5,170 G,
hummus,5,3,90007229,Delphi Fresh Avocado Hummus Dip Gluten and Dairy Free Vegan,8.5,150 G,
hummus,5,4,90007214,Delphi Lemon and Coriander Hummus Dip,6.5,170 G,
hummus,5,5,1,Rudolfs Organic Crunchy Hummus Vegetable Spread,6.99,180 G,Organic
hummus,5,6,90111171,Mezete Sun Dried Tomato Hummus,6.45,215 G,
hummus,5,7,90040728,"Mezete Classic Hummus Dip, 215g",6.45,215 G,
hummus,5,8,90007212,Delphi Fresh Classic Hummus Dip Gluten and Dairy Free Vegan,5.95,170 G,
hummus,5,9,90007217,Delphi Fresh Black Olive Hummus Dip,6.5,170 G,
hummus,5,10,13209203,Chris Dip & Spread - Hommus,6.9,200g,
dulce,6,1,90233712,Gato Negro Sweet Red Dulce Tinto Wine,16.95,750 ML,
dulce,6,2,90235501,Gato Negro Sweet Dulce White Wine,16.95,750 ML,
dulce,6,3,90235500,Gato Negro Sweet Rose Dulce Rose Wine,16.95,750 ML,
dulce,6,4,90244056,Valrhona Gourmet Bar Dulcey Blond 35% Cocoa,10.95,70 G,
dulce,6,5,13035474,Nescafe Dolce Gusto Beverage Capsules - Cafe Au Lait,11.5,16 x 10g,
dulce,6,6,13134042,Nescafe Dolce Gusto Beverage Capsules - Americano,11.5,16 per pack,
dulce,6,7,13083286,Nescafe Dolce Gusto Beverage Capsules - Grande Intenso,11.5,16 x 10g,Halal
dulce,6,8,13215494,Nescafe Dolce Gusto Starbucks Coffee Capsules-Caffe Latte,9.45,12 per pack,
dulce,6,9,13008383,Nescafe Dolce Gusto Beverage Capsules - Cappuccino,11.5,16 x 12.5g,Halal
dulce,6,10,13122049,Nescafe Dolce Gusto Beverage Capsules - Cafe Au Lait Intenso,11.5,16 x 10g,Halal
dulce,6,11,13029842,Nescafe Dolce Gusto Beverage Capsules - Lungo,11.5,16 x 6.5g,Halal
dulce,6,12,13008382,Nescafe Dolce Gusto Beverage Capsules - Latte Macchiato,11.5,16 x 12g,Halal
dulce,6,13,90185858,Daroma Palombini Nescafe Dolce Gusto Capsules Intenso,5.45,112 G,
dulce,6,14,13198530,Bottega Venezia Sparkling Wine - Moscato Dolce,28.0,750ml,
dulce,6,15,90180721,Grande Alberone Moscato Dolce Italy Sparkling Wine,19.6,750 ML,
dulce,6,16,90202788,La Dolce Vita Natural Wildflower Honey,21.9,1 KG,
dulce,6,17,90078413,Garnier  Ultra Dolce Madreperla - Ed Estratti di ciliegio,1.03,200 ML,
dulce,6,18,13118663,Dulcolax Enteric Coated Laxative Tablets,41.7,200 per pack,
dulce,6,19,90222262,Oquendo Espresso Nescafe Dolce Gusto Compatible Pods - Lungo,9.59,112 G,
dulce,6,20,90222264,Oquendo Nescafe Dolce Gusto Compatible Coffee Pods - Expresso,9.59,112 G,
bamboo,5,1,13092983,NooTrees Bamboo Pulp Facial Tissue - Soft (2ply),5.35,4 x 170 per pack,
bamboo,5,2,13021216,Hosen Bamboo Shoot,1.48,552g,Halal
bamboo,5,3,13021218,AAA Preserved Vegetables - Bamboo in Chili Oil,1.68,170g,Halal
bamboo,5,4,13222438,Nootrees Pure Virgin Bamboo Pulp Facial Tissue Box,6.06,5 x 100 per pack,
bamboo,5,5,13096693,Narcissus Can Food - Pork & Bamboo Shoots,1.75,198g,
bamboo,5,6,90021794,Jiang Ji Bamboo Shoots with Chilli Oil  (170g x 2btl),5.9,340 G,
bamboo,5,7,90021670,Food People Condiment - Salted Vegetable and Bamboo Shoot,5.9,1 PC,
bamboo,5,8,13077029,NooTrees Bamboo Pulp Pocket Tissue (2ply),2.04,10 x 9 per pack,
bamboo,5,9,13208851,Ginvera Gel Hand Soap - Bamboo Salt,3.9,500g,
bamboo,5,10,13065548,Cloversoft Plant-Based Unbleached Bamboo Toilet Tissues Roll,6.65,10 x 200 per pack,
bamboo,5,11,13084018,NooTrees Bamboo Toilet Tissue Rolls (3ply),7.28,10 x 220 per pack,
bamboo,5,12,13239700,HomeProud Disposable Bamboo Chopsticks,1.52,50 per pack,
bamboo,5,13,13074004,Cloversoft Plant-Based Unbleached Bamboo Facial Tissues,7.08,4 x 150 per pack,
bamboo,5,14,11518382,HomeProud Bamboo Skewers (20cm),1.32,1 per pack,
bamboo,5,15,90012059,MTRADE Disposable Bamboo Chopsticks,3.5,75 S,
bamboo,5,16,13204758,Nootrees 100% Pure Virgin Bamboo Pulp Kitchen Towel,3.31,180 per pack,
bamboo,5,17,13292465,Cloversoft Unbleached Bamboo Kitchen Wipes - Sorrento Lemon,5.95,40 per pack,
bamboo,5,18,13242726,Glade Room Air Freshener Essences Elite Scented Gel - Bamboo Forest & White Tea,4.99,180g,
bamboo,5,19,13292459,Cloversoft Unbleached Bamboo Kitchen Wipes - Alpine Lavender,5.95,40 per pack,
bamboo,5,20,13077019,NooTrees Bamboo Family Wet Wipes,6.06,80 per pack,
strudel,5,1,13281045,Gerolsteiner Sprudel Natural Mineral Bottle Water,14.16,6 x 1.5L (CTN),
strudel,5,2,11672478,Gerolsteiner Sprudel Sparkling Natural Mineral Water,8.75,6 x 500ml,
strudel,5,3,13280633,[BCRS] Gerolsteiner Sprudel Sparkling Natural Mineral Water,8.75,6 x 500ml,
congee,5,1,13236875,Knorr Instant Porridge - Chicken & Mushroom Flavour,2.95,3 x 32g,
congee,5,2,13134080,Taisun Okinawa Brown Sugar with Mixed Congee,1.75,340g,
congee,5,3,13032631,Taisun Mixed Can Congee,1.75,375g,
congee,5,4,13236874,Knorr Instant Porridge - Chicken Flavour,2.95,3 x 32g,
congee,5,5,13134082,Taisun Mixed Congee - Black Glutinous Rice & Job's Tears,1.75,255g,
congee,5,6,13200794,Tai Sun Can Congee - Ten Kinds of Grain Treasure,1.75,330g,
congee,5,7,13126817,Bellamy's Organic Ready to Eat Baby Food - Banana Apple Porridge,5.3,120g,Organic
congee,5,8,13022202,Knorr Instant Cup Porridge - Chicken & Mushroom,1.8,32g,Halal
congee,5,9,13231137,Yin Lu Congee - Sweet Potato & Purple Rice,1.82,280g,
congee,5,10,13231136,Yin Lu Congee - Barley & Red Bean,1.82,280g,
congee,5,11,13022204,Knorr Instant Cup Porridge - Chicken,1.8,32g,Halal
congee,5,12,90044736,Table Land Instant Chicken Broth Flavour Porridge,6.0,220 G,
congee,5,13,90173893,Haifusheng Instant Porridge - Taro Vegetable,2.97,40 G,
congee,5,14,13261111,Botybowbow Baby Congee - Pork,22.5,5 per pack,
congee,5,15,90044731,Table Land Instant Seafood Broth Koshihikari Porridge Gayu,6.0,220 G,
congee,5,16,90173895,Haifusheng Pork And Preserved Egg Instant Porridge [KEMF],8.9,38 G,
congee,5,17,90219103,Adobo Chicken Porridge - Frozen,7.5,150 G,
congee,5,18,13261109,Botybowbow Baby Congee - Salmon,22.5,5 per pack,
congee,5,19,90221048,Bouillabaisse Fish Porridge Twin Pack - Frozen,15.0,2 x 150 G,
congee,5,20,13270757,Mamacooks Organic Porridge - Jasmine Rice with Spinach and Quinoa,8.9,180g,
crepe,5,1,13287124,FairPrice Crepe Biscuits - Chocolate,2.2,85g,
crepe,5,2,13287106,FairPrice Crepe Biscuits - Strawberry,2.2,85g,
crepe,5,3,90152900,Bourbon Hitokuchi Lumonde (Chocolate Crepe),3.95,52 G,
crepe,5,4,90247582,Fairy Port Frozen MSK Durian & Coconut Cream Crepe Roll,26.99,330 G,
crepe,5,5,90028250,LABTECH Elastic Cotton Crepe Bandage 10cm x 4m,3.51,1 S,
crepe,5,6,90236460,Cookcell Blackcube Hybrid Crepe Pan - 31cm,89.0,1 S,
crepe,5,7,90247585,Fairy Port Musang King Durian Mille Crepe (8-Layer Purée),52.99,550 G,
crepe,5,8,90181969,Pujadas Aluminium Non-Stick Crepe Fry Pan - 26cm,38.0,1 S,
crepe,5,9,90118477,Assure Crepe Bandage 15cm X 4.5M,34.8,12 S,
crepe,5,10,90182000,Pujadas Aluminium Non-Stick Crepe Fry Pan 22Cm,32.0,1 S,
crepe,5,11,90247584,Fairy Port Musang King Durian & Coconut Mille Crepe Cake,29.99,500 G,
crepe,5,12,90215925,Frozen Chocolate Mile Crepe Cake 6-Inch,28.99,400 G,
crepe,5,13,90207351,Fairy Port Frozen Musang King Durian Mille Crepe Cake 6-Inch,28.99,400 G,
crepe,5,14,90215934,Frozen Original Cream Mile Crepe Cake 6-Inch,27.99,400 G,
crepe,5,15,90215914,Frozen Fresh Fruit MSK Durian Crepe Roll with Cream,25.99,280 G,
crepe,5,16,90118478,Assure Crepe Bandage 10cm X 4.5M,25.2,12 S,
crepe,5,17,90118479,Assure Crepe Bandage 7.5cm X 4.5M,20.4,12 S,
crepe,5,18,90041670,SMITH & NEPHEW Elastic Cotton Crepe Bandage HV WT 10Cm x 4.5M,14.6,1 S,
crepe,5,19,90233340,Partyforte NDP National Day Red Crepe,5.9,1 S,
crepe,5,20,90232660,Partyforte National Day NDP White Crepe,5.9,1 S,
bran,6,1,13248130,Origins Health Food Raw Oat Bran,4.95,500g,
bran,6,2,90030887,Green Earth Organic Oat Brans,8.5,500 G,
bran,6,3,90006629,Foodsterr Australian Oat Bran,8.17,500 G,
bran,6,4,90228846,Bob's Red Mill Oat Bran Cereal,8.8,510 G,
bran,6,5,90226339,Breakfast Energy Bran Flakes Cereal,4.0,200 G,
bran,6,6,13191444,Ayam Brand Sardines in Tomato Sauce,2.15,155g,
bran,6,7,13057896,Ayam Brand Tuna Flakes - Water (Light),3.48,150g,
bran,6,8,13057895,Ayam Brand Tuna Chunks - Water,3.48,150g,
bran,6,9,10829840,Ayam Brand Baked Beans - Tomato Sauce,1.85,425g,Halal
bran,6,10,52720,Ayam Brand Baked Beans - Tomato Sauce,1.21,230g,
bran,6,11,13057931,Ayam Brand Tuna - Chili Light,3.28,160g,Halal
bran,6,12,11562236,Ayam Brand Sardines in Tomato Sauce - Light,2.15,155g,
bran,6,13,13001759,Ayam Brand Tuna Flakes - Extra Virgin Olive Oil (Omega 3),3.48,150g,
bran,6,14,13057898,Ayam Brand Tasty Tuna - Chili (Spiciness Level 3),3.28,160g,
bran,6,15,13057934,Ayam Brand Tuna Mayonnaise,3.28,160g,
bran,6,16,10126328,Ayam Brand Whole Kernel Corn,1.86,425g,Halal
bran,6,17,13001758,Ayam Brand Tuna Flakes - Olive Oil (Premium),3.48,150g,
bran,6,18,11500684,Ayam Brand Baked Beans - Light,1.85,425g,Halal
bran,6,19,10943598,Ayam Brand Sardines in Tomato Sauce - Spicy,4.99,425g,Halal
bran,6,20,13046198,Ayam Brand Tuna Chunks - Olive Oil (Light),3.48,150g,
palm,5,1,13016848,Daribell Pure & Natural Sweetener - Granulated Palm Sugar,2.6,200g,Halal
palm,5,2,13149026,LBS Palm Sugar,3.75,450g,
palm,5,3,13154546,Bagus Palm Sugar,3.1,500g,Halal
palm,5,4,90239410,Dani Hearts Of Palm,8.34,410 G,
palm,5,5,90201624,Kitchen & Love  Hearts of Palm,12.51,410 G,
palm,5,6,90014645,Kitchen & Love Hearts of Palm,10.71,410 G,
palm,5,7,90238981,AAA Palm Sugar,5.1,500 G,
palm,5,8,90204943,Cooks & Co Hearts of Palm,21.99,800 G,
palm,5,9,1,Cooks & Co Hearts of Palm,11.35,400 G,
palm,5,10,90072657,Palmolive MOROCCAN ROSE OIL & GINSENG EXTRACT Shower Gel,9.98,750 ML,
palm,5,11,90072582,Palmolive Naturals White & Smooth Pearl & Milk Protein Soap,4.2,3 S,
palm,5,12,90072658,Palmolive YLANG YLANG OIL & IRIS Extract Shower Gel,9.98,750 ML,
palm,5,13,90114286,Palmolive Naturals Smooth & Moisture - Aloe Vera & Olive,4.2,80 G,
palm,5,14,90125261,Palmolive Naturals Macadamia and Cocao Cream Shower Gel,3.98,750 ML,
palm,5,15,90072581,Palmolive NATURALS Soft Moisture Rose & Cherries 80g Bar Soap,4.2,3 S,
palm,5,16,90114529,"Palmolive Absolute Relax Shower Gel with Ylang Ylang, Refill",7.68,450 ML,
palm,5,17,90114528,"Palmolive Sensual Shower Gel with Moroccan Rose, Refill",7.68,450 ML,
palm,5,18,90126423,Palmolive Naturals Anti-Dandruff Shampoo With Wild Mint,5.98,350 ML,
palm,5,19,90072579,Palmolive NATURALS Fresh Moisture Citrus & Cream 80g Bar Soap,4.2,3 S,
palm,5,20,13102129,Palmer's Body Lotion - Cocoa Butter,14.93,400ml,
empanada,5,1,90209612,Nordics Deep Clean Expandable Dental Floss Cinnamon,8.0,1 S,
empanada,5,2,90209610,Nordics Deep Clean Expandable Dental Floss Charcoal,8.0,1 S,
empanada,5,3,90192644,20+24+28in Cabriolet PC Expandable Anti-theft Luggage - Red,270.0,3 S,
empanada,5,4,90203091,"20/24/29"" Water Polo ABS Expandable Antitheft Luggage - Grey",240.0,3 S,
empanada,5,5,90203084,"20/24/29"" Water Polo ABS Expandable Antitheft Luggage - Black",240.0,3 S,
empanada,5,6,90195952,20+24+28in Ricochetting PC Expandable Luggage Red,210.0,3 S,
empanada,5,7,90235608,20+24+28in Polypropylene Expandable Antitheft Luggage - Black,200.0,3 S,
empanada,5,8,90235619,20+24+28in Polypropylene Expandable Antitheft Luggage - Blue,200.0,3 S,
empanada,5,9,90192141,Ko-Ku Ride On Cabin Size Expandable Luggage - Black,179.0,1 S,
empanada,5,10,90241920,20+24+28in ABS+PC Antitheft Zipper Expandable Luggage - Red,190.0,3 S,
empanada,5,11,1,28 inch Cabriolet PC Expandable Antitheft Luggage - Red,130.0,1 S,
empanada,5,12,2,"24"" Cabriolet PC Expandable Anti-theft Luggage - Black",110.0,1 S,
empanada,5,13,4,28 inch Large Cabriolet PC Expandable Anti-theft - Black,110.0,1 S,
empanada,5,14,90206759,20+24+28in Burly Fabric Expandable Fabric Luggage - Brown,104.9,3 S,
empanada,5,15,90206758,20+24+28in Burly Fabric Expandable Fabric Luggage - Red,104.9,3 S,
empanada,5,16,90206757,20+24+28in Burly Fabric Expandable Fabric Luggage - Navy,104.9,3 S,
empanada,5,17,90206748,20+24+28 in Burly Fabric Expandable Fabric Luggage - Grey,104.9,3 S,
empanada,5,18,90230795,"29"" Water Polo ABS Expandable Antitheft Luggage - Black",100.0,1 S,
empanada,5,19,90203484,"24"" Cavernous ABS Expandable Anti-theft Luggage - Black",100.0,1 S,
empanada,5,20,90203086,"24"" Cavernous ABS Expandable Anti-theft Luggage - Green",100.0,1 S,
pounder,5,1,90158860,Oral-B All Rounder Gum Protect Toothbrush - Extra Soft,3.28,1 S,
pounder,5,2,90158833,Oral-B ALL ROUNDER 123 Clean MEDIUM 3-WAY Clean ToothBrush,3.96,1 S,
pounder,5,3,10539157,Beringer Founders' Estate White Wine - Chardonnay,42.0,750ml,
pounder,5,4,13273286,Kim's Duet Coffee Bags - Founders' Roast,12.8,50g,
pounder,5,5,90078387,Oral-B ALL ROUNDER 123 Clean Soft Pack of 3 ToothBrush,5.96,1 S,
pounder,5,6,90158832,Oral-B ALL ROUNDER 123 Clean SOFT 3-WAY Clean ToothBrush,3.98,1 S,
pounder,5,7,13109835,The Glenlivet Founder's Reserve Scotch Whisky,96.78,700ml,
pounder,5,8,90078386,Oral-B ALL ROUNDER 123 Clean MEDIUM 3-WAY Clean ToothBrush,4.98,1 S,
pounder,5,9,90078385,Oral-B ALL ROUNDER 123 Clean SOFT 3-WAY Clean ToothBrush,4.98,1 S,
gumbo,5,1,13244708,Berryworld South Africa Jumbo Blueberry,5.95,150g,
gumbo,5,2,10691837,Fresh Corindi Australia Super Jumbo Blueberries,12.95,200g,
gumbo,5,3,13095119,Zespri New Zealand Kiwifruit - Jumbo SunGold,6.65,3 per pack,
gumbo,5,4,90144359,Agro Fresh Jumbo Yellow Lemon,3.45,3 S,
gumbo,5,5,13045385,Sunshine Bread - Jumbo Pack Enriched Soft White,3.1,550g,Halal
gumbo,5,6,13285415,FairPrice Bathroom Tissues - Jumbo (2-Ply),17.95,30 X 500 per pack,
gumbo,5,7,13047035,Okeanoss Frozen Jumbo Tiger Prawn Meat,16.5,400g,
gumbo,5,8,13278324,FairPrice Water Jumbo Dehumidifier - Charcoal,6.3,3 x 720ml,
gumbo,5,9,11042329,Kellogg's Cereal - Cornflakes (Jumbo Pack),6.7,500g,
gumbo,5,10,90209175,Seafood Boy - Jumbo Frozen Peeled Prawn Meat (Tail On),9.81,500 G,
gumbo,5,11,13278312,FairPrice Water Jumbo Dehumidifier - Regular,6.3,3 x 720ml,
gumbo,5,12,550352,Ziploc Double Zipper Storage Bags - Jumbo,9.48,8 per pack,
gumbo,5,13,13154793,Nature's Wonders Golden Raisins - Jumbo,4.28,200g,Halal
gumbo,5,14,12139317,FairPrice Water Jumbo 3 in 1 Dehumidifier - Wardrobe & Drawer,5.55,5 x 25g,
gumbo,5,15,13279240,Yamasa Japanese Jumbo Crab Stick,15.95,600g,
gumbo,5,16,90209651,Seafood Boy - Jumbo Frozen Peeled Tiger Prawn Meat,14.25,500 G,
gumbo,5,17,13096357,CP Shrimp Wonton - Jumbo,9.75,194g (8 per pack),
gumbo,5,18,13244235,Nissin Instant Bowl Noodle - Jumbo Seafood Chilli Crab,3.01,121g,Halal
gumbo,5,19,13291957,Seafood Boy Frozen Jumbo Peeled Prawn Meat - Tail On,9.81,500g,
gumbo,5,20,12715181,FairPrice Water Jumbo Dehumidifier - Charcoal,20.5,18 x 720ml (CTN),
pocket,5,1,13192190,Vinda Deluxe Hanky Pocket Tissue - 4 Ply,1.42,10 per pack,
pocket,5,2,11139438,Beautex Pocket Tissue - Special (3ply),4.63,48 x 8 per pack,
pocket,5,3,13136256,PurSoft Facial Mini Pocket Tissue (3 ply),4.59,48 x 8 per pack,
pocket,5,4,13077029,NooTrees Bamboo Pulp Pocket Tissue (2ply),2.04,10 x 9 per pack,
pocket,5,5,13267234,Tempo Hanky Sakura Petit Pocket Tissue (4ply),2.95,7 x 18 per pack,
pocket,5,6,13254651,Cloversoft 3ply Unbleached Pocket Tissues,2.99,10 per pack,
pocket,5,7,2,Botare Pocket Tissue Paper 3ply,9.9,8 x 7 S,
pocket,5,8,13182386,FairPrice 3ply Pocket Facial Tissue,3.99,48 x 8 per pack,
pocket,5,9,90230606,Botare Soft Cotton Pocket Tissues 6ply,10.9,54 S,
pocket,5,10,90223789,ZhiMeng 3ply Pocket Tissue,11.29,100 S,
pocket,5,11,13263385,Tempo Hanky Bluebell Petit Pocket Tissue (4ply),2.95,7 x 18 per pack,
pocket,5,12,10136518,FairPrice Hanky 2ply Pocket Tissue,5.3,40 x 10 per pack,
pocket,5,13,90207996,Small Pocket Tissue Japanese Style,5.5,6 S,
pocket,5,14,12710042,FairPrice Soft Pocket Handkerchiefs,44.65,400 x 10 per pack (CTN),
pocket,5,15,90230321,otare Soft Cotton Pocket Tissues 6ply,4.6,9 S,
pocket,5,16,90030454,Paw Patrol Pocket Printed Tissue 4 Ply,3.33,6 S,
pocket,5,17,90241664,Bluna Mini Pocket-sized Wet Wipes,4.3,8 x 8 S,
pocket,5,18,1,Bluna Mini Pocket-Sized Wet Wipes,117.8,30 x 8 S,
pocket,5,19,90228002,WypAll X80 Plus Power Pockets Cleaning Cloths - Green,24.0,30 S,
pocket,5,20,90227946,WypAll X80 Plus Power Pockets Cleaning Cloths - Red,22.4,30 S,
salsa,5,1,90214035,Santa Maria Chunky Salsa - Hot,5.6,230 G,
salsa,5,2,12294464,Jack 'n Jill Potato Chips - Salsa Chili (Funpack),3.05,8 x 15g,
salsa,5,3,12529040,La Costena Salsa Dip - Hot,5.3,453g,
salsa,5,4,11412123,Jack 'n Jill Potato Chips - Salsa Chili,3.41,150g,
salsa,5,5,12529032,La Costena Salsa Dip - Medium,5.3,453g,
salsa,5,6,13084858,Tostitos Salsa Dip - Chunky Habanero (Hot),7.74,439.4g,
salsa,5,7,11457743,Tostitos Chunky Salsa (Medium),7.74,439.4g,
salsa,5,8,13257237,Cholula Salsa - Original (Medium),7.95,340g,
salsa,5,9,90014927,Biona Organic Salsa Dip Sauce - Mild,7.11,260 G,
salsa,5,10,90217626,Casa del Sur Guacamole Salsa,4.45,300 G,
salsa,5,11,13257236,Cholula Salsa - Smoky Chipotle (Hot),7.95,340g,
salsa,5,12,90217624,Casa del Sur Mexicana Salsa,8.1,315 G,
salsa,5,13,90217651,Casa del Sur Chesse Salsa,8.1,300 G,
salsa,5,14,90252028,Quest Nutrition Protein Chips - Salsa Verde,43.2,8 x 32 G,
salsa,5,15,90255155,Santa Maria Salsa - Tropical,5.1,230 G,
salsa,5,16,90255145,Santa Maria Salsa - Pineapple,5.1,230 G,
salsa,5,17,90063484,La Costena Homestyle Salsa Medium in Glass,6.0,475 G,
salsa,5,18,2,La Costena Salsa Rojo De Habanero Hot Sauce,5.86,2 x 145 ML,Halal
salsa,5,19,1,Zanuy Salsa - Cheddar,7.0,300 G,
pockets,5,1,13182386,FairPrice 3ply Pocket Facial Tissue,3.99,48 x 8 per pack,
pockets,5,2,11139438,Beautex Pocket Tissue - Special (3ply),4.63,48 x 8 per pack,
pockets,5,3,10225676,FairPrice 2ply Pocket Facial Tissue,3.26,64 x 10 per pack,
pockets,5,4,13192190,Vinda Deluxe Hanky Pocket Tissue - 4 Ply,1.42,10 per pack,
pockets,5,5,10136518,FairPrice Hanky 2ply Pocket Tissue,5.3,40 x 10 per pack,
pockets,5,6,13136256,PurSoft Facial Mini Pocket Tissue (3 ply),4.59,48 x 8 per pack,
pockets,5,7,13263385,Tempo Hanky Bluebell Petit Pocket Tissue (4ply),2.95,7 x 18 per pack,
pockets,5,8,13267234,Tempo Hanky Sakura Petit Pocket Tissue (4ply),2.95,7 x 18 per pack,
pockets,5,9,460569,FairPrice 2ply Pocket Facial Tissue,1.01,16 x 10 per pack,
pockets,5,10,13077029,NooTrees Bamboo Pulp Pocket Tissue (2ply),2.04,10 x 9 per pack,
pockets,5,11,13254651,Cloversoft 3ply Unbleached Pocket Tissues,2.99,10 per pack,
pockets,5,12,13203735,Listerine Pocket Mist - Cool Mint,7.03,7.7ml,
pockets,5,13,10156543,FairPrice Royal Gold Hanky 3ply Pocket Tissue,1.79,10 x 10 per pack,
pockets,5,14,13094512,FairPrice Pocket Comb with Handle,2.75,1 per pack,
pockets,5,15,13094511,Fairprice Pocket Comb,2.75,1 per pack,
pockets,5,16,90206777,Go Max Super Double Edge Blade 5 Blade of 20 Pockets,3.88,20 S,
pockets,5,17,90083824,Kinepin Pocket Hair Comb J0838,3.9,1 S,
pockets,5,18,12710042,FairPrice Soft Pocket Handkerchiefs,44.65,400 x 10 per pack (CTN),
pockets,5,19,90212712,Kokona Hand Gel Pocket Hygiene Hand Gel 70% With Chamomile,4.95,65 ML,
pockets,5,20,90241664,Bluna Mini Pocket-sized Wet Wipes,4.3,8 x 8 S,
elk,4,1,90114787,Sweet Home Waterproof Table Cloth-Green Elk,5.9,1 S,
elk,4,2,90172817,BELLY UP USA Spring-Shed Elk Antlers,17.9,1 S,
elk,4,3,90116367,Puku Animal Baby Pacifier 6+ Months - Elk + Giraffe,10.9,,
currants,4,1,90252826,Laobanniang Dried Black Currants,8.5,500 G,
currants,4,2,90228411,RedMan Dried Currants,4.2,250 G,
currants,4,3,90222312,RedMan Dried Fruit Currant,146.3,12.5 KG,
currants,4,4,90221698,RedMan Dried Currant,14.4,1 KG,
whey,5,1,13291049,Optimum Nutrition Whey Protein Powder - Double Rich Chocolate,37.0,310g,
whey,5,2,13291058,Optimum Nutrition Whey Protein Powder - Vanilla Ice Cream,37.0,310g,
whey,5,3,90252723,Nature's Nutrition Instant Whey Protein Powder,28.0,500 G,
whey,5,4,2,Applied Nutrition Critical Whey Protein Powder - Chocolate,103.9,2 KG,
whey,5,5,90254050,Applied Nutrition Critical Whey Protein Powder - Chocolate,62.5,825 G,
whey,5,6,90230396,Applied Nutrition Critical Whey Protein Powder Chocolate,30.0,450 G,
whey,5,7,90230403,Applied Nutrition Critical Whey Protein Powder Vanilla,38.0,450 G,
whey,5,8,90230402,Applied Nutrition Critical Whey Protein Powder Strawberry,30.0,450 G,
whey,5,9,90221644,Happy Way Whey Protein Powder - Banana Bonanza,65.0,500 G,
whey,5,10,90254035,Applied Nutrition Critical Whey Protein Powder - Strawberry,62.5,825 G,
whey,5,11,90237211,Happy Way Whey Protein Powder Sample Pack Chocolate,11.0,60 G,
whey,5,12,90232693,Applied Nutrition Clear Whey Strawberry & Raspberry,85.91,875 G,
whey,5,13,90255116,Applied Nutrition Critical Whey Protein Powder - Vanilla,59.25,825 G,
whey,5,14,90237202,Happy Way Whey Protein Powder Sample Pack Salted Caramel,11.0,60 G,
whey,5,15,90237192,Happy Way Whey Protein Powder Sample Pack Berry,11.0,60 G,
whey,5,16,90221684,Happy Way Whey Protein Powder Sachet - Banana Bonanza,11.0,60 G,
whey,5,17,90232636,Applied Nutrition Clear Whey Watermelon,85.91,875 G,
whey,5,18,90221694,Happy Way Whey Protein Powder Top Of The Choc - Chocolate,65.0,500 G,
rhubarb,4,1,90150386,Alchemy & Tonic Rhubarb & Smashed Mandarin Tonic,9.8,4 x 250 ML,
rhubarb,4,2,90252097,Yarra Valley Rhubarb Raspberry & Vanilla Bean Jam,12.9,300 G,
rhubarb,4,3,90184548,Folkington's Rhubarb & Apple,3.22,250 ML,
dinner,4,1,13009923,Friskies Cat Can Food - Pate Salmon Dinner,1.58,156g,
dinner,4,2,90145727,"Santa Maria Tex Mex Taco Tubs Dinner Kit, 298G",10.6,298 G,
dinner,4,3,13290090,Winnie Ceramic Gold Rim Dinnerware (3pcs),89.9,3 per pack,
dinner,4,4,90175955,Bormioli Rocco White Moon Opalware - Dinner Plate 27cm,27.0,6 S,
dinner,4,5,90182276,eco u Ultra Premium Paper Dinner Napkins 40x40cm Bio (Carton),234.0,100 S,
dinner,4,6,90242021,Corelle 16Pc Dinner Set - Minial Check,139.0,1 S,
dinner,4,7,90241989,Corelle 16Pc Dinner Set - Flowing Fern,139.0,1 S,
dinner,4,8,90242031,Corelle 16Pc Dinner Set - Sadie,139.0,1 S,
dinner,4,9,90242030,Corelle 16Pc Dinner Set - Adorable Dots,139.0,1 S,
dinner,4,10,90242020,Corelle 16Pc Dinner Set - Jacquard Band,139.0,1 S,
dinner,4,11,90056090,Wilmax England Porcelain Dinner Plate 6Pcs Set,64.49,6 S,
dinner,4,12,90052840,Table Matters Starry Blue - 10.5 Inch Dinner Plate,13.0,1 S,
dinner,4,13,90177866,eco u Ultra Premium Dinner Napkins 40x40cm 100% Biodegradable,15.0,100 S,
dinner,4,14,90130595,Wilmax England Porcelain Dinner Plate 25.5cm,12.01,1 S,
dinner,4,15,90056349,Wilmax England Porcelain Dinner Plate,12.01,1 S,
dinner,4,16,90229786,Wilmax England Porcelain Dinner Plate 25.5cm,11.9,1 S,
dinner,4,17,90051985,Table Matters Blue Wave - 10.5 Inch Dinner Plate,9.0,1 S,
dinner,4,18,90052857,Table Matters Crisscross Blue - 10.5 Inch Dinner Plate,8.88,1 S,
dinner,4,19,90175965,Bormioli Rocco Sicura Inifinito Blue Line Dinner Plate 255mm,8.0,1 S,
dinner,4,20,90138403,Wilmax England Porcelain Dinner Plate 23Cm,7.97,1 S,
liquids,4,1,12632080,Mama Lemon Dishwashing Liquid Refill - Natural Lemon,4.99,4 x 600ml,
liquids,4,2,13013643,Mama Lemon Gold Dishwashing Liquid Refill - Natural Lemon,4.99,4 x 600ml,
liquids,4,3,13062276,Dettol Antiseptic Germicide Liquid,24.45,2L + 500ml,
liquids,4,4,12632072,Mama Lemon Dishwashing Liquid RefiII - Fresh Citrus,5.05,4 x 600ml,
liquids,4,5,12632099,Mama Lemon Dishwashing Liquid Refill - Green Tea,5.05,4 x 600ml,
liquids,4,6,13239702,Dynamo Laundry Detergent Refill - Anti-Bacterial,11.5,2.2kg,
liquids,4,7,13146960,Top Concentrated Liquid Detergent Refill - Super Low Suds,4.84,1.5kg,
liquids,4,8,13145182,Kim Poh Dishwashing Liquid - Anti-Bacterial,5.4,5kg,
liquids,4,9,13267331,Smart Choice Dishwashing Liquid,4.3,5L,
liquids,4,10,13257109,Top Liquid Detergent Refill - Low Suds Colour Protect,4.84,1.7kg,
liquids,4,11,13187770,FairPrice Laundry Liquid Detergent - Anti-Bacterial,3.82,1.8L,
liquids,4,12,13146935,Top Concentrated Liquid Detergent Refill - Anti-Bacterial,4.84,1.6kg,
liquids,4,13,13239713,Dynamo Laundry Detergent Refill - 3X Odor Remover,11.5,2.4kg,
liquids,4,14,57738,Kim Poh Dishwashing Liquid,5.4,5kg,
liquids,4,15,13168611,Biograde Dishwashing Liquid - Fresh Lime,4.8,3L,
liquids,4,16,11812258,Kao Bleach Liquid - Colour,7.95,3L,
liquids,4,17,13257110,Top Liquid Detergent Refill - Anti Bacterial,4.84,1.8kg,
liquids,4,18,13239701,Dynamo Laundry Detergent Refill - Eau De Rose,11.5,2.4kg,
liquids,4,19,13239710,Dynamo Laundry Detergent Refill - Color Care,11.5,2.4kg,
liquids,4,20,13016671,Persil Concentrated Liquid Detergent - Front Load,12.97,2.7L,
filling,4,1,10033842,BoBo Fuzhou Fish Ball with Chicken Fillings,3.95,270g,
filling,4,2,90088333,Eveline Total Lifting Wrinkle Filling Day & Night Cream 40+,19.9,50 ML,
filling,4,3,90237959,Mr. Macho Extra-Filling Chicken Pie,8.2,300 G,Halal
filling,4,4,1,RedMan Pie Filling - Blueberry (Wild Whole),44.0,2.7 KG,
filling,4,5,90237968,Mr. Macho Extra-Filling Chicken Ham Potato Pie,8.2,300 G,Halal
filling,4,6,90225476,RedMan Pie Filling - Apple Dices,33.6,2.7 KG,
filling,4,7,2,WuGuFeng Singapore Filling Cookie Assorted,23.0,168 G,Halal
filling,4,8,90232577,WuGuFeng Singapore Mango Filling Cookie,20.0,224 G,Halal
filling,4,9,90232468,WuGuFeng Singapore Kaya Filling Cookie,20.0,224 G,Halal
filling,4,10,90232527,WuGuFeng Singapore Pineapple Filling Cookie,19.0,224 G,Halal
filling,4,11,90223674,RedMan Pie Filling - Blueberry (Wild Whole),12.0,610 G,
filling,4,12,90245965,DREAMAX Pillow Polyester Filling,9.9,300 G,
filling,4,13,90129217,Sweet Home 3-D Print Sponge Filling Seat cushion-kiwi,9.9,1 S,
filling,4,14,90221093,RedMan Pie Filling - Strawberry,9.6,610 G,
filling,4,15,90223705,RedMan Pie Filling - Apple,8.0,610 G,
chard,5,1,13280940,[BCRS] Kirin Hyoketsu Beer Can - Chardonnay,5.56,350ml,
chard,5,2,351586,Penfolds Koonunga Hill White Wine - Chardonnay,40.0,750ml,
chard,5,3,13185396,Just Wine White Wine - Chardonnay,19.9,750ml,
chard,5,4,90039342,Noblesse Chardonnay Chile White Wine 2024,18.5,750 ML,
chard,5,5,90249235,Atmosphere France White Wine - Chardonnay,25.3,750 ML,
chard,5,6,13260132,Reservado Chardonnay,22.9,750ml,
chard,5,7,90038249,Cranswick Lakefield Chardonnay Australia White Wine 2024,20.2,750 ML,
chard,5,8,13073562,Cloudy Bay White Wine - Chardonnay,49.0,750ml,
chard,5,9,10920847,Yellow Tail White Wine - Chardonnay,23.9,750ml,
chard,5,10,90088806,Selection 23 Chardonnay Australia White Wine 2024,21.95,750 ML,
chard,5,11,90163544,Cantine Paolini Gurgo Chardonnay Sicilia DOC White Wine,24.7,750 ML,
chard,5,12,10897376,Gallo Family Vineyards White Wine - Chardonnay,26.9,750ml,
chard,5,13,13052543,Rawson's Retreat White Wine - Chardonnay,25.9,750ml,
chard,5,14,13187415,Napa Cellar Chardonnay,49.9,750ml,
chard,5,15,264276,Jacob's Creek Classic White Wine - Chardonnay,27.9,750ml,
chard,5,16,11140340,Lindeman's Bin Series White Wine - Chardonnay (Bin 65),22.9,750ml,
chard,5,17,13221107,Carmen Insigne Chardonnay,23.9,750ml,
chard,5,18,13267482,Daou Chardonnay White Wine,44.9,750ml,
chard,5,19,13266352,Bouchard Aine & Fils Brut De Chardonnay Sparkling Wine,33.9,750ml,
chard,5,20,13269538,Oyster Bay White Wine - Chardonnay,39.0,750ml,
chowder,4,1,13236620,Campbell's Condensed Soup - Crab Chowder,3.74,290g,Halal
chowder,4,2,13280052,Chwee Song Self Heating Soup - Clam Chowder,7.8,300ml,
chowder,4,3,90027464,Nissin Pork Chowder Cup Noodles - Bundle of 2,7.15,2 x 75 G,
chowder,4,4,90179683,Nissin Clam Chowder Cup Noodle - Bundle Of 4,13.6,4 x 75 G,
chowder,4,5,90179675,Nissin Pork Chowder Cup Noodle - Bundle of 4,13.6,4 x 75 G,
chowder,4,6,90090937,Catch Seafood Smoke Salmon Clam Chowder,8.95,500 G,
chowder,4,7,90020887,Nissin Clam Chowder Cup Noodles - Bundle of 2,7.15,2 x 75 G,
tortillas,4,1,90145717,"Santa Maria Tex Mex Nacho Chips Original, 475G",9.0,475 G,
tortillas,4,2,13052764,Cheezels Cheese Rings Snack - Original (Multipack),2.9,8 x 13g,Halal
tortillas,4,3,10729188,Doritos Tortilla Chips - Nacho Cheese,4.95,190g,
tortillas,4,4,90145714,"Santa Maria Tex Mex Tortilla Chips BBQ, 185G",4.75,185 G,
tortillas,4,5,13052761,Twisties Corn Snack - Kaboom! BBQ Curry,2.9,8 x 13g,Halal
tortillas,4,6,13052762,Twisties Corn Snack - Cheeky Cheddar Cheese,2.9,8 x 13g,Halal
tortillas,4,7,11464820,Doritos Tortilla Chips - Spicy Nacho,4.95,190g,
tortillas,4,8,90145720,Santa Maria Tortilla Wrap Original - Medium,5.95,320 G,
tortillas,4,9,13019210,Oriental Super Ring Cheese Snack,1.17,60g,Halal
tortillas,4,10,10729196,Doritos Tortilla Chips - Smoking BBQ,4.95,190g,
tortillas,4,11,90145719,Santa Maria Tortilla Wrap Original - Large,6.95,6 S,
tortillas,4,12,90145721,Santa Maria Tortilla Wrap Original - Small,5.4,8 S,
tortillas,4,13,13252670,Tostitos Tortilla Chips - Classic Restaurant Style,7.74,250g,
tortillas,4,14,90217937,Santa Maria Tortilla Strips Sweet Chili,4.75,185 G,
tortillas,4,15,13238961,Cheetos Cheese Flavoured Snacks - Original (Crunchy),1.75,60g,
tortillas,4,16,13278877,FairPrice Layered Chips - Corn,2.5,80g,
tortillas,4,17,13252001,FairPrice Tortilla Chips - Nacho Cheese,4.05,190g,Halal
tortillas,4,18,10729209,Doritos Tortilla Chips - Taco,4.95,190g,
tortillas,4,19,13278891,FairPrice Layered Chips - Wasabi Seaweed,2.5,80g,
tortillas,4,20,13038691,Cheetos Cheese Flavoured Snacks - Puffs,5.85,220g,
cobbler,4,1,90227631,RedMan Texture Mat - Cobblestone,15.2,1 S,
stroganoff,4,1,90219150,Beef Stroganoff Risotto Twin Pack - Frozen,15.0,2 x 150 G,
stroganoff,4,2,1,Beef Stroganoff Risotto - Frozen,7.5,150 G,
stuffing,4,1,90230849,"SnackFirst Stunning Sunflower Seeds - Natural, Unsalted",6.9,200 G,
stuffing,4,2,90019062,VMV Hypoallergenics Id Skin-Buffing Cleansing Scrub,42.0,120 ML,
deer,4,1,90059553,Flying Deer Satay Fish Crisp,7.0,250 G,
deer,4,2,90038920,Holistic Way Premium Deer Placenta Fresh 9000mg,113.1,60 S,
deer,4,3,90224767,HOMIE Ultra Soft Bamboo Pillow - Deer XL,57.99,1 S,
deer,4,4,90137039,Nano Japan Resvenus Deer Placenta - Age Defying,42.9,18 S,
deer,4,5,90224784,HOMIE Ultra Soft Bamboo Pillow - Deer L,30.99,1 S,
deer,4,6,90224811,HOMIE Bamboo Pillow Cover - Deer  XL,29.99,1 S,
deer,4,7,90224902,HOMIE Bamboo Pillow Cover - Deer  L,19.99,1 S,
deer,4,8,90224856,HOMIE Ultra Soft Bamboo Pillow - Deer S,19.99,1 S,
deer,4,9,90224804,HOMIE Ultra Soft Bamboo Pillow - Deer M,19.99,1 S,
deer,4,10,90254443,Cubble Hooded Baby Bath Towel 105x105 cm - Khaki Deer,17.9,1 S,
deer,4,11,90224862,HOMIE Bamboo Pillow Cover - Deer  M,15.69,1 S,
deer,4,12,90254416,Cubble Hooded Baby Bath Towel 80x80cm - Khaki Deer,14.9,1 S,
deer,4,13,90224841,HOMIE Bamboo Pillow Cover - Deer  S,14.9,1 S,
deer,4,14,90153079,iti Skin & Coat - Lamb Jerky W Deer Powder,13.89,100 G,
deer,4,15,90153078,iti Hip & Joint - Beef Jerky W Deer Powder,13.89,100 G,
deer,4,16,90186026,Partyforte Car Decoration Accessory - Deer Horns Big Red Nose,12.9,1 PC,
deer,4,17,90228484,RedMan Merry Christmas - Deer Horn,2.1,1 S,
deer,4,18,90241887,LEGO 42218 Technic John Deere 1470H Wheeled Harvester,16.9,1 S,
deer,4,19,90193956,LEGO 42157 Technic John Deere 948L II Skidder,299.9,1 S,
deer,4,20,13239702,Dynamo Laundry Detergent Refill - Anti-Bacterial,11.5,2.2kg,
parfait,4,1,90036324,Le Parfait Super Jar 1.5L,8.5,1 PC,
parfait,4,2,90253570,Dreame Pocket Cake High-Speed Hair Dryer - Lemon Parfait,159.0,1 S,
parfait,4,3,90107072,Le Parfait Familia Jar Metal Inner Sealing Cap D10Cm,18.0,12 S,
parfait,4,4,90107074,Le Parfait Familia Jar Metal Screw Top Cover Lid D8.2Cm,9.9,6 S,
parfait,4,5,90159605,Le Parfait VMC Deco High Ball Tumbler 25Cl,4.5,3 S,
parfait,4,6,90036323,Le Parfait Super Jar 3.0L,15.9,1 PC,
parfait,4,7,90036326,Le Parfait Super Jar 0.75L,6.5,1 PC,
fillings,4,1,10033842,BoBo Fuzhou Fish Ball with Chicken Fillings,3.95,270g,
fillings,4,2,90088333,Eveline Total Lifting Wrinkle Filling Day & Night Cream 40+,19.9,50 ML,
fillings,4,3,90237959,Mr. Macho Extra-Filling Chicken Pie,8.2,300 G,Halal
fillings,4,4,1,RedMan Pie Filling - Blueberry (Wild Whole),44.0,2.7 KG,
fillings,4,5,90237968,Mr. Macho Extra-Filling Chicken Ham Potato Pie,8.2,300 G,Halal
fillings,4,6,90225476,RedMan Pie Filling - Apple Dices,33.6,2.7 KG,
fillings,4,7,2,WuGuFeng Singapore Filling Cookie Assorted,23.0,168 G,Halal
fillings,4,8,90232577,WuGuFeng Singapore Mango Filling Cookie,20.0,224 G,Halal
fillings,4,9,90232468,WuGuFeng Singapore Kaya Filling Cookie,20.0,224 G,Halal
fillings,4,10,90232527,WuGuFeng Singapore Pineapple Filling Cookie,19.0,224 G,Halal
fillings,4,11,90223674,RedMan Pie Filling - Blueberry (Wild Whole),12.0,610 G,
fillings,4,12,90245965,DREAMAX Pillow Polyester Filling,9.9,300 G,
fillings,4,13,90129217,Sweet Home 3-D Print Sponge Filling Seat cushion-kiwi,9.9,1 S,
fillings,4,14,90221093,RedMan Pie Filling - Strawberry,9.6,610 G,
fillings,4,15,90223705,RedMan Pie Filling - Apple,8.0,610 G,
suey,4,1,90227585,Katy Sue Silicone Veiner - Ultimate Petal,35.2,1 S,
suey,4,2,90246138,"JIJI.SG Cotton-Suede Floor Chair, Grey (18""Cubes)",29.9,1 S,
suey,4,3,90246114,"JIJI.SG Cotton-Suede Floor Chair, Brown (18""Cubes)",29.9,1 S,
suey,4,4,90246145,"JIJI.SG Cotton-Suede Floor Chair, Black (18""Cubes)",29.9,1 S,
suey,4,5,90228439,Katy Sue Silicone Mould - Happy Birthday Star Plaque,28.8,1 S,
suey,4,6,1,Katy Sue Impress Pattern Creator - Set 1,28.0,1 S,
suey,4,7,2,Katy Sue Impress Pattern Creator - Set 2,28.0,1 S,
suey,4,8,90228455,Katy Sue Silicone Mould - Baby Boy,27.2,1 S,
suey,4,9,90224664,Katy Sue Silicone Mould - Lily Buds,27.2,1 S,
suey,4,10,90228453,Katy Sue Silicone Mould - Nut & Berry,24.8,1 S,
suey,4,11,90226118,Katy Sue Silicone Mould - Rimmed Pearl,24.8,1 S,
suey,4,12,90228302,Katy Sue Silicone Mould - Large Numbers,26.4,1 S,
suey,4,13,90228419,Katy Sue Silicone Mould - Domed Lower Case Alphabet,18.4,1 S,
suey,4,14,90228315,Katy Sue Silicone Mould - Domed Number,18.4,1 S,
suey,4,15,90224636,Katy Sue Silicone Mould - Football Silhouettes,18.4,1 S,
suey,4,16,90222452,Katy Sue Silicone Mould - Lace Royal,18.4,1 S,
suey,4,17,90228316,Katy Sue Silicone Mould - Wood Panel,17.6,1 S,
suey,4,18,90226170,Katy Sue Silicone Mould - Bunting Number,17.6,1 S,
suey,4,19,90228041,Katy Sue Five Petal Rose Cutter Set,16.8,5 S,
suey,4,20,90228408,Katy Sue Silicone Mould - Winter Spices,23.2,1 S,
chrysanthemum,4,1,10020227,Yeo's Packet Drink - Chrysanthemum Tea (Not So Sweet),11.6,24 x 250ml (CTN),Halal
chrysanthemum,4,2,12713670,Yeo's Packet Drink - Orchid Chrysanthemum Tea,11.6,24 x 250ml (CTN),Halal
chrysanthemum,4,3,13281087,[BCRS] Yeo's Bottle Drink - Chrysanthemum Tea,1.85,1.5L,Halal
chrysanthemum,4,4,12714110,F&N Seasons Packet Drink - White Chrysanthemum Tea,8.95,24 x 250ml (CTN),
chrysanthemum,4,5,457631,Yeo's Packet Drink - Chrysanthemum Tea (Not So Sweet),2.45,6 x 250ml,Halal
chrysanthemum,4,6,13190889,Yeo's Packet Drinks - Chrysanthemum Tea (No Sugar),2.45,6 x 250ml,Halal
chrysanthemum,4,7,11520036,Marigold Packet Drink - Chrysanthemum Tea (Less Sweet),3.19,6 x 250ml,Halal
chrysanthemum,4,8,13216349,Yeo's Packet Drink - Chrysanthemum with Honey,2.95,6 x 250ml,Halal
chrysanthemum,4,9,11195034,Pokka Packet Drink - Chrysanthemum with White Tea,3.6,6 x 250ml,
chrysanthemum,4,10,13250255,Yeo's Packet Drink - Orchid Chrysanthemum Tea,2.45,6 x 250ml,Halal
chrysanthemum,4,11,13244867,F&N Seasons Packet Drink - White Chrysanthemum Tea,3.2,6 x 250ml,
chrysanthemum,4,12,13171333,Vita Packet Drink - Chrysanthemum Tea,3.95,6 x 250ml,
chrysanthemum,4,13,12715352,[BCRS] Yeo's Bottle Drink - Chrysanthemum Tea Less Sugar,31.49,24 x 380ml (CTN),Halal
chrysanthemum,4,14,11520415,Marigold Packet Drink - Chrysanthemum Tea (LessSweet),8.8,24 x 250ml (CTN),Halal
chrysanthemum,4,15,12710510,Yeo's Packet Drinks - Chrysanthemum Tea (No Sugar),11.6,24 x 250ml (CTN),Halal
chrysanthemum,4,16,10454540,Gold Kili Instant Chrysanthemum Drink - Honey,4.59,20 x 18g,Halal
chrysanthemum,4,17,12712020,Yeo's Packet Drink - Chrysanthemum with Honey,11.91,24 x 250ml (CTN),Halal
chrysanthemum,4,18,12714745,[BCRS] Life Bottle Drink - Chrysanthemum Tea with Wolfberries,30.0,24 x 480ml (CTN),Halal
chrysanthemum,4,19,90145347,AAA Chrysanthemum Tea Bag with Brown Sugar,8.3,2 x 10 S,
chrysanthemum,4,20,90020953,AAA Chrysanthemum Tea Bag With Brown Sugar,4.1,100 G,
gum,4,1,453134,Saf-Instant Dry Baker's Yeast,2.19,55g,
gum,4,2,11479539,Systema Gum Care Mouthwash - Blue Caribbean,8.81,750ml,
gum,4,3,733619,Oral-B Tooth and Gum Care Toothpaste - Fresh Mint,9.7,3 x 100ml,
gum,4,4,12295109,Systema Gum Care Mouthwash - Sakura Mint,8.81,750ml,
gum,4,5,11479555,Systema Gum Care Mouthwash - Green Forest,8.81,750ml,
gum,4,6,13042286,Systema Gum Care Toothbrush - Compact (Soft),8.04,2 + free 1 per pack,
gum,4,7,13266199,Colgate Total Toothpaste - Sensitivity & Gum Health,8.3,150g,Halal
gum,4,8,13266202,Colgate Total Toothpaste - Gum Care,8.3,150g,
gum,4,9,13266072,Colgate Total Toothpaste - Sensitivity & Gum Health,19.95,4 x 150g,
gum,4,10,11210759,Sensodyne Toothpaste - Gum Care,7.54,100g,
gum,4,11,13197749,Sensodyne Sensitivity & Gum Toothpaste - Whitening,22.8,3 x 100g,
gum,4,12,13245746,Sensodyne Sensitivity & Gum Enamel Toothpaste - Mint,11.0,100g,
gum,4,13,13214513,Systema Gum Care Toothpaste - Natural Breezy Mint,9.95,3 per pack,
gum,4,14,49678,Bake King Instant Yeast,2.6,50g,Halal
gum,4,15,13085773,Systema Gum Care Toothbrush - Compact (Soft),12.07,6 per pack,
gum,4,16,13197750,Sensodyne Sensitivity & Gum Toothpaste - Extra Fresh,22.8,3 x 100g,
gum,4,17,13164900,Sensodyne Sensitivity & Gum Toothpaste - Original,10.2,100g,
gum,4,18,105454,Bake King Gelatine Powder,3.5,60g,Halal
gum,4,19,13164901,Sensodyne Sensitivity & Gum Toothpaste - Whitening,10.2,100g,
gum,4,20,13085776,Systema Gum Care Toothbrush - Compact (Medium),12.07,6 per pack,
beer,4,1,13281425,[BCRS] Tiger Lager Beer Can,56.0,24 x 320ml,
beer,4,2,13280928,[BCRS] Tiger Lager Beer Can,24.5,10 x 320ml,
beer,4,3,13281036,[BCRS] Carlsberg Can Beer - Danish Pilsner,47.95,24 x 320ml,
beer,4,4,13281241,[BCRS] Heineken Premium Lager Beer Can,55.8,20 x 320ml,
beer,4,5,13281381,[BCRS] Snow Can Beer,11.7,6 x 320ml,
beer,4,6,13281031,[BCRS] Anchor Can Beer - Smooth Pilsener,10.25,6 x 320ml,
beer,4,7,13281354,[BCRS] Sapporo Premium Can Beer,28.93,6 x 500ml,
beer,4,8,13280915,[BCRS] Heineken Premium Lager Beer Can,30.45,10 x 320ml,
beer,4,9,13281074,[BCRS] Raffles Export Lager Can Beer,10.25,6 x 320ml,
beer,4,10,13281153,[BCRS] Carlsberg Can Beer - Green Label,29.95,12 x 320ml,
beer,4,11,13281372,[BCRS] Kronenbourg 1664 Can Beer - Blanc,13.95,4 x 320ml,
beer,4,12,13281079,[BCRS] Skol Can Beer,9.95,6 x 320ml,
beer,4,13,13281502,[BCRS] Turborg Premium Can Beer - Strong,4.27,490ml,
beer,4,14,13281707,[BCRS] Heineken Premium Lager Beer Can,20.25,6 x 320ml,
beer,4,15,13280927,[BCRS] Kirin Ichiban Lager Beer,28.8,6 x 500ml,
beer,4,16,13281236,[BCRS] Kronenbourg 1664 Can Beer - Blanc,4.95,490ml,
beer,4,17,13281206,[BCRS] Anchor Can Beer - Strong Pilsner,4.23,490ml,
beer,4,18,13280924,[BCRS] Heineken Premium Lager Beer Can,5.4,490ml,
beer,4,19,13281735,[BCRS] Carlsberg Can Beer - Green Label,17.7,6 x 320ml,
beer,4,20,13281510,[BCRS] Kronenbourg 1664 Can Beer - Blanc,23.95,8 x 320ml,
pickles,4,1,90222034,S & W Genuine While Dill Pickles,7.3,680 G,
pickles,4,2,90218300,Maestros Aceituneros Pickle Cocktail Mix in Vinegar,10.71,345 G,
pickles,4,3,90218286,Maestros Aceituneros Gordal Olive with Pickle Cucumber,9.81,345 G,
pickles,4,4,90122140,Kirei Asagobo Katsuo Burdock Bonito Flavored Pickles,6.9,80 G,
pickles,4,5,90218237,Maestros Aceituneros Cocktail of Olives & Pickles in EVOO,8.9,350 G,
pickles,4,6,90163047,Shinshin Shibazuke Pickle,4.95,80 G,
pickles,4,7,90158484,Kirei Momoya Hana Rakkyo Japanese Shallot Pickles 115G,9.15,180 G,
pickles,4,8,90122141,Kirei Hayabori Sato Gobo Burdock Amakuchi Sweet Shoyu Pickles,6.55,80 G,
pickles,4,9,90008098,Telugu Mango Pickle 300G -- By Dashmesh,3.53,300 G,
pickles,4,10,90008097,Telugu Lime Pickle 300G -- By Dashmesh,2.84,300 G,
pickles,4,11,90008095,Telugu Green Chilli Pickle 300G -- By Dashmesh,2.84,300 G,
pickles,4,12,90135981,Kirei Wasabi Nametake Japanese Mushrooms Pickles Glass Bottle,13.6,370 G,
pickles,4,13,90252419,Yarra Valley Piccalilli Pickles,8.5,110 G,
pickles,4,14,90008093,Telugu Ginger Pickle 300G -- By Dashmesh,2.85,300 G,
pickles,4,15,90008086,Telugu Tomato Pickle 300G -- By Dashmesh,2.84,300 G,
pickles,4,16,1,Tsukemoto Pickle Marinade Seasoning Kit,14.5,1 KG,
pickles,4,17,90044475,Ebara Asazuke No Moto Konbu Dashi Kelp Pickle Base Seasoning,8.6,500 ML,
pickles,4,18,90201711,Ebara Asazuke Japan Yuzu Flavor Pickle Base Seasoning 300ml,6.8,300 G,
pickles,4,19,90254410,Exploding Kittens Pickle Grab Game,35.9,1 S,
pickles,4,20,90227089,McPherson Family Pickles Sauvignon Blanc,28.8,750 ML,
pepperoni,4,1,90018567,Aw's Market Pepperoni (Sliced),8.8,100 G,
pepperoni,4,2,13033307,Dr Oetker Ristorante Pizza - Pepperoni,11.55,320g,Halal
pepperoni,4,3,11089979,FairPrice Frozen Pizza - Pepperoni,6.85,300g (2 per pack),Halal
pepperoni,4,4,90218036,Casa del Sur Red Baby Pepperoni Peppers,6.28,325 G,
pepperoni,4,5,13291505,Jack 'N Jill Potato Chips - Pepperoni Pizza,4.0,120g,
pepperoni,4,6,90218073,Casa del Sur Green Pepperoni Peppers Whole,6.9,325 G,
pepperoni,4,7,90218064,Casa del Sur Red Pepperoni Peppers Whole,6.28,325 G,
pepperoni,4,8,90204927,Cooks & Co Green Pepperoncini Peppers,6.26,280 G,
pepperoni,4,9,13281440,[BCRS] Pokka Bottle Drink - Green Tea Peppermint,2.25,1.5L,Halal
pepperoni,4,10,10720183,Pepperidge Farm Goldfish Baked Snack Crackers - Colors,5.6,187g,
pepperoni,4,11,13254894,"Bulla Crunch Ice Cream Sticks - Vanilla, Orange, Peppermint",13.96,8 per pack,
pepperoni,4,12,11932495,Pepperidge Farm Goldfish Baked Crackers - Cheddar,5.6,187g,
pepperoni,4,13,13063906,Colgate Plax Mouthwash - Peppermint Fresh,10.08,1L,
pepperoni,4,14,13199831,Colgate Plax Mouthwash - Peppermint Fresh,17.27,3 x 750ml,
pepperoni,4,15,11066830,Wrigley's Eclipse Sugar Free Mints Candy - Peppermint,3.84,35g,
pepperoni,4,16,11162232,Twinings Pure Infusion Teabags - Peppermint,10.85,25 x 2g,
pepperoni,4,17,13011261,Dilmah Infusion Pure Tea Bags - Peppermint Leaves,6.62,20 x 1.5g,Halal
pepperoni,4,18,13027756,Whittaker's Mini Dark Chocolate Bar - Dark Peppermint,10.95,12 x 15g,
pepperoni,4,19,11485533,Pepperidge Farm Goldfish Crackers - Original,5.6,187g,
pepperoni,4,20,13205821,Vicks Vapo Drops - Cooling Peppermint,5.0,24 per pack,
solids,4,1,13251271,Bad Lab Hair Wax - Solid Texture,8.6,120g,
solids,4,2,90026307,Bad Lab Solid Texture Wax Lock and Load,7.25,70 G,
solids,4,3,90126109,Sweet Home Solid Wood Hanger Dark Brown,16.5,10 x 1 S,
solids,4,4,90236265,Tramontina Solid Teak Wood Cutting Board (34x23x1.8cm),24.9,1 S,
solids,4,5,90234774,KADEKA KN168EWS Steel Series Wine Chiller with Solid Door,3018.0,1 S,
solids,4,6,90160069,Epitex 100% Bamboo Lite Solid Fittedset - BL5824 King,135.57,1 S,
solids,4,7,90160074,Epitex 100% Bamboo Lite Solid Fittedset - BL5823 King,135.57,1 S,
solids,4,8,90160085,Epitex 100% Bamboo Lite Solid Fittedset - BL5821 Queen,127.08,1 S,
solids,4,9,90160079,Epitex 100% Bamboo Lite Solid Fittedset - BL5822 Queen,127.08,1 S,
solids,4,10,90160075,Epitex 100% Bamboo Lite Solid Fittedset - BL5823 Queen,127.08,1 S,
solids,4,11,90160070,Epitex 100% Bamboo Lite Solid Fittedset - BL5824 Queen,127.08,1 S,
solids,4,12,90160080,Epitex 100% Bamboo Lite Solid Fittedset - BL5822 S.Single,93.08,1 S,
solids,4,13,90160059,Epitex 100% Bamboo Lite Solid Fittedset - BL5826 S.Single,93.08,1 S,
solids,4,14,90160081,Epitex 100% Bamboo Lite Solid Fittedset - BL5822 Single,84.58,1 S,
solids,4,15,90160066,Epitex 100% Bamboo Lite Solid Fittedset - BL5825 Single,84.58,1 S,
solids,4,16,90138942,Epitex [No Q/C] Cotton Solid Color Bedsheet CLS718 - Queen,67.15,1 S,
solids,4,17,90153571,Stanley Solid Brass Rectangular Padlock Hardened Steel Case,63.48,80 MM,
solids,4,18,90204124,Epitex SL8258 Silkysoft Lite Solid Bedset - King,59.42,1 S,
solids,4,19,90204141,Epitex SL8255 Silkysoft Lite Solid Bedset - King,59.42,1 S,
solids,4,20,90204095,Epitex SL8259 Silkysoft Lite Solid Bedset - King,59.42,1 S,
quail,4,1,12510243,Chef Quail Eggs,2.85,140g (15 per pack),
quail,4,2,13084222,Dasoon Cooked Quail Eggs,2.35,15 per pack,
quail,4,3,13215398,Dasoon Quail Eggs - Soy Braised,1.82,145g,Halal
quail,4,4,13263945,Quailico Cooked Quail Eggs,2.2,10 per pack,Halal
quail,4,5,90217376,Yummy Hunter Cooked Quail Egg,6.9,850 G,
quail,4,6,90095102,Lowland creek roasted quail & roasted duck,83.5,6.6 KG,
quail,4,7,90230856,Absolute Bites Freeze Dried Raw Patties - Quail Recipe,53.9,397 G,
quail,4,8,90167262,Absolute Holistic Raw Stew Wet Food For Cat&Dog-Tuna&Quail Eg,52.9,24 x 80 G,
quail,4,9,90204618,Absolute Bites Raw Chunks Freeze Dried Raw Cat Food - Quail,46.9,280 G,
quail,4,10,90171698,Kit Cat Gravy For Cats - Chicken & Quail Egg,35.9,0,
quail,4,11,90171692,Kit Cat Gravy For Cats - Tuna & Quail Egg (CTN),35.9,24 x 70 G,
quail,4,12,90204568,Absolute Bites Raw Chunks Freeze Dried Raw Cat Food - Quail,27.9,150 G,
quail,4,13,90230899,Absolute Bites Wild Age Canned Food for Cats - Quail Recipe,14.9,6 x 80 G,
quail,4,14,90193687,Absolute Bites Freeze Dried Dog Treats Quail,14.9,25 G,
quail,4,15,90167242,Absolute Holistic Raw Stew Food For Cat&Dog-Chicken&Quail Egg,2.48,80 G,
quail,4,16,90167248,Absolute Holistic Raw Stew Wet Food For Cat&Dog-Tuna&Quail Eg,2.48,80 G,
quail,4,17,90171907,Kit Cat Gravy For Cats - Chicken & Quail Egg,1.65,70 G,
quail,4,18,90171901,Kit Cat Gravy For Cats - Tuna & Quail Egg,1.65,70 G,
quail,4,19,13263946,Quailico Braised Quail Eggs,4.85,160g,Halal
quail,4,20,432823,FairPrice Premium Quality Fine Salt,0.45,500g,
raab,4,1,13288715,Malaysia Rambutan,3.75,800g,
raab,4,2,13052300,Yifon Can Fruit - Rambutan Stuffed with Pineapple,3.05,565g,
raab,4,3,13122037,Hosen Rambutan,3.8,565g,Halal
raab,4,4,139031,Moon Rabbit Instant Si Sen Brown Rice Powder,4.6,400g,
raab,4,5,13228609,Seaco Frozen Rabbit Fish,8.98,800g,
raab,4,6,138984,Moon Rabbit Si Sen Brown Rice Powder,4.4,400g,
raab,4,7,139015,Moon Rabbit Instant Si Sen Brown Rice Powder - Ginseng&IkanBilis,7.2,400g,
raab,4,8,138992,Moon Rabbit Si Sen Brown Rice Powder - Ikan Bilis,6.5,400g,
raab,4,9,13271048,Schick Intuition Razor Moisture Kit - Rabbit (Limited Edition),13.55,1 per pack,
raab,4,10,90186189,Ssh Giftset-Anorak Rabbits Mini Bath Towel & Biscuits,40.27,150 G,
raab,4,11,90186190,Ssh Giftset-Anorak Rabbits Face Towel & Biscuits,26.14,150 G,
raab,4,12,90195620,Cozy Nest Baby Training Chopsticks - Rabbit,4.9,1 S,
raab,4,13,90205673,Foldable Laundry Basket - Rabbit,4.49,1 S,
raab,4,14,90015623,Gits Rabdi Mix 100G -- By Dashmesh,3.18,100 G,
raab,4,15,90189585,Pan Royal Fresh Rabbit Fish (Indonesia KaSu),9.8,450 G,
raab,4,16,90235167,Sweet Home Bell Cute Pet Hand Towel - Bell Rabbit,9.9,2 S,
raab,4,17,90232141,Vatan Se Malai Rabri,5.5,200 G,
raab,4,18,1,RayBan Meta Wayfarer Smart Glasses - Shiny Black,599.0,1 S,
raab,4,19,90178745,D.LAB Doraemon Rabbit Phone Holder (29cm),139.0,1 S,
raab,4,20,90167871,Savic Nero 2 Rabbit/Guinea Pig Cage (Silver/Black),106.52,3.9 KG,
flan,4,1,90020491,Aw's Market Beef Flank Steak,9.6,200 G,
flan,4,2,90021555,Hego Black Angus Beef Flank Steak - Chilled,22.95,400 G,Halal
flan,4,3,90141682,Tasty Food Affair Young Prime Beef Flank Steak,9.5,200 G,
flan,4,4,90145963,Aw's Market Beef Flank Stir Fry Cut,10.4,150 G,
flan,4,5,90127088,Aw's Market Beef Flank Minced,9.12,150 G,
flan,4,6,90246516,SSW NZ Wagyu MB5/6 Beef Flank Steak (Chilled),35.15,450 G,
flan,4,7,90225489,RedMan Vanilla Flan - Cream Caramel,44.8,5 KG,
flan,4,8,90225456,RedMan Vanilla Flan (Cream Caramel),2.1,80 G,
flan,4,9,90175357,Master Grocer Aus B.Angus Beef Flank Stir Fry 200g - Chill,11.95,200 G,
flan,4,10,90135182,Punched Foods Australia Grass Fed Flank Beef Stir Fry Chilled,13.0,300 G,Halal
flan,4,11,90174982,Master Grocer Aus Beef Flank Steak 200g - Chill,11.95,200 G,
flan,4,12,90135183,Punched Foods Australia Grass Fed Flank Beef Chilled,8.0,200 G,Halal
flan,4,13,90116264,Master Grocer Black Angus Beef Flank Stir Fry IQF 200G Frozen,11.95,200 G,
flan,4,14,90113829,Master Grocer Black Angus Beef Flank Steak IQF 500G Fr,22.95,500 G,
flan,4,15,90175993,Master Grocer Australia Bone In Short Rib Flanken-Frozen,12.95,200 G,
flan,4,16,90092308,Sweet Home Flannel Soft Seat Cushion Chair Pad - Grey,11.9,1 S,
flan,4,17,90113831,Master Grocer Black Angus Beef Flank Steak IQF Frozen,10.95,200 G,
flan,4,18,90135215,Punched Foods A5 Japanese Wagyu Flank Steak,54.0,300 G,Halal
flan,4,19,90248936,Sweet Home Houndstooth Flannel Fleece Blanket- Grey SS,45.0,1 S,
flan,4,20,90248923,Sweet Home Houndstooth Flannel Fleece Blanket- Blue SS,45.0,1 S,
drippings,3,1,90193854,FNP Yummy Kit Kat & Orio Dripping Cake,67.0,1 S,
drippings,3,2,13096537,Knife Brand Thai Dipping Sauce,3.66,170g,Halal
drippings,3,3,13212001,Hai Di Lao Hot Pot Dipping Sauce - Original,1.64,120g,
drippings,3,4,13212002,Hai Di Lao Hot Pot Dipping Sauce - Spicy,1.64,120g,
drippings,3,5,90044474,Mizkan Gyoza No Tare Japanese Gyoza Dipping Sauce 150 ML,5.5,150 ML,
drippings,3,6,13026124,AAA Spicy Suki Dipping Sauce,3.05,330g,Halal
drippings,3,7,90227506,Wilton Dipping Tools,16.8,3 S,
drippings,3,8,90223771,Blue Elephant Thai Premium - Seafood Dipping Sauce,5.6,190 ML,
drippings,3,9,13077947,Tay's Japanese Crispy Chicken with Beancurd Wrappings,16.25,850g,Halal
drippings,3,10,90185685,24 inch Gripping ABS+PC Anti-theft Zipper Luggage - Red,65.0,1 S,
drippings,3,11,90186757,20 inch Gripping ABS+PC Anti-theft Luggage - Dark Green,55.0,1 S,
drippings,3,12,90185701,20 inch Gripping ABS+PC Anti-theft Zipper Luggage - Red,55.0,1 S,
drippings,3,13,90185710,20 inch Gripping ABS+PC Anti-theft Zipper Luggage - Rose,55.0,1 S,
drippings,3,14,90186840,24 inch Gripping ABS+PC Anti-theft Zipper Luggage Dark Green,65.0,1 S,
icing,3,1,49579,Bake King Liquid Food Colours - Egg Yellow,1.4,26ml,Halal
icing,3,2,49561,Bake King Liquid Food Colours - Cochineal Red (Cherry Red),1.4,26ml,Halal
icing,3,3,49553,Bake King Liquid Food Colours - Apple Green,1.4,26ml,Halal
icing,3,4,49587,Bake King Liquid Food Colours - Orange,1.4,26ml,Halal
icing,3,5,90138139,Bush Lemon Yellow Food Coloring Powder [Bundle of 2],3.22,100 G,
icing,3,6,90138140,Bush Orange Red Food Coloring Powder [Bundle of 2],3.22,100 G,
icing,3,7,90120584,Captain Yuzu Syrup,20.8,600 ML,
icing,3,8,90120583,Captain Kyoho Syrup,20.8,600 ML,
icing,3,9,90120580,Captain Red Plum Syrup,20.8,600 ML,
icing,3,10,90174523,Jui Long Harmless Food Colours,3.25,500 ML,
icing,3,11,90223449,AmeriColor Softgel Paste Food Color - Tulip Red,5.6,22 ML,
icing,3,12,90219405,RedMan  Colour Paste - Apple Green,6.3,500 G,
icing,3,13,90225745,AmeriColor Softgel Paste Food Color - Turquoise,5.6,22 ML,
icing,3,14,90225704,AmeriColor Softgel Paste Food Color - Egg Yellow,5.6,22 G,
icing,3,15,90225254,AmeriColor Softgel Paste Food Color - Soft Pink,5.6,22 ML,
icing,3,16,1,AmeriColor Softgel Paste Food Color - Peach,4.9,22 G,
icing,3,17,90225260,AmeriColor Softgel Paste Food Color - Violet,4.9,22 ML,
icing,3,18,90225249,AmeriColor Softgel Paste Food Color - Sky Blue,4.9,22 ML,
icing,3,19,90223654,AmeriColor Softgel Paste Food Color - Leaf Green,4.9,22 ML,
icing,3,20,90223450,AmeriColor Softgel Paste Food Color - Orange,4.9,22 ML,
sodium,3,1,13286629,Coook Sajo Luncheon Meat Lite Less Sodium,2.5,200g,
sodium,3,2,13224671,K-Salt Lower Sodium Salt,1.9,400g,
sodium,3,3,397407,Hormel Spam Luncheon Meat - 25% Less Sodium,6.65,340g,
sodium,3,4,12563396,Pagoda Mineral Salt - Less Sodium,3.77,350g,
sodium,3,5,13261533,Fairprice Lower Sodium Salt with Potassium,2.3,400g,
sodium,3,6,13060182,Hikari Miso Organic Paste - Mild Sodium,7.47,500g,Organic
sodium,3,7,13030687,Tulip Luncheon Meat - Premium Pork (Reduced Sodium),4.4,340g,
sodium,3,8,385717,Pansalt Lower Sodium Mineral Salt,3.87,215g,
sodium,3,9,13279607,Dodo Kiddos Kamaboko Fish Cake Lower Sodium,3.45,90g,Halal
sodium,3,10,13102689,Mili Pork Luncheon Meat - Premium (30% Less Sodium),5.25,340g,
sodium,3,11,13242078,Mili Pork Luncheon Meat - 30% Less Sodium,5.8,340g,
sodium,3,12,11927776,Pacific Organic Broth - Free Range Chicken (Low Sodium),7.79,946ml,Organic
sodium,3,13,13279666,Haday Soy Sauce Less Sodium,2.85,500ml,
sodium,3,14,13287276,Haday Less Sodium Soybean Paste,3.9,360g,
sodium,3,15,90192608,AAA 40% Less Sodium Lite Soy Sauce,7.3,300 ML,
sodium,3,16,90053561,DODO Fish Ball (S) - Lower In Sodium,2.85,180 G,Halal
sodium,3,17,90053560,DODO Fish Cake (Lower In Sodium),3.35,230 G,
sodium,3,18,90221035,RedMan Sodium Benzoate,271.2,25 KG,
sodium,3,19,1,RedMan Sodium Bicarbonate,32.2,25 KG,
sodium,3,20,90219394,RedMan Sodium Bicarbonate (Baking Soda),15.2,5 KG,
soda,4,1,13281339,[BCRS] Schweppes Carbonated Can Drink - Soda Water,4.4,4 x 320ml,Halal
soda,4,2,12714884,[BCRS] F & N Can Drink - Soda Water (Slim),14.55,24 x 325ml,
soda,4,3,12715027,[BCRS] Schweppes Manao Soda Mini - Lemon Lime,23.6,24 x 180ml,Halal
soda,4,4,13280753,[BCRS] Schweppes Manao Soda Mini - Lemon lime,5.9,6 x 180ml,Halal
soda,4,5,12712991,Chang Soda Water - Sparkling,18.41,24 x 325ml (CTN),
soda,4,6,13281720,[BCRS] F & N Flavoured Bottle Drink - Cool Ice Cream Soda,2.1,1.5L,Halal
soda,4,7,13287969,[BCRS] Schweppes Carbonated Can Drink - Soda Water,23.0,24 x 320ml,Halal
soda,4,8,13280688,[BCRS] Coca-Cola Can Drink - Classic,21.15,24 x 320ml,Halal
soda,4,9,13281230,[BCRS] F & N Can Drink - Soda Water (Slim),3.95,4 x 325ml,Halal
soda,4,10,12712990,Chang Soda Water - Lime,20.59,24 x 325ml (CTN),
soda,4,11,13281362,[BCRS] Coca-Cola Can Drink - Zero Sugar,8.75,12 x 320ml,
soda,4,12,13281385,[BCRS] Coca-Cola Original Taste - Less Sugar,2.6,1.5L,
soda,4,13,12714897,[BCRS] F & N Can Drink - Cool Ice Cream Soda,14.55,24 x 325ml,Halal
soda,4,14,13281482,[BCRS] Coca-Cola Original Taste - Less Sugar,3.8,4 x 320ml,Halal
soda,4,15,13280875,[BCRS] Fanta Can Drink - Cream Soda,8.3,12 x 320ml,Halal
soda,4,16,90124197,Chang Sparkling Soda Water - Lemon,20.4,24 x 325 ML,
soda,4,17,90109884,Rock Mountain Soda Water,18.33,325 ML,
soda,4,18,90236009,Ordinary Soda Mixed Soda - Mandarin,3.15,330 ML,
soda,4,19,12714904,[BCRS] F & N Flavoured Bottle Drink - Cool Ice Cream Soda,24.5,12 x 1.5L,Halal
soda,4,20,90236008,Ordinary Soda Mixed Soda - Yuzu Lemon,3.15,330 ML,
soda,4,21,90236034,Ordinary Soda Mixed Soda - Pear & Cardamom,3.15,330 ML,
soda,4,22,90235989,Ordinary Soda Mixed Soda - White Grapefruit,3.15,330 ML,
soda,4,23,90041960,Lotte Chilsung Cider - Lemon Lime Soda,1.45,250 ML,
soda,4,24,90099910,Kirei Tomomasu Musk Melon Japanese Cider Soda Beverage,3.7,300 ML,
mac,3,1,13260419,Prego Instant Bowl Pasta - Mushroom Carbonara Mac,2.5,71g,Halal
mac,3,2,337700,San Remo Pasta - Elbows,2.25,500g,Halal
mac,3,3,12321979,Naturel Organic Pasta - Macaroni,3.56,500g,Organic
mac,3,4,13260418,Prego Instant Bowl Pasta - Mac & Cheese,2.5,70g,Halal
mac,3,5,13165422,Barilla Italian Pasta - Chifferi Elbows,3.88,500g,Halal
mac,3,6,13224690,San Remo 3 Mins Quick Cook Macaroni,2.25,500g,Halal
mac,3,7,337718,San Remo Pasta - Macaroni,2.25,500g,
mac,3,8,13083276,Prego Pasta - Macaroni,2.0,500g,Halal
mac,3,9,10601723,San Remo Pasta - Large Shells,2.25,500g,
mac,3,10,13026146,Alce Nero Organic Durum Wheat Pasta - Macaroni,3.41,500g,Halal
mac,3,11,13097839,Maggi 5-Minute Instant Cup Pasta - Swiss Cheese Macaroni,2.67,63g,
mac,3,12,13096830,Maggi 5-Minute Instant Cup Pasta - Carbonara Cream Macaroni,2.67,63g,
mac,3,13,13260795,San Remo Pasta - Casarecce,2.25,500g,Halal
mac,3,14,13165424,Barilla Italian Pasta - Maccheroni,3.88,500g,Halal
mac,3,15,1,La Molisana Maccheroni Pasta,3.63,500 G,
mac,3,16,13266085,Good Today Macaroni,2.45,500g,
mac,3,17,90212463,La Molisana Orecchiette Pugliesi N.30,3.63,500 G,
mac,3,18,90200624,La Molisana Caserecce Molisane N.29,3.63,500 G,
mac,3,19,4,Knorr Chicken Quick Serve Macaroni (Bundle Of 4),9.95,4 x 80 G,
squab,3,1,90145601,Agro Fresh Pumpkin - Whole,2.95,1 S,
squab,3,2,90215551,Agro Fresh Zucchini-Green,2.45,1 S,
squab,3,3,90160955,"Agro Fresh Hairy Gourd (Marrow, Fuzzy Squash)",2.98,550 G,
squab,3,4,90169109,Yuan Zhen Yuan Japanese Pumpkin Seg Cut,5.95,1 KG,
squab,3,5,90187575,Yuan Zhen Yuan Zucchini Green,4.8,600 G,
squab,3,6,90171165,Yuan Zhen Yuan Butternut Pumpkin Seg Cut,5.34,500 G,
squab,3,7,90089354,ZENXIN Organic Pumpkin,5.6,300 G,Organic
squab,3,8,90187570,Yuan Zhen Yuan Butternut Pumpkin,7.9,1 KG,
squab,3,9,90189718,Yuan Zhen Yuan Zucchini Yellow,4.5,600 G,
squab,3,10,38225,Diamond Aluminum Foil (25 square feet),2.75,1 per pack,
squab,3,11,258005,Glad Cling Wrap (200 square feet),4.69,1 per pack,
squab,3,12,13076942,Diamond Aluminum Foil (75 square feet),6.65,1 per pack,
squab,3,13,10973359,HomeProud Cling Wrap (240 square feet),3.85,1 per pack,
squab,3,14,11151656,HomeProud Aluminium Tray - Square (20.5 x 20.5 x 4.8cm),2.59,3 per pack,
squab,3,15,13052371,Glad Aluminum Foil (75 square feet),7.79,1 per pack,
squab,3,16,13227150,HomeProud Microwave-Safe Food Container - Square,3.77,6 per pack,
squab,3,17,10973332,HomeProud Cling Wrap (120 square feet),2.75,1 per pack,
squab,3,18,13085482,HomeProud Chrome BBQ Net - Square,5.0,1 per pack,
squab,3,19,10918931,Glad Press' n Seal Wrap (70 square feet),6.56,1 per pack,
squab,3,20,90220634,Disposable 420ml Square Plastic Food Container with Lid,4.5,10 S,
mcmuffin,3,1,13253779,Treats Muffin - Chocolate Chips,1.3,60g,Halal
mcmuffin,3,2,13253780,Treats Muffin - Double Chocolate,1.3,60g,Halal
mcmuffin,3,3,13097419,Betty Crocker Muffin Mix - Chocolate Chip,4.99,430g,Halal
mcmuffin,3,4,13253782,Treats Chocolate Muffin - Salted Caramel,1.3,60g,Halal
mcmuffin,3,5,90216389,NoStik Silicon Muffin Liner - Brown,29.95,12 S,
mcmuffin,3,6,90202946,On Line Kids Detangling Spray - Muffin,6.9,200 ML,
mcmuffin,3,7,90039037,Delyco Vanilla Muffin - Bundle of 2,7.05,2 x 230 G,
mcmuffin,3,8,90039036,Delyco Banana Muffin - Bundle of 2,7.05,2 x 230 G,
mcmuffin,3,9,90039187,Delyco Chocolate Muffin - Bundle of 2,7.05,2 x 230 G,
mcmuffin,3,10,90039188,Delyco Pandan Muffin - Bundle of 2,7.05,2 x 230 G,
mcmuffin,3,11,90184572,BEST Choice Lovely Printed Muffin Cake Cup Liner (M),6.9,20 PC,
mcmuffin,3,12,90245093,BEST Choice Starry Printed Muffin Cake Cup Liners,6.9,20 S,
mcmuffin,3,13,90184571,BEST Choice Sweet Printed Muffin Cake Cup Liner (M),6.9,20 PC,
mcmuffin,3,14,90184570,BEST Choice Baker Pattern Muffin Cake Cup Liner (M),6.9,20 PC,
mcmuffin,3,15,90135990,Best Choice Floral Printed Muffin Cake Cup Liners,6.9,20 S,
mcmuffin,3,16,90135986,Best Choice Pattern Printed Muffin Cake Cup Liners,6.9,20 S,
mcmuffin,3,17,90135987,BEST Choice Cute Printed Muffin Cake Cup Liners,6.9,20 PC,
mcmuffin,3,18,90148444,BEST Choice Pink Muffin Cake Cup Cases,6.3,20 PC,
mcmuffin,3,19,90148443,BEST Choice Yellow Muffin Cake Cup Cases,6.3,20 PC,
mcmuffin,3,20,90148442,BEST Choice Green Muffin Cake Cup Cases,6.3,20 PC,
jute,3,1,90222886,BL 0059 Bath Pad with Jute,4.9,1 S,
jute,3,2,90222914,BL 0062 Bath Sponge with Jute,4.9,1 S,
jute,3,3,90203544,FNP Jute Wrapped Zamia Potted Plant (Fresh),55.0,1 S,
jute,3,4,90251222,Partyforte Rattan Wreath Jute Bow Berries Pines Cones - 25cm,19.9,1 S,
jute,3,5,90251208,Partyforte Mistletoe Acorns And Jute Bow - 30cm,19.9,1 S,
jute,3,6,90228579,RedMan Ribbon - Jute Red,8.4,1 S,
jute,3,7,90167603,Chidori Jute Bag Pouche Vegetable Jute Storage Bag M,5.0,1 S,
jute,3,8,90167601,Chidori Jute Bag Pouche Vegetable Jute Storage Bag S,5.5,1 S,
jute,3,9,90004151,VIP TWINE JUTE 30M,3.01,2 PC,
jute,3,10,12662319,Yeo's Justea Packet Drink - Green Tea With White Grape,11.51,24 x 250ml (CTN),Halal
jute,3,11,12590490,Yeo's Justea Packet Drink - White Grape Green Tea,2.95,6 x 250ml,Halal
jute,3,12,222513,Wong Coco Jubes Nata De Coco - Grape,1.48,360g,Halal
jute,3,13,10238071,Wong Coco Jubes Nata De Coco - Original,1.48,360g,Halal
jute,3,14,10597103,Wong Coco Jubes Nata De Coco - Lychee,1.48,360g,Halal
jute,3,15,11094022,Jules Destrooper Biscuits - Butter Crisps,4.89,100g,
jute,3,16,10238063,Wong Coco Jubes Nata De Coco - Strawberry,1.48,360g,Halal
jute,3,17,11093580,Jules Destrooper Biscuits - Belgian Chocolate Thins,4.89,100g,
jute,3,18,11094057,Jules Destrooper Biscuits - Almond Thins,4.89,100g,
jute,3,19,90093591,Odette Jukebox Series 4-Slice Bread Toaster (Red),119.9,1 S,
jute,3,20,90093587,Odette Jukebox Series Retro Electric Kettle (Red),109.9,1 S,
style,3,1,155863,Farmers Union Greek Style Yoghurt - Natural,9.65,1kg,
style,3,2,13275936,Marigold Greek Style Yoghurt - Natural,7.8,1kg,Halal
style,3,3,13112503,Tamar Valley Dairy Greek Style Yoghurt - Strawberry,2.97,110g,
style,3,4,13129007,Farmers Union Greek Style Yoghurt - High Protein,6.9,500g,Halal
style,3,5,13129443,Tamar Valley Dairy Kids Greek Style Yoghurt - Blueberry,2.97,110g,
style,3,6,13112504,Tamar Valley Dairy Kids Greek Style Yoghurt - Tropical,2.97,110g,
style,3,7,13275935,Marigold Greek Style Yoghurt - Vanilla,7.8,1kg,Halal
style,3,8,13225662,FairPrice Japanese Style Crispy Chicken Katsu,6.65,410g,Halal
style,3,9,13171278,Tamar Valley Dairy Greek Style Yoghurt - Raspberry,2.97,110g,
style,3,10,13088260,Farmers Union Greek Style Yoghurt - Vanilla Bean,9.65,950g,Halal
style,3,11,13146681,Red Tractor Foods Rolled Oats - Australian Creamy Style,5.3,1kg,
style,3,12,13112505,Tamar Valley Dairy Kids Greek Style Yoghurt - Vanilla,2.97,110g,
style,3,13,13278921,Marigold Greek Style Yoghurt - Natural,1.85,130g,Halal
style,3,14,13289823,Farmers Union Greek Style High Protein Yogurt Cup - Strawberry,3.5,150g,Halal
style,3,15,13250348,Meiji Greek Style Yoghurt - Natural,7.95,1kg,Halal
style,3,16,13289817,Farmers Union Greek Style High Protein Yogurt Cup - Mango,3.5,150g,Halal
style,3,17,13278885,Marigold Greek Style Yoghurt - Vanilla,1.85,130g,Halal
style,3,18,13075592,Red Rock Deli Style Potato Chips - Honey Soy Chicken,6.27,165g,
style,3,19,13082019,Farmers Union Greek Style Yoghurt - Honey,3.3,2 x 140g,Halal
style,3,20,13225658,FairPrice Mexican Style Roasted Chicken Drumette,6.65,350g,Halal
groats,3,1,90031264,Green Earth Organic Oat Groat,5.4,500 G,
groats,3,2,13005416,Goat's Milk Bath - Chamomile,5.05,1kg,
groats,3,3,10623383,Everyday Goat's Milk Cream Bath,6.0,1L,
groats,3,4,13064178,Silkpro Premium Goat's Milk Bath - Moisturising & Energising,5.05,1kg,
groats,3,5,90081373,Lauren Goat's Milk Shower Cream With Lavender,7.9,1200 ML,
groats,3,6,13259453,Follow Me Beauty Body Wash - Goat's Milk,6.5,1L,
groats,3,7,90081372,Lauren Goat's Milk Shower Cream Refill,5.5,1000 ML,
groats,3,8,90081375,Lauren Goat's Milk Shower Cream,7.9,1200 ML,
groats,3,9,90081374,Lauren Goat's Milk Shower Cream With Aloe Vera,7.9,1200 ML,
groats,3,10,55,Ever Fresh Body Shampoo Whitening Goat's Milk Ph 5.5,4.98,1000 ML,
groats,3,11,12063447,Healtheries 100% Pure Goats' Milk Powder - Full Cream,32.2,450g,
groats,3,12,90079797,Le Belle Goat's Milk Shower Cream,7.9,1200 ML,
groats,3,13,13161587,Velvy Goat's Milk Shower Cream - Rosehip Seed Oil & Peach,8.04,1L,
groats,3,14,13161585,Velvy Goat's Milk Shower Cream - Royal Jelly & Sunflower,8.04,1L,
groats,3,15,90204556,Everfresh Goat'S Milk Whitening Shower Cream,2.55,700 ML,
groats,3,16,90192711,Ziaja Goat's Milk Energising & Smoothing Serum,18.9,50 ML,
groats,3,17,90196454,Ziaja Goat's Milk Face Mask/ box,58.0,20 S,
groats,3,18,90192707,Ziaja Goat's Milk Enzyme Peel Face & Neck,19.9,75 ML,
groats,3,19,90192713,Ziaja Goat's Milk Ultralight Face Moisturising Spf15,18.9,50 ML,
groats,3,20,90190878,Ziaja Goat's Milk Body Lotion/Dispenser,17.9,400 ML,
goldfish,3,1,10720183,Pepperidge Farm Goldfish Baked Snack Crackers - Colors,5.6,187g,
goldfish,3,2,11932495,Pepperidge Farm Goldfish Baked Crackers - Cheddar,5.6,187g,
goldfish,3,3,11485533,Pepperidge Farm Goldfish Crackers - Original,5.6,187g,
goldfish,3,4,13026090,Pepperidge Farm Goldfish Baked Grahams - Vanilla Cupcake,5.6,187g,
goldfish,3,5,90236606,Goldfish Bowl Tokkuri & Ochoko Set Sakeware Lovers Gift Set,39.0,500 G,
goldfish,3,6,90228819,Nino Nana MegaCase Tape Diapers - Goldfish M (6-10kg),66.9,4 x 44 S,
goldfish,3,7,90228787,Nino Nana MegaCase Tape Diapers - Goldfish L (9-13kg),66.9,4 x 40 S,
goldfish,3,8,90228804,Nino Nana MegaCase Tape Diapers - Goldfish NB (up to 4kg),66.9,4 x 62 S,
goldfish,3,9,90228782,Nino Nana MegaCase Tape Diapers - Goldfish S (4-6kg),66.9,4 x 52 S,
goldfish,3,10,90228789,Nino Nana Tape Diapers - Goldfish M (6-10kg),21.9,44 S,
goldfish,3,11,90228805,Nino Nana Tape Diapers - Goldfish L (9-13kg),21.9,40 S,
goldfish,3,12,90228792,Nino Nana Tape Diapers - Goldfish NB (up to 4kg),19.99,62 S,
goldfish,3,13,90228791,Nino Nana Tape Diapers - Goldfish S (4-6kg),19.99,52 S,
goldfish,3,14,90220666,RedMan Mooncake Mould - Plastic Goldfish,15.2,1 S,
goldfish,3,15,90091080,Partyforte Mid-Autumn Goldfish Cellophane Lantern,12.9,1 S,
goldfish,3,16,90091078,Partyforte Goldfish Traditional Cellophane Lantern (Small),9.9,1 S,
goldfish,3,17,90220548,RedMan Wooden Mooncake Mould - Gold Fish,43.2,1 S,
goldfish,3,18,13278499,FairPrice Pork Meat Ball with Solefish,5.0,200g,
goldfish,3,19,90141591,Kirei Taberu Rayu Mentaiko Japanese Codfish Roe Chilli Mix,7.9,110 G,
goldfish,3,20,90026030,Yi Dah Xing Veg Assam Codfish,4.3,300 G,
extract,3,1,49660,Bake King Essences - Vanilla,1.85,26ml,Halal
extract,3,2,13263355,Star Essences - Vanilla,1.71,30ml,Halal
extract,3,3,11642156,Bake King Pastes - Pandan,2.7,30g,Halal
extract,3,4,12181697,Bake King Essences - Vanilla,7.0,250g,
extract,3,5,49686,Bake King Flavours - Pandan,2.9,26ml,Halal
extract,3,6,13263353,Star Essences - Egg Yellow,1.42,30ml,Halal
extract,3,7,13263356,Star Essences - Pandan,1.71,30ml,Halal
extract,3,8,13263351,Star Essences - Apple Green,1.42,30ml,Halal
extract,3,9,13263352,Star Essences - Cochineal Red,1.42,30ml,Halal
extract,3,10,13263354,Star Essences - True Blue,1.42,30ml,Halal
extract,3,11,11240114,Bake King Pastes - Pineapple,11.0,1kg,
extract,3,12,90221266,RedMan 100% Pure Vanilla Extract,7.0,33 ML,
extract,3,13,3,RedMan Vanilla Bean Paste,6.3,33 ML,
extract,3,14,90182169,Anarkali Rose Water,2.5,270 ML,
extract,3,15,90228931,Nielsen-Massey Madagascar Vanilla Extract,19.2,60 ML,
extract,3,16,90032885,Green Earth Freeze Dried Matcha Powder,12.9,300 G,
extract,3,17,90225110,RedMan Black Sesame Paste - Unsweetened,64.8,3 KG,
extract,3,18,90221072,Nielsen Massey Madagascar Bourbon Vanilla Bean Paste,48.0,118 ML,
extract,3,19,1,RedMan Pie Filling - Blueberry (Wild Whole),44.0,2.7 KG,
extract,3,20,90221661,Nielsen-Massey Madagascar Vanilla Extract,36.0,118 ML,
amaranth,3,1,90014878,Biona Organic Rye Amaranth Quinoa Bread,7.89,500 G,
amaranth,3,2,90202109,Globe Amaranth Seeds,2.52,1 S,
amaranth,3,3,90201896,Edible White Amaranth Seeds,2.52,1 S,
amaranth,3,4,90201881,Red Amaranth Seeds,2.52,1 S,
amaranth,3,5,90201418,JM Flower Amaranthus Hanging - Green,18.5,5 S,
amaranth,3,6,90201429,JM Flower Amaranthus Hanging - Red,18.5,5 S,
amaranth,3,7,90201840,JM Flower Agapanthus - Purple,20.5,5 S,
amaranth,3,8,90201808,JM Flower Agapanthus - White,20.5,5 S,
liqueur,3,1,12114240,Yomeishu Herbal Health Tonic,60.9,1L + 300ml,
liqueur,3,2,124793,Baileys Irish Cream Liqueur - Original,38.0,700ml,
liqueur,3,3,10469531,Benedictine D.O.M Herbal Liqueur,78.72,750ml,
liqueur,3,4,468216,Yomeishu Herbal Health Tonic,43.0,700ml,
liqueur,3,5,468224,Yomeishu Herbal Health Tonic,59.0,1L,
liqueur,3,6,90219765,Lumina Triple Sec Liqueur,45.8,700 ML,
liqueur,3,7,90203572,Walcher BIO Organic Limoncello,39.92,700 ML,Organic
liqueur,3,8,1,Walcher Elderflower Liqueur,21.91,200 ML,
liqueur,3,9,90099896,Kirei Kiyosu Sakura Rakuen Yuzushu Japan Fruit Liqueur,16.55,500 ML,
liqueur,3,10,90203537,Walcher Premium Coffee Liqueur,61.9,700 ML,
liqueur,3,11,90251349,Marugoto MIKAN Japanese Orange Liqueur,43.5,500 ML,
liqueur,3,12,13108890,The Choya Japanese Ume Fruit Liqueur - Single Year,39.73,720ml,
liqueur,3,13,90219766,Eldoria Elderflower Liqueur,67.5,700 ML,
liqueur,3,14,13275865,Bottega Negroni Liquore,58.0,700ml,
liqueur,3,15,90231677,Hofman Peach Liqueur,48.75,700 ML,
liqueur,3,16,90203571,Walcher Green Apple Liqueur,48.31,700 ML,
liqueur,3,17,13273980,Chinola Liqueur - Mango,72.0,700ml,
liqueur,3,18,90198089,Kirei Takara White Liquor Base For Fruit Liqueur 35% Pouch,69.0,900 ML,
liqueur,3,19,90203562,Walcher Mittilo Liqueur,60.63,700 ML,
liqueur,3,20,90198087,Kirei Takara White Liquor Base For Fruit Liqueur 35% Bottle,54.0,600 ML,
preserves,3,1,12229806,Bonne Maman Jam - Raspberry Preserves,7.6,370g,
preserves,3,2,300351,Smucker's Jam Preserves - Strawberry,7.34,340g,
preserves,3,3,13058028,Smucker's Sugar Free Jam - Strawberry Preserves,7.43,361g,
preserves,3,4,13024977,Bonnee Maman Jam - Forest Berries Preserve,7.6,370g,
preserves,3,5,13058020,Smucker's Sugar Free Jam - Apricot Preserves,7.43,361g,
preserves,3,6,300343,Smucker's Jam Preserves - Blueberry,7.34,340g,
preserves,3,7,300335,Smucker's Jam Preserves - Sweet Orange Marmalade,7.34,340g,
preserves,3,8,13005449,Bonne Maman Jam - Cherry Preserve,7.6,370g,
preserves,3,9,12420459,Bonnee Maman Jam - Apricot Preserve,7.6,370g,
preserves,3,10,13024976,Bonnee Maman Jam - Peach Preserve,7.6,370g,
preserves,3,11,13005471,Bonnee Maman Jam - Fig Preserve,7.6,370g,
preserves,3,12,13058033,Smucker's Sugar Free Jam - Blueberry Preserves,7.43,361g,
preserves,3,13,90221578,RedMan Raspberry Preserve Jam,12.0,450 G,
preserves,3,14,90221563,RedMan Apricot Preserve Jam,11.2,450 G,
preserves,3,15,90090952,Mrs Bridges Gift Pack 7 Days of Preserves & Marmalades,28.0,294 G,
preserves,3,16,90167879,Guardsman Leather Protect & Preserve,21.6,250 ML,
preserves,3,17,90241653,Scalzo Preserve Extra - Blueberry,15.3,230 G,
preserves,3,18,90241652,Scalzo Preserve Extra - Elderberry,15.3,230 G,
preserves,3,19,90020839,Mrs Bridges Scottish Strawberry Preserve,12.2,340 G,
preserves,3,20,90020829,Mrs Bridges Four Berry Preserve,12.2,340 G,
couscous,3,1,90041340,Pasta Zara Premium Couscous,4.8,500 G,
couscous,3,2,90223188,Bob's Red Milll Couscous - Traditional Pearl,8.8,454 G,
couscous,3,3,90228899,Bob's Red Mill Tri-Color Pearl Couscous,8.8,454 G,
couscous,3,4,90014658,Kitchen & Love CousCous,7.11,500 G,
couscous,3,5,90014778,AL'FEZ Harissa Spiced Couscous,4.84,200 G,
couscous,3,6,90018496,Ceres Organics Couscous Wholemeal,8.09,400 G,
couscous,3,7,90199951,Only Organic Sweet Potato Lamb & Couscous,52.0,8 x 170 G,Organic
couscous,3,8,90210961,COUCOUL Bath Towel Brown,91.2,1 S,
couscous,3,9,90210018,COUCOUL Kid's Bath Towel 600gsm Brown,67.2,0.5 KG,
biryani,3,1,90249534,Vatan Se Bombay Biryani Masala,3.45,100 G,
biryani,3,2,90219115,Butter Chicken Briyani - Frozen,7.5,150 G,
biryani,3,3,90219119,Butter Chicken Briyani Twin Pack - Frozen,15.0,2 x 150 G,Halal
biryani,3,4,90234516,Ming Xin Vegetarian Instant Nasi Briyani Paste - Frozen,7.5,250 G,
biryani,3,5,90003809,Sakthi - Briyani Masala,4.7,200 G,
relish,3,1,13003761,Borges Black Olives - Pitted,4.15,230g,
relish,3,2,110966,Singlong Pickled Green Chilli,3.56,360g,Halal
relish,3,3,10505643,AAA Salted Plums,1.43,220g,Halal
relish,3,4,13206368,S&B Crunchy Garlic with Chili Oil,6.31,110g,
relish,3,5,13281075,Borges Green Olives - Pitted,4.15,340g,
relish,3,6,13003790,Borges Green Olives - Sliced,4.15,340g,
relish,3,7,13021232,AAA Fermented Black Bean,1.99,180g,Halal
relish,3,8,11457743,Tostitos Chunky Salsa (Medium),7.74,439.4g,
relish,3,9,13250950,Lee Kum Kee Chilli Oil - Fire Hot Dried Shrimp,5.95,205g,
relish,3,10,13003793,Borges Green Olives - Whole,5.15,230g,
relish,3,11,13003748,Borges Black Olives - Whole,4.15,350g,
relish,3,12,13056236,AAA Pickled Mustard with Chili,4.35,900g,Halal
relish,3,13,90008880,Telephone Brand Sat-Isabgol (Psyllium Husk),4.5,100 G,
relish,3,14,13257237,Cholula Salsa - Original (Medium),7.95,340g,
relish,3,15,90022132,Iliada Green Pitted Olives,7.5,370 G,
relish,3,16,90015249,Biona Organic Harissa Chilli Relish,8.4,125 G,
relish,3,17,13257236,Cholula Salsa - Smoky Chipotle (Hot),7.95,340g,
relish,3,18,90158252,AAA Sichuan Mustard Whole (250g),2.55,250 G,
relish,3,19,90241863,AAA Sour Pickled Mustard Strip,4.9,500 G,
relish,3,20,13214740,Sing Long Pickled Ginger Slice,2.25,190g,
turnip,3,1,90217617,Masseria Calongo Apulian Turnip Greens in Extra Virgin Olive,7.45,220 G,
cornbread,3,1,13260743,Bob's Red Mill Cornbread Baking Mix,6.5,368g,
cornbread,3,2,90225852,Bob's Red Mill Cornbread Mix - Gluten Free,8.0,567 G,
convolvulus,3,1,90003164,Baba GE Grade A Water Convolvulus Seeds,2.54,1 S,
convolvulus,3,2,90202120,Convolvulus Seeds,2.52,1 S,
jerky,3,1,10909381,Jack Links Beef Jerky - Original,3.56,25g,
jerky,3,2,10909429,Jack Link's Meat Snacks Beef Jerky - Peppered,3.56,25g,
jerky,3,3,10909410,Jack Link's Beef Jerky - Teriyaki,3.56,25g,
jerky,3,4,10909402,Jack Link's Beef Jerky - Sweet & Hot,3.56,25g,
jerky,3,5,90199404,Wanpy Soft Oven-Roasted Chicken Jerky & Cheese Slices 100g,3.9,100 G,
jerky,3,6,1,Nylabone Flavor Frenzy Power Chew Durable Beef Jerky Petite,9.5,1 S,
jerky,3,7,90199367,Wanpy Soft Oven-Roasted Lamb Jerky Slices 100g,3.9,100 G,
jerky,3,8,90199413,Wanpy Soft Oven-Roasted Chicken Jerky Strips 100g,3.9,100 G,
jerky,3,9,90153079,iti Skin & Coat - Lamb Jerky W Deer Powder,13.89,100 G,
jerky,3,10,90153078,iti Hip & Joint - Beef Jerky W Deer Powder,13.89,100 G,
jerky,3,11,90156070,Fish 4 Dogs Sea Jerky Fish Tiddlers,9.26,115 G,
jerky,3,12,90229360,Straits Pets Air Dried Meaty Jerky Treat - Lamb,6.5,100 G,
jerky,3,13,90229332,Straits Pets Air Dried Meaty Jerky Treat - Chicken,6.5,100 G,
jerky,3,14,90229331,Straits Pets Air Dried Meaty Jerky Treat - Duck,6.5,100 G,
jerky,3,15,90229324,Straits Pets Air Dried Meaty Jerky Treat - Fish,6.5,100 G,
jerky,3,16,90229323,Straits Pets Air Dried Meaty Jerky Treat - Beef,6.5,100 G,
jerky,3,17,90252902,Howbone Dog Snacks Prime Jerky Sticks - Venison,5.95,75 G,
jerky,3,18,90252871,Howbone Dog Snacks Prime Jerky Sticks - Chicken & Milk,5.95,75 G,
quiche,3,1,90075689,Wiltshire Rose Gold Quiche & Tart Pan 24cm,17.9,1 S,
quiche,3,2,90227138,RedMan Non-Stick Carbon Steel - Quiche Pan with Loose Base,9.8,1 S,
quiche,3,3,90075682,Wiltshire Rose Gold Perforated Quiche 12 Cup,24.9,1 S,
parmigiana,3,1,13285322,Mutti Pasta Sauce - Parmigiano Reggiano,5.95,400g,
parmigiana,3,2,90231566,Tenuta Fragassi Parmigiano Reggiano Pasta Sauce,6.4,250 G,
parmigiana,3,3,90216440,Parmigiano Reggiano 36mths by The Cheese Shop,20.0,250 G,
hash,3,1,312265,Farmland Frozen Premium Fries - Shoestring,4.5,1kg,
hash,3,2,312273,Farmland Frozen Premium Fries - Crinkle Cut,4.5,1kg,
hash,3,3,13189398,Farmland Frozen Rosti Hash Brown,5.4,1kg,Halal
hash,3,4,10384423,FairPrice Frozen French Fries - Crinkle Cut,3.75,1kg,Halal
hash,3,5,10384415,FairPrice Frozen French Fries - Straight Cut,4.35,1kg,Halal
hash,3,6,90043494,Churo Triangle Hashbrown,4.75,500 G,
hash,3,7,90164743,Churo Tater Tots - Frozen,4.29,500 G,
hash,3,8,11173126,Farmland Frozen Potato Wedges - Spicy,6.06,500g,
hash,3,9,90186248,SunnyFarm Sweet Potato Cut,6.95,1 KG,
hash,3,10,90166686,SunnyFarm Sweet Potato Fries,12.95,1 KG,
hash,3,11,13271035,Lamb Weston Frozen Original Fries,6.65,750g,
hash,3,12,13271040,Lamb Weston Frozen Grill Fries - Salt & Pepper,6.65,500g,
hash,3,13,13271039,Lamb Weston Frozen Ziggy Fries,6.65,750g,
hash,3,14,90221831,Bistro Belgique Shoestring Fries 7MM,5.0,1 KG,Halal
hash,3,15,90210829,Tasty Food Affair Tater Tots,6.85,750 G,
hash,3,16,90043491,Churo Potato Wedges,3.3,500 G,
hash,3,17,90043492,Churo Spicy Potato Wedges,3.4,500 G,
hash,3,18,90126340,Tasty Food Affair Chunky Triangular Hashbrown,8.0,1 KG,
hash,3,19,90043534,Ecofrost Potato Croquettes,4.89,1 KG,
hash,3,20,90236191,Bistro Belgique Straight Cut Fries 9MM,5.0,1 KG,
prunes,3,1,13087267,Sunsweet Amaz!n Prunes Tub - Pitted,9.0,340g,
prunes,3,2,13052769,Taylor Naturally Sweet Prunes,5.8,250g,
prunes,3,3,13022201,Sunsweet D'Noir Prunes Bag,8.35,255g,Halal
prunes,3,4,13022246,Sunsweet Ones California Prunes,13.9,340g,
prunes,3,5,13270095,Harvest Fields Dried Pitted Prunes,2.65,100g,
prunes,3,6,13220141,Kufa White Prune Chunk,2.55,170g,Halal
prunes,3,7,13053036,Del Monte Premium Fruit Snacks - Pitted Prunes,8.02,283g,
prunes,3,8,13052745,Taylor 100% Organic Prunes,11.15,250g,Organic
prunes,3,9,227555,We We Seedless Sweet Prunes,4.29,80g,
prunes,3,10,13270087,Harvest Fields Dried Pitted Prunes,5.55,220g,
prunes,3,11,13220146,Kufa White Prune,2.55,160g,Halal
prunes,3,12,90063846,Laobanniang Black Prunes Stripes,5.5,300 G,
prunes,3,13,90067267,Laobanniang Taiwan Prunes,4.06,300 G,
prunes,3,14,90067203,Laobanniang Milk Prunes,5.6,300 G,
prunes,3,15,90221711,RedMan Dried Prunes - Pitted,17.6,1 KG,
prunes,3,16,90121368,Garden Picks Dried Pitted Prunes,3.56,150 G,
prunes,3,17,90121369,Garden Picks Dried Pitted Prunes,14.3,500 G,
prunes,3,18,90236084,SnackFirst Pitted Plump Prunes - Healthy Snack Fruits,8.9,200 G,
prunes,3,19,90006647,Foodsterr Chilean Pitted Prunes - By Foodsterr,8.9,250 G,
prunes,3,20,13281238,[BCRS] Taylor Bottle Juice - Prune,7.65,946ml,
chicory,3,1,90217621,Masseria Calongo Chicory In Extra Virgin Olive Oil,6.95,220 G,
chicory,3,2,1,BRU Coffee Original With Chicory,7.2,100 G,
cactus,3,1,90209658,Orjena Face Mist - Aloe & Cactus Water,9.9,125 ML,
cactus,3,2,90220379,JM Flower Euphorbia Tirucalli (Pencil Cactus) Plant,121.0,1 S,
cactus,3,3,90220461,JM Flower Cactus Plant (Large),71.0,1 S,
cactus,3,4,90203324,FNP Lovely Echeveria & Cactus In Fish Bowl (Fresh),48.0,1 S,
cactus,3,5,90239873,LEGO 11509 Botanicals Flowering Cactus,41.3,1 S,
cactus,3,6,90220426,JM Flower Cactus Plant,41.0,1 S,
cactus,3,7,90166203,Biofinest Nopal Cactus 1000mg Supplement Diabetes Blood Sugar,24.95,120 S,
cactus,3,8,90256658,Lego Minifigures Keychain Light Series - Cactus Boy,21.9,1 S,
cactus,3,9,90005327,POKON Cactus Food,8.04,250 ML,
cactus,3,10,90045863,Cactus Potting Mix,7.06,1 KG,
cactus,3,11,90042983,Loving Care Cacti Food Fertiliser,6.05,250 ML,
cactus,3,12,90043117,Cactus Mixed Seeds,3.53,1 S,
cactus,3,13,13075343,Lactus Syrup for Relief of Constipation,12.22,200ml,
cactus,3,14,90041155,Lactus Pro Probiotic 107.5 Billion 30 Vegecaps,39.6,30 S,
agave,3,1,90017960,Biona Organic Agave Light Syrup - Squeezy,17.01,500 ML,
agave,3,2,90014963,Biona Organic Maple Agave Syrup - Squeezy,14.16,350 G,
agave,3,3,90014753,Madhava Lt Agave Nect Low Glycemic Sweetener,21.5,686 ML,
agave,3,4,13273981,Topanito Reposado Tequila 100% Agave,89.9,700ml,
agave,3,5,13273978,Topanito Blanco Tequila 100% Agave,84.9,700ml,
agave,3,6,90217988,Essentiq Shower Gel Agave & Lotus,25.0,250 ML,
agave,3,7,1,Brumate Resa Tumbler -  Blue Agave,109.0,1035 ML,
agave,3,8,90242246,Brumate Resa Tumbler -  Blue Agave,89.9,730 ML,
agave,3,9,90242244,Brumate Era Tumbler - Blue Agave,79.9,890 ML,
agave,3,10,90242209,Brumate Uncork'd Tumbler - Blue Agave,59.9,400 ML,
agave,3,11,90031279,Green Apple Organic Agave Nectar,11.2,350 ML,
agave,3,12,90015766,Now Foods Organic Blue Agave Nectar,16.9,660 G,
agave,3,13,90176039,Araven Polypropylene Airtight Food Container 12.5L,39.0,1 S,
agave,3,14,90176034,Araven Polypropylene Square Food Container 12 Ltr,32.0,1 S,
agave,3,15,90217701,Araven Polycarbonate Mixing Bowl - 280mm,26.0,1 S,
agave,3,16,90176035,Araven Polypropylene Square Food Container 8 Ltr,22.0,1 S,
agave,3,17,90176120,Araven Polypropylene Airtight Food Container 10L,28.8,1 S,
agave,3,18,90217687,Araven Polycarbonate Mixing Bowl - 235mm,18.0,1 S,
agave,3,19,90176036,Araven Polypropylene Square Food Container 6 Ltr,18.0,1 S,
punch,3,1,13281523,[BCRS] Monster Energy Can Drink - Pipeline Punch,2.95,355ml,
punch,3,2,10681890,Asia Farm Cordial - Fruit Punch,5.55,2L,
punch,3,3,12715035,[BCRS] Monster Energy Can Drink - Pipeline Punch,70.8,24 x 355ml,
punch,3,4,90176145,"Now Foods Tea Bag - Heavenly Hip Hibiscus, Herbal Punch Tea",13.9,24 S,
punch,3,5,90055871,Makhana wala Makhana Wala's Pudhina Punch,5.95,60 G,
punch,3,6,90249820,"Rule1 Creatine - Monohydrate, Plant-Based - Fruit Punch",30.0,210 G,
punch,3,7,90249813,"Rule1 ROAR Pre-Workout- Energy, Focus, Endurance- Fruit Punch",32.0,315 G,
punch,3,8,90248429,Au Vodka Fruit Punch,84.15,700 ML,
punch,3,9,13230184,Maybelline Vinyl Ink Lipstick - 120 Punchy,22.9,1 per pack,
punch,3,10,90222725,Maxine's Burn Protein Water - Tropical Punch,42.32,400 G,
punch,3,11,90235434,Mamaearth Moisture Matte LongStay Lipstick - Raisin Punch(17),19.0,2 G,
punch,3,12,90110134,Tactix Belt Punch Pliers,13.14,1 S,
punch,3,13,02,Mamaearth Moisture Matte LongStay Lipstick - Plum Punch (02),13.0,0.7 G,
punch,3,14,90093706,Steve & Leif Leather Hole Punch (9 Inch),10.08,1 S,
punch,3,15,90094821,DeHub Punch-Free Non-marking Round Sticky Hook,8.99,1 S,
punch,3,16,90166774,LEC Degassing Punch,5.5,1 S,
punch,3,17,90089744,Poo Lee Plastic Punch Box,4.54,1 PC,
punch,3,18,90185888,Punched Foods Australia Grass Fed Beef Tenderloin,14.8,200 G,Halal
punch,3,19,90206332,Punched Foods Frozen Chicken Whole Leg (economical pack),15.8,2 KG,Halal
punch,3,20,90135184,Punched Foods Australia Grass Fed YG Striploin Steak Chilled,10.0,200 G,Halal
protein,3,1,90016938,Amazonia Raw Isolate Protein Powder Vanilla,72.0,500 G,Organic
protein,3,2,13287424,[BCRS] Rokeby Farms Protein Smoothie - Banana Honey & Cinnamon,4.5,425ml,
protein,3,3,13287470,[BCRS] Rokeby Farms Protein Smoothie - Chocolate Honey,4.5,425ml,
protein,3,4,90016940,Amazonia Raw Isolate Protein Powder Choc Coconut,72.0,500 G,
protein,3,5,13293673,[BCRS] Meiji Low Fat High Protein Milk - Chocolate,3.75,350ml,Halal
protein,3,6,13293701,[BCRS] Meiji Low Fat High Protein Milk - Original,3.75,350ml,Halal
protein,3,7,13129007,Farmers Union Greek Style Yoghurt - High Protein,6.9,500g,Halal
protein,3,8,90016941,Amazonia Raw Isolate Protein Powder Choc Coconut,130.0,1 KG,
protein,3,9,13289823,Farmers Union Greek Style High Protein Yogurt Cup - Strawberry,3.5,150g,Halal
protein,3,10,13289817,Farmers Union Greek Style High Protein Yogurt Cup - Mango,3.5,150g,Halal
protein,3,11,90016936,Amazonia Raw Isolate Protein Powder Natural,72.0,500 G,Organic
protein,3,12,90016937,Amazonia Raw Isolate Protein Powder Natural,130.0,1 KG,
protein,3,13,13287456,[BCRS] Rokeby Farms Protein Smoothie - Vanilla Wafer,4.5,425ml,
protein,3,14,90016939,Amazonia Raw Isolate Protein Powder Vanilla,130.0,1 KG,
protein,3,15,13289822,Farmers Union Greek Style High Protein Yogurt Pouch - Blueberry,3.65,150g,Halal
protein,3,16,13289815,Farmers Union Greek Style High Protein Yogurt Pouch - Strawberry,3.65,150g,Halal
protein,3,17,13293649,[BCRS] Meiji Low Fat High Protein Milk - Green Tea,3.75,350ml,Halal
protein,3,18,13289830,Farmers Union Greek Style High Protein Yogurt Cup - Passionfruit,3.5,150g,Halal
protein,3,19,13289816,Farmers Union Greek Style High Protein Yogurt Cup - Vanilla,3.5,150g,Halal
protein,3,20,13289805,Farmers Union Greek Style High Protein Yogurt Pouch - Vanilla,3.65,150g,Halal
popsicle,3,1,90219552,Frozt Popsicles - Strawberry,9.9,4 x 85 G,
popsicle,3,2,90219553,Frozt Popsicles - Mango,9.9,4 x 85 G,
popsicle,3,3,2,Frozt Popsicles - Watermelon,9.9,4 x 85 G,Halal
popsicle,3,4,90219509,Frozt Popsicles - Mixed Berries,9.9,4 x 85 G,
popsicle,3,5,90252675,Frozt Popsicles Yuzu,9.9,4 x 85 G,Halal
popsicle,3,6,90219529,Frozt Popsicles - Orange,9.9,4 x 85 G,
popsicle,3,7,90219543,Frozt Popsicles - Coconut,9.9,4 x 85 G,
popsicle,3,8,90219528,Frozt Popsicles - Soursop,9.9,4 x 85 G,
popsicle,3,9,90192538,Epitex Premium Fu-Wa Bath Towel - Popsical Pink,75.65,1 S,
whopper,3,1,90043283,Tomato Whopper Seeds,2.52,1 S,
whopper,3,2,90163143,Fish 4 Dogs Sea Jerky Whoppers,35.89,500 G,
whopper,3,3,90227836,AUX Sauce Whipper,36.8,1 S,
whopper,3,4,13224816,Tefal Blendforce Blender with Grinder & Chopper,95.0,1 per pack,
whopper,3,5,90240802,KitchenAid Go Cordless Food Chopper,299.0,1 S,
whopper,3,6,90240771,KitchenAid 5 Cup Cordless Food Chopper 1.19L - Almond Cream,299.0,1 S,
whopper,3,7,90240739,KitchenAid 5 Cup Cordless Food Chopper 1.19L - Black Matte,299.0,1 S,
whopper,3,8,90145598,Odette 9-in-1  Blender Chopper Set,209.9,600 ML,
whopper,3,9,90241019,KitchenAid 3.5 Cup Mini Food Chopper - White,179.0,1 S,
whopper,3,10,90241018,KitchenAid 3.5 Cup Mini Food Chopper - Almond Cream,179.0,1 S,
whopper,3,11,90240995,KitchenAid 3.5 Cup Mini Food Chopper - Onyx Black,179.0,1 S,
whopper,3,12,90241025,KitchenAid 3.5 Cup Mini Food Chopper - Velvet Blue,179.0,1 S,
whopper,3,13,90241024,KitchenAid 3.5 Cup Mini Food Chopper - Empire Red,179.0,1 S,
whopper,3,14,90221880,LEGO 75416 Star Wars Chopper (C1-10P) Astromech Droid,161.9,1 S,
whopper,3,15,90093523,Odette Riviera Series 500W 2-Speed Food Chopper (Light Green),89.9,1 S,
whopper,3,16,90228265,Kenwood Chopper CH180 (350ml),75.2,1 S,
whopper,3,17,789,Toyomi Electric Chopper EC 789,66.0,1 S,
whopper,3,18,90116531,Bear Food Chopper 2.5L Multifunctional Electric (QSJ-C04H5),59.0,1 S,
whopper,3,19,90123618,Farfalla FFP-192DC Twin Stainless Blade Chopper,57.9,1 S,
whopper,3,20,90192853,Joseph Joseph ChopCup Vegetable Chopper,49.0,1 S,
pods,3,1,13163588,Starbucks Coffee Capsules - Espresso (Roast),9.45,12 per pack,Halal
pods,3,2,13278076,FairPrice Laundry Capsules Refill - Freesia,19.2,40 per pack,
pods,3,3,13224328,Ka 4-in-1 Laundry Capsules Detergent Refill,29.9,54 per pack,
pods,3,4,13172086,Starbucks Nespresso Coffee Capsules - Colombia,8.65,57g,
pods,3,5,13287091,Ka 4in1 Laundry Capsules Bundle - Anti-Bacterial,34.9,100 per pack,
pods,3,6,13278077,FairPrice Laundry Capsules Refill - Gardenia,19.2,40 per pack,
pods,3,7,13261140,Selleys Laundry Pods Refill - Cherry Bloom,28.9,60 per pack,
pods,3,8,13163592,Starbucks Coffee Capsules - Caramel Macchiato,9.45,12 per pack,Halal
pods,3,9,13246471,Selleys All in 1 Laundry Pods Refill - Floral,28.9,60 per pack,
pods,3,10,13246472,Selleys All in 1 Laundry Pods Refill - Lavender,28.9,60 per pack,
pods,3,11,13202319,Starbucks Nespresso Coffee Capsules - Verona,8.65,55g,
pods,3,12,13163591,Starbucks Coffee Capsules - Cappuccino,9.45,12 per pack,Halal
pods,3,13,13227635,Breeze Concentrated 5 in 1 Power Laundry Capsules - Sakura,8.2,40 per pack,
pods,3,14,13168445,Lor Espresso Aluminium Capsules - Ristretto,8.95,10 per pack,
pods,3,15,13278078,FairPrice Laundry Capsules Refill - Lightly Scented,19.2,40 per pack,
pods,3,16,13255170,Ka 4-in-1 Laundry Capsules Detergent Refill - Indoor Drying,29.9,50 per pack,
pods,3,17,13267725,Dettol All in 1 Laundry Pods Refill - Rain Forest,19.75,56 per pack,
pods,3,18,13269022,Top Nanox Laundry Capsules - Plant-Based Power (Eucalyptus Blast),22.11,50 per pack,
pods,3,19,13231872,Top Nanox Laundry Capsules,22.11,32 per pack,
pods,3,20,13219905,Cloversoft 4 in 1 Deluxe Plus+ Laundry Capsules - Eucalyptus,9.95,20 per pack,
croutons,3,1,13076661,Maggi 5-Minute Instant Mashed Potato- Sour Cream & Croutons,2.67,53g,
croutons,3,2,13280398,Mrs Cubbison's Crouton - Caesar Salad,5.9,141g,
croutons,3,3,13280399,Mrs Cubbison's Crouton - Garlic & Butter,5.9,141g,
croutons,3,4,13076660,Maggi 5-Minute Instant Mashed Potato - Fried Onions & Croutons,2.67,56g,
croutons,3,5,13280420,Mrs Cubbison's Crouton - Cheese & Gar,5.9,141g,
croutons,3,6,10964217,Campbell's Instant Soup - Mushroom Chicken with Croutons,2.57,3 x 21g,Halal
croutons,3,7,10964196,Campbell's Instant Soup - Mushroom Cheese with Croutons,2.57,3 x 21g,Halal
croutons,3,8,12705450,Maggi 5-Minute Instant Mashed Potato - Fried Onions & Croutons,18.8,8 x 56g (CTN),
croutons,3,9,12705451,Maggi 5-Minute Instant Mashed Potato- Sour Cream & Croutons,18.8,8 x 53g (CTN),
croutons,3,10,90220472,JM Flower Croton Mix Plant,23.0,1 S,
croutons,3,11,90203151,JM Flower Croton Mix,21.0,1 S,
yung,3,1,11629461,Simply Finest Young Ginger,1.9,200g,
yung,3,2,10422047,Pasar Malaysia Young Ginger,1.5,200g,
yung,3,3,13174747,Pasar Thai Young Coconut,2.25,1 per pack,
yung,3,4,90155414,Tasty Food Affair Australia Young Prime Beef Striploin Steak,15.0,250 G,
yung,3,5,90167566,Tasty Food Affair Young Prime Beef Chuck Roll Shabu Shabu,12.8,300 G,
yung,3,6,90177378,Tasty Food Affair Young Prime Beef Chuck Roll Cube,18.0,500 G,
yung,3,7,90155413,Tasty Food Affair Australia Young Prime Beef Ribeye Steak,19.0,250 G,
yung,3,8,90141682,Tasty Food Affair Young Prime Beef Flank Steak,9.5,200 G,
yung,3,9,412685,Hosen Young Corn Cut,1.4,400g,Halal
yung,3,10,90067854,Mr Joy's Yong Tau Foo Premium Fresh Taokee Non Msg,5.6,220 G,
yung,3,11,90239434,Mr Joy's Fresh Yong Tau Foo Assorted,6.0,1 S,
yung,3,12,13160490,UU Care Young Girl Antibacterial Panty Liner - 180mm,1.65,20 per pack,
yung,3,13,90067856,Mr Joy's Yong Tau Foo Premium Fish Roll Non Msg,5.33,220 G,
yung,3,14,13160665,UU Care Young Gile Antibacterial Panty Liner - 155mm,1.98,40 per pack,
yung,3,15,13258710,Yong Kah Turmeric Leaves,1.0,50g,
yung,3,16,90067774,Mr Joy's Yong Tau Foo Fried Fish Tofu,5.6,450 G,
yung,3,17,90240089,Mr Joy's Fresh Bittergourd Yong Tau Foo,5.89,6 S,
yung,3,18,90239443,Mr Joy's Fresh Yong Tau Foo Tao Pok,5.6,8 S,
yung,3,19,90239453,Mr Joy's Fresh Yong Tau Foo Tao Kee,5.33,8 S,
yung,3,20,13160486,UU Care Young Girl Antibacterial Pads - 240mm,3.25,16 per pack,
borage,3,1,90012981,Now Foods Borage Oil,35.9,60 S,
borage,3,2,90220415,JM Flower Indian Borage (Mint) Herbs Plant,11.0,1 S,
borage,3,3,90202093,Borage Seeds,2.52,1 S,
borage,3,4,13003761,Borges Black Olives - Pitted,4.15,230g,
borage,3,5,10173079,Borges Olive Oil - Extra Virgin,24.9,1L,Halal
borage,3,6,11928138,Borges Olive Oil - Extra Light,39.5,2L,Halal
borage,3,7,10173044,Borges Olive Oil - Extra Virgin,13.25,500ml,
borage,3,8,13290244,Borges Blend of Canola & Extra Virgin Olive Oil,21.09,2L,
borage,3,9,11412158,Borges Olive Oil - Extra Virgin,43.9,2L,
borage,3,10,11412131,Borges Olive Oil - Pure,39.5,2L,Halal
borage,3,11,11485859,Borges Modena Balsamic Vinegar,6.45,500ml,
borage,3,12,10313799,Borges Olive Oil - Classic,12.0,500ml,Halal
borage,3,13,11928154,Borges Olive Oil - Extra Light,22.5,1L,
borage,3,14,13281075,Borges Green Olives - Pitted,4.15,340g,
borage,3,15,11928111,Borges Olive Oil - Extra Light,12.0,500ml,
borage,3,16,11202046,Borges Grapeseed Oil,14.67,1L,
borage,3,17,13270869,Borges Blend Of Sunflower & Extra Virgin Olive Oil - Light,21.09,2L,
borage,3,18,10173087,Borges Olive Oil,22.5,1L,Halal
borage,3,19,13041785,Borges Pasta - Fusilli,2.25,500g,
borage,3,20,13003790,Borges Green Olives - Sliced,4.15,340g,
cardoon,3,1,90167912,Dodomu Cartoon Shower Cap - Lion,4.4,1 S,
cardoon,3,2,90088841,Delyco Cartoon Animal Moon Cake - Bundle of 5,4.0,5 x 50 G,
cardoon,3,3,90226398,Sweet Home Cartoon PVC Bathroom Floor Mat - Baby Shark,15.9,1 S,
cardoon,3,4,90180910,Sweet Home 3D Cute Cartoon Hand Towel - Egg Yolk Bunny,11.9,2 S,
cardoon,3,5,90180929,Sweet Home 3D Cute Cartoon Hand Towel-Strawberry Bunny,11.9,2 S,
cardoon,3,6,90246966,Sweet Home Cartoon fan safety net cover 16inch - Penguin,6.9,3 S,
cardoon,3,7,90226454,Sweet Home Cooling Fabric Cartoon Kids Pillow - Pink Bear,25.0,1 S,
cardoon,3,8,90226453,Sweet Home Cooling Fabric Cartoon Kids Pillow - GN Dinosaur,25.0,1 S,
cardoon,3,9,90217026,Sweet Home Baby Thickened Cartoon Bathrobe - Pink,20.0,1 S,
cardoon,3,10,90226441,Sweet Home Cartoon PVC Bathroom Floor Mat - Dinosaur Pink,16.9,1 S,
cardoon,3,11,90226452,Sweet Home Cartoon PVC Bathroom Floor Mat - A-Dentist,15.9,1 S,
cardoon,3,12,90226451,Sweet Home Cartoon PVC Bathroom Floor Mat - Duck Rain,15.9,1 S,
cardoon,3,13,90226399,Sweet Home Cartoon PVC Bathroom Floor Mat - Cute Bear,15.9,1 S,
cardoon,3,14,90245645,Sweet Home Cartoon Buckwheat Pillow Big - Tiger,14.0,1 S,
cardoon,3,15,90245662,Sweet Home Cartoon Buckwheat Pillow Big- Grey Bear,14.0,1 S,
cardoon,3,16,90245661,Sweet Home Cartoon Buckwheat Pillow Big- Green Cat,14.0,1 S,
cardoon,3,17,90245654,Sweet Home Cartoon Buckwheat Pillow Big - Chicken,14.0,1 S,
cardoon,3,18,90215591,Sweet Home Cartoon Buckwheat Pillow - S Elephant Red,11.99,1 S,
cardoon,3,19,90215574,Sweet Home Cartoon Buckwheat Pillow - S Elephant Blue,11.99,1 S,
cardoon,3,20,90215562,Sweet Home Cartoon Buckwheat Pillow - S Beagle Pink,11.99,1 S,
recipe,3,1,11061335,Milo Chocolate Malt Drink Powder with Milk - Australian Recipe,9.95,400g,Halal
recipe,3,2,13128980,FairPrice Asian Recipe Paste Mix - Chicken Curry,2.25,200g,Halal
recipe,3,3,13030685,Tulip Japanese Recipe Luncheon Meat - Pork,4.99,200g,
recipe,3,4,13242307,Milo Chocolate Malt Drink Powder with Milk - Australian Recipe,27.73,1kg + 200g,
recipe,3,5,13128986,FairPrice Asian Recipe Paste Mix - Green Curry,2.25,200g,Halal
recipe,3,6,13128983,FairPrice Asian Recipe Paste Mix - Assam Fish,2.25,200g,Halal
recipe,3,7,13128989,FairPrice Asian Recipe Paste Mix - Tom Yum,2.25,200g,Halal
recipe,3,8,13068607,Milo Chocolate Malt Drink Powder with Milk - Australian Recipe,12.95,800g,Halal
recipe,3,9,13080692,Ayam Brand Baked Beans - English Recipe (Tomato Sauce),1.97,425g,Halal
recipe,3,10,13239732,Foodart Souperkid No-Cook Recipe - Nosneezy,18.5,6 x 19g,
recipe,3,11,13172256,Milo Activ-Go Australian Recipe Sachet with Milk,8.95,10 per pack,Halal
recipe,3,12,13244236,Milo Chocolate Malt Drink Powder with Milk - Australian Recipe,27.73,1kg,
recipe,3,13,90239363,Rizzoli Mackerel Fillets Spicy Recipe,7.27,90 G,
recipe,3,14,11061319,Milo Chocolate Malt Drink Powder with Milk - Australian Recipe,20.03,1.25kg,Halal
recipe,3,15,90190425,Cannamela Cannamela Herbs Provence Recipe,5.52,12 G,
recipe,3,16,13273892,Ivenet Sprinkling Recipe - Vegetable,9.3,32g,
recipe,3,17,90239428,Maestros Aceituneros Olives in The Recipe of Maestro Mexicano,10.9,320 G,
recipe,3,18,90239430,Maestros Aceituneros The Recipe of Maestro Jose Olives,10.9,345 G,
recipe,3,19,90185465,"Absolute Holistic Home Cooked Recipe Dog Food Beef,Peas,Salmo",62.0,125 G,
recipe,3,20,90139437,Prey Dry Dog Food - Turkey Recipe,134.95,11.25 KG,
custards,3,1,12589991,Lotte Happy Promise Cream Cake - Custard,2.86,138g,
custards,3,2,48779,Khong Guan Sandwich Biscuits - Custard,2.7,200g,
custards,3,3,90072944,Orion Custard Pie 6p (Halal),2.3,138 G,
custards,3,4,12194703,Bird's Custard Powder - Original,2.9,300g,Halal
custards,3,5,13253778,Treats Croissant - Custard,1.1,55g,Halal
custards,3,6,1,Carmencita Vanillepudding Custard,4.3,61 G,
custards,3,7,90232766,Carmencita Pudding / Custard Mix,4.3,20 G,
custards,3,8,90013733,CB Mini Custard Bun (8pcs),2.4,240 G,
custards,3,9,90108524,Crystal Jade Salted Egg Yolk Custard Bun,11.91,6 S,
custards,3,10,90078086,TungLok Custard Egg Yolk Bun,32.21,24 S,
custards,3,11,90221374,RedMan Super Instant Custard Powder,90.4,10 KG,
custards,3,12,90173951,Cap Bintang Custard Powder 300g,4.95,300 G,
custards,3,13,90124793,Kirei Fujiya - Hakodate Pudding Japan Custard Pudding,6.6,105 G,
custards,3,14,90223047,RedMan Bakeable Instant Custard Powder Freeze Stable,19.2,1 KG,
custards,3,15,90095848,Nona Custard Powder,4.85,300 G,
custards,3,16,13263706,Ayam Brand Pulled Chicken - Honey Mustard,3.48,150g,Halal
custards,3,17,13271014,FairPrice Cashew - Honey Mustard,2.45,100g,Halal
custards,3,18,13034962,Maille Dijon Mustard - Original,5.6,215g,
toppings,3,1,13286204,FairPrice Shredded Pizza Topping Cheese,5.2,225g,Halal
toppings,3,2,105214,Bake King Topping - Hundreds & Thousands (Nonpareils Colour Balls),3.0,80g,Halal
toppings,3,3,12181638,Bake King Topping - Chocolate Rice,3.05,60g,Halal
toppings,3,4,90008023,Hamaotome Ume Konbu Furikake Japanese Rice Topping,5.2,20 G,
toppings,3,5,90251270,S&B Umami Topping Crunchy Garlic With Chili Oil Tin,24.9,400 G,
toppings,3,6,90142347,Marutomo Koebi Dried Shrimps Toppings,4.99,10 G,
toppings,3,7,90064762,Hamaotome Ochazuke Nori Flavour Japanese Instant Rice Topping,5.8,56 G,
toppings,3,8,90247100,OTAFUKU Ika Tenkatsu Mala Fried Tempura Bits Toppings,5.7,30 G,
toppings,3,9,1,Marutomo Koebi Dried Shrimps Toppings,4.95,10 G,
toppings,3,10,90066028,Itsuki An Tenpura Soba Noodle Soup (With Sauce And Topping) 1,3.95,165 G,
toppings,3,11,90221874,RedMan Multi Grain Topping,2.8,250 G,
toppings,3,12,90221968,RedMan Topping Sauce - Raspberry,28.0,1 KG,
toppings,3,13,90221884,RedMan Topping Sauce - Iris Caramel,25.6,1 KG,
toppings,3,14,90222011,RedMan Topping Sauce - Butterscotch,23.2,1 KG,
toppings,3,15,90221885,RedMan Topping Sauce - Strawberry,20.8,1 KG,
toppings,3,16,90221921,RedMan Topping Sauce -  Iris Chocolate,20.0,1 KG,
toppings,3,17,90215703,Jammuk Furikake Seaweed Topping - Green,18.9,50 G,
toppings,3,18,90215735,Jammuk Furikake Seaweed Topping - Pink,18.9,50 G,
toppings,3,19,90215727,Jammuk Furikake Seaweed Topping - Yellow,18.9,50 G,
toppings,3,20,90215697,Jammuk Furikake Seaweed Topping - Beige,18.9,50 G,
bologna,3,1,90209736,Nippn Soy Bolognaise Sauce,6.95,220 G,
bologna,3,2,12128669,Barilla Base for Bolognese Pasta Sauce with Italian Tomato,3.5,400g,Halal
bologna,3,3,13027744,San Remo Pasta Sauce - Bolognese and Mushroom,4.2,500g,Halal
bologna,3,4,13089310,Leggo’s Pasta Sauce - Bolognese (Bacon- Chunky Tomato & Herbs),4.55,500g,
bologna,3,5,13145764,"Leggo's Pasta Sauce - Bolognese(Red Wine, Chunky Tomato & Herbs)",4.55,500g,
bologna,3,6,90230600,La Molisana Sugo Bolognese Vegetale (Vegetarian Bolognese),5.2,340 G,
bologna,3,7,90219106,Beef Bolognese Spaghetti Twin Pack - Frozen,15.0,2 x 150 G,
bologna,3,8,90252680,Little Totler Wholegrain Chicken Bolognese,7.9,150 G,
bologna,3,9,90219104,Beef Bolognese Spaghetti - Frozen,7.5,150 G,
bologna,3,10,90039855,Arrighi Italian Pasta Sauce - Vegetarian Bolognese,5.5,350 G,
bologna,3,11,90199953,Only Organic Pasta Bolognese,52.0,8 x 170 G,Organic
bologna,3,12,90060809,San Remo Pasta Sauce Bolognese,5.04,500 G,
bologna,3,13,13089311,"Leggo’s Pasta Sauce - Bolognese (Mushroom, Chunky Tomato & Herbs)",4.55,500g,Halal
bologna,3,14,13089309,"Leggo’s Pasta Sauce - Bolognese (Chunky Tomato, Garlic & Herbs)",4.55,500g,Halal
jams,2,1,340175,St.Dalfour Fruit Spread - Strawberry,6.35,284g,Halal
jams,2,2,13144635,Golden Light Jam - Strawberry,2.86,450g,Halal
jams,2,3,12229785,Bonne Maman Jam - Strawberry,7.25,370g,
jams,2,4,340167,St.Dalfour Fruit Spread - Four Fruits,6.35,284g,Halal
jams,2,5,222547,St.Dalfour Fruit Spread - Blueberry,6.35,284g,Halal
jams,2,6,11788796,Frezfruta Jam - Strawberry (No Cane Sugar Added),4.9,410g,
jams,2,7,13212331,Harvest Fields Fruit Spread - Strawberry,4.9,240g,Halal
jams,2,8,13282909,Harvest Fields Fruit Spread - Cranberry & Blueberry,4.9,240g,Halal
jams,2,9,141078,Stute Diabetic Jam - Strawberry Extra Jam,6.45,430g,
jams,2,10,10761428,St.Dalfour Fruit Spread - Cranberry with Blueberries,6.35,284g,Halal
jams,2,11,11027049,Frezfruta Jam - Strawberry,3.47,450g,
jams,2,12,222612,St.Dalfour Fruit Spread Minis,3.5,3 x 28g,
jams,2,13,12229793,Bonne Maman Jam - Wild Blueberry,7.6,370g,
jams,2,14,13282916,Harvest Fields Fruit Spread - Four Fruits,4.9,240g,Halal
jams,2,15,12285314,St.Dalfour Fruit Spread - Thick Cut Orange,6.35,284g,Halal
jams,2,16,10308738,St.Dalfour Fruit Spread - Pineapple & Mango,6.35,284g,Halal
jams,2,17,12229806,Bonne Maman Jam - Raspberry Preserves,7.6,370g,
jams,2,18,13147372,Golden Light Jam - Blackcurrant,2.86,450g,Halal
jams,2,19,13212330,Harvest Fields Fruit Spread - Blueberry,4.9,240g,Halal
jams,2,20,300351,Smucker's Jam Preserves - Strawberry,7.34,340g,
puppies,2,1,90245346,Nylabone Puppy Pacifier Teething Toy Small,24.8,1 S,
puppies,2,2,90235756,Sweet Home Cute Fruit Puppy Hand Towel - Avocado,12.0,2 S,
puppies,2,3,90187516,Go! Solutions Carnivore - GF Chicken Turkey Duck Puppy Food,166.2,9.98 KG,
puppies,2,4,90139439,High Prairie Puppy Formula - Bison & Roasted Venison,146.9,12.2 KG,
puppies,2,5,90165650,Savic Puppy Trainer Starter Kit (X-Large),104.21,280 G,
puppies,2,6,90163241,Savic Puppy Trainer Starter Kit (Large),71.79,250 G,
puppies,2,7,90237422,Magna Tiles Puppy Park,64.9,1 S,
puppies,2,8,90165833,Biogance My Puppy Shampoo,56.74,1 L,
puppies,2,9,90167164,Black Hawk Puppy Small Lamb & Rice,53.26,3 KG,
puppies,2,10,90167162,Black Hawk Puppy Small Chicken & Rice,53.26,3 KG,
puppies,2,11,90212338,LuvCare Puppy Medium Breed Triple Omega - 9kg,53.11,9 KG,
puppies,2,12,90206975,Luv Care Puppy Small Breed Triple Omega,53.11,9 KG,
puppies,2,13,90161933,Vigor & Sage Puppy Goji Berry Well-Being - Chicken Grain Free,49.79,2 KG,
puppies,2,14,90118655,Lila Loves It Anti-Tick Spray for Dogs & Puppies,48.0,100 ML,
puppies,2,15,90118643,Lila Loves It Puppy Fur Brush for Puppies & Rabbits,42.0,1 S,
puppies,2,16,90241779,LEGO 31382 Creator Playful Puppy Dog,41.3,1 S,
puppies,2,17,90224111,LEGO 10441 Duplo My First Shape Sorter Puppy House,41.3,1 S,
puppies,2,18,90078667,PetAg Esbilac Puppy Milk Replacer Powder,39.9,340 G,
puppies,2,19,90187495,Go! Solutions Carnivore - Grain-Free ChicTurkeyDuck Puppy Foo,38.15,1.59 KG,
puppies,2,20,90151904,1st Choice Puppy - Chicken Toy & Small Breeds,36.48,2 KG,
pickle,2,1,90222034,S & W Genuine While Dill Pickles,7.3,680 G,
pickle,2,2,90218300,Maestros Aceituneros Pickle Cocktail Mix in Vinegar,10.71,345 G,
pickle,2,3,90218286,Maestros Aceituneros Gordal Olive with Pickle Cucumber,9.81,345 G,
pickle,2,4,90122140,Kirei Asagobo Katsuo Burdock Bonito Flavored Pickles,6.9,80 G,
pickle,2,5,90218237,Maestros Aceituneros Cocktail of Olives & Pickles in EVOO,8.9,350 G,
pickle,2,6,90163047,Shinshin Shibazuke Pickle,4.95,80 G,
pickle,2,7,90158484,Kirei Momoya Hana Rakkyo Japanese Shallot Pickles 115G,9.15,180 G,
pickle,2,8,90122141,Kirei Hayabori Sato Gobo Burdock Amakuchi Sweet Shoyu Pickles,6.55,80 G,
pickle,2,9,10153561,AAA Preserved Vegetables - Pickled Lettuce,1.55,180g,Halal
pickle,2,10,13055486,Narcissus Can Food - Pickled Lettuce,0.86,182g,
pickle,2,11,53182,Singlong Pickled Green Chili with Vinegar,1.89,200g,Halal
pickle,2,12,13082713,Q-three Preserved Food - Pickled Lettuce,1.22,170g,Halal
pickle,2,13,10176894,AAA Pickled Cucumber Lettuce,1.68,180g,Halal
pickle,2,14,10392052,AAA Pickled Mustard with Chili,1.4,145g,Halal
pickle,2,15,13056237,AAA Pickled Mustard,1.4,145g,Halal
pickle,2,16,90218276,Maestros Aceituneros Pickled Cucumber in Vinegar,9.81,345 G,
pickle,2,17,90021716,AAA Pickled Mustard,2.9,170 G,
pickle,2,18,13242935,AAA Pickled Pearl Garlic,4.84,230g,Halal
pickle,2,19,90016381,Kirei Ume Boshi Japanese Pickled Plums,6.8,100 G,
pickle,2,20,90163050,Shinshin Pickled Cucumber Ao Kyuri Zuke,5.2,180 G,
jr,2,1,13290034,Clear Men Anti-Dandruff Shampoo - Legend Vini JR,9.75,650ml,
jr,2,2,90143302,BeBecook Jr's Fruity Multi-Grain Rolls - Strawberry & Banana,7.9,40 G,
jr,2,3,90143301,BeBecook Jr's Fruity Multi-Grain Rolls - Blueberry & Banana,7.9,40 G,
jr,2,4,90152455,D.LAB 9-In-1 154W Car Charging Adapter (JR-CL06),69.0,1 S,
jr,2,5,90217454,JBL JR320BT Junior Bluetooth Headphone - Green,59.9,1 S,
jr,2,6,90217396,JBL JR320BT Junior Bluetooth Headphone - Blue,59.9,1 S,
jr,2,7,90245377,3-in-1 Wireless Charging Station (JR-W15),39.0,1 S,
jr,2,8,90149631,BeBecook Jr's Korean Golden Pear Drink w Bellflower Root,35.0,200 G,
jr,2,9,90243402,JBL JR470NC Junior Noise Cancelling Headphone - Blue,89.9,1 S,
browns,3,1,13216789,SongHe Noble Berry Rice,6.06,1kg,Halal
browns,3,2,12712550,Yeo's Packet Drink - Brown Sugar Soy Milk,12.12,24 x 250ml (CTN),Halal
browns,3,3,13101276,Pasar Swiss Brown Mushroom,4.2,200g,
browns,3,4,13267871,The Little Rice Company Wholegrain Brown Rice -  Low Gi,14.95,5kg,
browns,3,5,90187566,Yuan Zhen Yuan Australian Brown Onion,2.3,500 G,
browns,3,6,90187009,Yuan Zhen Yuan Brown Shimeiji Mushroom,2.5,300 G,
browns,3,7,90187014,Yuan Zhen Yuan Mushroom Swiss Brown,4.1,200 G,
browns,3,8,13249625,Kinmemai Japanese Better Brown Rice,10.95,1kg,
browns,3,9,90089348,ZENXIN Organic Brown Onion,7.2,400 G,Organic
browns,3,10,13181370,FairPrice Thai Brown Unpolished Rice,11.3,5kg,
browns,3,11,312265,Farmland Frozen Premium Fries - Shoestring,4.5,1kg,
browns,3,12,13049984,Naturel Organic Rice - Mixed Brown and Red,11.0,2kg,Organic
browns,3,13,312273,Farmland Frozen Premium Fries - Crinkle Cut,4.5,1kg,
browns,3,14,13159128,FairPrice Brown Sugar - Fine,3.1,800g,
browns,3,15,13255994,SongHe 8020 Mixed Fragrant + Red Rice,17.25,5kg,Halal
browns,3,16,13172379,Songhe Noble Brown Rice,17.25,5kg,
browns,3,17,71663,SIS Brown Sugar - Fine Textured,4.25,800g,Halal
browns,3,18,13189398,Farmland Frozen Rosti Hash Brown,5.4,1kg,Halal
browns,3,19,13289746,Oreo Sandwich Cookie Multipack - Purple Brown Sugar (BTS),3.05,236.25g,Halal
browns,3,20,13181371,FairPrice Thai Brown Rice - Unpolished,6.95,2.5kg,
product,3,1,91570,Kara UHT Coconut Packet Cream,1.2,200ml,
product,3,2,13137108,Kara UHT Coconut Milk - Light,1.1,200ml,Halal
product,3,3,11042142,FairPrice Natural Coconut Cream,1.1,200ml,Halal
product,3,4,10725136,Ayam Brand Coconut Milk,1.4,200ml,
product,3,5,13188192,FairPrice Glass Cleaner Spray with Refill - Extra Shine,3.36,2 x 500ml,
product,3,6,13214893,FairPrice Multi Purpose Cleaner - Lavender,4.45,2L,
product,3,7,13214894,FairPrice Multi Purpose Cleaner - Apple Fresh,4.45,2L,
product,3,8,13194578,Kara Organic Coconut Cream,1.7,200ml,Organic
product,3,9,11670229,Ayam Brand Coconut Milk - Trim,1.3,200ml,
product,3,10,13226210,FairPrice Bathroom Stain & Mold Remover Refill,6.85,2 x 520ml,
product,3,11,179079,Kara UHT Natural Coconut Packet Cream,3.1,500ml,
product,3,12,13149898,Ayam Brand Coconut Milk,2.55,330ml,Halal
product,3,13,13240137,Coco Republic Coconut Cooking Oil,10.45,1L,Halal
product,3,14,486268,Kara UHT Coconut Packet Cream,5.5,1L,
product,3,15,10741320,Kara Instant Coconut Cream Powder,1.1,50g,
product,3,16,13004620,Ayam Brand Coconut Milk - Premium,3.0,270ml,
product,3,17,13149899,Ayam Brand Coconut Milk - Super Light,2.15,330ml,Halal
product,3,18,11239500,Bake King Desiccated Coconut,2.57,120g,Halal
product,3,19,13099582,Ayam Brand Coconut Milk,6.25,1L,Halal
product,3,20,13123740,Australia's Own Organic Coconut Milk - Unsweetened,4.59,1L,Organic
boysenberries,2,1,13291385,Bulla Froyo Frozen Yogurt - Boysenberry,9.95,1L,
boysenberries,2,2,90238302,B.Box Sippy Cup - Boysenberry (8Oz),16.47,1 S,
boysenberries,2,3,90238420,B.Box Toddler Cutlery Set - Boysenberry,14.67,1 S,
manhattan,2,1,90175164,Master Grocer Manhattan NY Grassfed Beef Filet 200g - Chilled,14.95,200 G,
manhattan,2,2,90185237,Arcos Manhattan - Knife Holder Set 4's,338.0,1 S,
manhattan,2,3,90184463,Arcos Manhattan -  Chef Knife Forged 25 CM,88.0,1 S,
manhattan,2,4,90184696,Arcos Chef Knife Forged 21 CM Manhattan,75.0,1 S,
manhattan,2,5,90184713,Arcos Rocking Santoku Knife Forged 19 CM Manhattan,63.0,1 S,
manhattan,2,6,90184694,Arcos Chef Knife Forged 15 CM Manhattan,60.0,1 S,
manhattan,2,7,90184692,Arcos Bread Knife Forged 20 CM Manhattan,60.0,1 S,
manhattan,2,8,90184684,Arcos Fillet Knife Forged 17 CM Manhattan,48.0,1 S,
manhattan,2,9,90184674,Arcos Paring Knife Forged 10 CM Manhattan,44.0,1 S,
manhattan,2,10,90184673,Arcos Vegetable Knife Forged 13 CM Manhattan,43.0,1 S,
manhattan,2,11,90184505,Arcos Tomato Knife Forged 13 CM Manhattan,40.0,1 S,
manhattan,2,12,90132597,Duralex Manhattan Clear Tumbler 31cl (Set of 6),33.3,1 S,
mush,3,1,11212658,Hokto Bunashimeiji Mushroom,1.7,125g,
mush,3,2,11017131,Hokto White Shimeji,1.7,125g,
mush,3,3,13101275,Pasar White Button Mushroom,3.5,200g,
mush,3,4,13016308,Chef Shiitake Mushroom,2.56,250g,
mush,3,5,13092609,Pasar Enoki Mushroom,1.45,300g,
mush,3,6,13151458,Pasar Fresh Oyster Mushroom,1.75,150g,
mush,3,7,10931802,Maoxiong King Oyster Mushroom,1.5,250g,
mush,3,8,13101276,Pasar Swiss Brown Mushroom,4.2,200g,
mush,3,9,13271630,China Enoki Mushroom,0.65,200g,
mush,3,10,13076649,Fungo Mushrooms - Sliced Shiitake,2.21,150g,
mush,3,11,13243900,Eloasis King Oyster Mushroom,3.0,300g,
mush,3,12,13271631,China White Crab Mushroom,0.95,150g,
mush,3,13,13243896,Eloasis Mini King Oyster Mushroom,3.9,300g,
mush,3,14,11203778,Pasar Portobello Mushroom - Mini,4.9,200g,
mush,3,15,13256463,Eloasis Mixed Mushroom Combo,4.0,200g,
mush,3,16,13178198,Kim Yan Cordyceps Militaris,3.0,120g,
mush,3,17,90187033,Yuan Zhen Yuan Mushroom White Button,3.45,200 G,
mush,3,18,11092721,Champ Fungi Mushrooms - Sliced White Button,3.2,125g,
mush,3,19,13268056,Eloasis Premium Shiitake Mushroom,3.8,150g,
mush,3,20,13041229,P&L Fresh Golden Spring Mushroom,3.3,120g,
sangria,2,1,13276105,Emare Spritz - Sangria,20.0,750ml,
sangria,2,2,13185419,Yellow Tail Sangria,19.9,750ml,
sangria,2,3,90186293,Yellow Tail Sangria - Red Sweet Wine - Case6x750ml,164.0,6 x 750 ML,
sangria,2,4,90186294,Yellow Tail Sangria,88.39,4 x 750 ML,
sangria,2,5,90119119,Yellow Tail Sangria - Moscato Sweet Wine - Case2x750ml,55.8,2 x 750 ML,
sangria,2,6,13291018,De Bortoli Spritz - Sangria,45.0,750ml,
sangria,2,7,90236741,Finamill Pepper Mill & Spice Grinder - Sangria,88.0,1 S,
sangria,2,8,90023041,Monin Sangria Mix Syrup,18.16,700 ML,
sangria,2,9,90173467,"Bormioli Rocco Sangria Jug 1,5 Ltr Red",12.0,1500 ML,
sangria,2,10,90142595,Kirei Sangaria Royal Milk Tea,3.5,280 ML,
sangria,2,11,90014009,Sangaria Tsubumi Orange - Kirei,3.5,240 G,
sangria,2,12,90244921,Epitex Sangrique Reed Diffuser - Shan Ylang,29.66,1 S,
sangria,2,13,90244909,Epitex Sangrique Reed Diffuser - Shanghai Night,29.66,1 S,
sangria,2,14,90244907,Epitex Sangrique Reed Diffuser - Sunrise Tang,29.66,1 S,
sangria,2,15,90244905,Epitex Sangrique Reed Diffuser - Verelle Qin,29.66,1 S,
sangria,2,16,90244904,Epitex Sangrique Reed Diffuser - Gaiac Yun,29.66,1 S,
jackfruit,2,1,13286646,FairPrice Potong Ice Cream - Mango & Jackfruit,2.9,6 x 65g,Halal
jackfruit,2,2,13267243,Hey! Chips - Jackfruit,4.99,30g,
jackfruit,2,3,90014893,Biona Organic Young Jackfruit in Salted Water,8.46,400 G,
jackfruit,2,4,90044948,Kozhi Koden's Jackfruit Chips,3.95,200 G,
jackfruit,2,5,90047518,Garden Picks Jackfruit Chips,9.16,200 G,
hotcakes,2,1,13274482,Yorihada Squid Kimchi Pancake by Restaurant Gyodong Jeon,7.45,260g,
hotcakes,2,2,13097421,Betty Crocker Pancake Mix - Butter Milk,3.97,400g,Halal
hotcakes,2,3,13097420,Betty Crocker Pancake Mix - Original,3.97,400g,Halal
hotcakes,2,4,13230455,Morinaga Pancake Mix,8.83,4 x 150g,
hotcakes,2,5,13277833,FairPrice Pancake Mix - Buttermilk,4.5,325g,Halal
hotcakes,2,6,13163545,Prima Flour Mix - Pancake,4.02,400g,Halal
hotcakes,2,7,13277823,FairPrice Pancake Mix - Original,4.5,325g,Halal
hotcakes,2,8,13265977,Good Today Korean Pancake Mix,3.25,700g,
hotcakes,2,9,13265978,Good Today Butter Pancake Cookies Mix,4.45,500g,
hotcakes,2,10,90018323,Yamamori Hot Cake Mix Powder,5.95,400 G,Halal
hotcakes,2,11,13250931,Slurrp Pancake & Waffle Mix - Blueberry,6.9,150g,
hotcakes,2,12,13250927,Slurrp Millet Pancakes - Banana Chocolate,5.9,150g,
hotcakes,2,13,90014014,Nisshin Foods Pan Cake Mix Goku-Shittori - Kirei,8.0,480 G,
hotcakes,2,14,13280608,Bob's Red Mill Pancake Mix - White Chocolate Chip Strawberry,12.95,567g,
hotcakes,2,15,90044590,OTAFUKU Chijimi Korean Pancake Dip Sauce,9.03,300 ML,
hotcakes,2,16,13250928,Slurrp Millet Pancakes - Chocolate,5.9,150g,
hotcakes,2,17,90143760,Little Bee Syrup - Pancake,3.65,400 G,
hotcakes,2,18,90054982,Dumplings Zhang Handmade Scallion Crispy Pancake,10.2,850 G,
hotcakes,2,19,90117572,Gim's Heritage Golden Prawn Pancake,12.87,450 G,
hotcakes,2,20,90227008,Bob's Red Mill Pancake & Waffle Mix - Whole Grain Buttermilk,10.4,680 G,
menu,2,1,13281621,[BCRS] Minute Maid Qoo Can Drink - White Grape,11.1,12 x 300ml,
menu,2,2,13281377,[BCRS] Minute Maid Plus+ Fruit Drink - Orange,3.25,1.5L,Halal
menu,2,3,13281376,[BCRS] Minute Maid Pulpy Bottle Juice Drink - Tropical,3.25,1.5L,Halal
menu,2,4,13281666,[BCRS] Jia Jia Manuka Honey Drink - Original,5.45,4 x 300ml,Halal
menu,2,5,12714974,[BCRS] Minute Maid Plus+ Fruit Drink - Orange,19.8,12 x 300ml,Halal
menu,2,6,12714975,[BCRS] Minute Maid Pulpy Juice Drink - Tropical Mixed Fruit,19.8,12 x 300ml,Halal
menu,2,7,13039423,Maggi 2-Minute Instant Noodles - Curry,1.95,5 x 79g,Halal
menu,2,8,13039421,Maggi 2-Minute Instant Noodles - Chicken,1.95,5 x 77g,Halal
menu,2,9,11418138,Thumbs Roasted Groundnut - Menglembu,1.8,115g,
menu,2,10,13064199,Maggi Big 2-Minute Instant Noodles - Curry,3.63,5 per pack,
menu,2,11,225830,Mentos Chewy Dragees - Mint (Share- A-Bowl),1.9,135g,
menu,2,12,13039422,Maggi 2-Minute Instant Noodles - Asam Laksa,2.67,5 x 78g,Halal
menu,2,13,13012301,Maggi 2-Minute Instant Noodles - Kari Letup,2.67,5 x 79g,Halal
menu,2,14,13010508,Head & Shoulders Anti-Dandruff Shampoo - Cool Menthol,8.0,650ml,
menu,2,15,13064198,Maggi Big 2-Minute Instant Noodles - Chicken,3.63,5 per pack,
menu,2,16,248759,Mentos Chewy Dragees - Fruit,1.9,135g,
menu,2,17,13084348,Maggi 2-Minute Instant Noodles - Tom Yum,2.67,5 x 80g,Halal
menu,2,18,13152208,Clear Men Anti-Dandruff Shampoo - Cool Sport Menthol,16.5,650ml,
menu,2,19,13076660,Maggi 5-Minute Instant Mashed Potato - Fried Onions & Croutons,2.67,56g,
menu,2,20,13023349,Mentos Mini Chewy Dragees - Rainbow,1.9,120g,
rum,2,1,13082000,Bacardi Superior White Rum - Carta Blanca,52.0,700ml,
rum,2,2,13153970,Havana Club Rum (3 Years),50.0,700ml,
rum,2,3,90163101,Beenleigh Crafted Spiced Rum,52.5,700 ML,
rum,2,4,124412,Bacardi Superior White Rum - Carta Blanca,33.66,350ml,
rum,2,5,90203581,Walcher Tartuffetto Rum,23.67,200 ML,
rum,2,6,13182298,Malibu Caribbean Rum with Coconut Flavour,60.56,700ml,
rum,2,7,90163100,Beenleigh Crafted Copperpot Rum,52.0,700 ML,
rum,2,8,13293459,Bumbu XO Rum,115.0,700ml,
rum,2,9,13153971,Havana Club Rum (7 Years),68.0,700ml,
rum,2,10,13273982,Razel's Rum - Peanut Butter,72.0,500ml,
rum,2,11,90163103,Beenleigh Crafted Double Cask Rum,54.9,700 ML,
rum,2,12,90076304,Rum Nation Jamaica White Pot Still 57%,161.48,700 ML,
rum,2,13,90227061,Negrita Rhum - Patissier,108.8,1 L,
rum,2,14,90104384,Kokoro Gin Cherry Blossom Liqueur,69.99,500 ML,
rum,2,15,90135965,The London N1 Sherry Cask Gin,138.0,,
rum,2,16,90126542,Jin Jiji Darjeeling Indian Dry Gin Finest Indian Botanicals,99.99,750 ML,
rum,2,17,491738,Haagen-Dazs Ice Cream - Rum & Raisin,14.77,473ml,
rum,2,18,90204945,Ritter Sports - Rum Raisins & Nuts,3.9,100 G,
rum,2,19,90124432,Aw's Market Beef Angus Rump Cap Minced (Picanha),17.0,300 G,
rum,2,20,90020504,Aw's Market Beef Angus Rump Cap Steak (Picanha),21.0,300 G,
russian,2,1,1,Simply Natural Organic Sea Buckthorn Elixir,21.6,500 ML,
russian,2,2,90084733,AXE MUSK 48H Deodorant Spray Patchouli & Fougere,7.98,150 ML,
russian,2,3,90188735,Snow Treasures Premium Raw King Crab Leg,137.0,900 G,
russian,2,4,90084736,AXE APOLLO 48H Deodorant Bodyspray Sage & Cedarwood,7.58,150 ML,
russian,2,5,90104109,Axe Gold Mens Deodorant Oud Wood and Fresh Vanilla,7.25,150 ML,
russian,2,6,90081928,Dove Invisible Dry Deodorant Roll On,3.9,40 ML,
russian,2,7,90095272,Snow Treasures Premium Cooked King Crab Leg,138.6,900 G,
russian,2,8,90203442,Simply Natural Siberian Haskap Berry Elixir,21.6,500 ML,
russian,2,9,90123362,Dove Care + Man Sensitive Shield 48h Deodorant Spray,8.59,150 ML,
russian,2,10,90099823,Rexona Antibacterial 72H Body Spray Deodorant,6.86,200 ML,
russian,2,11,90104110,Axe Anarchy Body Spray - Pomegranate & Sandalwood,7.56,150 ML,
russian,2,12,90099829,Rexona Men Advanced Protection Deodorant Spray,8.98,200 ML,
russian,2,13,90108491,Simple Invisible Deo Stick,5.9,40 ML,
russian,2,14,90244438,Dyson Supersonic Nural Hair Dryer - Prussian Blue/Copper,659.0,1 S,
moose,2,1,90152671,The Loose Moose Sud de France Merlot Red Wine,22.5,750 ML,
moose,2,2,90192777,Loose Moose Italy Pinot Grigio White Wine (CTN),131.4,6 x 750 ML,
moose,2,3,90192776,The Loose Moose French Rose Wine (CTN),126.0,6 x 750 ML,
moose,2,4,90192780,The Loose Moose Italy Prosecco DOC Wine (CTN),131.4,6 x 750 ML,
moose,2,5,90152676,The Loose Moose South Australia Shiraz Red Wine,22.5,750 ML,
moose,2,6,90152673,The Loose Moose Sud de France Rose Wine,21.9,750 ML,
moose,2,7,90251622,Moose Bluey Buddies Big Heeler 4WD with Bluey Plush,69.9,1 S,
moose,2,8,90251613,Moose Bluey Fuzzies Deluxe Figure Pack,29.9,1 S,
moose,2,9,90251576,Moose Bluey Chat Mates Talking Bingo,29.9,1 S,
moose,2,10,90249925,Moose Bluey Chat Mates - Talking Bluey,29.9,1 S,
moose,2,11,90210436,There's a Moose in the House Game,21.9,1 S,
moose,2,12,90251592,Moose Gui Gui Slime Kit Single Pack (Random),15.9,1 S,
moose,2,13,90249312,Bluey Dump Truck,39.9,1 S,
moose,2,14,90249293,Bluey Police Car,39.9,1 S,
moose,2,15,90238428,Bluey Lets Play Chef Food Truck Playset,39.9,1 S,
moose,2,16,90196686,Flipslide Game,39.9,1 S,
moose,2,17,90255479,Gui Gui Slime Kit KPop Demon Hunters Derpy,24.9,1 S,
moose,2,18,90249302,Bluey S11 Heeler Family Road Trip,24.9,1 S,
moose,2,19,90192781,The Loose Moose France Merlot Red Wine (CTN),135.0,6 x 750 ML,
moose,2,20,90242649,The Loose Moose Mendoza Malbec,21.9,750 ML,
miso,2,1,13060182,Hikari Miso Organic Paste - Mild Sodium,7.47,500g,Organic
miso,2,2,13074003,Hikari Miso Organic Paste - Dashi,7.47,400g,Organic
miso,2,3,13060181,Hikari Miso Organic Paste - White,7.47,500g,Organic
miso,2,4,13060180,Hikari Miso Organic Paste - Red,7.47,500g,Organic
miso,2,5,90200644,Ju He Miso Soup Base - Original,5.65,500 G,
miso,2,6,90168714,Kirei Maruman MSG Free Honzukuri Aka Miso Paste Tub,6.5,500 G,
miso,2,7,90168712,Kirei Maruman MSG Free Less Salt Honzukuri Miso Paste Tub,9.6,750 G,
miso,2,8,13201333,Hikari Miso Organic Miso Paste - Barley Miso,7.47,400g,Organic
miso,2,9,90031741,Soon Inaka Miso Dashi Iri Hyaku-Shou,8.0,500 G,
miso,2,10,13074000,Hikari Miso Organic Paste - Brown Rice,7.47,400g,Organic
miso,2,11,90015064,Kirei Hanamaruki Instant Shiro Miso Soup,6.3,30 G,
miso,2,12,90201257,Shih Chuan Original Miso Soup Base,5.9,5 S,
miso,2,13,90002234,Hamaotome Miso Shiru No Gu Japanese Dried Miso Soup Contents,5.7,50 G,
miso,2,14,90015061,Kirei Hanamaruki Aka Miso Soybean Paste,6.3,500 G,
miso,2,15,90016366,Saikyo Miso White Bean Paste,17.8,1 KG,
miso,2,16,90015065,Hanamaruki Shiro Miso,8.2,1 KG,
miso,2,17,90186541,Soon Hokkaido Dashi Miso,7.95,500 G,
miso,2,18,90016308,Maboroshi Mutenka Kome Mugi Awase Miso,15.6,500 G,
miso,2,19,90186542,Soon Hokkaido Miso (White),7.95,500 G,
miso,2,20,90016243,Tonami Yuzu Miso Paste,12.1,150 G,
pectin,2,1,90223028,RedMan Pectin HM,96.8,1 KG,
pectin,2,2,1,RedMan Pectin Hm,6.3,50 G,
pectin,2,3,90131366,"Now Foods Apple Pectin 700 mg, Veg Capsules",29.9,120 S,
natto,2,1,90059540,Teraoka Natto Shoyu,8.98,150 ML,
natto,2,2,90161560,Biofinest Blood Vessel Cleanse Nattokinase Dissolve Clots,39.95,120 S,
natto,2,3,90030568,LABO Nutrition VesseCLEAR EX 2000FU Nattokinase,74.9,2 x 30 S,
natto,2,4,90137044,Nano Japan Nattokinase 2800FU - Lowered 3 Highs,36.9,72 S,
natto,2,5,90141189,Hime Fermented Soy Beans (Natto) with Mustard Sauce - Frozen,4.54,184 G,
natto,2,6,90184938,Yamada Glutinous Barley Natto Micro Grain(45gx3p),4.94,135 G,
natto,2,7,90026936,National Flower Ikan satay,8.3,45 G,
natto,2,8,90209977,Natori Kawatsuki Saki Ika Dried Squid,8.9,36 G,
natto,2,9,90209918,Natori Atarime Squid Snack,8.9,20 G,
natto,2,10,90231121,Aroma House Aroma House Relax Chamomile Tea Blend,7.95,15 G,
natto,2,11,90088444,Partyforte National Day Singapore Flag HDB Size Decoration,5.9,1 S,
natto,2,12,90004222,Ambikas Nattu Sakkarai,3.85,1 KG,
natto,2,13,90076304,Rum Nation Jamaica White Pot Still 57%,161.48,700 ML,
natto,2,14,90256731,SKYZER PD151BK Ultra-Slim Multi-Nation Travel Adapter,42.5,1 S,
natto,2,15,90088437,Partyforte National Day Red and White Tinsel Back Drop,11.9,1 S,
natto,2,16,90088441,Partyforte NDP National Day Spore Triangle Pennant 20S 25Ft,11.0,1 PC,
natto,2,17,90088443,Partyforte NDP National Day Majulah Singapura Tattoo 6Sets,9.9,1 S,
natto,2,18,90255323,Partyforte National Day NDP Balloon - Red White,8.0,40 S,
natto,2,19,90088440,Partyforte National Day Singapore Flag Hand Held x10,8.0,1 S,
natto,2,20,90071130,Partyforte National Day Singapore Colors Latex Balloons 20S,8.0,20 S,
peel,2,1,90067266,Laobanniang Preserved Tangerine Peels,4.06,300 G,
peel,2,2,90031270,Green Earth Green Earth Old Tangerine Peel,3.9,50 G,
peel,2,3,90226864,RedMan Dried Orange Peel Cube,126.7,15 KG,
peel,2,4,1,RedMan Dried Orange Peel Strips,19.2,1 KG,
peel,2,5,90227608,RedMan Orange Peel Strips,18.4,1 KG,
peel,2,6,90222445,Tomiz Dried Yuzu Citrus Peel,9.6,80 G,
peel,2,7,3,RedMan Dried Orange Peel Strips,5.6,250 G,
peel,2,8,90224551,RedMan Dried Orange Peel Strips,5.6,250 G,
peel,2,9,90228412,RedMan Dried Mixed Citrus Peel,4.2,250 G,
peel,2,10,90222513,RedMan Dried Lemon Peel Cube (6X6mm),3.5,250 G,
peel,2,11,13166439,Koala Easy Peel Australia Navel Orange,7.95,1kg,
peel,2,12,13129015,Marigold Peel Fresh Juice - Apple & Aloe Vera (Less Sugar),2.65,946ml,
peel,2,13,12176425,Marigold Peel Fresh Juice - Powerberries (No Sugar),2.74,946ml,
peel,2,14,13067156,Marigold Peel Fresh Juice - Pomegranate Cranberry with Apple,2.74,946ml,
peel,2,15,10544124,Marigold Peel Fresh Juice - Lime,2.65,946ml,Halal
peel,2,16,13012866,Marigold Peel Fresh Select Juice - Yuzu,3.9,946ml,
peel,2,17,13130867,Marigold Peel Fresh Juice - Orange (Less Sugar),2.65,946ml,
peel,2,18,443052,Marigold Peel Fresh Juice - Tropical Mango,2.65,946ml,
ice,2,1,13280708,[BCRS] Pokka Can Drink - Oolong Tea (No Sugar Added),7.75,12 x 300ml,Halal
ice,2,2,10125966,Pokka Packet Drink -  Green Tea,11.9,24 x 250ml (CTN),Halal
ice,2,3,10020227,Yeo's Packet Drink - Chrysanthemum Tea (Not So Sweet),11.6,24 x 250ml (CTN),Halal
ice,2,4,13280982,[BCRS] Pokka Bottle Drink - Jasmine Green Tea,2.25,1.5L,Halal
ice,2,5,13280720,[BCRS] Authentic Tea House Ayataka No Sugar Japanese Green Tea,8.25,12 x 300ml,Halal
ice,2,6,12714970,[BCRS] F & N Ice Mountain Drinking Bottle Water,9.85,24 x 600ml,Halal
ice,2,7,11132869,Pokka Packet Drink - Ice Lemon Tea,11.9,24 x 250ml (CTN),Halal
ice,2,8,10003037,Pokka Packet Drink - Jasmine Green Tea,3.6,6 x 250ml,Halal
ice,2,9,12714887,[BCRS] F & N Ice Mountain Drinking Bottle Water,9.85,12 x 1.5L,
ice,2,10,13281261,[BCRS] Authentic Tea House Ayataka No Sugar Japanese Green Tea,2.15,1.5L,Halal
ice,2,11,13280991,[BCRS] Pokka Can Drink - Jasmine Green Tea,4.25,6 x 300ml,Halal
ice,2,12,13281050,[BCRS] Pokka Can Drink - Jasmine Green Tea,7.75,12 x 300ml (CTN),Halal
ice,2,13,12713271,Pokka Packet Drink - Peach Oolong Tea (Less Sugar),11.9,24 x 250ml (CTN),
ice,2,14,13281102,[BCRS] Fuze Tea Flavoured Tea Bottle Drink - Passionfruit,1.85,1.5L,Halal
ice,2,15,12713134,Pokka Packet Drink Sencha Japanese Green Tea - No Sugar,10.95,24 x 250ml (CTN),
ice,2,16,13280962,[BCRS] Pokka Bottle Drink - Ice Lemon Tea,2.25,1.5L,Halal
ice,2,17,13281465,[BCRS] F & N Ice Mountain Sparkling Can Water - Lemon (No Sugar),5.2,6 x 325ml,Halal
ice,2,18,13281257,[BCRS] Pokka Bottle Drink - Jasmine Green Tea (No Sugar Added),1.95,1.5L,
ice,2,19,12708551,Pokka Packet Drink - Ice Lemon Tea (Less Sugar),11.9,24 x 250ml (CTN),Halal
ice,2,20,13280945,[BCRS] Pokka Bottle Drink - Oolong Tea (No Sugar Added),2.25,1.5L,Halal
soursop,2,1,90102078,Simply Natural Organic Graviola (Soursop) Leaf Tea,6.9,12 x 1.5 G,Organic
soursop,2,2,90055601,Green Bio Tech Natural Soursop Leaf Tea,19.2,40 G,
soursop,2,3,90219528,Frozt Popsicles - Soursop,9.9,4 x 85 G,
soursop,2,4,10003045,Pokka Packet Drink - Soursop Juice,3.18,6 x 250ml,
marmalade,2,1,13147373,Golden Light Jam - Orange Marmalade,2.86,450g,Halal
marmalade,2,2,12420432,Bonne Maman Jam - Bitter Orange Marmalade,7.25,370g,
marmalade,2,3,300335,Smucker's Jam Preserves - Sweet Orange Marmalade,7.34,340g,
marmalade,2,4,141101,Stute Diabetic Jam - Fine Cut Orange Marmalade,7.42,430g,
marmalade,2,5,11788761,Frezfruta Jam - Orange Marmalade (No Sugar Added),5.24,410g,
marmalade,2,6,90176918,Duerr's Fine Cut Marmalade,5.46,454 G,
marmalade,2,7,90121774,Duerr's Seville Orange Marmalade Jam(Fine Cut),6.06,340 G,
marmalade,2,8,13251329,Mackays Marmalade - Pink Grapefruit,6.05,340g,
marmalade,2,9,90090952,Mrs Bridges Gift Pack 7 Days of Preserves & Marmalades,28.0,294 G,
marmalade,2,10,90241629,Scalzo Marmalade - Citron,13.2,230 G,
marmalade,2,11,90021240,Mrs Bridges Marmalade w Champag,12.2,340 G,
marmalade,2,12,90221590,RedMan Bitter Orange Marmalade Preserve Jam,11.2,450 G,
marmalade,2,13,90020831,Mrs Bridges Lemon And Lime Marmalade,11.5,340 G,
marmalade,2,14,90020830,Mrs Bridges Four Fruit Marmalade,11.5,340 G,
marmalade,2,15,90193151,Chivers English Orange Marmalade Jam,14.5,340 G,
marmalade,2,16,90241680,Scalzo Marmalade - Orange,8.95,230 G,
marmalade,2,17,90241628,Scalzo Marmalade - Mandarin,8.95,230 G,
marmalade,2,18,13251330,Mackays Marmalade - Dundee Orange,6.05,340g,
marmalade,2,19,13251328,Mackays Marmalade Lemon & Lime,6.05,340g,
marmalade,2,20,90115517,Duerr's Manchester Marmalade,6.0,340 G,
scrapple,2,1,90162125,Pop Chef Series Plastic Scrapper 115X85MM (2 pcs),7.8,2 S,
scrapple,2,2,90227564,San Neng Dough Scrapper,5.6,1 S,
scrapple,2,3,90228057,Cuoca Scrapper - Brown,4.2,1 S,
scrapple,2,4,90162124,Pop Chef Series Silicon Scrapper Rubber Handle 200X43MM,4.0,1 S,
scrapple,2,5,90227689,Schneider Plastic Scrapper,2.8,1 S,
scrapple,2,6,90227498,RedMan Dough Scrapper (14.8 x 9.9cm),2.8,1 S,
scrapple,2,7,90227419,RedMan Plastic Scrapper (135x92mm),1.4,1 S,
scrapple,2,8,90227166,RedMan Dough Scrapper (12 x 8.8cm),1.4,1 S,
scrapple,2,9,13280934,[BCRS] Snapple Bottle Drink - Kiwi Strawberry,2.98,473ml,
scrapple,2,10,13281730,[BCRS] Snapple Bottle Drink - Grapeade,2.98,473ml,
scrapple,2,11,13280716,[BCRS] Snapple Bottle Drink - Pink Lemonade,2.98,473ml,
scrapple,2,12,90036935,Zeagold Liquid Scrambled Egg Mix,13.55,1 L,
scrapple,2,13,10966255,HomeProud Scraper (3.81cm),2.34,1 per pack,
scrapple,2,14,90091273,Supamop Slide Clean Double Scraper Flat Mop Set - Grey,39.9,1 S,
scrapple,2,15,90184043,Amark 2-in-1 Rubber Broom & Floor Squeegee Scraper,12.11,1 PC,
scrapple,2,16,90241641,GLADLEIGH Tongue Scraper-blue,8.34,5 S,
scrapple,2,17,90226284,RedMan Deco Plastic Scrapers (14.5 x 15 cm),53.6,5 S,
scrapple,2,18,90249893,Mattel Games Scrabble Board Game Wood Tiles,49.9,1 S,
scrapple,2,19,90168842,"Seachem 3 in 1 Algae Scraper 12""",43.3,12 IN,
scrapple,2,20,90246455,Vikan Stainless Steel Hand Scraper 100 mm - Green,36.0,1 S,
rellenos,2,1,13174584,Neutrogena Rainbath Shower & Bath Gel - Replenishing,28.77,946ml,
rellenos,2,2,90103708,NIVEA MEN Replenishing Post Shave Balm with ALOE VERA,13.98,100 ML,
rellenos,2,3,90082379,Simple Kind to Skin Replenishing Rich Moisturiser,8.9,125 ML,
rellenos,2,4,90084071,Dove Replenishing Ritual Marula Oil + Mango Butter Body Lotio,11.98,500 ML,
rellenos,2,5,13294176,Avene Xeracalm Replenishing Balm,69.9,400ml,
rellenos,2,6,90018997,Urban Veda Radiance Replenishing Night Cream - Turmeric,44.0,50 ML,
rellenos,2,7,90252608,Sanctum Moisture Replenish,40.0,75 G,
rellenos,2,8,13253120,Avene Xeracalm Ad Lipid Replenishing Cream,36.9,200ml,
rellenos,2,9,90063816,Laobanniang Dang Gui Blood Replenishing Soup Pack,9.6,1 S,
rellenos,2,10,90222883,Beauty of Joseon Glow Replenishing Rice Milk,60.0,150 G,
rellenos,2,11,90029822,SUKIN Hydrating Replenishing Hair Masque,24.7,200 ML,
rellenos,2,12,90168827,Seachem Replenish - 500ML,29.0,500 ML,
rellenos,2,13,90180932,Mustela Stelatopia+ Lipid Replenishing Cream,25.58,150 ML,
rellenos,2,14,90222845,Beauty of Joseon: Glow Replenishing Rice and Honey Glow Mask,20.4,150 G,
rellenos,2,15,90168828,Seachem Replenish - 250ML,16.56,250 ML,
rellenos,2,16,90099812,Tresemme Botanique Nourish & Replenish Coconut Aloe Shampoo,8.85,400 ML,
rellenos,2,17,90180931,Mustela Stelatopia+ Lipid Replenishing Cream,45.9,300 ML,
bisque,2,1,13268334,Fancy Feast Broth - Lobster Bisque,1.83,40g,
bisque,2,2,13268335,Fancy Feast Broth - Crab Bisque,1.83,40g,
bisque,2,3,90031971,Danny's Choice Lobster Bisque Soup - Frozen,18.0,500 G,
litchis,2,1,90092590,Kirei Shiroi Kawaii - Litchi Lychee Liquor 6%,50.4,720 ML,
back,2,1,90171508,Kelly's Back Bacon - Chilled (CTN),42.2,10 x 200 G,
back,2,2,11320683,FairPrice Bacon - Back,4.95,200g,
back,2,3,90110502,Aw's Market Fresh Malaysian Pork Back Leg,6.94,500 G,
back,2,4,90170255,Kelly's Back Bacon - Frozen (CTN),107.9,10 x 500 G,
back,2,5,13154125,McCormick Back'N Pieces - Bacon Bits,6.73,124g,
back,2,6,90176241,Tasty Food Affair Pork Baby Back Ribs Cut,9.5,500 G,
back,2,7,11383182,Tiger Balm Classic Back Pain Patch,4.2,2 per pack,
back,2,8,90171509,Kelly's Back Bacon - Chilled,3.6,200 G,
back,2,9,90018530,Aw's Market Back Bacon,6.6,200 G,
back,2,10,13118068,Pslove BackHeat Back Pain Relief Pads,4.99,2 per pack,
back,2,11,90158801,Kelly's Back Bacon - Frozen,10.76,500 G,
back,2,12,90192220,Oriental Delight Spicy BBQ Pork Back Ribs,19.9,700 G,
back,2,13,90063809,Laobanniang Back And Joint Strengthening Soup Pack,7.2,1 S,
back,2,14,90220515,Kobayashi Back Acne Spray,21.49,100 ML,
back,2,15,13205081,Ebene Bio-Ray Back Support Waist Belt - Black (Free Size),53.4,1 per pack,
back,2,16,90144753,NCLA Nail Lacquer - Back To Black,26.0,13.3 ML,
back,2,17,90107719,"Gatsby Slicked Back, Supreme Grease Tight, Hair Styling Pomad",11.98,75 G,
back,2,18,90107561,Gatsby Pomade Hair Wax - Supreme Grease - Slicked Back Style,9.98,80 G,
back,2,19,90134672,Aw's Market Chicken Backside,3.84,200 G,
back,2,20,13138913,HomeProud Party Accessories - Birthday Backdrop,5.9,1 per pack,
pone,2,1,13281333,[BCRS] Frutee Premium Cranberry Juice Bottle Cocktail,4.95,975ml,Halal
pone,2,2,12714952,[BCRS] Glaceau Power-C Vitamin Bottle Water - Dragonfruit,26.4,12 x 500ml,
pone,2,3,13280824,[BCRS] Polar Can Drink - Pineapple Juice,4.45,4 x 310ml,
pone,2,4,13292950,Ping Pong Tomato - Red Honey,2.75,250g,
pone,2,5,13288888,Malaysia Honey Pineapple,1.65,1 per pack,
pone,2,6,13112377,Fresh Pineapple,3.0,1 per pack,
pone,2,7,13062579,Sunny Tambun Pomelo,5.95,1 per pack,
pone,2,8,12113934,Sunny Tambun Pomelo (M),8.35,1 per pack,
pone,2,9,13209991,Thai Cut Phulae Pineapple,3.95,500g,
pone,2,10,90074781,YayaPapaya Pineapple Honey,3.35,1 S,
pone,2,11,11951709,Magiclean Toilet Bleach Power Cleaner,9.43,3 x 500ml,
pone,2,12,13136644,Camel Natural Wholesome Nut Mix - Power Bounce,12.12,10 per pack,
pone,2,13,243436,Magiclean Toilet Bleach Power Cleaner,3.3,500ml,
pone,2,14,13024479,Marigold Power Beans Fresh Soya Milk - Unsweetened,2.34,946ml,Halal
pone,2,15,13029532,Magiclean Dual Power Toilet Cleaner - Ocean Fresh,3.75,650ml,
pone,2,16,13136645,Camel Natural Wholesome Nut Mix - Power Revive,12.12,10 per pack,
pone,2,17,13030083,Magiclean Toilet Bleach Power Cleaner - Lemon,3.3,500ml,
pone,2,18,90041956,Golden Pineapple Japonica Rice (Short Grain Calrose),10.8,5 KG,
pone,2,19,13029531,Magiclean Dual Power Toilet Cleaner - Forest Fresh,3.75,650ml,
pone,2,20,11514197,F & N Fruit Tree Fresh No Sugar Added Juice - Cranberry&Pomegranate,2.77,946ml,
lunch,2,1,10125886,Maling Premium Luncheon Meat - Pork,2.95,397g,
lunch,2,2,13131650,Golden Bridge Pork Luncheon Meat - Original,4.3,340g,
lunch,2,3,13227230,Sajo Luncheon Meat,4.65,340g,
lunch,2,4,13132610,Golden Bridge Chicken Luncheon Meat - Original,4.3,340g,
lunch,2,5,10221464,Hormel Spam Luncheon Meat - Lite,6.65,340g,
lunch,2,6,10626760,Highway Ham Luncheon Meat,3.47,397g,
lunch,2,7,397407,Hormel Spam Luncheon Meat - 25% Less Sodium,6.65,340g,
lunch,2,8,13193481,Lotte Premium Luncheon Meat,6.62,340g,
lunch,2,9,13030687,Tulip Luncheon Meat - Premium Pork (Reduced Sodium),4.4,340g,
lunch,2,10,13255693,Lotte Luncheon Meat,3.8,340g,
lunch,2,11,13030685,Tulip Japanese Recipe Luncheon Meat - Pork,4.99,200g,
lunch,2,12,11100410,Hormel Spam Luncheon Meat - Classic,6.65,340g,
lunch,2,13,13184516,Coren Iberico Pork Luncheon Meat - Magro,4.02,200g,
lunch,2,14,13044022,Kelly's Luncheon Ham - Bacon Bits,2.0,100g,
lunch,2,15,11830173,Hormel Spam Luncheon Meat - Hormel Bacon,6.65,340g,
lunch,2,16,50469,Tulip Luncheon Meat - Danish Pork,3.5,340g,
lunch,2,17,10508270,Mili Pork Luncheon Meat,2.65,397g,
lunch,2,18,13131651,Golden Bridge Pork Luncheon Meat - Black Pepper,4.3,340g,
lunch,2,19,13134980,Q-Three Luncheon Meat - Pork,2.35,397g,
lunch,2,20,13102689,Mili Pork Luncheon Meat - Premium (30% Less Sodium),5.25,340g,
semolina,2,1,148636,Prima Flour Packet Flour - Semolina,3.3,500g,Halal
semolina,2,2,90008920,Shahi Golden Roasted Rava Upma (Sooji),3.22,500 G,
semolina,2,3,13178748,Bob's Red Mill Semolina Pasta Flour,7.02,680g,
semolina,2,4,1,La Molisana Semola Di Grano Duro Flour (Durum Wheat Semolina),6.4,1000 G,
semolina,2,5,90106982,Green Earth Organic Semolina Flour,7.5,500 G,
semolina,2,6,90226931,Bob's Red Mill Semolina Flour,8.0,680 G,
semolina,2,7,90225802,Granoro Semola Extra (Semolina),3.5,500 G,
semolina,2,8,90221381,RedMan Semolina Flour,3.5,500 G,
semolina,2,9,90015627,Gits Rava Dosai Mix 200G -- By Dashmesh,2.3,200 G,
semolina,2,10,90008901,Shahi Golden Roasted Rava Upma (Sooji),5.14,1000 S,
semolina,2,11,90225871,Caputo Semola Rimacinata,6.3,1 KG,
semolina,2,12,90225814,Granoro Semola Rimacinata,4.2,1 KG,
semolina,2,13,90221391,RedMan Pasta Lasagna Semola,4.2,500 G,
semolina,2,14,90223838,Granoro N.76 Cannelloni di semola - gli Speciali,2.8,250 G,
semolina,2,15,13117228,Basic Emolin Emulsifying Ointment,8.56,100g,
semolina,2,16,90239155,Molinari Sambuca,90.99,700 ML,
margarita,2,1,13218508,FairPrice Unsalted Butter,4.99,250g,Halal
margarita,2,2,13218509,FairPrice Butter - Salted,4.99,250g,Halal
margarita,2,3,11146259,Naturel Cholesterol Free Margarine - Soft,4.1,500g,Halal
margarita,2,4,12070604,Naturel Cholesterol Free Spread - Extra Virgin Olive,5.7,500g,Halal
margarita,2,5,12188696,Snow Brand Neo Soft Spread,5.45,320g,
margarita,2,6,11091040,Naturel Margarine Spread - Reduced Fat,4.5,500g,Halal
margarita,2,7,13167686,Dr.Oetker Ristorante Frozen Pizza - Margherita,11.55,295g,Halal
margarita,2,8,13177137,Farmpride Frozen Pizza - Margherita,5.25,210g,Halal
margarita,2,9,11858029,Planta Multi-Pupose Margarine,5.91,480g,
margarita,2,10,11900856,Planta Multi-Pupose Margarine,3.82,240g,Halal
margarita,2,11,13055629,Daisy Margarine,3.36,480g,Halal
margarita,2,12,10924995,Planta Multi-Pupose Margarine,10.34,1kg,Halal
margarita,2,13,11978979,SCS Pure Creamery Butter Block - Unsalted,5.5,227g,
margarita,2,14,217837,SCS Pure Creamery Butter Block - Salted,5.5,227g,
margarita,2,15,366329,Buttercup Luxury Spread Block - Salted,2.7,227g,
margarita,2,16,12511510,Anchor Pure New Zealand Block Butter - Unsalted,5.7,227g,
margarita,2,17,11252369,SCS Spreadable Butter - Salted,8.1,250g,Halal
margarita,2,18,493502,Lurpak Spreadable Butter - Slightly Salted,10.9,250g,
margarita,2,19,13151047,Buttercup Luxury Spread Block - Unsalted,2.7,227g,Halal
margarita,2,20,13228537,President Butter - Unsalted,6.85,200g,
sherbet,2,1,90253687,PharmaLabs Creatine Gummies 360g - Orange Sherbet,40.9,360 G,
sherbet,2,2,90120173,Neoflam Sherbet Saucepan - 18cm,79.0,1 S,
sherbet,2,3,90192640,Epitex Premium Fu-Wa Bath Towel - Sherbet Lilac,75.65,1 S,
sherbet,2,4,90037656,Vesta Sherbet & Ice Tray (5 Sect.) with Cover 25x8.5Cm,2.9,1 S,
sherbet,2,5,90120172,Neoflam Sherbet Frypan - 20cm,109.0,1 S,
slider,2,1,90245825,Mayer 75cm 2 Zone Hybrid Hob with Slider MMIHB752CS,1299.0,1 S,
slider,2,2,90245826,Mayer 30cm 2 Zone Domino Induction Hob with Slider MMIH30CS,999.0,1 S,
slider,2,3,90195080,Playseat Seat Slider,79.9,1 S,
slider,2,4,90041614,Fix-o-moll FM-3566250 Plastic Slider with Pin Dia 18MM,7.57,1 S,
slider,2,5,90067347,3M Scotch Square Self-Stick Sliders 38mm - For Carpets,5.95,4 S,
slider,2,6,90177032,Lacys Slider Bags Quart Size : 220 x 210 x 60mm,5.2,20 PC,
slider,2,7,90177033,Lacys Slider Bags Gallon  Size : 270 x 240 x 80mm,4.9,12 PC,
slider,2,8,90201973,Slider Zipper Storage Freezer Bags(ML) 15x15CM,4.0,10 S,
slider,2,9,90201938,Slider Zipper Storage Freezer Bags(SS) 12x8.5CM,4.0,14 S,
slider,2,10,90201955,Slider Zipper Storage Freezer Bags(S) 16x10CM,4.0,12 S,
slider,2,11,90201985,Slider Zipper Storage Freezer Bags(L) 25x11CM,4.0,9 S,
slider,2,12,90201982,Slider Zipper Storage Freezer Bags(LL) 27x21CM,4.0,4 S,
slider,2,13,90201971,Slider Zipper Storage Freezer Bags(M) 20x10CM,4.0,10 S,
slider,2,14,90008511,Steve & Leif Self Adhesive Furniture Felt Slider 107mmx82mm,2.94,1 S,
slider,2,15,90232411,SnL Resealable Slider Gallon Bags,2.9,1 S,
slider,2,16,90232410,Steve & Leif Resealable Slider Bag - Quart,2.9,1 S,
slider,2,17,90008498,Steve & Leif Self Adhesive Furniture Felt Sliders (25mm),1.92,12 S,
slider,2,18,90008497,Steve & Leif Self Adhesive Furniture Felt Sliders (19mm),1.92,16 S,
slider,2,19,90067348,3M Scotch Circle Self-Stick Sliders 19mm - For Carpets,5.95,12 S,
slider,2,20,11943469,Glad Zip Slide Storage Bags - Large,3.77,8 per pack,
scone,2,1,13279606,Lil Chef Scone - Original,6.5,220g,
scone,2,2,13279617,Lil Chef Scone - Cranberry,6.95,220g,
scone,2,3,13279597,Lil Chef Scone - Orange Chocolate,7.5,220g,
scone,2,4,13279621,Lil Chef Scone - Raisin,6.95,220g,
scone,2,5,90075642,Wiltshire Scone Cutters Set,8.9,1 S,
scone,2,6,1,RedMan Super Scone Mix,4.9,500 G,
scone,2,7,13024402,Donut Peach,5.95,500g,
scone,2,8,12263529,Pasar October Sun Plum,8.95,600g,
scone,2,9,13258602,Turkey Black Figs,3.45,200g,
scone,2,10,11746393,Pasar USA Red Plum,7.95,600g,
scone,2,11,13070717,Pasar White Nectarine,11.45,900g,
scone,2,12,13260908,China Pepino Melon,4.8,500g,
scone,2,13,13084865,Magiclean Floor Cleaner - Crystal Shine for Marble & Stone,8.65,1.8L,
scone,2,14,13177140,Farmpride Stone Baked & Frozen Pizza - Truffle,5.25,215g,Halal
scone,2,15,90141395,Paritua Stone Paddock Organic Sauvignon Blanc NewZealand 2024,24.0,750 ML,
scone,2,16,13237091,Mise En Scene Perfect Serum Shampoo - Styling,14.5,530ml,
scone,2,17,90141404,Paritua Stone Paddock Syrah New Zealand Red Wine,30.0,750 ML,
scone,2,18,13237084,Mise En Scene Perfect Serum Shampoo - Original,14.5,530ml,
scone,2,19,13280450,Mise En Scene Magic Straight Shampoo,18.5,530ml,
scone,2,20,13237090,Mise En Scene Perfect Serum Conditioner - Original,14.5,530ml,
leche,2,1,12714092,Pokka Packet Drink - Lychee Oolong Tea (Less Sugar),11.9,24 x 250ml (CTN),Halal
leche,2,2,13281676,[BCRS] Pokka Bottle Drink - Lychee Green Tea (Zero),1.95,1.5L,Halal
leche,2,3,13281458,[BCRS] Fuze Tea Flavoured White Tea Bottle Drink - Lychee,1.85,1.5L,Halal
leche,2,4,13281663,[BCRS] Pokka Lychee Oolong Tea,2.25,1.5L,Halal
leche,2,5,10020264,Yeo's Packet Drink - Lychee,11.51,24 x 250ml (CTN),Halal
leche,2,6,11048157,Marigold Packet Drink - Lychee (Less Sweet),9.95,24 x 250ml (CTN),Halal
leche,2,7,13280853,[BCRS] Pokka Lychee Oolong Tea,7.75,12 x 300ml,Halal
leche,2,8,13280876,[BCRS] Fanta Can Drink - Lychee,8.3,12 x 320ml,Halal
leche,2,9,13281529,[BCRS] Gryphon Artisan Selection Cold Brew Tea - Pearl of the Orient with Lychee,12.18,4 x 250ml,
leche,2,10,13167788,Fuze Tea Flavoured White Tea Can Drink - Lychee,7.2,12 x 300ml,Halal
leche,2,11,12715110,[BCRS] Pokka Lychee Oolong Tea,26.95,12 x 1.5L,Halal
leche,2,12,12715014,[BCRS] Fuze Tea Flavoured White Tea Bottle Drink - Lychee & Rose White Tea,27.0,12 x 1.5L,Halal
leche,2,13,12071842,Hosen Lychee,3.6,565g,Halal
leche,2,14,13092283,Three Legs Cooling Bottle Water - Lychee,1.48,320ml,Halal
leche,2,15,10664329,Mili Fruits in Heavy Syrup - Lychee,2.45,565g,Halal
leche,2,16,13250090,Hi-Chew Chewy Candy - Grape and Peach and Lychee,2.8,100g,
leche,2,17,478562,Yeo's Packet Drink - Lychee,2.95,6 x 250ml,Halal
leche,2,18,13055944,Narcissus Can Food - Lychees In Syrup,2.9,567g,
leche,2,19,13279403,Yeo's Jelly Buddies - Lucky Lychee,1.4,100g,Halal
leche,2,20,13241496,Kirei Kirei Anti-Bacterial Foaming Hand Soap Refill Pack - Lychee,2.73,200ml,
rabbit,2,1,13228245,Darlie Bunny Kids Pump Toothpaste - Apple Fantasy,7.56,120g,
rabbit,2,2,10143320,Darlie Bunny Kids Toothpaste - Strawberry,1.92,40g,
rabbit,2,3,13252860,Darlie Bunny Kids Pump Toothpaste - Fruity Delight,7.56,120g,
rabbit,2,4,139031,Moon Rabbit Instant Si Sen Brown Rice Powder,4.6,400g,
rabbit,2,5,13228609,Seaco Frozen Rabbit Fish,8.98,800g,
rabbit,2,6,138984,Moon Rabbit Si Sen Brown Rice Powder,4.4,400g,
rabbit,2,7,10143312,Darlie Bunny Kids Toothpaste - Orange,1.92,40g,
rabbit,2,8,139015,Moon Rabbit Instant Si Sen Brown Rice Powder - Ginseng&IkanBilis,7.2,400g,
rabbit,2,9,138992,Moon Rabbit Si Sen Brown Rice Powder - Ikan Bilis,6.5,400g,
rabbit,2,10,13271048,Schick Intuition Razor Moisture Kit - Rabbit (Limited Edition),13.55,1 per pack,
rabbit,2,11,90186189,Ssh Giftset-Anorak Rabbits Mini Bath Towel & Biscuits,40.27,150 G,
rabbit,2,12,90186190,Ssh Giftset-Anorak Rabbits Face Towel & Biscuits,26.14,150 G,
rabbit,2,13,90139496,Camime Ladle Holder Bunny Ears-Peach [KEM],8.5,1 S,
rabbit,2,14,90139494,Camime Ladle Holder Bunny Ears-Green [KEM],8.5,1 S,
rabbit,2,15,90240511,CozyNest Baby Weartowel - Pink Bunny,7.9,1 S,
rabbit,2,16,90195620,Cozy Nest Baby Training Chopsticks - Rabbit,4.9,1 S,
rabbit,2,17,90205673,Foldable Laundry Basket - Rabbit,4.49,1 S,
rabbit,2,18,90240593,Cozy Nest Hair Ties - Bunny,3.9,20 S,
rabbit,2,19,90189585,Pan Royal Fresh Rabbit Fish (Indonesia KaSu),9.8,450 G,
rabbit,2,20,90235167,Sweet Home Bell Cute Pet Hand Towel - Bell Rabbit,9.9,2 S,
martini,2,1,90203834,Nachtmann Lead Free Crystal Martini Stemglass,116.9,1 S,
martini,2,2,90239250,Too Cool For School Plop Water Tint 03 Plum Martini,11.7,3.2 G,
martini,2,3,90190731,Libbey Embassy 3733 Martini Glass 163ml/5.5oz,9.0,2 S,
martini,2,4,90223759,Hygiene+ Floor cloth with silver ions,15.9,1 S,
martini,2,5,90223800,Mr Eco Floor cloth in bamboo and cotton fiber,14.9,1 S,
martini,2,6,90223793,Mr Eco Sponge cloth vegetable cellulose,11.9,1 S,
martini,2,7,90223801,Hygiene+ Multi-purpose cloth with silver ions,11.9,1 S,
martini,2,8,1,Mr Eco No scratch cellulose with fiber sponge cloth,10.9,1 S,
martini,2,9,90223763,Mr Eco Antibacterial copper wool pads,8.9,1 S,
martini,2,10,90223772,Mr Eco Bamboo multi purpose cloth,8.9,1 S,
martini,2,11,90223757,Hygiene+ Non-scratch dual antibacterial protection,8.9,1 S,
martini,2,12,90223792,Mr Eco Double action sponge - no scratch fiber,7.9,1 S,
martini,2,13,90223803,Hygiene+ cellulose & non-scratch fiber with silver ions,6.9,1 S,
martini,2,14,90223773,Hygiene+ strong fiber spone with copper particles,6.9,1 S,
martini,2,15,90250493,Martini Rosso Red Vermouth,59.99,1 L,
martini,2,16,90166435,Louis M. Martini Sonoma County Cabernet Sauvignon 2018,68.0,750 ML,
martini,2,17,90250486,Martini Bianco White Vermouth,59.99,1 L,
oats,2,1,13184517,"Nestle Fitnesse Granola Oats - Quinoa, Almonds & Chocolate",7.92,300g,Halal
oats,2,2,12478562,Quaker Oats Instant Oatmeal - Smooth & Creamy (Free 100g),5.4,800g + free 100g,Halal
oats,2,3,12331704,FairPrice Rolled Oats,4.8,1kg,
oats,2,4,13104729,Nestle Fitnesse Granola Oats - Honey,7.92,300g,Halal
oats,2,5,13223814,Kellogg's Granola - Dark Chocolate,10.5,350g,Halal
oats,2,6,13146681,Red Tractor Foods Rolled Oats - Australian Creamy Style,5.3,1kg,
oats,2,7,12165101,Quaker Oats Oatmeal - Whole Rolled Oats,6.06,800g,Halal
oats,2,8,13104810,Nestle Fitnesse Granola Oats - Cranberry & Pumpkin Seed,7.92,300g,Halal
oats,2,9,13178890,Kellogg's Granola - Super Berry,10.5,350g,Halal
oats,2,10,10747634,Harvest Fields Rolled Oats - Whole Grain,5.2,1kg,
oats,2,11,10735350,Nestle Nestum All Family Multi Grain Cereal - Original,3.36,220g,Halal
oats,2,12,13211363,Nestle Milo Snack Bar - Original,11.5,210g,
oats,2,13,13277905,FairPrice Instant Oatmeal,2.0,900g,
oats,2,14,13211364,Nestle Milo Snack Bar - Dipped White Chocolate,11.5,270g,
oats,2,15,12478589,Quaker Quickcook Oatmeal - Hearty Supreme (Free 100g),5.4,800g + free 100g,Halal
oats,2,16,13247908,Origins Health Food Organic Baby Oat,4.95,500g,Organic
oats,2,17,10992066,Quaker Oats Oatmeal - Instant (Refill Pack),3.2,400g,Halal
oats,2,18,13059926,Quaker Oats Oatmeal - Instant,7.9,1.35kg,Halal
oats,2,19,13146814,Red Tractor Foods Rolled Oats - Organic Creamy Style,9.2,1kg,Organic
oats,2,20,13070846,Kellogg's Crunchy Nut Oat Granola - Hazelnuts & Chocolate,9.6,380g,Halal
oats,2,21,13178889,Kellogg's Granola - Deluxe Nuts,10.5,350g,Halal
oats,2,22,13012480,Captain Oats Oatmeal - Instant,3.75,800g + free 100g,
oats,2,23,13111811,Harraways Wholegrain Oats - Traditional,4.8,1kg,Halal
pastrami,2,1,90226809,28 Pastai Rigatoni di Gragnano IGP,6.45,500 G,
pastrami,2,2,90226816,28 Pastai Spaghetti di Gragnano IGP,6.45,500 G,
pastrami,2,3,90226817,28 Pastai Fusilletti di Gragnano IGP,6.45,500 G,
pastrami,2,4,90226838,28 Pastai Linguine di Gragnano IGP,6.45,500 G,
pastrami,2,5,90226807,28 Pastai Penne Rigate di Gragnano IGP,6.45,500 G,
sauerkraut,2,1,3,Biona Organic Sauerkraut,4.88,360 G,Organic
sauerkraut,2,2,90018062,Biona Organic Sauerkraut Golden Turmeric,6.8,350 G,
sauerkraut,2,3,90018063,Biona Organic Sauerkraut Ruby Red,6.8,350 G,
sauerkraut,2,4,13292907,FairPrice Fish Skin - Sauerkraut,8.0,100g,
sauerkraut,2,5,13278226,Golden Chef Soup - Golden Sauerkraut,5.3,800g,
sauerkraut,2,6,90010029,Ceres Organics Sauerkraut,8.95,680 G,
molasses,2,1,90031195,Green Earth Organic Blackstrapped Molasses,9.9,1000 ML,
molasses,2,2,90031484,Green Earth Organic Molasses Sugar,3.9,300 G,
molasses,2,3,90031485,Green Earth Organic Molasses Sugar,10.9,1000 G,
molasses,2,4,1,RedMan Molasses,4.9,350 G,
molasses,2,5,90232768,Little Bee 100% Pure Pomegranate Molasses,25.5,500 ML,
molasses,2,6,90080194,Green Earth Old Bentong Ginger with Molasses cube,20.9,200 G,
molasses,2,7,90031497,Green Earth Red Dates Molasses Ginger Powder,11.9,400 G,
molasses,2,8,90034277,Green Earth Molasses Ginger Powder,9.9,400 G,
molasses,2,9,90110791,Green Earth Ginger Molasses,4.9,240 G,
molasses,2,10,90225088,RedMan Molasses,9.8,1 KG,
molasses,2,11,90110793,Green Earth Goji Red Dates Molasses,4.9,240 G,
molasses,2,12,90199386,Direct to Masses Crackling Roasted Pork - 1 Slab,13.9,260 G,
molasses,2,13,90199387,Direct to Masses Crackling Roasted Pork - 3 Slabs,38.0,780 G,
molasses,2,14,90207935,Direct to Masses Premium Roasted Duck (Halved),20.0,1 S,
molasses,2,15,90199385,Direct to Masses Premium Pork Belly Char Siew,13.9,260 G,
molasses,2,16,90244974,Direct to Masses Seasoned Mushroom (Spicy),15.0,1 S,
molasses,2,17,90244961,Direct to Masses Seasoned MALA Fish Skin with Tengjiao,15.0,1 S,
molasses,2,18,90243843,Premium Salt Milled Abalone,32.0,10 G,
molasses,2,19,90207891,Prune and Figs Porchetta Slices,40.0,2 x 260 G,
papad,2,1,90054284,Swad Plain Papad 200G -- By Dashmesh,3.69,200 G,
papad,2,2,90097087,Lijiat Garlic Papad 200Gm -- By Dashmesh,2.88,200 G,
papad,2,3,90097086,Lijiat Plain Papad 200Gm -- By Dashmesh,2.88,200 G,
papad,2,4,13094031,Uncle Saba's Poppadoms Lentil Chip - Original,2.55,70g,Halal
papad,2,5,13094032,Uncle Saba's Poppadoms Lentil Chip - Sweet Chilli,2.55,70g,Halal
papad,2,6,13094034,Uncle Saba's Poppadoms Lentil Chip - Tomato Ketchup,2.55,70g,Halal
papad,2,7,13094033,Uncle Saba's Poppadoms Lentil Chip - Korean BBQ,2.55,70g,Halal
papad,2,8,90159223,Suvai Suvai Appalam/Keropok/Pappadum/Papad,3.0,150 G,
papad,2,9,90054237,Swad Masala Papad 200G -- By Dashmesh,3.6,200 G,
papad,2,10,90008101,Malika Madras Plain Papad -- By Dashmesh [Bundle of 3],1.11,120 G,
papad,2,11,90072568,Tajmahal Pappad / Keropok,3.85,3 x 100 S,
papad,2,12,1,Tajmahal Pappad,2.5,2 x 50 S,
papad,2,13,13281567,[BCRS] Monster Ultra Paradise Energy Drink - Zero Sugar,2.95,355ml,
papad,2,14,12715047,[BCRS] Monster Ultra Paradise Energy Drink - Zero Sugar,70.8,24 x 355ml,
papad,2,15,90067190,Laobanniang Preserved Papaya Slices,4.06,300 G,
papad,2,16,90248164,Agro Fresh Thai Green Papaya,2.8,400 G,
papad,2,17,13077167,Panadol Extra with Optizorb Caplets,9.95,20 per pack,
papad,2,18,13069119,Panadol with Optizorb Caplets,7.95,20 per pack,
papad,2,19,13282963,Panadol Extra with Optizorb Caplets,13.25,30 per pack,
papad,2,20,13259430,Panadol Cough & Cold,14.45,16 per pack,
gelatin,2,1,453134,Saf-Instant Dry Baker's Yeast,2.19,55g,
gelatin,2,2,49678,Bake King Instant Yeast,2.6,50g,Halal
gelatin,2,3,105454,Bake King Gelatine Powder,3.5,60g,Halal
gelatin,2,4,13200887,Bob's Red Mill Nutritional Yeast - Large Flake,16.04,142g,
gelatin,2,5,13200888,Bob's Red Mill Gum - Xanthan,22.36,227g,
gelatin,2,6,90016413,Nissin Super Kameriya Dry Yeast- Kirei,7.8,50 G,
gelatin,2,7,90246430,Bai Sheng You Probiotic High Sugar Tolerant Active Dry Yeast,0.59,5 G,
gelatin,2,8,90015376,Now Foods Real Food Guar Gum,26.9,227 G,
gelatin,2,9,90220707,Bruggeman Instant Dry Yeast - Blue,6.4,500 G,
gelatin,2,10,90223028,RedMan Pectin HM,96.8,1 KG,
gelatin,2,11,90221373,RedMan Instant Gel Starch Redman,67.9,5 KG,
gelatin,2,12,90222273,RedMan Bovine Gelatine Leaf - Gold,63.2,1 KG,
gelatin,2,13,90223050,RedMan Gelatine Leaf - Bronze,59.2,1 KG,
gelatin,2,14,90222298,Satin Ice Gum Paste - White,45.6,2.5 KG,
gelatin,2,15,90221335,RedMan Gelatine Fish 200 Bloom,38.4,1 KG,
gelatin,2,16,1,Jellice Gelatin Powder,28.8,200 G,
gelatin,2,17,90223009,Satin Ice Gum Paste - White,22.4,1 KG,
gelatin,2,18,90221372,RedMan Cream Of Tartar,22.4,1 KG,
gelatin,2,19,90222539,RedMan Beverage And Ice Cream Stabiliser,20.0,500 G,
mousse,2,1,90149745,Nelly Extra Strong Hold Styling Mousse,9.9,300 ML,
mousse,2,2,90083306,Byphasse Curls Definition Hair Foam Mousse,9.9,300 ML,
mousse,2,3,90090575,Fuente Styling Mousse,29.5,150 ML,
mousse,2,4,90250873,REF Whipped Moisture Mousse,25.0,200 ML,
mousse,2,5,90088041,REF 435 Mousse,25.0,250 ML,
mousse,2,6,90090357,Helen Seward Indaco Styling Mousse,19.5,250 ML,
mousse,2,7,90088042,REF 435 Mousse,9.9,75 ML,
mousse,2,8,13270500,Salon de Pro Mousse Hair Colour - 4G Greige,19.9,1 per pack,
mousse,2,9,13270479,Salon de Pro Mousse Hair Colour - 6 Dark Brown,19.9,1 per pack,
mousse,2,10,13018658,Cielo Mousse Hair Colour - 5 Dark Brown,19.9,1 per pack,
mousse,2,11,13018657,Cielo Mousse Hair Colour - 5P Dark Pure Brown,19.9,1 per pack,
mousse,2,12,13270142,Salon de Pro Mousse Hair Colour - 5 Brown,19.9,1 per pack,
mousse,2,13,13268978,Salon de Pro Mousse Hair Colour - 3RB Royal Brown,19.9,1 per pack,
mousse,2,14,13268980,Salon de Pro Mousse Hair Colour - 4 Light Brown,19.9,1 per pack,
mousse,2,15,13268977,Salon de Pro Mousse Hair Colour - 3 Bright Brown,19.9,1 per pack,
mousse,2,16,90231787,Mokka Mousse Shampoo and Conditioner - Scalp Oil Control,99.8,1 S,
mousse,2,17,90231821,Mokka Mousse Shampoo and Conditioner – Strengthen Shampoo,99.8,1 S,
mousse,2,18,90008079,Ritter Sport Cocoa Mousse,3.9,100 G,
mousse,2,19,90107582,Atkins Endulge Treat Chocolate Caramel Mousse Bar,17.8,170 G,
mousse,2,20,90253554,Dreame Pocket Cake High-Speed Hair Dryer - Grape Mousse,159.0,1 S,
fajita,2,1,90145731,Santa Maria Fajita Spice Mix - Original,3.8,28 G,
fajita,2,2,90195540,Magic Seasoning Blends Fajita Magic Seasoning,25.36,680 G,
fajita,2,3,90040810,"Simply Organic Classic Fajita Simmer Sauce, 227g",7.87,227 G,
fajita,2,4,90167091,Santa Maria Fajita Dinner Kit,11.9,473 G,
fajita,2,5,90145726,"Santa Maria Tex Mex Fajita Kit, 473G",11.9,473 G,
falafel,2,1,90155071,The Meat Club Falafel Balls - Frozen,15.4,300 G,
tuber,2,1,13241387,Etblisse Multigrain Tuber Sandwich Crackers - Peanut Butter,8.0,304g,Halal
tuber,2,2,13279207,Bio-Home Laundry Capsule - Peony & Tuberose,8.9,25 per pack,
tuber,2,3,13281502,[BCRS] Turborg Premium Can Beer - Strong,4.27,490ml,
tuber,2,4,12715028,[BCRS] Turborg Premium Can Beer - Strong,102.48,24 x 490ml,
tuber,2,5,12689108,Fortune Silken Egg Tofu - Extra Smooth with Omega 3 (Tube),1.0,150g,Halal
tuber,2,6,13255622,M&M Minis Tube,2.2,35g,Halal
tuber,2,7,356833,S&B Wasabi in Tube,2.91,43g,
tuber,2,8,90007355,Catch Seafood Squid Tube (Bulk Pack) (Frozen),8.99,1 KG,
tuber,2,9,90056306,S&B Neri Wasabi Paste Tube 90g - Kirei,5.46,90 G,
tuber,2,10,90190478,Cannamela Cannamela Ground Tumeric,1.5,30 G,
tuber,2,11,13225957,HomeProud Laundry Bag - Tube (S),3.26,1 per pack,
tuber,2,12,11206282,HomeProud Flexible Tube - 150cm,6.4,1 per pack,
tuber,2,13,90146361,Kinjirushi Grated Wasabi Tube - Kirei,4.6,43 G,
tuber,2,14,90006736,Momoya Taberu Layu Seasoned Oil With Red Pepper And Garlic,7.9,110 G,
tuber,2,15,1,MTRADE Mini Bubble Tubes,2.5,10 S,
tuber,2,16,90248625,Shan Tumeric Powder,9.9,1000 G,
tuber,2,17,90139879,"NutraTea Tumeric & Cinnamon Tea, 20 Tea Bag",10.71,40 G,
tuber,2,18,11206290,HomeProud Flexible Tube - 180cm,8.65,1 per pack,
tuber,2,19,90141591,Kirei Taberu Rayu Mentaiko Japanese Codfish Roe Chilli Mix,7.9,110 G,
tuber,2,20,90057301,Miyako Kouji Shio Koji Japanese Fermented Rice Seasoning Tube,8.6,125 G,
turnover,2,1,13283067,Rejuran Turnover Ampoule,98.1,30ml,
turnover,2,2,13033456,HomeProud Slotted Turner,3.23,1 per pack,
turnover,2,3,13018871,HomeProud Stainless Steel Slotted Turner,4.95,1 per pack,
turnover,2,4,13033453,HomeProud Chinese Turner,3.23,1 per pack,
turnover,2,5,13018881,HomeProud Stainless Steel Chinese Turner,4.95,1 per pack,
turnover,2,6,90176440,K-ART Chinese Turner,12.9,1 S,
turnover,2,7,90218367,Spuddies Turner The Sea Turtle / Bath Organiser - Pink,39.9,1 S,
turnover,2,8,90188632,Spuddies Turner The Sea Turtle / Bath Organiser - Blue,39.9,1 S,
turnover,2,9,90195152,Marna Triangrip Silicone Turner - Black,24.9,1 S,
turnover,2,10,90255732,Trebonn BURGER SPATULA - Slotted Turner,19.9,1 S,
turnover,2,11,90246880,Zebra Stainless Steel Turner - Bakelite Handle (L),19.9,1 S,
turnover,2,12,90176441,K-ART Slotted Turner,19.9,1 S,
turnover,2,13,90036613,Vesta Wooden Elevated Straight Turner 37.5Cm,19.9,1 S,
turnover,2,14,90188166,ASD Non-Stick Turner,19.0,1 S,
turnover,2,15,90235185,Pujadas Heat Resistant Nylon Turner Slotted 34cm,18.0,1 S,
turnover,2,16,90190945,Meyer Nylon Slotted Turner (Orange),18.0,1 S,
turnover,2,17,90204910,DreamFarm Nylon Turner Spatula  -Red (Chopula),16.9,1 S,
turnover,2,18,90204887,DreamFarm Nylon Turner Spatula -  Black,16.9,1 S,
turnover,2,19,90204865,DreamFarm Nylon Turner Spatula - Purple,16.9,1 S,
turnover,2,20,90204904,DreamFarm Nylon Turner Spatula - Blue (Chopula),16.9,1 S,
turtle,2,1,90200821,Mr White Ninjia Turtles Battery-Powered Toothbrush,9.9,1 S,
turtle,2,2,90188076,Angel Turtle Delights,8.5,500 ML,
turtle,2,3,90188077,Angel Turtle Delights,6.5,250 ML,
turtle,2,4,90254347,Turtle Beach Rematch Wireless Controller - Mario & Luigi,129.9,1 S,
turtle,2,5,90254346,Turtle Beach Rematch Wireless Controller - Koopa Troop,129.9,1 S,
turtle,2,6,90253969,Turtle Beach Rematch Wireless Controller - Mario Kart World,129.9,1 S,
turtle,2,7,90252911,Turtle Beach Rematch Wireless Controller  - Rosalina,129.9,1 S,
turtle,2,8,90205851,LEGO 71456 DREAMZzz Mrs Castillo’s Turtle Van,67.4,1 S,
turtle,2,9,90218367,Spuddies Turner The Sea Turtle / Bath Organiser - Pink,39.9,1 S,
turtle,2,10,90188632,Spuddies Turner The Sea Turtle / Bath Organiser - Blue,39.9,1 S,
turtle,2,11,90250557,Turtle Beach React-R Wired Controller for Xbox & PC - White,39.0,1 S,
turtle,2,12,90250554,Turtle Beach React-R Wired Controller for Xbox & PC - Black,39.0,1 S,
turtle,2,13,90235151,Outback Tails Dog Toy - Terry the Turtle,27.65,200 G,
turtle,2,14,90241262,LEGO 31377 Creator Turtle with a Water Lily Flower,16.9,1 S,
turtle,2,15,90178490,Angel Turtle and Terrapin Food,11.9,700 G,
turtle,2,16,90238361,"NUK Cool All-around Teether - Turtle, Green",11.88,1 S,
turtle,2,17,90163201,Dajana Eye Balsam For Turtles,11.44,20 G,
turtle,2,18,90184826,Jonsanty Godzilla Turtle Protection,6.9,200 ML,
turtle,2,19,90161035,Dajana Turtle Chips,5.21,100 G,
turtle,2,20,90188078,Angel Turtle Delights,4.5,100 ML,
breadstick,2,1,90023893,"Schar Grissini, Breadsticks - Gluten Free",11.2,50 G,
breadstick,2,2,90047489,Garden Picks Breadsticks ( Cinnamon Sugar ),12.22,300 G,
tuna,2,1,13256630,FairPrice Tuna Flakes - In Water,2.7,160g,
tuna,2,2,13057896,Ayam Brand Tuna Flakes - Water (Light),3.48,150g,
tuna,2,3,13057895,Ayam Brand Tuna Chunks - Water,3.48,150g,
tuna,2,4,13256616,FairPrice Tuna Flakes - In Olive Oil Blend,2.7,150g,
tuna,2,5,13057931,Ayam Brand Tuna - Chili Light,3.28,160g,Halal
tuna,2,6,13001759,Ayam Brand Tuna Flakes - Extra Virgin Olive Oil (Omega 3),3.48,150g,
tuna,2,7,13057898,Ayam Brand Tasty Tuna - Chili (Spiciness Level 3),3.28,160g,
tuna,2,8,13256619,Fairprice Tuna Chunks - In Brine,2.7,160g,
tuna,2,9,13001758,Ayam Brand Tuna Flakes - Olive Oil (Premium),3.48,150g,
tuna,2,10,13046198,Ayam Brand Tuna Chunks - Olive Oil (Light),3.48,150g,
tuna,2,11,13269307,FairPrice Tuna Flakes - In Mayonnaise,2.7,160g,
tuna,2,12,13057930,Ayam Brand Tasty Tuna - Tomato Chili,3.28,160g,
tuna,2,13,13256618,FairPrice Tuna Flakes - In Chili,2.7,160g,
tuna,2,14,13269306,FairPrice Tuna Flakes - In Chilli & Tomato Sauce,2.7,160g,
tuna,2,15,11255789,Farmland Skipjack Tuna - Chunks in Soya Oil,2.52,150g,Halal
tuna,2,16,13046205,Ayam Brand Tuna Flakes - Olive Oil (Light),3.48,150g,
tuna,2,17,13269309,FairPrice Tuna Flakes - In Green Curry,2.7,160g,
tuna,2,18,13046206,Ayam Brand Tuna Chunks - Mineral Water (Light),3.48,150g,
tuna,2,19,13269308,FairPrice Tuna Flakes - In Panang Curry,2.7,160g,
tuna,2,20,13088222,Century Tuna Flakes - Brine,2.0,180g,Halal
focaccia,2,1,90225792,Yes You Can Pizza and Focaccia Mix,9.6,320 G,
focaccia,2,2,13276691,Bakeri Focaccia Bun,4.95,220g,
focaccia,2,3,90254162,Dallagiovanna Flour All Purpose for Pizza Bread & Focaccia,6.99,1 KG,
fizz,2,1,13281693,[BCRS] Maison Perrier Chic Non-Alcoholic Can Drink - Pina Fizz,9.55,4 x 250ml,
fizz,2,2,13291783,[BCRS] Chi Forest Sparkling Water - Lychee Fizzy,1.9,480ml,
fizz,2,3,13288925,Blackmores Fizzers Energy & Focus,5.94,5 per pack,
fizz,2,4,13288913,Blackmores Fizzers Skin & Hair Glow,5.94,5 per pack,
fizz,2,5,13288912,Blackmores Fizzers Muscle & Endurance,5.94,5 per pack,
fizz,2,6,13288907,Blackmores Fizzers Triple Immune Support,5.94,5 per pack,
fizz,2,7,90174254,Camime Colourful Bath Bombs Fizzies With Essential Oil (12pc),39.9,70 G,
fizz,2,8,90238241,B.Box Mini Lunchbox - Flamingo Fizz,24.75,1 S,
fizz,2,9,90238214,B.Box Snackbox - Flamingo Fizz,17.37,1 S,
fizz,2,10,1,Sweet Lounge Vegan Fizzy Strawberry Hearts,3.95,65 G,
fizz,2,11,90246667,Sweet Lounge Vegan Fizzy Watermelon Slices,3.95,65 G,
fizz,2,12,90246663,Sweet Lounge Vegan Fizzy Fruity Bears,3.95,65 G,
fizz,2,13,90217333,Laka Popping Balloon Tint Fizzing,11.03,4.5 G,
fizz,2,14,90246674,Sweet Lounge Vegan Fizzy Strawberry Hearts,5.95,130 G,
fizz,2,15,90246661,Sweet Lounge Vegan Fizzy Cola Bottles,3.95,65 G,
fizz,2,16,90160955,"Agro Fresh Hairy Gourd (Marrow, Fuzzy Squash)",2.98,550 G,
fizz,2,17,13148393,TRESemme Keratin Smooth Anti-Frizz Shampoo,14.64,670ml,
codfish,2,1,90095280,Snow Treasures Wild Caught Cod Fish Steak,77.0,1 KG,
codfish,2,2,90129134,Snow Treasures Wild Caught Cod Fish Cubes,34.65,500 G,
codfish,2,3,90095186,Snow Treasures Wild Caught Cod Fish Fillet,44.81,500 G,
codfish,2,4,90098737,Snow Treasures Wild Caught Cod Fish Bones,10.78,1 KG,
codfish,2,5,90143953,Aw's Market Premium Cod Fish Fillet,19.2,150 G,
codfish,2,6,90098736,Snow Treasures Wild Caught Cod Fish Fillet,86.24,1 KG,
codfish,2,7,90052793,Fisher's Catch Cod Fish Bones,10.09,1 KG,
codfish,2,8,90183364,Ahimsa OATS CODFISH (8PCS),30.0,8 G,
codfish,2,9,90035277,CB Frozen Wild Catch Cod Fish Steak Cut (3-4pcs),34.8,500 G,
codfish,2,10,90193814,Pan Royal Frozen USA Black Cod Fish Fillet,27.5,500 G,
codfish,2,11,90191980,SEABOSS Wild-caught Silver Cod Fish Fillet,32.5,200 G,
codfish,2,12,90148633,CB Frozen Wild Catch Cod Fish Steak Cut (1pc),34.8,200 G,
codfish,2,13,90135204,Punched Foods Frozen Cod Fish Steak,24.0,250 G,
codfish,2,14,90141591,Kirei Taberu Rayu Mentaiko Japanese Codfish Roe Chilli Mix,7.9,110 G,
codfish,2,15,90026030,Yi Dah Xing Veg Assam Codfish,4.3,300 G,
codfish,2,16,13255525,Birds Eye Cod Fish Fingers,22.65,504g,
codfish,2,17,232372,Ken Ken White Cod Fish,2.55,35g,
codfish,2,18,90253343,Dani Cod-fish in Biscayan Sauce,11.61,120 ML,
codfish,2,19,90034101,Maruesu Hokkaido Cheese Sando Tara Cod Fish Cheese Snack,8.1,50 G,
codfish,2,20,90160015,Burp Singapore Ice Cream Sandwich- Chicken & Codfish,5.79,100 G,
escarole,2,1,90197922,Miguel Torres Escaleras Empedrado Pinot Noir,162.7,750 ML,
escarole,2,2,1,Saint Orens Duck Foie Gras Escalopes,29.0,80 G,
escarole,2,3,90141405,Paritua Stone Paddock Scarlet New Zealand Red Wine,32.1,750 ML,
escarole,2,4,90202470,novita Home-Office Chair nc01 with Head Rest - Red Scarlet,628.0,1 S,
escarole,2,5,90234911,Hummings.com Table Arrangement - Scarlet Rise (KTA587B),130.8,1 S,
escarole,2,6,90235622,Hummings.com Table Arrangement - Scarlet Rise (KTA587A),98.1,1 S,
escarole,2,7,90194370,JM Flower Scarlett Flower Basket,71.5,1 S,
escarole,2,8,90231266,"Zonte's Footstep ""Scarlet Ladybird"" - Rose",57.6,750 ML,
escarole,2,9,90235490,Mamaearth Moisture Matte LongStay Lipstick -Raspberry Scarlet,13.0,0.7 G,
escarole,2,10,90043069,Zinnia Scarlet Flame Seeds,2.52,1 S,
teff,2,1,13129826,Telfast Non Drowsy Allergic Rhinitis Tablets,11.7,10 per pack,
teff,2,2,13197224,Tefal Compact Power XXL Vacuum Cleaner,199.0,1 per pack,
teff,2,3,13201202,Tefal Rice Cooker - RK7521,99.0,1 per pack,
teff,2,4,13205092,Tefal 1L Mini Fryer - FF2200,129.0,1 per pack,
teff,2,5,13232804,Tefal Induction Wok Pan - 28cm,89.9,1 per pack,
teff,2,6,13224771,Tefal Easy Fry and Steam Model (FW2018),269.0,1 per pack,
teff,2,7,13277837,Tefal 2 in 1 Handstick Vacuum Cleaner - TY1238,259.0,1 per pack,
teff,2,8,13237608,Tefal Compact Steam Generator - SV6116,179.0,1 per pack,
teff,2,9,13171172,Tefal Express Induction Hob - IH7208,99.0,1 per pack,
teff,2,10,13144681,Tefal Blender - BL4361,129.0,1 per pack,
teff,2,11,13218890,Tefal 2L Everforce Rice Cooker - RK3625,89.9,1 per pack,
teff,2,12,13260780,Tefal Dt1034 Travel Handheld Garment Steamer Model,49.0,1 per pack,
teff,2,13,90252439,TenFon 4-Color Ink Multi-Ballpoint Pen 0.7mm Bulk,32.9,48 S,
teff,2,14,008,Max Factor Facefinity Compact  Foundation Toffee 008,2.98,10 G,
teff,2,15,13260462,Tefal Induction Cookware Set - G135S2,139.0,2 per pack,
teff,2,16,13224816,Tefal Blendforce Blender with Grinder & Chopper,95.0,1 per pack,
teff,2,17,13260631,Tefal Blendforce Blender With Grinder Bl4271,79.9,1 per pack,
teff,2,18,13237623,Tefal 24cm Cook & Shine Induction Frypan - G80804,69.9,1 per pack,
teff,2,19,13237624,Tefal 20cm Cook & Shine Induction Frypan - G80802,59.9,1 per pack,
teff,2,20,13232829,Tefal Easy Fry & Grill Air Fryer - XXL (EY801827),249.0,1 per pack,
trout,2,1,90196577,Serve by Hai Sia Fresh Trout Portion,10.57,200 G,
trout,2,2,90213499,Fisher's Catch Salmon Cube (Rainbow Trout),15.0,500 G,
trout,2,3,90122049,Catch Seafood Trout Fillet,33.95,900 G,
trout,2,4,90198860,Serve by Hai Sia Trout Portion - Frozen,10.58,200 G,
trout,2,5,90139442,Prey Dry Dog Food - Trout Recipe,58.45,3.6 KG,
trout,2,6,90252496,"Now Fresh Grain-Free Dry Food - Trout, Salmon, Herring",53.25,1.58 KG,
trout,2,7,90110565,Aw's Market Fresh Malaysian Pork Trotter Chopped,9.54,500 G,
trout,2,8,90018612,Aw's Market Fresh Australia Pork Trotter,6.72,500 G,
trout,2,9,13290952,Trulife TRUTCM Bird Nest Cough Syrup Sachet,10.0,12 x 15ml,
trout,2,10,90253248,Xiao Xiang Rou Hunan Hanshou Pork Hind Trotter,7.0,300 G,
trout,2,11,90042781,Fix & Fogg Peanut Butter - Super Crunchy Double Trouble,17.25,750 G,
trout,2,12,90216114,LEGO 80116 Trotting Lantern,134.9,1 S,
trout,2,13,90165646,Savic Trotter 2 Carrier(Grey),57.84,1.7 KG,
trout,2,14,90165437,Savic Trotter 1 Carrier (White/Blue),37.05,1.5 KG,
trout,2,15,90166587,Savic Trotter 1 Carrier(Blue),35.32,1.1 KG,
trout,2,16,90156555,Sweet Home Matte Black Wooden Hanger- Trouser Hanger,27.9,10 x 1 S,
trout,2,17,90166604,Savic Trotter 1 Carrier (Mocha/Grey),22.58,1.1 KG,
trout,2,18,90167706,Trouble & Trix No More Litterbox Odours,21.42,750 ML,
trout,2,19,90042782,Fix & Fogg Peanut Butter - Smooth Double Trouble,17.25,750 G,
trout,2,20,90186945,Needly Anti-Trouble Pad 60 sheets,15.9,250 G,
daiquiri,2,1,90023164,Master of Mixes Mango Daiquiri and Margarita Mixer,15.14,1 L,
croissants,2,1,13253777,Treats Croissant - Chocolate,1.1,55g,Halal
croissants,2,2,13253778,Treats Croissant - Custard,1.1,55g,Halal
croissants,2,3,13253781,Treats Croissant - Strawberry,1.1,55g,Halal
croissants,2,4,90129419,Churo Mini Butter Croissants (Frozen),10.9,12 x 25 G,
croissants,2,5,90120666,Churo Butter Croissants (Frozen),5.8,3 x 60 G,
fern,2,1,13010243,Fernleaf Milk Powder - Full Cream,35.0,1.8kg,
fern,2,2,13010726,Fernleaf Milk Powder - Full Cream,12.15,550g,
fern,2,3,13010247,Fernleaf Milk Powder - Family,18.3,1.1kg,
fern,2,4,13206647,Fernleaf Family Milk Based Powder,25.9,1.8kg,Halal
fern,2,5,13008774,Fernleaf Milk Powder - Family,9.15,550g,
fern,2,6,13206646,Fernleaf Milk Powder - Full Cream,21.6,1.1kg,Halal
fern,2,7,90241989,Corelle 16Pc Dinner Set - Flowing Fern,139.0,1 S,
fern,2,8,90237461,JM Flower Asplenium Nidus (Bird's Nest Fern),51.0,1 S,
fern,2,9,90196068,JM Flower Boston Fern (150) Plant in Ceramic Pot,41.0,1 S,
fern,2,10,90201659,JM Flower Asparagus Myriocladus Mint Fern,20.5,3 S,
fern,2,11,90200399,JM Flower Asparagus Mayer / Foxtail Fern,19.5,10 S,
fern,2,12,2548,Wilton Fondant & Gum Paste Mould - Fern (409-2548),16.8,1 S,
fern,2,13,90220467,JM Flower Platycerium (Staghorn Fern) Plant,15.0,1 S,
fern,2,14,90186690,JM Flower Boston Fern Hanging Plant 22cm Pot,15.0,1 S,
fern,2,15,90193095,FNP Easter Snacks Basket,278.0,1 S,
fern,2,16,90193567,FNP Champagne & Treats Tray Box,235.0,1 S,
fern,2,17,90193874,FNP Exotic Flowers & Chocolates Wooden Crate,230.0,1 S,
fern,2,18,90193441,FNP Choco Load Wooden Crate,223.0,1 S,
fern,2,19,90244922,Romantic Darks Pink Roses for Valentine s Day,218.0,1 S,
fern,2,20,90193899,FNP Champagne & Mixed Flowers Combo,200.0,1 S,
crunchies,2,1,13213032,Nature Valley Crunchy Granola Bar - Variety,5.96,210g,Halal
crunchies,2,2,13216143,Cadbury Dairy Milk Sharepack - Crunchie,7.05,180g,
crunchies,2,3,17401,Cadbury Chocolate - Crunchie,2.8,50g,
crunchies,2,4,13216284,Nature Valley Crunchy Granola Bar - Oats & Honey,5.96,210g,Halal
crunchies,2,5,13251325,Gerber Lil Crunchies - Mild Cheddar,7.15,42g,
crunchies,2,6,13251323,Gerber Lil Crunchies - Garden Tomato,7.15,42g,
crunchies,2,7,90215139,NZ Crunchies Rolls Sate Kajang,2.35,1 S,
crunchies,2,8,13213033,Nature Valley Crunchy Granola Bar - Roasted Almonds,5.96,210g,Halal
crunchies,2,9,90215161,NZ Crunchies Honey Cheese,2.35,1 S,
crunchies,2,10,90215137,NZ Crunchies Chocolate Supreme,2.35,1 S,
crunchies,2,11,13218646,Nature Valley Crunchy Granola Bar - Oats & Dark Chocolate,5.96,210g,Halal
crunchies,2,12,90215155,NZ Crunchies Savoury Chicken Floss,2.35,1 S,
crunchies,2,13,90215138,NZ Crunchies Tom Yum Seafood,2.35,1 S,
crunchies,2,14,90241126,Gerber Lil Crunchies - Mild Cheddar - From 12 Months,38.61,6 x 42 G,
crunchies,2,15,90241135,Gerber Lil Crunchies - Garden Tomato - From 12 Months,38.61,6 x 42 G,
crunchies,2,16,90014180,Cookie4Milk - Crunchies Choco Macadamia Oatmeal,20.9,250 G,
crunchies,2,17,1,Gerber Lil Crunchies - Mild Cheddar - From 12 Months,19.95,3 x 42 G,
crunchies,2,18,90014181,Cookie4Milk - Crunchies Choco Oatmeal,19.9,250 G,
crunchies,2,19,90182851,Boxgreen Crunchies Coffee Almond Fun Pack,15.0,6 L,
crunchies,2,20,2,Gerber Lil Crunchies - Mild Cheddar - From 12 Months,13.59,2 x 42 G,
crunchies,2,21,90201999,Alvins Rice Ring Crunchies - Strawberry,6.9,30 G,
crunchies,2,22,90201969,Alvins Rice Ring Crunchies - Blueberry,6.9,30 G,
dosa,2,1,90015627,Gits Rava Dosai Mix 200G -- By Dashmesh,2.3,200 G,
dosa,2,2,90015610,Gits Dosai Mix 200G -- By Dashmesh,2.3,200 G,
dosa,2,3,90156553,Suvai Suvai Dosa Batter,7.5,1 KG,
dosa,2,4,12714947,[BCRS] Dasani Drinking Bottle Water,8.4,12 x 1.5L,
dosa,2,5,12714946,[BCRS] Dasani Drinking Bottle Water,8.4,24 x 600ml (CTN),
dosa,2,6,13284451,Gu Dasao Korean Instant Bowl Noodles - Fried Sauce,2.5,146g,
dosa,2,7,13284452,Gu Dasao Korean Instant Bowl Noodles - Spicy Chicken,2.5,135g,
dosa,2,8,13284440,Gu Dasao Korean Instant Bowl Noodles - Spicy Kimchi,2.5,150g,
dosa,2,9,13208806,Just Wine Domaine De L'Amandine Red Wine,30.0,750ml,
dosa,2,10,13256173,Domaine Saint Andre Folie Dines,34.0,750ml,
dosa,2,11,90178714,Calypso Kids Disappearing Coloured Blue Roll On SPF50,9.9,50 ML,
dosa,2,12,13276957,Quinta Dos Platanos Branco White Wine,19.9,750ml,
dosa,2,13,13115983,Ezy Dose Safety Tab Cutter,14.82,1 per pack,
dosa,2,14,13291824,La Roche-Posay Mela B3 Double Dose Serum,99.9,40ml,
dosa,2,15,90088780,Domaine Jean Defaix Chablis France White Wine,53.2,750 ML,
dosa,2,16,13115984,Ezy Dose Pill Crusher Container,13.76,1 per pack,
dosa,2,17,90210299,Lotte Cup Doraemon Snack - Chocolate,4.2,37 G,
dosa,2,18,13270015,Perfetti Chupa Lollipops - Surprise Doraemon,3.03,12g,
dosa,2,19,90048220,Opto Pharm Saline Solution (uni-dose) 30 - By Medic Drugstore,12.75,30 S,
dosa,2,20,90048186,BAUSCH & LOMB Artelac Lipids - single dose units 0.6g x 30s,26.8,30 S,
broadbeans,2,1,11036439,Tai Sun Roasted Broad Beans,1.55,150g,
broadbeans,2,2,12207666,Tong Garden Broad Beans - Onion & Garlic with Skin,1.17,120g,
broadbeans,2,3,13028587,Tong Garden Broad Beans - Onion & Garlic without Skin,2.09,160g,Halal
broadbeans,2,4,13111491,Gan Yuan Broad Beans - Crab Roe,3.5,300g,
broadbeans,2,5,11034898,Tai Sun Broad Beans - Onion & Garlic,1.55,150g,
broadbeans,2,6,13237061,Camel Satay Broad Beans - Bundle Pack,6.66,12 x 36g,Halal
broadbeans,2,7,13010735,Camel Broad Beans,1.32,150g,Halal
broadbeans,2,8,13132924,Tong Garden Salted Nuts - Broad Beans without Skin,7.03,1kg,
broadbeans,2,9,90253211,Laobanniang Crispy Garlic Broad Beans,8.5,500 G,
broadbeans,2,10,90142693,Kasugai Squid Coated Flavour Broad Beans,4.2,82 G,
broadbeans,2,11,90253593,SnackFirst Satay Broad Beans - Savoury Salted Legumes,6.9,200 G,
tenders,2,1,13025653,Sheba Cat Can Food - Tender Chicken Fine Flakes,1.67,85g,
tenders,2,2,90187737,Tegel Free Range Crispy Chicken Tenders (Frozen),9.9,400 G,
tenders,2,3,90187735,Tegel Free Range Panko Chicken Tenders (Frozen),9.9,375 G,
tenders,2,4,472580,Fancy Feast Classic Cat Food - Tender Liver & Chicken,1.66,85g,
tenders,2,5,90120668,Hego Beef Chuck Tender Cube,10.75,500 G,
tenders,2,6,90183337,Sutong Veg Black Pepper Tender,8.7,900 G,
tenders,2,7,90018584,Aw's Market Fresh Australia Pork Mince (Tender),4.96,300 G,
tenders,2,8,13197395,Fancy Feast Classic Pate Cat Food - Tender Beef Feast,1.66,85g,
tenders,2,9,90046414,Hego Grass Fed Beef Chuck Tender Chilled,13.9,400 G,
tenders,2,10,90021554,Hego Black Angus Beef Chuck Tender - Chilled,19.03,400 G,Halal
tenders,2,11,90246543,SSW NZ Wagyu MB5/6 Beef Chuck Tender (Chilled),22.4,400 G,
tenders,2,12,90025529,Aw's Market Fresh Australia Pork Eye Round (Tender),6.26,300 G,
tenders,2,13,10623850,Cesar Dog Wet Food - Tender Lamb with Country Vegetables,2.22,100g,
tenders,2,14,90194539,Punched Foods Chuck Tender Beef Slices (Beef Bulgogi),6.9,300 G,
tenders,2,15,90113830,Master Grocer Australia Grainfed Beef Chuck Tender 400G Froze,15.95,400 G,
tenders,2,16,008,Rimmel Kate Lipstick – Tender Mauve Shade 034-008,5.98,4 G,
tenders,2,17,90212814,Punched Foods Australia Wagyu Chuck Tender MB4/5,16.0,250 G,Halal
tenders,2,18,90135212,Punched Foods A5 Japanese Wagyu Chuck Tender,62.0,250 G,Halal
tenders,2,19,1,New Peng Hiang Tender Pork Bakkwa (Vacuum-Packed),10.5,200 G,
tenders,2,20,90021851,Food People Tender Pickled Ginger,7.9,1 PC,
dough,2,1,90080533,Mr Joy's Sotong Dough Fritter,9.99,470 G,
dough,2,2,90252575,Xi De Li Frozen Traditional Fried Dough Mix by Atasco,13.9,8 S,
dough,2,3,13291386,Ben & Jerry's Ice Cream - Strawberry Doughnut-eee,15.18,465ML,
dough,2,4,116138,Ben & Jerry's Ice Cream - Chocolate Chip Cookie Dough,15.18,458ml,
dough,2,5,90094391,Quest Nutrition Protein Bar - Chocolate Chip Cookie Dough,68.9,12 x 60 G,
dough,2,6,90118952,Probar Base Protein Bar Cookie Dough,49.21,70 G,
dough,2,7,13283826,Bestor Fried Dough Twists - Sesame Flavour,2.6,160g,
dough,2,8,161620,Prima Mix Doughnut Mix,2.7,350g,
dough,2,9,90255409,Grenade Carb Killa Bar - Chocolate Chip Cookie Dough,69.0,12 x 60 G,
dough,2,10,90255408,Myprotein Whipped Soft Dough Bar - White Chocolate Cookie,72.0,12 x 65 G,
dough,2,11,90255439,Myprotein Whipped Soft Dough Bar - Double Dark Chocolate,72.0,12 x 65 G,
dough,2,12,90255407,Myprotein Whipped Soft Dough Bar - Hazelnut Wafer,72.0,12 x 65 G,
dough,2,13,90255379,Warrior Crunch Bar - Chocolate Chip Cookie Dough,70.8,12 x 64 G,
dough,2,14,90181874,Pujadas Triangular Dough Scraper with Wood Handle,10.8,1 S,
dough,2,15,90226228,Thermohauser Dough Cutter,11.2,1 S,
dough,2,16,90225599,RedMan Dough Cutter (160 x 125mm) (SN4103),11.2,1 S,
dough,2,17,90181763,Pujadas Stainless Steel Dough Scraper 15Cm With Abs Handle,10.0,1 S,
dough,2,18,90182002,Pujadas Dough Scraper with Wood Handle,8.8,1 S,
dough,2,19,90182700,Pujadas Polypropylene Dough Pastry Scraper 204 X 151Mm,7.8,1 S,
dough,2,20,90182692,Pujadas Polypropylene Dough Pastry Scraper 221 X 130mm,6.8,1 S,
tonic,2,1,13281350,[BCRS] Schweppes Carbonated Can Drink - Tonic Water,4.4,4 x 320ml,Halal
tonic,2,2,13280811,[BCRS] F & N Can Drink - Tonic Water (Extra Dry),3.95,4 x 325ml,Halal
tonic,2,3,13288000,[BCRS] Schweppes Carbonated Can Drink - Tonic Water,23.0,24 x 320ml (CTN),Halal
tonic,2,4,13281491,[BCRS] Schweppes Carbonated Mini Can Drink - Tonic Water,5.9,6 x 180ml,Halal
tonic,2,5,90151619,Alchemy & Tonic Sonic Light Indian Tonic Water (CTN),55.85,24 x 250 ML,
tonic,2,6,90150390,Alchemy & Tonic Sonic Light Indian Tonic Water,9.8,250 ML,
tonic,2,7,90150386,Alchemy & Tonic Rhubarb & Smashed Mandarin Tonic,9.8,4 x 250 ML,
tonic,2,8,12715022,[BCRS] Schweppes Carbonated Mini Can Drink - Tonic Water,23.6,24 x 180ml,Halal
tonic,2,9,13269329,Souper Tang Calming Tonic Soup,5.95,44g,
tonic,2,10,13017448,Koi Fish Brand Herbal Soup - Chicken Tonic,6.06,75g,
tonic,2,11,12114240,Yomeishu Herbal Health Tonic,60.9,1L + 300ml,
tonic,2,12,13136329,Moist Diane Treatment - Extra Fresh & Hydrate,15.7,450ml,
tonic,2,13,13277777,Fino Premium Touch Hair Mask,15.9,230g,
tonic,2,14,13265206,Tsubaki Premium Hair Repair Mask,16.4,180g,
tonic,2,15,13017460,Koi Fish Brand Herbal Soup - Cordycep & America Ginseng Tonic,6.87,80g,
tonic,2,16,13136277,Moist Diane Treatment - Extra Moist & Shine,15.7,450ml,
tonic,2,17,13267401,Tsubaki Premium Ex Repair Mask Refill,12.7,150g,
tonic,2,18,13150513,Huiji Waist Tonic + FOC,55.4,700ml,Halal
tonic,2,19,13275071,Pantene Miracle Intensive Serum Mask Bond Repair,14.9,300ml,
tonic,2,20,13274994,Pantene Miracle Daily Serum Treatment Bond Repair,7.51,180ml,
emu,2,1,90081993,Air Val Emu Eau My Unicorn 2D 2 in 1 Shower Gel And Shampoo,12.9,400 ML,
emu,2,2,13277205,Scott's Emulsion Cod Liver Oil - Original,20.9,3 x 400ml,Halal
emu,2,3,13277107,Scott's Emulsion Cod Liver Oil - Orange,20.9,3 x 400ml,Halal
emu,2,4,13099721,Scott's Emulsion Cod Liver Oil - Original,11.5,400ml,Halal
emu,2,5,13099722,Scott's Emulsion Cod Liver Oil - Orange,11.5,400ml,Halal
emu,2,6,13267249,Loreal Paris Revitalift Advance Anti-Wrinkle Firming Emulsion,27.1,50ml,
emu,2,7,90246323,Shiseido Vital Perfection Bright Revitalizing Emulsion,110.6,100 ML,
emu,2,8,13117110,Avene Hydrating Emulsion - Light,52.9,40ml,
emu,2,9,90250467,Orjena Power Collagen Emulsion,39.6,100 ML,
emu,2,10,90190631,Orjena Vitamin C Bright Emulsion,39.6,100 ML,
emu,2,11,90232884,Ottie Emulsion - Green Tea Hyalu,15.6,120 ML,
emu,2,12,90210925,Ottie Tea Tree Yuja Emulsion,12.0,210 ML,
emu,2,13,13117228,Basic Emolin Emulsifying Ointment,8.56,100g,
emu,2,14,90225439,RedMan Sponge Cake Gel (Sponge Cake Emulsifier),135.2,20 KG,
emu,2,15,90180147,Concentrated Ginseng Renewing Emulsion,102.9,125 ML,
emu,2,16,2,RedMan Coffee Emulco,90.4,6 KG,
emu,2,17,90219448,RedMan Sponge Cake Gel Emulsifier,40.8,5 KG,
emu,2,18,90194122,SANA Namerakahonpo Vitamin Brightening Emulsion,25.9,130 ML,
emu,2,19,90183636,SANA Namerakahonpo Wrinkle Brightening Emulsion,25.9,150 G,
emu,2,20,1,RedMan Lemon Emulco,21.6,1 KG,
teriyaki,2,1,90088967,Tasty Food Affair Marinated Teriyaki Chicken Boneless Leg,5.6,220 G,
teriyaki,2,2,90088965,Tasty Food Affair Marinated Teriyaki Chicken Mid Joint Wings,8.95,400 G,
teriyaki,2,3,12206882,Kikkoman Sauce - Teriyaki,4.99,250ml,
teriyaki,2,4,13129627,Heinz Barbecue Sauce - Classic (Rich & Smokey),6.4,480g,
teriyaki,2,5,13145713,CP Tsukune Chicken Meatball with Teriyaki Sauce,6.5,360g,Halal
teriyaki,2,6,63777,Kikkoman Marinade - Teriyaki,5.33,250ml,
teriyaki,2,7,10077298,Kikkoman Marinade - Teriyaki (Thick),5.2,290g,
teriyaki,2,8,11141343,Lee Kum Kee Sauce - Teriyaki Chicken,1.94,72g,
teriyaki,2,9,90007409,Catch Seafood Saba Teriyaki Marinade (Pack of 2),8.8,350 G,
teriyaki,2,10,13087093,Tai Hua Teriyaki Sauce,2.75,305ml,
teriyaki,2,11,13075896,Haesong Seaweed Snack - Teriyaki,1.15,3 x 4g,
teriyaki,2,12,90192199,Oriental Delight Teriyaki Marinated Chicken Chop,11.0,450 G,
teriyaki,2,13,10106271,Hinode Sauce - Teriyaki,4.17,400ml,
teriyaki,2,14,13206114,Del Monte Sardines in Teriyaki Sauce,3.01,100g,
teriyaki,2,15,10909410,Jack Link's Beef Jerky - Teriyaki,3.56,25g,
teriyaki,2,16,13157227,Singlong BBQ Sauce - Regular,4.02,330g,Halal
teriyaki,2,17,10335293,MasterFoods Sauce - Barbecue,4.99,500ml,
teriyaki,2,18,13219145,Tai Hua Lite Sauce - Teriyaki,3.11,305ml,
teriyaki,2,19,90124537,Ebara Teriyaki No Tare Sauce,5.8,235 G,
teriyaki,2,20,90207844,Royal Delights Tsukune Chicken Teriyaki Meatball,8.95,800 G,
venison,2,1,90139440,High Prairie Canine Formula - Bison & Roasted Venison,146.9,12.2 KG,
venison,2,2,90173790,Nz Natural Woof Freeze Dried Raw Dog Food - Wild Venison,185.9,1 KG,
venison,2,3,90139439,High Prairie Puppy Formula - Bison & Roasted Venison,146.9,12.2 KG,
venison,2,4,90160935,iti Biti Air Dried Meat- Lamb & Venison,68.32,1 KG,
venison,2,5,90160927,"iti Biti Variety (Lamb, Chicken, Beef, Eel, Venison, Kahawai)",68.32,1 KG,
venison,2,6,90169876,Absolute Holistic Air Dried Dog Food - Beef And Venison,63.9,1 KG,
venison,2,7,90187491,Go! Solutions Sensitivities - Grain-Free Venison Dog Food,58.45,1.59 KG,
venison,2,8,90173805,Nz Natural Woof Freeze Dried Raw Dog Food - Wild Venison,56.9,280 G,
venison,2,9,90151879,"Canagan Country game-Duck, Venison And Rabbit For Cat",52.11,1.5 KG,
venison,2,10,90153074,iti Venison Cuts With Kiwifruit,15.05,100 G,
venison,2,11,90252902,Howbone Dog Snacks Prime Jerky Sticks - Venison,5.95,75 G,
venison,2,12,90199410,Wanpy Oven-Roasted Venison Jerky 100g,3.9,100 G,
dove,2,1,13099097,Kirei Kirei Anti-bacterial Body Wash - Nourishing Berries,12.18,900ml,
dove,2,2,13019792,Dove Body Wash - Beauty Nourishing,5.9,1L,
dove,2,3,13019796,Dove Body Wash - Sensitive Skin,5.9,1L,
dove,2,4,13149673,Dove Go Fresh Body Wash - Rose x Aloe Vera,5.9,1L,
dove,2,5,13196945,Dove Go Fresh Body Wash - White Peach x White Tea,5.9,1L,
dove,2,6,13149674,Dove Go Fresh Body Wash - Lavender x Chamomile,5.9,1L,
dove,2,7,13149672,Dove Go Fresh Paraben-Free Body Wash - Cucumber x Green Tea,5.9,1L,
dove,2,8,13276621,Kirei Kirei Gentle Care Foam Body Wash Refill - Soothing Cotton,6.95,600ml,
dove,2,9,13180491,Dove Go Fresh Body Wash - Japanese Yuzu x Glacier Water,5.9,1L,
dove,2,10,13196946,Dove Anti-Bacterial Body Wash - Care & Protect,5.9,1L,
dove,2,11,13073446,Shokubutsu Radiance Body Foam - Vita & Whitening,9.68,900ml,
dove,2,12,13276624,Kirei Kirei Gentle Care Foaming Body Wash - Soothing Cotton,14.95,900ml,
dove,2,13,13098014,Dove Body Wash - Oxygen Moisture,5.9,1L,
dove,2,14,13285862,Shokubutsu Hydro+ Body Wash - Smooth Care,13.2,900ml,
dove,2,15,13149677,Dove Go Fresh Paraben-Free Body Wash - Avocado x Calendula,5.9,1L,
dove,2,16,13035315,Dove Body Wash - Go Fresh Revive,5.9,1L,
dove,2,17,13019848,Dove Body Wash - Gentle Exfoliating,5.9,1L,
dove,2,18,13181708,Dove Body Wash Self-Foaming - Deep Moisture,11.05,400ml,
dove,2,19,13181709,Dove Body Wash Self-Foaming - Sakura,11.05,400ml,
dove,2,20,13268332,Dove Shower Foam Body Wash - Blueberry & Lime,11.05,400ml,
dove,2,21,13287777,Dove Body Wash Serum - Hydration Boost,10.9,547ml,
dove,2,22,13181710,Dove Body Wash Self-Foaming - Peach,11.05,400ml,
dove,2,23,13287769,Dove Body Wash Serum - Acne Control,10.9,547ml,
dove,2,24,13019789,Dove Body Wash - Beauty Nourishing,3.62,200ml,
dove,2,25,13292387,Dove Body Scrub - Osmanthus,11.7,280g,
colada,2,1,90247043,IQBar IQMix Hydration Electrolytes Powder - Pina Colada,95.0,40 x 8 G,
colada,2,2,13136281,Shoon Fatt Crackers - Light Treat (Cream Special),2.55,10 x 20g,
colada,2,3,90194336,Tree Hut Coco Colada Shea Sugar Scrub,22.0,510 G,
colada,2,4,90240939,Mathieu Teisseire Zero Sugar Syrup - Pina Colada,16.9,600 ML,
drum,2,1,13097677,Kee Song Fresh Chicken - Drumstick,5.5,300g,Halal
drum,2,2,10785972,Sadia Frozen Chicken Drumsticks,4.95,900g,Halal
drum,2,3,13104100,Sadia IQF Chicken Drumette,5.45,1kg,Halal
drum,2,4,10619296,Seara Frozen Chicken Drumsticks,7.45,2kg,
drum,2,5,90248180,Novopin Washing Machine Drum Cleaner Powder,8.65,120 G,
drum,2,6,90237778,Price Worth Washing machine Drum oxygen powder,3.25,260 G,
drum,2,7,13283205,Bestor Marinated Duck Wing Drums - Spicy,4.95,150g,
drum,2,8,13282973,Sakura Fresh Chicken - Drumstick,3.4,200g,
drum,2,9,90199902,FarmFresh Chicken Drumstick,3.35,200 G,Halal
drum,2,10,90018538,Aw's Market Chicken Drumstick,3.9,200 G,
drum,2,11,90134671,Aw's Market Chicken Drumettes (Wing Stick),3.5,200 G,
drum,2,12,90199924,FarmFresh GG French Poulet Drumstick (An Xin Chicken),11.65,350 G,Halal
drum,2,13,90084456,Tegel Free Range Chicken Drumsticks - Chilled,8.89,400 G,Halal
drum,2,14,90199898,FarmFresh Chicken Drumlets,3.05,200 G,Halal
drum,2,15,90199887,FarmFresh GG French Poulet Drumlets (An Xin Chicken),10.0,350 G,Halal
drum,2,16,90084449,Hego Chicken Drumettes - Chilled,2.79,240 G,
drum,2,17,13237902,FairPrice Buffalo Drumette,8.4,500g,Halal
drum,2,18,13264690,Sadia IQF Chicken Drumstick,4.5,1kg,
drum,2,19,13225658,FairPrice Mexican Style Roasted Chicken Drumette,6.65,350g,Halal
drum,2,20,13257957,FairPrice Frozen Salt & Pepper Crispy Chicken Drumette,7.95,500g,
bulb,2,1,13102371,Eveready LED Tap Light (TAPR22),14.56,1 per pack,
bulb,2,2,13247839,Eveready Metal Light,6.9,1 per pack,
bulb,2,3,13078866,Energizer Vision HD + Headlight (3 LED),33.52,1 per pack,
bulb,2,4,13078868,Energizer Vision HD + Headlight (5 LED),48.19,1 per pack,
bulb,2,5,12606499,Energizer Flexible Booklite,21.19,1 per pack,
bulb,2,6,13285165,Energizer Find Me Keychain Light,19.9,1 per pack,
bulb,2,7,90247724,CozyNest Led Candle Warm,15.9,24 S,
bulb,2,8,90247723,CozyNest Led Candle White,15.9,24 S,
bulb,2,9,90247718,CozyNest Led Candle Yellowish,15.9,24 S,
bulb,2,10,13098205,Energizer LED Metal Pan Light,15.49,1 per pack,
bulb,2,11,13267906,Eveready Rechargeable Flashlight - Medium,14.9,1 per pack,
bulb,2,12,13073422,Energizer LED X-Focus Flash Light - XFH21,14.46,1 per pack,
bulb,2,13,13267907,Eveready Rechargeable Flashlight - Small,12.9,1 per pack,
bulb,2,14,90229549,"Fenix E06R 700 Lumens Rechargeable Keychain Flashlight, Grey",85.0,1 S,
bulb,2,15,90237341,Wuben X4 Compact Multi-Function Rechargeable Flashlight,79.9,1 S,
bulb,2,16,90167037,D.LAB Large Display LED Alarm Clock (NR9335) Black,12.0,1 S,
bulb,2,17,90232322,Fenix PD40R V3.0 Rechargable Flash Light,169.0,1 S,
bulb,2,18,90254344,Nitecore EDC23 2500 Lumen USB-C Rechargeable Flashlight,129.0,1 S,
bulb,2,19,90242841,Fenix E06R Pro Rechargeable Flashlight - Black,109.9,1 S,
bulb,2,20,90242840,Fenix E06R Pro Rechargeable Flashlight - Orange,109.9,1 S,
walnuts,2,1,11961878,Nature's Wonders Baked Nuts - USA Walnuts,7.25,200g,
walnuts,2,2,13093442,FairPrice Baked Walnuts,5.5,150g,Halal
walnuts,2,3,13058274,Camel Natural Baked Walnut,5.35,130g,Halal
walnuts,2,4,90056425,Laobanniang Raw Walnut,13.24,500 G,
walnuts,2,5,13224943,Kangaroo Baked Walnut,9.78,200g,
walnuts,2,6,90006642,Grower Direct California Walnuts- by Foodsterr,21.9,454 G,
walnuts,2,7,13267805,FairPrice Walnuts With Dried Cranberries,5.95,100g,
walnuts,2,8,13183193,FairPrice Baked Walnuts & Cashew Nuts,5.5,150g,Halal
walnuts,2,9,13267810,FairPrice Walnuts With Anchovies,5.95,100g,
walnuts,2,10,13077141,Kangaroo Harvest Nut Mix - Walnuts Cranberry,7.95,7 x 30g,
walnuts,2,11,1,SIMPLY NATURAL Premium Raw Walnut,10.9,200 G,
walnuts,2,12,90112910,SnackFirst Squirrel Walnuts - Raw USA Walnuts,7.9,150 G,
walnuts,2,13,90047440,Garden Picks Walnut (Chopped),13.44,500 G,
walnuts,2,14,90006636,Foodsterr USA Walnut Pieces,9.82,250 G,
walnuts,2,15,90011693,GardenScent Raw Walnuts,7.0,150 G,
walnuts,2,16,90015310,"Now Foods Raw Walnuts, Unsalted,",21.9,340 G,
walnuts,2,17,90229316,Green Earth Raw Red Walnut,9.9,120 G,
walnuts,2,18,90016975,Sunkist Premium Roasted Walnut,6.9,120 G,
walnuts,2,19,90067177,Laobanniang Red Dates With Walnuts,12.22,500 G,
walnuts,2,20,20,RedMan California Walnut - Light Halves & Pieces (20%),211.4,11.3 KG,
guacamole,2,1,1,Santa Maria Dip Tex Mex Style (Guacamole),6.9,250 G,
guacamole,2,2,90217626,Casa del Sur Guacamole Salsa,4.45,300 G,
guacamole,2,3,13287310,California Creamery Guacamole Style Dip & Tortilla Chips,5.5,140g,Halal
guacamole,2,4,90224517,Zanuy Salsa - Guacamole,7.0,300 G,
guacamole,2,5,90167074,Santa Maria Dip Tex Mex Style (Guacamole),6.9,250 G,
whiskey,2,1,12280257,Teacher's Highland Cream Blend Scotch Whisky,42.0,700ml,
whiskey,2,2,63298,Chivas Regal Blended Scotch Whisky - 12 Years Old,60.0,700ml,
whiskey,2,3,13151679,The Singleton Dufftown Whisky,68.0,700ml,
whiskey,2,4,13109830,Suntory Single Grain Whisky - The Chita,72.0,700ml,
whiskey,2,5,13191735,Auchentoshan Single Malt Scotch Whisky 12 Years,59.0,700ml,
whiskey,2,6,13077746,Suntory Kakubin Whisky,59.0,700ml,
whiskey,2,7,13291086,Johnnie Walker Whisky - Black Ruby,59.0,700ml,
whiskey,2,8,13201975,Glenfiddich Single Malt Scotch Whisky - 12 Years,100.85,700ml,
whiskey,2,9,13201992,Grant's Triple Wood Blended Scotch Whisky,42.9,700ml,
whiskey,2,10,13182299,Jameson Triple Distilled Irish Whiskey,58.0,700ml,
whiskey,2,11,13137954,The Glenlivet Scotch Whisky - 12 Years of Age,89.0,700ml,
whiskey,2,12,13288909,Jack Daniel's Tennessee Blackberry Whiskey,59.0,700ml,
whiskey,2,13,13201976,Monkey Shoulder Blended Malt Scotch Whisky,70.0,700ml,
whiskey,2,14,10779601,Jack Daniel's Old No. 7 Tennessee Whiskey,58.0,700ml,
whiskey,2,15,90196272,SHIN Yuzu Wine Japan,29.6,720 ML,
whiskey,2,16,90234580,SHIN Whisky Umeshu Japan,23.7,500 ML,
whiskey,2,17,90233227,SHIN Red Wine Umeshu Japan,22.4,500 ML,
whiskey,2,18,90178786,Akashi Whisky Umeshu Japan,26.2,500 ML,
whiskey,2,19,13206674,Singleton Dufftown Whisky,108.0,700ml,
whiskey,2,20,13286050,Jim Beam Bourbon Whisky,55.0,700ml,
calamari,2,1,90196579,Serve by Hai Sia Fresh Squid Ring,7.9,200 G,
calamari,2,2,90018639,Aw's Market Fresh A Grade Fresh XL Sotong (Squid),16.0,500 G,
calamari,2,3,90149026,Aw's Market Fresh Sotong Ring (Squid),8.0,200 G,
calamari,2,4,90189574,Pan Royal Fresh Squid Cut With Head,13.5,500 G,
calamari,2,5,90189573,Pan Royal Fresh Squid Whole,13.0,500 G,
calamari,2,6,90028145,Catch Seafood Squid Ring 1Kg,6.99,1 KG,
calamari,2,7,90007389,Catch Seafood Whole Squid Large (Wild Caught),9.85,300 G,
calamari,2,8,1,Twinfish Squid Flower Cut,5.95,500 G,
calamari,2,9,90007355,Catch Seafood Squid Tube (Bulk Pack) (Frozen),8.99,1 KG,
calamari,2,10,90240855,Catch Seafood Deep Sea Loligo Squid (Value Pack) - Frozen,19.9,1 KG,
calamari,2,11,90240823,Catch Seafood Deep Sea Loligo Calamari Rings - Frozen,6.25,220 G,
calamari,2,12,90176228,Catch Seafood Premium Whole Loligo Squid Small,6.88,270 G,
calamari,2,13,90158265,Kirei Frozen Ika Tempura Squid Battered Slices,19.8,500 G,
calamari,2,14,90016490,Kirei Ika Shiokara Black Japanese Seasoned Frozen Squid,20.8,200 G,
calamari,2,15,90016190,Kirei Ika No Shiokara White Japanese Seasoned Frozen Squid,20.8,200 G,
calamari,2,16,90016491,Kirei Ika Shiokara Red Japanese Seasoned Frozen Squid,19.8,200 G,
calamari,2,17,90011422,CB Frozen Squid Ring,7.5,1 KG,
calamari,2,18,90216040,CB Frozen Squid Flower,7.5,1 KG,
calamari,2,19,90011400,CB Cuttlefish Ball with Squid Ink (25pcs),7.5,500 G,
calamari,2,20,90011458,CB Tempura Natural Calamari Rings,7.5,300 G,
gooseberries,2,1,90075626,Himalaya THISTLE & INDIAN GOOSEBERRY Oil Anti-Hair Fall,13.98,200 ML,
gooseberries,2,2,90132898,Green Earth Organic Amla Powder (Indian Gooseberry),13.0,125 G,
germ,2,1,13191568,Willms German Sausage - Bockwurst,10.69,400g,
germ,2,2,13206437,Willms German Sausage - Cheese Wiener,6.62,200g,
germ,2,3,13206439,Willms German Sausage - Truffle Bockwurst,8.35,260g,
germ,2,4,13281045,Gerolsteiner Sprudel Natural Mineral Bottle Water,14.16,6 x 1.5L (CTN),
germ,2,5,90113232,Lifebuoy Total 10 Soap – Multivitamins+ 10X Germ Protection,8.66,60 G,
germ,2,6,90125707,Lifebuoy Multivitamin Germ Protection Gentle Body Wash,11.36,1000 ML,
germ,2,7,90123357,Lifebuoy Mild Care Germ Protection Hand Wash,4.26,200 ML,
germ,2,8,90158961,Lifebuoy Multivitamins Germ Protection Lemon Fresh Body Wash,4.86,300 ML,
germ,2,9,90133954,"Cinthol Lime Soap, Deo, 99.9% Germ Protection (4Pack)",7.85,75 G,
germ,2,10,90085644,Lifebuoy Cool Fresh Hygiene Germ Protection Handwash Liquid,6.55,190 ML,
germ,2,11,90110520,Aw's Market Fresh Malaysian Pork Knuckle German No Cut,8.28,500 G,
germ,2,12,13062276,Dettol Antiseptic Germicide Liquid,24.45,2L + 500ml,
germ,2,13,13224381,FairPrice Antiseptic Germicide,18.29,2L,
germ,2,14,57910,Dettol Antiseptic Germicide Liquid,13.85,750ml,
germ,2,15,13224382,FairPrice Antiseptic Germicide,8.0,750ml,
germ,2,16,13041789,Boklunder German Sausages - Pork (Cocktail),7.12,380g (36 per pack),
germ,2,17,13006056,Dettol Antiseptic Germicide Liquid,58.91,5L,
germ,2,18,90076740,Leonard Kreusch Riesling Rheinhessen Germany White Wine 2023,25.3,750 ML,
germ,2,19,90205262,Leonard Kreusch Piesporter Riesling Auslese Germany White,21.55,750 ML,
germ,2,20,90076739,Leonard Kreusch Piesporter Riesling Spatlese Germany,21.25,750 ML,
yokan,2,1,90137306,Imuraya Imuraya Mizu Yokan Mix,13.35,256 G,
yokan,2,2,90210014,Imuraya Mini Neri Yokan 4P,7.5,240 G,
yokan,2,3,90210002,Imuraya Mini Cha Yokan 4P,7.5,240 G,
yokan,2,4,90210021,Imuraya Mini Ogura Yokan 4P,7.5,240 G,
yokan,2,5,90012357,Mizunotokei Coffee Yo-Kan Traditional Red Bean Cake Dessert,19.8,200 G,
yokan,2,6,90251281,Gather Up! Japanese Yokai Monster Candy Pack,5.45,45 G,
yokan,2,7,1,Pristine Home Scent Refill - Japanese Ryokan (Hotel),37.9,180 ML,
yokan,2,8,90175303,Pristine Room Spray - Japanese Ryokan (Hotel),29.9,100 ML,
yokan,2,9,90198483,Pristine Ball Diffuser - Japanese Ryokan (Hotel),21.9,50 ML,
yokan,2,10,90175266,Pristine Reed Diffuser - Japanese Ryokan Hotel,21.9,50 ML,
yokan,2,11,90175005,Pristine Aroma Concentrate - Japanese Ryokan (Hotel),13.9,10 ML,
yokan,2,12,90213934,Pristine Car Diffuser - Japanese Ryokan (Hotel),5.9,8 ML,
yokan,2,13,90157239,Xi Dong Hong Chunjian Lokan Mandarin Orange Ponkan XXL-15S,49.34,1 S,
sweetener,2,1,13156998,Kordel's Sugar Guard Alpha-Lipoic Acid 200mg,39.2,60 per pack,
sweetener,2,2,377417,Equal Sweetener Sachets - Classic,10.08,100 x 1g,
sweetener,2,3,13139991,Equal Sweetener Sachets - Stevia (No Calorie),15.79,100 x 2g,Halal
sweetener,2,4,13108806,SIS White Sugar - Fine Grain,2.35,1kg,Halal
sweetener,2,5,13199769,Equal Sugar Replacement - Monk Fruit,10.08,200g,Halal
sweetener,2,6,13026259,Equal Sweetener Sachets - Stevia (No Calorie),7.64,40 x 2g,
sweetener,2,7,13010019,Singlong Gula Malacca Syrup,3.3,360g,
sweetener,2,8,330994,SIS Raw Sugar - Natural Granulated,3.75,800g,Halal
sweetener,2,9,79055,Equal Sweetener Sachets - Classic,5.7,50 x 1g,
sweetener,2,10,13078717,Equal Sweetener Sachets - Gold (Crunchy Granular),6.42,50 x 0.8g,Halal
sweetener,2,11,10970860,Equal Sweetener Tablets - Classic,6.01,8.5g (100 per pack),Halal
sweetener,2,12,478223,Equal Sweetener Tablets - Low Calorie,16.3,500 per pack,
sweetener,2,13,13199768,Equal Sugar Replacement - Monk Fruit,8.04,60g,Halal
sweetener,2,14,13142248,Equal Sweetener Sachets - Gold (Crunchy Granular),6.11,150g,
sweetener,2,15,90102126,Simply Natural Organic Cane Sugar,6.5,1 KG,
sweetener,2,16,13007966,Equal Sweetener Tablets - Stevia,13.15,17g (200 per pack),
sweetener,2,17,90014753,Madhava Lt Agave Nect Low Glycemic Sweetener,21.5,686 ML,
sweetener,2,18,90075482,Carmencita Crystallized Stevia Sweetener,16.65,315 G,
sweetener,2,19,13209106,SIS Next Half Calorie Sugar Blend,7.03,350g,Halal
sweetener,2,20,90210344,Tsukuba Caramel Sauce - Caramel Milk,13.05,300 G,
celeriac,2,1,13280512,Australia Celery,3.3,1 per pack,
celeriac,2,2,90171163,Yuan Zhen Yuan Australian Celery,4.3,750 G,
celeriac,2,3,90089346,ZENXIN Organic Celery,8.95,400 G,Organic
supplement,2,1,13156994,Kordel's Healthy Hair,71.25,60 per pack,
supplement,2,2,13026563,Dr OatCare Supplement Drink,40.9,850g,
supplement,2,3,13026569,Dr OatCare Supplement Drink,46.95,30 x 25g,
supplement,2,4,13246608,Kinohimitsu Jelly Boost - Collagen,39.9,15 x 15g,
supplement,2,5,13014456,Blackmores Heart Health Supplement - CoQ10,49.17,30 per pack,Halal
supplement,2,6,13277235,Caltrate Joint Supplement - UC-II Collagen + Herbal Hops Extract,119.95,84 per pack,
supplement,2,7,90134399,Nutri Botanics Bio Collagen Peptides AntiAging Supplement,49.9,60 S,
supplement,2,8,13066512,Blackmores Supplement - Omega Triple Concentrated Fish Oil,41.97,60 per pack,
supplement,2,9,13203518,Caltrate 600+ D3 Plus Minerals Calcium Supplement,77.9,2 x 100 per pack,
supplement,2,10,90199230,Biowell Asta Astaxanthin Plus,86.1,90 S,
supplement,2,11,90199813,Biowell Hair Skin & Nails,45.0,60 S,
supplement,2,12,13066514,Blackmores Dietary Supplement Tablets - Buffered C,40.38,200 per pack,Halal
supplement,2,13,90249767,Nutri Botanics Ovios Glow Skin Whitening Supplement,89.9,279 G,
supplement,2,14,13034749,Blackmores Health Supplement - Bio C,36.36,120 per pack,Halal
supplement,2,15,13014448,Blackmores Health Supplement - Multi Vitamins + Minerals,37.26,120 per pack,Halal
supplement,2,16,13108260,Avalon JustUme Fibre Plum Supplement,80.68,2 x 20 per pack,
supplement,2,17,13115194,Kordel's Health Supplement Tablets - B Complex+C,36.75,60 per pack,
supplement,2,18,13097860,Itoh Japan Crystal Collagen Bottle Drink - 5300,40.65,16 x 50ml,
supplement,2,19,13118347,Sangobion Iron Supplement Capsules,21.85,28 per pack,
supplement,2,20,13111342,Swisse Multivitamin Supplement - Men's Ultivite,95.8,120 per pack,Halal
tallow,2,1,90203547,The Meat Club Diamantina Wagyu Beef Tallow,27.5,330 G,
tallow,2,2,90152466,Haorenjia Handmade Beef Tallow Hot Pot Soup Base (KEMF),6.9,228 G,
tallow,2,3,90230884,SnackFirst Halloween Pumpkin Seeds - Natural Unsalted,6.9,200 G,
tallow,2,4,90105313,Partyforte Halloween Costume Toddler - Little Bunny,39.9,1 S,
tallow,2,5,90102379,Partyforte Halloween Masked Knight Girl Adult Costume,39.9,1 S,
tallow,2,6,90105311,Partyforte Halloween Costume Toddler - Little Lion,39.0,1 S,
tallow,2,7,90105308,Partyforte Halloween Costume Toddler - Lovely Pirate,39.0,1 S,
tallow,2,8,90105309,Partyforte Halloween Costume Toddler - Cute Panda,39.0,1 S,
tallow,2,9,90105310,Partyforte Halloween Toddler - Cute Penguin,39.0,1 S,
tallow,2,10,90102356,Partyforte Halloween Red Ninja Children'S Costume,35.0,1 S,
tallow,2,11,90105304,Partyforte Halloween Costume Children Girl - Princess Mermaid,34.9,1 S,
tallow,2,12,90106963,Partyforte Christmas Santa Costume (Girl) - Halloween,29.9,1 S,
tallow,2,13,90106964,Partyforte Christmas Santa Costume (Boy) - Halloween,29.9,1 S,
tallow,2,14,90105306,Partyforte Halloween Costume Children Girl - Skeleton Jumpsui,29.9,1 S,
tallow,2,15,90105305,Partyforte Halloween Costume Children Girl -Skeleton Princess,29.9,1 S,
tallow,2,16,90105307,Partyforte Halloween Costume Children Girl - Lovely Magician,29.9,1 S,
tallow,2,17,90102351,Partyforte Halloween King Children'S Costume,29.9,1 S,
tallow,2,18,90102361,Partyforte Halloween Snow White Children's Costume,29.9,1 S,
tallow,2,19,90102376,Partyforte Halloween Girl Children Costume - Lovely Witch,29.9,1 S,
tallow,2,20,90102360,Partyforte Halloween Pirate Girl Children'S Costume,29.9,1 S,
grass,2,1,90046419,Hego Grass Fed Beef Minced - Chilled,13.49,400 G,Halal
grass,2,2,90046414,Hego Grass Fed Beef Chuck Tender Chilled,13.9,400 G,
grass,2,3,90021558,Hego Grass Fed Beef Ribeye - Chilled,14.9,300 G,Halal
grass,2,4,90046418,Hego Grass Fed Beef Diced Chilled,9.45,250 G,
grass,2,5,90127277,Hego Black Angus Grass Fed Tenderloin,18.7,200 G,
grass,2,6,90046413,Hego Grass Fed Beef Knuckle Chilled,13.9,400 G,
grass,2,7,90202405,Hego NZ Grass Fed Beef Striploin with Garlic Herb Butter,14.19,250 G,
grass,2,8,90021559,Hego Grass Fed Beef Striploin - Chilled,12.45,250 G,
grass,2,9,90046415,Hego Grass Fed Beef Topside (Inside) Chilled,13.92,400 G,
grass,2,10,11659556,Simply Finest Lemon Grass,2.2,200g,
grass,2,11,90141683,Tasty Food Affair New Zealand Fresh Grass Fed Minced Beef,10.0,300 G,
grass,2,12,13152432,Ambi Pur Gel Fresh - Lemon Grass,4.95,180g,
grass,2,13,90046417,Hego Grass Fed Beef Stir Fry - Chilled,10.0,250 G,Halal
grass,2,14,90141685,Tasty Food Affair New Zealand Fresh Grass Fed Beef Brisket,16.0,500 G,
grass,2,15,90141684,Tasty Food Affair Fresh Sliced Beef (Grass Fed),12.5,300 G,
grass,2,16,90046416,Hego Grass Fed Beef Shin Shank Cube Chilled,11.0,300 G,
grass,2,17,13038774,Happy Grass Powder - Soya Bean Curd,1.83,80g,Halal
grass,2,18,12121379,Happy Grass Powder - Guiling Grass Jelly (Low Sugar),2.34,100g,
grass,2,19,90190444,Cannamela Cannamela Lemon Grass,4.48,20 G,
grass,2,20,13100787,Morlife Phytofood Organic Powders - Barley Grass,40.65,200g,Organic
wafers,2,1,13142563,Nutella B-ready Wafer Biscuit,5.25,132g,Halal
wafers,2,2,475435,Loacker Quadratini Crispy Wafers - Napolitaner,6.85,250g,
wafers,2,3,12188143,Loacker Quadratini Crispy Wafers - Dark Chocolate,6.85,250g,
wafers,2,4,13262808,Nutella Biscuits,4.95,193.2g,Halal
wafers,2,5,13229932,Redondo Creme Wafers - Chocolate,4.3,300g,Halal
wafers,2,6,13229935,Redondo Creme Waffle Sticks - Cookies & Creme,3.85,300g,Halal
wafers,2,7,13092201,Loacker Classic Mini Crispy Wafers - Napolitaner,8.8,20 x 10g,
wafers,2,8,13092621,Loacker Classic Mini Crispy Wafers - Cremkakao,8.8,20 x 10g,
wafers,2,9,475419,Loacker Quadratini Crispy Wafers - Chocolate,6.85,250g,
wafers,2,10,13229933,Redondo Creme Waffle Sticks - Vanilla,3.85,300g,Halal
wafers,2,11,13229934,Redondo Creme Waffle Sticks - Strawberry,4.3,300g,Halal
wafers,2,12,13287124,FairPrice Crepe Biscuits - Chocolate,2.2,85g,
wafers,2,13,13229936,Redondo Creme Wafers - Chocolate Hazelnut,4.3,300g,Halal
wafers,2,14,13269604,Loacker Crispy Wafers - Break3 Hazelnut,3.2,76g,
wafers,2,15,10954967,Julie's Love Letter Wafer Biscuit Roll - Chocolate,9.5,705g,
wafers,2,16,200006,Aladdin Ice Cream Cones,2.67,120g (12 per pack),
wafers,2,17,13287106,FairPrice Crepe Biscuits - Strawberry,2.2,85g,
wafers,2,18,13072014,Loacker Quadratini Crispy Wafers - Raspberry-Yogurt,6.85,220g,Halal
wafers,2,19,446642,Julie's Love Letters Cream Wafer Roll - Chocolate,6.1,360g,
wafers,2,20,13256510,Loacker Quadratini Crispy Wafers - Vanilla,6.85,250g,Halal
wafers,2,21,10954983,Julie's Love Letter Wafer Biscuit Roll - Strawberry,9.5,705g,
catsup,2,1,13259472,Del Monte Tomato Ketchup (Sauce),1.45,300g,Halal
catsup,2,2,10789607,Heinz Tomato Ketchup,7.25,567g,
catsup,2,3,430819,Heinz Tomato Ketchup,2.0,300g,
catsup,2,4,13166939,Heinz Tomato Ketchup (No Added Sugar),5.0,369g,
catsup,2,5,13252640,Heinz Tomato Ketchup (No Added Salt),5.0,397g,
catsup,2,6,13201398,Heinz Tomato Ketchup - Organic,7.15,397g,
catsup,2,7,90160455,Kirei Ikari Nameraka Delicious Japanese Tomato Ketchup,5.8,280 G,
catsup,2,8,90013989,Kirei Kagome Ketchup Organic Tomatoes Ketchup,8.5,300 G,
catsup,2,9,90226851,Lunica Organic Ketchup,6.32,270 G,Organic
catsup,2,10,90248945,Don Antonio Organic Tomato Ketchup,9.81,400 G,
catsup,2,11,90121958,Kirei Del Monte Premium Quality Japanese Ketchup Squeeze Tube,8.0,500 G,
catsup,2,12,90210739,Haguruma Oragnic JAS Tomato Ketchup,8.9,300 G,
catsup,2,13,90040082,De Nigris Balsamic Sauce - Ketchup,6.0,300 ML,
catsup,2,14,90250497,BioBandits Organic Unsweetened Ketchup,7.9,325 ML,Organic
catsup,2,15,90252340,Yarra Valley Mountain Pepper Tomato Ketchup,13.9,250 ML,
catsup,2,16,90020812,Rudolfs Organic Tomato Ketchup - Classic,8.49,530 ML,
catsup,2,17,90232723,Little Bee Tomato Ketchup,3.5,310 G,
catsup,2,18,90044586,OTAFUKU Ketchup Sauce For Baby 1+Year,8.98,200 G,
catsup,2,19,13066243,FairPrice Tomato Ketchup,1.16,320g,Halal
catsup,2,20,13094034,Uncle Saba's Poppadoms Lentil Chip - Tomato Ketchup,2.55,70g,Halal
goat,2,1,13005416,Goat's Milk Bath - Chamomile,5.05,1kg,
goat,2,2,10623383,Everyday Goat's Milk Cream Bath,6.0,1L,
goat,2,3,13064178,Silkpro Premium Goat's Milk Bath - Moisturising & Energising,5.05,1kg,
goat,2,4,90081373,Lauren Goat's Milk Shower Cream With Lavender,7.9,1200 ML,
goat,2,5,13259453,Follow Me Beauty Body Wash - Goat's Milk,6.5,1L,
goat,2,6,90081372,Lauren Goat's Milk Shower Cream Refill,5.5,1000 ML,
goat,2,7,13268308,Showermate Goat Milk Body Wash - Original,13.9,800ml,
goat,2,8,90221759,Everfresh Goat Milk Whitening Shower Cream,5.0,2 x 700 ML,
goat,2,9,90081375,Lauren Goat's Milk Shower Cream,7.9,1200 ML,
goat,2,10,90081374,Lauren Goat's Milk Shower Cream With Aloe Vera,7.9,1200 ML,
goat,2,11,13268309,Showermate Goat Milk Body Wash - Manuka Honey,13.9,800ml,
goat,2,12,55,Ever Fresh Body Shampoo Whitening Goat's Milk Ph 5.5,4.98,1000 ML,
goat,2,13,90079797,Le Belle Goat's Milk Shower Cream,7.9,1200 ML,
goat,2,14,13161587,Velvy Goat's Milk Shower Cream - Rosehip Seed Oil & Peach,8.04,1L,
goat,2,15,13161585,Velvy Goat's Milk Shower Cream - Royal Jelly & Sunflower,8.04,1L,
goat,2,16,90204556,Everfresh Goat'S Milk Whitening Shower Cream,2.55,700 ML,
goat,2,17,90230718,Goat Moisturising Body Wash With Manuka Honey,27.9,500 ML,
goat,2,18,90230733,Goat Moisturising Body Wash with Coconut Oil,27.9,500 ML,
goat,2,19,90190892,Ziaja Goat's Milk Creamy Shower Gel,15.9,500 ML,
yautia,1,1,90117640,Gim's Heritage Sotong Youtiao,8.1,400 G,
yautia,1,2,90230385,Hougang Otah Otah Youtiao,12.0,520 G,Halal
barrel,1,1,13139901,Martell Cognac VSOP Aged in Red Barrels,89.0,700ml,
barrel,1,2,13238526,Bloc & Barrel Cabernet Sauvignon,40.9,750ml,
barrel,1,3,13230692,Bloc & Barrel Chardonnay,40.9,750ml,
barrel,1,4,13239977,1924 Whiskey Barrel Aged - Red Blend,53.0,750ml,
barrel,1,5,13178407,Martell Cognac VSOP Aged in Red Barrels,161.48,1L,
barrel,1,6,90006759,Cono Sur 20 Barrels Cabernet Sauvignon - Red Wine,85.0,750 ML,
barrel,1,7,90248907,Yellow tail whiskey barrel cabernet sauvignon - case,55.97,2 x 750 ML,
barrel,1,8,90142412,Kirei Shibanuma Ohitachi Shoyu Artisanal Barrel Fermented Soy,31.3,500 ML,
barrel,1,9,1,Nikka Whisky From The Barrel,399.99,6 x 500 ML,
barrel,1,10,90152890,Starward Octave Barrels,188.0,700 ML,
barrel,1,11,90110142,Jack Daniel's Single Barrel Select,145.0,750 ML,
barrel,1,12,514,Nikka From The Barrel Whisky ABV 51.4%,85.0,500 ML,
barrel,1,13,90031724,Okunomatsu Honjyozo Barrel,47.0,300 ML,
barrel,1,14,90153564,Stanley Barrel Padlock 50mm Brass,21.09,50 MM,
barrel,1,15,90152708,Vesta Stainless Steel Barrel Handle Tea Strainer D7 L22.5Cm,7.5,1 PC,
barrel,1,16,90164249,Vesta Stainless Steel Barrel Handle Swivel Peeler 20.5Cm,7.3,1 S,
barrel,1,17,90187477,Vesta Stainless Steel Barrel Handle Butter Curler 18.5Cm,6.9,1 S,
barrel,1,18,90102944,Vesta Stainless Steel Barrel Handle Peeler 19.5Cm,6.5,1 S,
barrel,1,19,90173462,Bormioli Rocco Hi-Barrel Tumbler Glass 38cl,25.5,380 ML,
barrel,1,20,90173463,Bormioli Rocco Hi-Barrel Tumbler Glass 40cl,27.0,400 ML,
wieners,1,1,13206437,Willms German Sausage - Cheese Wiener,6.62,200g,
wieners,1,2,90192437,Jill's Sausages Arabiki Cocktail Weiners (Nitrite Free),7.5,200 G,
animal,1,1,13273056,Bellamy's Pasta - Farm Animal Shapes,8.18,150g,Organic
animal,1,2,13043241,Wakodo Baby Snacks - Animal-Figured Biscuits,5.35,35g,
animal,1,3,90184806,MH Food Organic Quinoa Kids Pasta Animals Shape,9.5,120 G,
animal,1,4,90210619,Wakodo Animal-Figured Biscuits,5.95,34.5 G,
animal,1,5,13252778,B-Brite Flashing Toothbrush - Animal,4.9,1 per pack,
animal,1,6,90232285,Organix Animal Toddler Snack Biscuits,11.2,100 G,
animal,1,7,90195616,Cozy Nest Magical Water Drawing Mat - Wild Animal,18.9,1 S,
animal,1,8,90194671,Cozy Nest Foldable Baby Crawling Mat - 180*150 Animal Party,27.9,1 S,
animal,1,9,90194638,Cozy Nest Foldable Baby Crawling Mat - 180*100 Animal Driving,22.9,1 S,
animal,1,10,90203928,Puzzle Set for Kids - Marine Animals,6.9,1 S,
animal,1,11,90203974,Puzzle Set for Kids - Farm Animals,6.9,1 S,
animal,1,12,90203690,Puzzle Set for Kids - Animals,6.9,1 S,
animal,1,13,90247715,CozyNest Disposable zoo animals bibs,3.9,10 S,
animal,1,14,90237753,Bamboo Chopsticks for Children’s - Animal,3.35,3 S,
animal,1,15,90214635,Vtech Shapes and Animals Tractor,49.9,1 S,
animal,1,16,1,LeapFrog Phonics Fun Animal Bus,45.81,1 S,
animal,1,17,90233534,"LeapFrog 100 Animals Book - English, Spanish",42.21,1 S,
animal,1,18,90252913,LEAPFROG 100 Animals Book - Bilingual English and Chinese,42.0,1 S,
animal,1,19,90249967,Vtech Pop N Sing Animal Train,39.9,1 S,
animal,1,20,90235256,Magnetopia Magnetic Funny Puzzle - Animal,38.9,1 S,
trifle,1,1,90235651,"TriFlex Utility Pouch Sling, Belt Pouch & Carabiner - Black",13.5,1 S,
trifle,1,2,90235645,"TriFlex Utility Pouch Sling, Belt Pouch & Carabiner - Navy",13.5,1 S,
trifle,1,3,90235644,"TriFlex Utility Pouch Sling, Belt Pouch & Carabiner - Grey",13.5,1 S,
trifle,1,4,13209878,FairPrice Triple Action Powder Detergent,7.9,5.75kg,
trifle,1,5,13164012,Colgate Triple Action Toothpaste - Original Mint,7.4,2 x 175g,
trifle,1,6,13267070,Cowhead Triple Pack Cheese - Burger Cheddar,6.95,3 x 200g,Halal
trifle,1,7,13177163,Clorox Triple Action Bleach - Original,2.9,1L,
trifle,1,8,13239935,Chobani Flip Yogurt - Triple Brownie,4.69,140g,
trifle,1,9,13209877,FairPrice Triple Action Powder Detergent,2.25,1.2kg,
trifle,1,10,13263174,Nestle Cereal - Triple Fun Pack,4.9,6 x 50g,Halal
trifle,1,11,13250349,Meiji Greek Style Yoghurt - Triple Berry,7.95,1kg,Halal
trifle,1,12,13019369,Abbott Glucerna Triple Care Milk Formula - Classic Vanilla,53.9,800g,Halal
trifle,1,13,13289824,Meiji Greek Style Yoghurt - Triple Berry,2.75,180g,
trifle,1,14,13250324,Meiji Greek Style Yoghurt - Triple Berry,4.95,500ml,Halal
trifle,1,15,13271729,Redoxon Triple Action Effervescent Tablets - Orange,24.0,45 per pack,
trifle,1,16,12375555,Triple Stars Rice Vermicelli,3.55,600g,
trifle,1,17,13280675,Magnolia Ice Cream Nuggets - Hershey's Triple Chocolate,7.45,4 x 45ml,Halal
trifle,1,18,13180882,Abbott Glucerna Triple Care Milk Formula - Wheat,53.9,800g,Halal
trifle,1,19,13031291,Strepsils Lozenges Box - Max Triple Action (Blackcurrant),7.3,16 per pack,
trifle,1,20,13214891,Abbott Glucerna Triple Care Ready-to-Drink - Vanilla,3.93,220ml,Halal
adobo,1,1,90219103,Adobo Chicken Porridge - Frozen,7.5,150 G,
adobo,1,2,90221080,Adobo Chicken Porridge Twin Pack - Frozen,15.0,2 x 150 G,
adobo,1,3,90229820,Japan Adoberry Fruit Vinegar Glass Bottle,18.9,200 ML,
triticale,1,1,2,Applied Nutrition Critical Whey Protein Powder - Chocolate,103.9,2 KG,
triticale,1,2,90254050,Applied Nutrition Critical Whey Protein Powder - Chocolate,62.5,825 G,
triticale,1,3,90230396,Applied Nutrition Critical Whey Protein Powder Chocolate,30.0,450 G,
triticale,1,4,90230403,Applied Nutrition Critical Whey Protein Powder Vanilla,38.0,450 G,
triticale,1,5,90230402,Applied Nutrition Critical Whey Protein Powder Strawberry,30.0,450 G,
triticale,1,6,90254035,Applied Nutrition Critical Whey Protein Powder - Strawberry,62.5,825 G,
triticale,1,7,90232696,Applied Nutrition Critical Plant Protein Chocolate,24.71,450 G,
triticale,1,8,1,Applied Nutrition Critical Plant Protein Chocolate,78.0,1.8 KG,
triticale,1,9,90255116,Applied Nutrition Critical Whey Protein Powder - Vanilla,59.25,825 G,
triticale,1,10,90232649,Applied Nutrition Critical Plant Protein Strawberry,30.0,450 G,
triticale,1,11,90218495,Applied Nutrition Critical Cookie Box Chocolate Chip,44.91,12 x 73 G,Halal
triticale,1,12,90218159,Applied Nutrition Critical Cookie Box Double Chocolate,44.91,12 x 73 G,Halal
triticale,1,13,90232648,Applied Nutrition Critical Plant Protein Vanilla,30.0,450 G,
pummelo,1,1,90242051,Green Earth Tomentose Pummelo Hua Ju Hong Slice,9.9,100 G,
ratatouille,1,1,13237136,Daucy Ratatouille Mix Vegetable Sauce,4.99,380g,
gluten,2,1,110809,Wei Chuan Fried Gluten (Granule) in Soy Sauce,1.73,170g,
gluten,2,2,53116,Wei Chuan Fried Gluten (Granule) in Soy Sauce with Peanut,1.73,170g,
gluten,2,3,90024604,AAA Olive Vegetable,3.9,500 G,
gluten,2,4,90022080,AAA Shantou Salted Plum,4.1,340 G,
gluten,2,5,90021716,AAA Pickled Mustard,2.9,170 G,
gluten,2,6,90206309,Cucina & Amore Quartered Marinated Artichoke Hearts,11.6,410 G,
gluten,2,7,90022085,AAA Bailing Mushroom(King-Whole),4.05,850 G,
gluten,2,8,90201624,Kitchen & Love  Hearts of Palm,12.51,410 G,
gluten,2,9,90028427,Kitchen & Love Whole Grilled & Marinated Artichokes Heart,11.74,410 G,
gluten,2,10,90021984,AAA Premium Whole Mushrooms(Pieces & Stems),2.3,425 G,
gluten,2,11,90026020,AAA Shitake Berk Mushroom,4.1,180 G,
gluten,2,12,90205744,Kimlan Fried Gluten (Granule) in Soy Sauce with Peanut,8.8,396 G,
gluten,2,13,90018395,Furn You Fried Gluten With Peanuts 150 G Bundle of 2,5.0,150 G,
gluten,2,14,90249866,Furn Yuo Fried Gluten,3.6,170 G,
gluten,2,15,13102689,Mili Pork Luncheon Meat - Premium (30% Less Sodium),5.25,340g,
gluten,2,16,90184528,Superfarm Raw Organic Gluten-Free Rolled Oats (Wholegrain),5.5,750 G,
gluten,2,17,90184527,Superfarm Raw Organic Gluten-Free Instant Oats (Wholegrain),5.5,750 G,
gluten,2,18,90198306,The GFB Gluten Free Protein Bar Dark Choc Almond,64.0,12 x 58 G,
gluten,2,19,13281521,[BCRS] F & N Seasons Bottle Drink - Ice Lemon Tea (Zero Sugar),2.1,1.5L,
gluten,2,20,90022072,Sanhee Premium Honey,4.1,400 G,
alexander,1,1,90242536,Kendall Jackson Alexander Valley Cabernet Sauvignon,57.94,750 ML,
alexander,1,2,90151108,Comte Alexandre Vin de EU - Red Wine,39.9,750 ML,
alexander,1,3,90235431,Comte Alexandre White Wine Vin Blanc,29.93,750 ML,
alexander,1,4,90220440,JM Flower Nerium Oleander (Rosebay) Plant,23.0,1 S,
wheels,1,1,13190533,Kracker King Potato Wheels,2.41,90g,Halal
wheels,1,2,90122267,SnackFirst Couch Potato Wheel Crackers (Old School Biscuits),5.9,40 G,
wheels,1,3,13278912,Flying Wheel Bird's Nest Collagen with Red Dates - Less Sweet,29.9,6 x 150g,
wheels,1,4,13273476,Flying Wheel Bird's Nest Snow Fungus (Less Sweet),29.9,6 x 150g,
wheels,1,5,13288810,Flying Wheel Bird's Nest Snow Fungus with Red Ginseng-Less Sweet,29.9,6 x 150g,
wheels,1,6,13234355,HomeProud 5 Drawers with Wheels - 175L (with Castors),120.11,1 per pack,
wheels,1,7,13143229,FREE Foldable 4-Wheel Trolley (worth $48.90),,1pc,
wheels,1,8,90020896,Golden Wheel Thai Fragrant Rice,8.95,5 KG,
wheels,1,9,90200917,Lit Luggage Wheel Rubber Cover - Black,7.9,8 S,
wheels,1,10,90091821,Sweet Home Movable Storage Box With Wheels - 66L (Blue),26.95,1 S,
wheels,1,11,90180115,Citylife 30L Storage Container Box With Wheels - Clear,11.9,1 S,
wheels,1,12,90241951,MOZA Racing VGS Steering Wheel,1099.0,1 S,
wheels,1,13,90237287,Logitech RS50 System DD Wheel+Base for (PS4/PS5/PC),999.0,1 S,
wheels,1,14,90219364,RIFLE SP90 LITEPRO Edition Aluminum Bike 451mm Wheel - Gold,799.0,1 KG,
wheels,1,15,90219342,RIFLE SP90 LITEPRO Edition Aluminum Bike 451mm Wheel - Black,799.0,1 KG,
wheels,1,16,90219362,RIFLE SP90 LITEPRO Edition Aluminum Bike 451mm Wheel - Sliver,799.0,1 KG,
wheels,1,17,1,Thrustmaster T598 Direct Axial Drive Wheel - PlayStation & PC,699.0,1 S,
wheels,1,18,90241934,MOZA Racing RS V2 Gaming SIM Steering Wheel,639.0,1 S,
wheels,1,19,90241096,MOZA R3 bundle (3.9nm Base+Steering Wheel+Pedals+Table Clamp),589.0,1 S,
wheels,1,20,90245164,"JIJI.SG TRIPP Plastic Garbage Bin with 4 wheels, Green 1100L",485.0,1 S,
cider,2,1,13281355,[BCRS] Somersby Can Cider - Apple,18.95,6 x 320ml,
cider,2,2,13281392,[BCRS] Somersby Can Cider - Apple,9.95,3 x 320ml,
cider,2,3,13010944,Somersby Bottle Cider - Apple,16.95,4 x 330ml,
cider,2,4,13231858,Somersby Bottle Cider - Passionfruit & Orange,16.95,4 x 330ml,
cider,2,5,13051084,Somersby Bottle Cider - Pear,16.95,4 x 330ml,
cider,2,6,13271007,Somersby Can Cider - Mango Lime Cider,16.95,4 x 330ml,
cider,2,7,90200761,El Gaitero Spanish Cider 100% Apple,5.54,330 ML,
cider,2,8,90200763,El Gaitero Spanish Cider Red Grape,5.54,330 ML,
cider,2,9,13060288,Kopparberg Swedish Cider - Naked Apple,5.45,330ml,
cider,2,10,13266468,Lonetree Cider - Ginger Apple,6.95,355ml,
cider,2,11,13060284,Kopparberg Swedish Cider - Pear,5.45,330ml,
cider,2,12,3,El Gaitero Spanish Cider,4.13,250 ML,
cider,2,13,90200762,El Gaitero Sparkling Extra Cider,15.92,750 ML,
cider,2,14,90200718,El Gaitero Spanish Cider,13.52,750 ML,
cider,2,15,90200748,El Gaitero Spring Cider,4.13,250 ML,
cider,2,16,90251665,Crazy Apple Cider French Oak Finish,16.1,330 ML,
cider,2,17,90200709,El Gaitero Rose Sparkling Cider,15.92,750 ML,
cider,2,18,13266469,Lonetree Authentic Dry Cider,6.95,355ml,
cider,2,19,12712655,Somersby Bottle Cider - Passionfruit & Orange,108.81,24 x 330ml (CTN),
cider,2,20,12708884,Somersby Bottle Cider - Apple,108.79,24 x 330ml (CTN),
ale,1,1,13281360,[BCRS] Schweppes Carbonated Can Drink - Dry Ginger Ale,4.4,4 x 320ml,Halal
ale,1,2,13281496,[BCRS] Kronenbourg 1664 Can Beer - Rose,13.95,4 x 320ml,
ale,1,3,12268047,Little Creatures Bottle Beer - Pale Ale,32.0,6 x 330ml,
ale,1,4,10575844,Hoegaarden Bottle Beer - Witbier,19.2,4 x 330ml,
ale,1,5,13159768,Fever-Tree Premium Bottle - Ginger Ale,9.98,4 x 200ml,
ale,1,6,13029002,[BCRS] Gold Medal Taiwan Can Beer,17.93,6 x 330ml,
ale,1,7,13281652,[BCRS] Hoegaarden Can Beer - White,5.9,500ml,
ale,1,8,13226850,Paulaner Wheat Bottle Beer - Weissbier,7.82,500ml,
ale,1,9,10829736,Erdinger Wheat Bottle Beer - Weissbier,7.96,500ml,
ale,1,10,13214027,Kronenbourg 1664 Can Beer - Rose,13.95,4 x 320ml,
ale,1,11,90177908,Kirei Japanese Craft Beer Series - LUCKY CAT White Ale CAN,8.1,350 ML,
ale,1,12,90177905,Kirei Japanese Craft Beer Series - LUCKY CAT White Ale Bottle,9.6,330 ML,
ale,1,13,13116292,Aleve Pain Relief Tablets,9.79,12 per pack,
ale,1,14,90242536,Kendall Jackson Alexander Valley Cabernet Sauvignon,57.94,750 ML,
ale,1,15,90151108,Comte Alexandre Vin de EU - Red Wine,39.9,750 ML,
ale,1,16,90235431,Comte Alexandre White Wine Vin Blanc,29.93,750 ML,
ale,1,17,90129117,Karma Drinks Organic Sparkling Gingerella Ginger Ale,55.0,15 x 300 ML,
ale,1,18,90129123,Karma Drinks Organic Sparkling Gingerella Ginger Ale,5.03,300 ML,
ale,1,19,90018473,Benediktiner Weissbier Beer,13.9,2 x 500 ML,
ale,1,20,90236312,Sangean DT-800 (FCC AM / FM / Weather Alert Pocket Radio),128.0,1 S,
honey,2,1,13234156,Sweet Nature Multifloral Manuka Honey 50+,20.09,500g,Halal
honey,2,2,13185252,FairPrice 100% Premium Raw Honey,6.65,360g,
honey,2,3,12130785,Hosen Honey,5.25,1kg,
honey,2,4,13079296,Sweet Nature Manuka Honey UMF 5+,28.0,500g,
honey,2,5,11180692,Capilano Pure & Natural Honey - Twist Squeeze Cap,9.11,400g,
honey,2,6,13166796,Origins Natural Raw Honey,17.65,1kg,
honey,2,7,13076653,BusyB Premium Natural Honey,4.5,1kg,Halal
honey,2,8,13079301,Sweet Nature Manuka Honey UMF 10+,34.9,500g,
honey,2,9,13051296,Lune De Miel Honey - Pure Bee (Squeezy),11.0,500g,
honey,2,10,13166795,Origins Organic Raw Honey,19.95,1kg,Organic
honey,2,11,13169856,Egmont New Zealand Honey - Native Bush Honey,11.11,500g,
honey,2,12,13233971,Capilano 100% Australian Honey - Aussie Bush,7.56,340g,
honey,2,13,13102738,Wescobee Premium Pure Australian Honey,7.95,375g,Halal
honey,2,14,13080503,Wescobee Premium Pure Australian Honey,18.85,1kg,Halal
honey,2,15,13099701,Mother Earth Manuka Honey - UMF 10+,24.95,250g,
honey,2,16,10869041,Huiji Honey,11.61,1kg,
honey,2,17,13273779,Capilano 100% Pure Honey,13.45,750g,
honey,2,18,417255,Polleney Pure Honey,5.35,454g,
honey,2,19,90022072,Sanhee Premium Honey,4.1,400 G,
honey,2,20,457920,Capilano Pure & Natural Honey,10.14,500g,
alfalfa,1,1,90201894,Salad Alfafa Seeds,2.52,1 S,
type,1,1,13233624,Gatsby Ice Type Deodorant Body Wipes - Ice Fruity,5.95,30 per pack,
type,1,2,13099257,Samyang Hot Chicken Instant Ramen - Stew Type,8.98,5 x 145g,
type,1,3,13244043,Gatsby Ice Type Deodorant Body Wipes - Ice Peach,5.95,30 per pack,
type,1,4,12434359,Mizkan Sesame Sauce - Roasted Coarse Type,5.95,250ml,
type,1,5,13025369,Gatsby Facial Wipes - Ice-Type,2.8,15 per pack,
type,1,6,222191,Iwamoto 3 Sisters Egg Ball Biscuit - Soft Type (Assorted),3.41,110g,
type,1,7,90206472,Whalesun Seaweed Laver (Bowl Type),2.9,25 G,
type,1,8,90088743,Kewpie Mayonnaise Mild Type,4.55,310 ML,
type,1,9,13153993,Gatsby Facial Paper - Cool-Type,6.15,42 per pack,
type,1,10,11839928,Gatsby Deodorant Body Paper - Ice-Type,3.6,10 per pack,
type,1,11,90144444,Byphasse Exfoliant Toning Body Scrub for All Skin Types,15.0,350 ML,
type,1,12,13256004,Gatsby Ice Type Deodorant Body Wipes - Ice Peach,3.6,10 per pack,
type,1,13,90177904,Kirei Japanese Craft Beer Series - LUCKY DOG IPA Bottle Type,9.6,330 ML,
type,1,14,10929091,Gatsby Shaving Gel - Cool-Type,6.3,205g,
type,1,15,13072423,Yanagiya Hair Tonic - Fragrance Free with Cool Type,21.8,240ml,
type,1,16,13164870,Gatsby Styling Gel & Wax - Nuance Type,8.96,100g,
type,1,17,13216384,Cetaphil Gentle Skin Cleanser - All Skin Types,17.25,250ml,
type,1,18,90061557,Wakodo 10 Types Of Mixed Vegetables Bento Box,5.9,100 G,
type,1,19,90056658,Hagoromo Tuna Mayonnaise Shoyu Flavour (Portion Type),4.99,40 G,
type,1,20,13236892,Nutox Youth Restoring Advanced Serum Concentrate - All Skin Types,33.0,30ml,Halal
quinces,1,1,90253746,Saboreco Quince Puree,11.61,350 G,
quinces,1,2,90252104,Yarra Valley Quince Jelly,8.5,110 G,
quinces,1,3,90006834,Rudolfs Organic Mango Banana & Quince Puree,3.87,110 ML,
quinces,1,4,90017023,"Rudolfs Organic Mango, Banana & Quince Puree",29.99,8 x 110 ML,Organic
agents,1,1,90237798,Price Worth QindieAI 6in1 Dishwasher Tablet -Non Icnic Agent,8.26,300 G,
agents,1,2,90237779,Price Worth gold/silver Jewelry cleaning agent free wipecloth,3.75,100 ML,
agents,1,3,90234208,YellowYellow Drain Choke Cleaning Agent,14.0,1 L,
wellington,1,1,307670,Billington's Natural Unrefined Cane Sugar - Demerara,6.75,1kg,
upma,1,1,90015632,Gits Upma Mix 200G -- By Dashmesh,2.3,200 G,
upma,1,2,90008920,Shahi Golden Roasted Rava Upma (Sooji),3.22,500 G,
upma,1,3,90008901,Shahi Golden Roasted Rava Upma (Sooji),5.14,1000 S,
upma,1,4,13136880,Nissin Instant Japanese Ramen - Uma-Kara Spicy,3.99,5 x 106g,
upma,1,5,90034414,ACE COOK Ace Cook Instant Cup Uma Tonkotsu Ramen Noodles,4.99,58 G,
upma,1,6,90218945,Yaokin Umai Bar - Ebi Mayonnaise,6.9,180 G,
upma,1,7,90218935,Yaokin Umai Bar - Mentai,9.9,180 G,
upma,1,8,90218936,Yaokin Umai Bar - Cheese,9.9,180 G,
upma,1,9,90221705,Yaokin Umai Bar - Teriyaki Burger,9.9,180 G,
upma,1,10,90088667,"Dove Straight & Silky Shampoo for Frizzy, unmanageable Hair",6.49,330 ML,
upma,1,11,90251270,S&B Umami Topping Crunchy Garlic With Chili Oil Tin,24.9,400 G,
upma,1,12,90236223,Better Gourmet Rice Crisps -  Classic Umami,4.9,150 G,
upma,1,13,90135909,Kirei Uma Mayo Jaken Shake Seasoned Yummy Mayo Salmon Flakes,9.8,190 G,
upma,1,14,13284010,Hakushika Yamadanishiki Umakuchi - Traditional,34.7,720ml,
upma,1,15,90136241,Kirei Umakara Midori No Ninniku Taberu Layu Garlic,10.3,190 G,
upma,1,16,90176621,SnackFirst Nihon Seaweed Peanuts - Crunchy Umami Nuts,6.9,200 G,
upma,1,17,90248600,My First Yummy Broth Ring (Hearty Umami),19.9,80 G,
upma,1,18,90192213,OSIM uMask Eye Massager - Grey Star,49.0,1 S,
upma,1,19,90065372,Boxgreen Umami Shiitake Mushroom Chips,14.0,70 G,
upma,1,20,90112917,SnackFirst Shiok Salted Egg Peanuts -Addictive Umami Nuts,6.9,200 G,
twists,1,1,11180692,Capilano Pure & Natural Honey - Twist Squeeze Cap,9.11,400g,
twists,1,2,13261888,UFC Refresh Coconut Twist Water,4.2,1L,
twists,1,3,13268772,UFC Refresh Coconut Water Twist,2.5,500ml,Halal
twists,1,4,13289935,Gippsland Yoghurt - Mango & Blood Orange Twist,11.9,700g,
twists,1,5,13289986,Gippsland Yoghurt - Strawberry & Cream Twist,11.9,700g,
twists,1,6,13290051,Chocolake Diamond Twist - Kunafa Pistachio,9.95,180g,
twists,1,7,13290009,Chocolake Diamond Twist - Kunafa Bisco,9.95,180g,
twists,1,8,13283573,Bai Cao Wei Tianjin Flavor Crispy Twists,1.85,120g,
twists,1,9,13283826,Bestor Fried Dough Twists - Sesame Flavour,2.6,160g,
twists,1,10,90234018,Applied Nutrition Collagen Powder Citrus Twist,50.0,165 G,
twists,1,11,90117660,Vitamik Original Soy Milk Twist Cap 6's,7.25,0,
twists,1,12,90249962,Arix Tonkita - Microfibre Twist Mop,13.5,1 S,
twists,1,13,90023699,LOCK&LOCK Twist Food Container 1.9L - White,9.9,1 S,
twists,1,14,90160025,Burp Chicken Twist For Dog,6.37,80 G,
twists,1,15,90224500,RedMan Premium Quality Marshmallow - Mini Twist,4.2,250 G,
twists,1,16,90242906,Leifheit Rectangular Clean Twist System Mop Set/Ergo Mop Set,214.4,1 S,
twists,1,17,90194210,VTech Twist n Play Koala,29.9,1 S,
twists,1,18,90141106,Leifheit Clean Twist Mop Spear Head (For L52019) L52095,28.0,0.95 L,
twists,1,19,90212611,Bee Cheng Hiang Crispy Pulled Pork Twist,27.0,200 G,
twists,1,20,90255423,Trebonn Twist Spatula & Tongs,23.0,1 S,
beaver,1,1,13281432,[BCRS] Maison Perrier Forever Sparkling Beverage - Lemon,17.55,10 x 250ml,
beaver,1,2,13281660,[BCRS] Maison Perrier Forever Sparkling Beverage - Strawberry,17.55,10 x 250ml,
beaver,1,3,13281654,[BCRS] Maison Perrier Forever Sparkling Beverage - Lime,8.95,4 x 330ml,
beaver,1,4,13281627,[BCRS] Maison Perrier Forever Sparkling Beverage - Peach,17.55,10 x 250ml,
beaver,1,5,13281639,[BCRS] Maison Perrier Forever Sparkling Beverage - Lemon,8.95,4 x 330ml,
beaver,1,6,12700043,Milo Chocolate Malt Milk UHT Packet Drink,16.95,24 x 200ml (CTN),
beaver,1,7,12714896,[BCRS] 100 Plus Isotonic Can Drink - Original,16.81,24 x 325ml,Halal
beaver,1,8,13281379,[BCRS] Coca-Cola Mini Can Drink - Classic,5.25,6 x 180ml,Halal
beaver,1,9,12714768,[BCRS] FairPrice Pure Drinking Bottle Water,7.2,24 x 600ml,
beaver,1,10,12714947,[BCRS] Dasani Drinking Bottle Water,8.4,12 x 1.5L,
beaver,1,11,12708770,Milo Chocolate Malt Milk UHT Packet Drink -Less Sugar,19.5,24 x 200ml (CTN),Halal
beaver,1,12,12714946,[BCRS] Dasani Drinking Bottle Water,8.4,24 x 600ml (CTN),
beaver,1,13,13281362,[BCRS] Coca-Cola Can Drink - Zero Sugar,8.75,12 x 320ml,
beaver,1,14,12704723,Pokka Packet Drink - Oolong Tea (No Sugar Added),7.55,24 x 250ml (CTN),Halal
beaver,1,15,12714758,[BCRS] Life Distilled Drinking Bottle Water,7.0,12 x 1.5L,
beaver,1,16,13281412,[BCRS] Coca-Cola Mini Can Drink - Zero Sugar,5.25,6 x 180ml,Halal
beaver,1,17,13281057,[BCRS] Coca-Cola Bottle Drink - Zero Sugar,2.6,1.5L,
beaver,1,18,13281620,[BCRS] Coca-Cola Original Taste - Less Sugar,16.95,24 x 320ml,
beaver,1,19,11520415,Marigold Packet Drink - Chrysanthemum Tea (LessSweet),8.8,24 x 250ml (CTN),Halal
beaver,1,20,12714970,[BCRS] F & N Ice Mountain Drinking Bottle Water,9.85,24 x 600ml,Halal
vada,1,1,90015631,Gits Vadai Mix 200G -- By Dashmesh,3.17,200 G,
vada,1,2,90015613,Gits Dahi Vadai Mix 200G -- By Dashmesh,3.17,200 G,
vada,1,3,90099312,Mr Joy's WHITE VANAMEI PRAWNS,16.0,1 KG,
vada,1,4,90212477,Vidal Sassoon Conditioner - Moisturizing Treatment Repair,14.9,750 ML,
vada,1,5,90019022,Urban Veda Soothing Exfoliating Facial Polish - Sandalwood,31.0,125 ML,
vada,1,6,90212501,Vidal Sassoon Shampoo - Moisturizing Treatment Repair,14.9,750 ML,
vada,1,7,90249617,IQBar IQMix Hydration Electrolytes Powder - Vacation Variety,55.0,20 x 8 G,
vada,1,8,90019024,Urban Veda Soothing Clarifying Night Cream - Sandalwood,44.0,50 ML,
vada,1,9,90019023,Urban Veda Soothing Day Cream - Sandalwood,42.0,50 ML,
vada,1,10,90034165,Urban Veda Reviving Facial Ritual Travel Set,33.0,50 ML,
vada,1,11,90019025,Urban Veda Soothing Hydrating Toner - Sandalwood,32.0,150 ML,
vada,1,12,90019004,Urban Veda Purifying Exfoliating Facial Polish - Neem,31.0,125 ML,
vada,1,13,90019028,Urban Veda Soothing Body Scrub - Sandalwood,28.0,200 ML,
vada,1,14,90019019,Urban Veda Reviving Body Scrub - Rose,28.0,200 ML,
vada,1,15,90019010,Urban Veda Purifying Body Scrub - Neem,28.0,200 ML,
vada,1,16,90050793,Urban Veda Soothing Body Ritual Set,77.0,650 ML,
vada,1,17,90050795,Urban Veda Purifying Body Ritual Set,77.0,650 ML,
vada,1,18,90050794,Urban Veda Radiance Body Ritual Set,77.0,650 ML,
vada,1,19,90050796,Urban Veda Reviving Body Ritual Set,77.0,650 ML,
vada,1,20,13294474,Chateau Esprit Valandraud Red Wine,70.0,750ml,
puppy,1,1,90245346,Nylabone Puppy Pacifier Teething Toy Small,24.8,1 S,
puppy,1,2,90235756,Sweet Home Cute Fruit Puppy Hand Towel - Avocado,12.0,2 S,
puppy,1,3,90187516,Go! Solutions Carnivore - GF Chicken Turkey Duck Puppy Food,166.2,9.98 KG,
puppy,1,4,90139439,High Prairie Puppy Formula - Bison & Roasted Venison,146.9,12.2 KG,
puppy,1,5,90165650,Savic Puppy Trainer Starter Kit (X-Large),104.21,280 G,
puppy,1,6,90163241,Savic Puppy Trainer Starter Kit (Large),71.79,250 G,
puppy,1,7,90237422,Magna Tiles Puppy Park,64.9,1 S,
puppy,1,8,90165833,Biogance My Puppy Shampoo,56.74,1 L,
puppy,1,9,90167164,Black Hawk Puppy Small Lamb & Rice,53.26,3 KG,
puppy,1,10,90167162,Black Hawk Puppy Small Chicken & Rice,53.26,3 KG,
puppy,1,11,90212338,LuvCare Puppy Medium Breed Triple Omega - 9kg,53.11,9 KG,
puppy,1,12,90206975,Luv Care Puppy Small Breed Triple Omega,53.11,9 KG,
puppy,1,13,90161933,Vigor & Sage Puppy Goji Berry Well-Being - Chicken Grain Free,49.79,2 KG,
puppy,1,14,90118655,Lila Loves It Anti-Tick Spray for Dogs & Puppies,48.0,100 ML,
puppy,1,15,90118643,Lila Loves It Puppy Fur Brush for Puppies & Rabbits,42.0,1 S,
puppy,1,16,90241779,LEGO 31382 Creator Playful Puppy Dog,41.3,1 S,
puppy,1,17,90224111,LEGO 10441 Duplo My First Shape Sorter Puppy House,41.3,1 S,
puppy,1,18,90078667,PetAg Esbilac Puppy Milk Replacer Powder,39.9,340 G,
puppy,1,19,90187495,Go! Solutions Carnivore - Grain-Free ChicTurkeyDuck Puppy Foo,38.15,1.59 KG,
puppy,1,20,90151904,1st Choice Puppy - Chicken Toy & Small Breeds,36.48,2 KG,
vodka,1,1,352683,Absolut Vodka - Blue (Original),45.0,700ml,
vodka,1,2,13073560,Smirnoff Triple Distilled Red Vodka,54.0,700ml,
vodka,1,3,13291069,Zouk Sour Plum Vodka,49.0,500ml,
vodka,1,4,13258580,Grey Goose Vodka,79.0,700ml,
vodka,1,5,13257831,Hooch Alcoholic Lemonade,3.9,275ml,
vodka,1,6,13263305,V Gallery Vodka - Mango Crush,41.0,500ml,
vodka,1,7,13291549,Belvedere Organic Vodka Singapore Edition,73.0,700ml,
vodka,1,8,199936,Absolut Vodka - Blue (Original),36.84,375ml,
vodka,1,9,90248488,OCD Single Malt Pure Vodka,89.5,700 ML,
vodka,1,10,1,AU Vodka Blue Raspberry,84.15,700 ML,
vodka,1,11,13272795,V Gallery Vodka - Cucumber,41.0,500ml,
vodka,1,12,13272793,V Gallery Vodka - Mini Gift Set B,27.0,200ml,
vodka,1,13,13266470,Hey Y'all Original Hard Ice Tea,6.95,355ml,
vodka,1,14,90248502,OCD Single Malt Gold Leaf Vodka,97.0,700 ML,
vodka,1,15,13187805,Absolut Vodka - Elxy,68.0,700ml,
vodka,1,16,90248471,Au Vodka Pineapple Crush,85.14,700 ML,
vodka,1,17,90248470,Au Vodka Strawberry Burst,84.15,700 ML,
vodka,1,18,90248462,AU Vodka Original Vodka,84.15,700 ML,
vodka,1,19,90248459,AU Vodka Green Watermelon,84.15,700 ML,
vodka,1,20,90248429,Au Vodka Fruit Punch,84.15,700 ML,
rinds,1,1,13052764,Cheezels Cheese Rings Snack - Original (Multipack),2.9,8 x 13g,Halal
rinds,1,2,12164926,Jack 'n Jill Roller Coaster Potato Rings - Cheese,3.01,144g (8 per pack),
rinds,1,3,12164897,Jack 'n Jill Roller Coaster Potato Rings -Barbecue,3.01,144g (8 per pack),
rinds,1,4,10083698,Yupi Gummy Candies - Apple Rings,1.58,120g,
rinds,1,5,301929,Jack 'n Jill Roller Coaster Potato Rings - Cheese,1.22,70g,
rinds,1,6,13062334,JA-Rice Rice - Hokkaido Nanatsuboshi (Rinse Free),24.95,2kg,
rinds,1,7,301937,Jack 'N Jill Roller Coaster Potato Rings - Barbecue,1.22,70g,
rinds,1,8,13024405,Pearlie White Antiseptic Mouth Rinse - Chlor-Rinse,7.7,250ml,
rinds,1,9,13079660,Ja-Rice Rice - Niigata Koshihikari (Rinse Free),26.95,2kg,
rinds,1,10,11807512,Finish Rinse Aid Dishwasher - Shine and Protect,16.7,500ml,
rinds,1,11,13052249,Pearlie White Fluoride Mouth Rinse - Mint,9.68,2 x 750ml,
rinds,1,12,11029001,Pearlie White Fluoride Mouth Rinse - Mint,7.59,500ml,
rinds,1,13,13175964,Yes Natural Organic Brown Rice Rings - Cheese,2.5,40g,Halal
rinds,1,14,13062280,Ja-Rice Rice - Akita Akitakomachi (Rinse Free),24.95,2kg,
rinds,1,15,90109116,Tasty Food Affair Onion Rings,9.5,1 KG,Halal
rinds,1,16,11585059,Ridsect Lizard Repellent (Non-Toxic),16.14,500ml,
rinds,1,17,90033539,Ecofrost Onion Ring,8.95,1 KG,
rinds,1,18,13238089,Magiclean Dishwashing Foam Spray Rinse - Unscented,7.1,280ml,
rinds,1,19,13245745,Pearlie White Defenze Antiseptic Fluoride Mouth Rinse,10.9,750ml,Halal
rinds,1,20,13238088,Magiclean Dishwashing Foam Spray Rinse - Grapefruit,7.1,280ml,
raspberry,1,1,90144853,OOB Organic Raspberries (Frozen),15.6,450 G,
raspberry,1,2,13171278,Tamar Valley Dairy Greek Style Yoghurt - Raspberry,2.97,110g,
raspberry,1,3,13179691,F & N Magnolia Wafer Ice Cream - Raspberry Ripple,5.55,4 per pack,
raspberry,1,4,13289837,Chobani Greek Yogurt - Raspberry,4.02,160g,
raspberry,1,5,13255366,Brownes Dairy Natural Yoghurt - Raspberries & Cream,2.65,170g,
raspberry,1,6,13291299,Bulla Splits Sorbet Ice Cream - Raspberry,9.95,1L,
raspberry,1,7,13145773,F & N Magnolia Ice Cream - Raspberry Ripple,6.42,1.4L,
raspberry,1,8,13072014,Loacker Quadratini Crispy Wafers - Raspberry-Yogurt,6.85,220g,Halal
raspberry,1,9,13285008,Bulla Splits Ice Cream Sticks - Raspberry,9.95,10 per pack,
raspberry,1,10,12229806,Bonne Maman Jam - Raspberry Preserves,7.6,370g,
raspberry,1,11,90013410,Remedy Organic Kombucha - Raspberry Lemonade,12.95,4 x 250 ML,
raspberry,1,12,255316,Tortally Jelly Crystals - Raspberry (Red),1.21,90g,
raspberry,1,13,358524,St.Dalfour Fruit Spread - Raspberry,6.35,284g,Halal
raspberry,1,14,13244713,Bear Fruit Rolls - Raspberry,6.42,5 per pack,
raspberry,1,15,13271359,Maison Perrier Forever Sparkling Beverage - Raspberry & Rose,10.25,4 x 330ml,
raspberry,1,16,13230373,"Organix Puree Pouch - Oatmeal,Apple,Banana,Raspberry&Blueberry",5.3,100g,Organic
raspberry,1,17,13242277,Ricola Swiss Alpine Herb Lozenges - Raspberry Mint (No Sugar),3.48,40g,Halal
raspberry,1,18,13289808,Chobani Greek Yogurt - Raspberry,4.1,140g,
raspberry,1,19,90013405,Remedy Organic Kombucha - Raspberry Lemonade,67.9,24 x 250 ML,Organic
raspberry,1,20,90173076,"Bluma Italy Raspberry Fruit Body Wash -Pump,Moisture,DermaTes",2.48,1 L,
arepa,1,1,90189374,LEGO 60295 City Stunt Show Arena,119.9,1 S,
arepa,1,2,90100251,HG 320 Hygenic Toilet Area Cleaner,15.6,1 S,
arepa,1,3,90105560,Selleys BBQ Area & Furniture Clean 750ml,12.8,1 S,
arepa,1,4,90169074,Seiwa-pro Forked Cleaning Sponge For Wet Area,5.5,,
arepa,1,5,13000321,Pasar Prepacked Carrots,1.1,500g,
arepa,1,6,13136365,Fresh Shallot (Prepacked),1.98,140g,
arepa,1,7,13067743,Vietnam Prepacked Japanese Sweet Potato,3.5,750g,
arepa,1,8,13067744,Vietnam Prepacked Sweet Potato - Purple,3.55,750g,
arepa,1,9,13058662,Sensodyne Toothpaste - Repair & Protect (Extra Fresh),22.8,3 x 100g,
arepa,1,10,13289538,Sensodyne Clinical Repair Toothpaste - Deep Clean,11.0,100g,
arepa,1,11,13067619,Sensodyne Toothpaste - Repair & Protect,22.8,3 x 100g,
arepa,1,12,13289523,Sensodyne Clinical Repair Toothpaste -  Active White,11.0,100g,
arepa,1,13,13201424,L'Oreal Paris Elseve Repairing Shampoo - Total Repair 5,8.9,620ml,
arepa,1,14,13000828,Sensodyne Toothpaste - Repair & Protect,10.2,100g,
arepa,1,15,13023265,Sensodyne Toothpaste - Repair & Protect (Whitening),10.2,100g,
arepa,1,16,12529518,Dove Shampoo - Intense Repair,7.35,680ml,
arepa,1,17,13264748,Tsubaki Premium Moist & Repair Shampoo,16.4,450ml,
arepa,1,18,13260846,Tsubaki Premium Ex Shampoo - Hair Fall Care & Repair,16.4,450ml,
arepa,1,19,12529569,Dove Conditioner - Intense Repair,7.35,660ml,
arepa,1,20,13264749,Tsubaki Premium Moist & Repair Conditioner,16.4,450ml,
shellfish,1,1,13255676,Ocean Fresh Delite Frozen Bay Scallop,8.5,380g,
shellfish,1,2,13262091,Ocean Fresh Delite Frozen Hokkaido Scallop,33.95,700g,
shellfish,1,3,13244132,Ocean Fresh Delite Frozen Boiled Scallops,8.95,400g,
shellfish,1,4,90024031,Catch Seafood Venus White Clam,3.85,500 G,
shellfish,1,5,13242129,Fukuyama Hokkaido Scallops,29.9,400g,
shellfish,1,6,13276099,Ocean Fresh Delite French Scallops,31.95,700g,
shellfish,1,7,13281145,Eb Food Frozen Seafood Tofu,5.9,500g,Halal
shellfish,1,8,13244130,Ocean Fresh Delite Frozen Boiled Clam Meat,6.06,400g,
shellfish,1,9,90028145,Catch Seafood Squid Ring 1Kg,6.99,1 KG,
shellfish,1,10,13276100,Ocean Fresh Delite US Scallops,39.95,700g,
shellfish,1,11,13016807,Emerald Seafood Frozen Sea Scallops,27.5,400g,
shellfish,1,12,13263630,Creacook Bacon Wrapped Scallop,7.45,260g,
shellfish,1,13,90007396,Catch Seafood Flower Clam (Asari),4.2,500 G,
shellfish,1,14,90240110,Catch Seafood Jumbo White Clams Naturally Sweet,4.26,500 G,
shellfish,1,15,90007389,Catch Seafood Whole Squid Large (Wild Caught),9.85,300 G,
shellfish,1,16,90007376,Catch Seafood Chilean Mussels Whole,8.9,1 KG,
shellfish,1,17,90035541,Rich Seas Mussel Meat - Frozen,5.0,500 G,
shellfish,1,18,1,Twinfish Squid Flower Cut,5.95,500 G,
shellfish,1,19,90007355,Catch Seafood Squid Tube (Bulk Pack) (Frozen),8.99,1 KG,
shellfish,1,20,13127425,Ocean Fresh Delite Frozen Sea Cucumber,13.95,450g,
tahini,1,1,90129208,Clearspring Organic Tahini - Whole Sesame,10.71,280 G,
tahini,1,2,90014884,Biona Organic Tahini Whole Sesame with Salt,10.71,170 G,
tahini,1,3,90185854,Biona Organic Black Tahini Sesame,10.71,250 G,
tahini,1,4,90129209,Clearspring Organic Tahini White Sesame,10.71,280 G,
tahini,1,5,90184786,MH Food Organic Wholegrain Black Tahini Paste,14.8,250 G,
tahini,1,6,12539791,Silkpro Scalp Care Expert Treatment Conditioner - Hair Thining,6.85,200ml,
seven,1,1,90027469,Vires Vires Seven Kitchen/Home Ok! Spray Type Sanitizer,15.4,300 ML,
seven,1,2,90013974,Vires Seven Easy Carry! Small Bottle Type Sanitizer - Kirei,10.6,100 G,
seven,1,3,13138941,Seventh Generation Natural Laundry Detergent - Free & Clear,18.24,1.3L,
seven,1,4,90021051,SYH Kim Zua Joss Paper Seven Colour Paper,5.35,0.95 L,
seven,1,5,90197571,Nine Seven Seven Cute Printed Panda T-Shirt (L),30.9,1 PC,
seven,1,6,90197572,Nine Seven Seven Cute Printed Panda T-Shirt (M),30.9,1 PC,
seven,1,7,90197559,Nine Seven Seven Cute Printed Panda T-Shirt (2XL),30.9,1 PC,
seven,1,8,90197570,Nine Seven Seven Cute Printed Panda T-Shirt (XL),30.9,1 PC,
seven,1,9,90157171,Partyforte CNY Seven Word Couplet Set Rabbit Great Luck,6.8,1 S,
seven,1,10,13000171,Chew's Fresh Eggs - Organic Selenium,4.9,550g (10 per pack),
seven,1,11,13265098,FairPrice Scented Gel - White Musk Serenity,3.99,180g,
seven,1,12,13205868,Magiclean Floor Cleaner Natural Essence - Calming Serenity,5.65,1.8L,
seven,1,13,13208624,Ar Füm In-Wash Scent Booster - Lavender Serenity,15.9,500g,
seven,1,14,90144424,On Line Foot Salt Eucalyptus Serenity,9.9,800 G,
seven,1,15,90012479,NIHON SEIEN CO LTD Shio Kosho Japanese Cooking Salt,6.8,30 G,
seven,1,16,90109450,NCLA Semi Matte Lipstick Silverlake Serenade,32.0,4 G,
seven,1,17,90012477,NIHON SEIEN CO LTD Dashi of Katsuo Wafu Japanese Cooking Salt,6.8,30 G,
seven,1,18,90012438,NIHON SEIEN CO LTD - Plum Ume Shio Japanese Cooking Salt,6.8,30 G,
seven,1,19,90012436,NIHON SEIEN CO LTD - Italian Shio Japanese Cooking Salt,6.8,30 G,
seven,1,20,90121155,Biofinest Prostate Support Men Saw Palmetto Lycopene Selenium,29.95,120 S,
arrowroot,1,1,13108814,Gerber Baby Biscuits - Arrowroot,8.43,155g,
arrowroot,1,2,13178678,Bob's Red Mill Arrowroot Starch Flour,16.66,454g,
arrowroot,1,3,10521934,Pasar Dried Cane & Arrow Root,1.32,200g,
arrowroot,1,4,90034250,Green Earth Organic Arrowroot Powder,5.9,200 G,
arrowroot,1,5,90241143,Gerber Arrowroot Biscuits - From 10 Months,30.34,4 x 155 G,
arrowroot,1,6,1,Gerber Arrowroot Biscuits - From 10 Months,16.01,2 x 155 G,
arrowroot,1,7,90110818,Green Earth Arrowroot Slice,5.9,200 G,
arrowroot,1,8,90225843,Pan Tang Pure Arrow-Root Flour,7.2,250 G,
smelt,1,1,90189577,Pan Royal Fresh Smelt Fish,8.5,450 G,
smelt,1,2,90027990,Seaboss Shishamo Komochi (Japanese Smelt Fish),4.5,120 G,
smelt,1,3,13072247,Bahlsen Zoo Biscuits - Country (Spelt & Oats),3.95,100g,
smelt,1,4,90253417,Natur Organic Wholegrain Sticks - Spelt,3.04,45 G,Organic
smelt,1,5,13081998,Ammeltz Yoko Yoko Analgesic Liquid - Less Smell,9.13,80ml,
smelt,1,6,90172242,Hakugen Non Smell Deodorizing - Refrigerator,7.9,25 G,
smelt,1,7,13194676,Bob's Red Mill Organic Spelt Flour,10.08,567g,Organic
smelt,1,8,90172241,Hakugen Non Smell Deodorizing - Freezer Room,7.9,20 G,
smelt,1,9,13118830,Smecta Anti Diarrheal Powder - Orange,21.35,30 per pack,
smelt,1,10,90171546,"Bagus Dress Odor Remover, Eliminator, Deodorizer & Anti Smell",8.78,180 G,
smelt,1,11,90172240,Hakugen Non Smell Deodorizing - Vegetable Room,7.9,20 G,
smelt,1,12,10257977,New Ammeltz Yoko Yoko - Less Smell,6.77,46ml,
smelt,1,13,90253386,ALB-GOLD Bio Mie Asia Noodles - Spelt,5.36,250 G,Organic
smelt,1,14,90158555,"Bagus Toilet Odor Remover, Eliminator, Deodorizer & Anti Smel",4.78,100 G,
smelt,1,15,13283177,Jia Dian Zhi Wei Seasoning - Typhoon Shelter Stir-Fried Shrimp,5.8,160g,
smelt,1,16,90106980,Green Earth Organic Spelt Flour,9.0,500 G,
smelt,1,17,90225856,Bob's Red Mill Spelt Flour,10.4,567 G,
smelt,1,18,90033584,Dr Karg Organic Crispbread Spelt with Emmental Cheese,9.95,200 G,
smelt,1,19,90006650,Foodsterr German Spelt Flour - Unbleached,9.39,500 G,
smelt,1,20,90235912,Hummings.com Condolences Wreath - Shelter Condolence (KWS746),141.7,1 S,
arugula,1,1,90203137,JM Flower Peperomia Argulata,7.8,1 S,
artichoke,1,1,90206309,Cucina & Amore Quartered Marinated Artichoke Hearts,11.6,410 G,
artichoke,1,2,90204917,Cooks & Co Artichoke Hearts,10.03,390 G,
artichoke,1,3,90028427,Kitchen & Love Whole Grilled & Marinated Artichokes Heart,11.74,410 G,
artichoke,1,4,90018065,Biona Organic Artichoke Hearts,10.26,200 G,
artichoke,1,5,90014647,Kitchen & Love Quartered Artichokes in Brine,10.03,240 G,
artichoke,1,6,13273490,Sandhurst Artichokes - Quartered & Marinated,7.45,250g,
artichoke,1,7,90217590,La Tudelana Tudela Artichokes Hearts,17.52,410 G,
artichoke,1,8,90217591,La Tudelana Tudela Artichokes Halved,12.72,345 G,
artichoke,1,9,90252721,Farmhouse S.A Greek Grilled Artichokes,7.49,270 G,
artichoke,1,10,90211960,Ristoris Gourmet Grilled Artichoke With Stem,31.79,750 G,
artichoke,1,11,90236850,Aimar Creamy Soup - Artichoke,5.95,490 G,
artichoke,1,12,90028426,Kitchen & Love Piquillo & Artichoke Bruschetta,9.12,225 G,
artichoke,1,13,90014660,Kitchen & Love Artichoke Pesto Sauce,9.12,225 G,
artichoke,1,14,90014643,Kitchen & Love Artichoke Bruschetta,9.12,225 G,
artichoke,1,15,90231573,Tenuta Fragassi Artichoke Bruschetta,7.74,145 G,
artichoke,1,16,90240628,Easy Montali Puree Artichoke,7.5,150 G,
artichoke,1,17,90251361,Urbani Truffle and Artichoke Sauce,18.9,130 G,
artichoke,1,18,90086693,Coelsanus Tomatoes In Sunflower Oil - Artichokes & Dried,9.1,280 G,
artichoke,1,19,90039981,Mantova Italian Pesto - Artichoke,7.15,190 G,
artichoke,1,20,90217597,Masseria Calongo Sliced Artichokes In Extra Virgin Olive Oil,7.95,220 G,
tai,1,1,13047093,Okeanoss Frozen IQF Shrimp Meat (Tail Off),11.0,400g,Halal
tai,1,2,13281333,[BCRS] Frutee Premium Cranberry Juice Bottle Cocktail,4.95,975ml,Halal
tai,1,3,13281071,[BCRS] Allswell Bottle Drink - Water Chestnut & Sugar Cane (Less Sugar),1.95,1L,Halal
tai,1,4,13281492,[BCRS] Allswell Bottle Drink - Golden Pear with Aloe Vera,1.95,1L,
tai,1,5,12714745,[BCRS] Life Bottle Drink - Chrysanthemum Tea with Wolfberries,30.0,24 x 480ml (CTN),Halal
tai,1,6,12714746,[BCRS] Life Bottle Drink - Herbal Tea,30.0,24 x 480ml,Halal
tai,1,7,12714749,[BCRS] Life Bottle Drink - Rock Sugar Starfruit Juice,30.0,24 x 480ml (CTN),Halal
tai,1,8,12714748,[BCRS] Life Bottle Drink - Red Date Tea,30.0,24 x 480ml,Halal
tai,1,9,70227,Tai Sun Rice Vermicelli,1.2,400g,Halal
tai,1,10,60608,Tai Hua Light Soy Sauce - Standard (Big),2.65,640ml,
tai,1,11,119075,Tai Hua Dark Soy Sauce - Standard (Big),2.65,640ml,
tai,1,12,280199,Swan Tai Ann Mee Sua Box,2.14,300g,
tai,1,13,160101,Tai Hua Light Soy Sauce - Superior,5.75,640ml,
tai,1,14,10458138,Tai Hua Light Soy Sauce - Special,3.95,640ml,
tai,1,15,10719940,Tai Hua Light Soy Sauce - Reduced Salt,2.75,305ml,
tai,1,16,13063519,Tai Sun California Pistachios,14.2,500g,Halal
tai,1,17,11052527,Tai Hua Light Soy Sauce - Standard (Small),1.94,320ml,
tai,1,18,12038014,Tai Hua Sweet Sauce,1.73,320ml,
tai,1,19,10458103,Tai Hua Dark Soy Sauce - Special,3.95,640ml,
tai,1,20,160119,Tai Hua Dark Soy Sauce - Superior,5.75,640ml,
weed,1,1,90019797,GardenScent Organic Dill Weed,6.6,20 G,
weed,1,2,90254341,Estalife Horny Goat Weed,19.99,60 S,
weed,1,3,90011783,Biofinest Horny Goat Weed Extract Supplement,22.95,60 S,
weed,1,4,90003257,Epoca Garden Break Weed Extractor - Black,6.0,1 S,
weed,1,5,90003224,Epoca Garden Break Weed Fork - Black,6.0,1 S,
weed,1,6,90093699,Steve & Leif Stainless Steel Weeder,10.08,1 S,
weed,1,7,312265,Farmland Frozen Premium Fries - Shoestring,4.5,1kg,
weed,1,8,312273,Farmland Frozen Premium Fries - Crinkle Cut,4.5,1kg,
weed,1,9,13189398,Farmland Frozen Rosti Hash Brown,5.4,1kg,Halal
weed,1,10,10384423,FairPrice Frozen French Fries - Crinkle Cut,3.75,1kg,Halal
weed,1,11,13241039,Jacob's Weetameal Crackers,5.0,15 per pack,Halal
weed,1,12,10384415,FairPrice Frozen French Fries - Straight Cut,4.35,1kg,Halal
weed,1,13,12620098,Sanitarium Weet-Bix Breakfast Cereal,9.04,750g,
weed,1,14,90043494,Churo Triangle Hashbrown,4.75,500 G,
weed,1,15,12620717,Sanitarium Weet-Bix Breakfast Cereal,5.14,375g,
weed,1,16,90164743,Churo Tater Tots - Frozen,4.29,500 G,
weed,1,17,11173126,Farmland Frozen Potato Wedges - Spicy,6.06,500g,
weed,1,18,90186248,SunnyFarm Sweet Potato Cut,6.95,1 KG,
weed,1,19,90166686,SunnyFarm Sweet Potato Fries,12.95,1 KG,
weed,1,20,13271035,Lamb Weston Frozen Original Fries,6.65,750g,
spritzer,1,1,90130901,Spritzer Natural Mineral Water,15.8,2 x 6 L,
spritzer,1,2,90020429,Spritzer Distilled Water,15.8,2 x 6 L,
spritzer,1,3,90020428,Spritzer Distilled Water,24.8,12 x 1.25 L,
spritzer,1,4,13289088,[BCRS] Spritzer Natural Mineral Water,1.67,1.25L,
spritzer,1,5,90195662,Spritzer Natural Mineral Water,18.5,2 x 9.5 L,
spritzer,1,6,90020426,Spritzer Natural Mineral Water,23.0,12 x 1.25 L,
spritzer,1,7,13281549,[BCRS] Sprite Sparkling Lemon Lime Bottle Drink - Zero Sugar,2.4,1.5L,Halal
spritzer,1,8,13281485,[BCRS] Sprite Sparkling Lemon Lime Can Drink - Mini,5.25,6 x 180ml,Halal
spritzer,1,9,13281694,[BCRS] Sprite Sparkling Lemon Lime Bottle Drink,2.4,1.5L,Halal
spritzer,1,10,13281351,[BCRS] Sprite Sparkling Lemon Lime Can Drink,11.1,12 x 320ml,Halal
spritzer,1,11,13281553,[BCRS] Sprite Sparkling Lemon Lime Can Drink - Zero Sugar,4.0,4 x 320ml,Halal
spritzer,1,12,13281338,[BCRS] Sprite Sparkling Lemon Lime Can Drink,4.0,4 x 320ml,Halal
spritzer,1,13,13287979,[BCRS] Sprite Sparkling Lemon Lime Can Drink,20.15,24 x 320ml,Halal
spritzer,1,14,12715021,[BCRS] Sprite Sparkling Lemon Lime Can Drink - Mini,21.0,24 x 180ml,Halal
spritzer,1,15,13172087,Starbucks Nespresso Coffee Capsules - House Blend (Lungo),8.65,10 x 5.2g,
spritzer,1,16,13172090,Starbucks Nespresso Coffee Capsules - Espresso Roast,8.65,10 x 5.5g,
spritzer,1,17,13172086,Starbucks Nespresso Coffee Capsules - Colombia,8.65,57g,
spritzer,1,18,13255731,Starbucks Nespresso Coffee Capsules - Italian Roast,8.65,56g,
spritzer,1,19,13221270,Starbucks Nespresso Coffee Capsules - Breakfast Blend,8.65,56g,Halal
spritzer,1,20,13202319,Starbucks Nespresso Coffee Capsules - Verona,8.65,55g,
squirrel,1,1,90112910,SnackFirst Squirrel Walnuts - Raw USA Walnuts,7.9,150 G,
squirrel,1,2,90112940,SnackFirst Squirrel Baked Walnuts - Unsalted Nuts,8.9,150 G,
squirrel,1,3,90159391,Pencil Case / Pen Case (Squirrel),5.5,1 S,
squirrel,1,4,90086440,Partyforte Battery Operated Music Light PVC Lantern - Squirre,7.9,1 S,
sunrise,1,1,13216049,Downy Sunrise Fresh Concentrate Fabric Conditioner Softener Refill,14.5,3.5L,
sunrise,1,2,13187638,Downy Sunrise Fresh Concentrate Fabric Conditioner Softener Refill,7.95,1.5L,
sunrise,1,3,13263113,Downy Sunrise Fresh Concentrate Fabric Conditioner Softener Refill,11.5,2.4L,
sunrise,1,4,13235871,Febreze Fabric Refresher Spray - Sunrise Fresh,8.52,800ml,
sunrise,1,5,13236056,Febreze Fabric Refresher Spray - Sunrise Fresh,4.5,370ml,
sunrise,1,6,13137512,Marigold 100% Packet Juice - Orange Sunrise,3.95,6 x 200ml,Halal
sunrise,1,7,10397400,Marigold 100% Packet Juice - Orange Sunrise,2.45,1L,Halal
sunrise,1,8,12708497,Marigold 100% Packet Juice - Orange Sunrise,14.95,24 x 200ml (CTN),Halal
sunrise,1,9,10403647,Marigold 100% Juice - Orange Sunrise,29.0,12 x 1L (CTN),Halal
sunrise,1,10,90170952,Omada PULL BOX square -set of 3  - Sunrise,69.9,3.4 L,
sunrise,1,11,90170949,Omada PULL BOX round set of 2- Sunrise,45.9,2.55 L,
sunrise,1,12,90244907,Epitex Sangrique Reed Diffuser - Sunrise Tang,29.66,1 S,
sunrise,1,13,90239118,CozyNest Mix Pompoms - Yellow Sunrise,3.29,130 S,
sunrise,1,14,90254597,NoelGifts Flower Signature Box - Golden Sunrise (ABSB8B),141.7,1 S,
sunrise,1,15,90254502,NoelGifts Flower Signature Box - Golden Sunrise (ABSB8A),119.9,1 S,
sunrise,1,16,90240448,HONOR Magic8 Pro 5G (16GB+1TB) - Sunrise Gold,1579.0,1 S,
sunrise,1,17,90240449,HONOR Magic8 Pro 5G (12GB+512GB) - Sunrise Gold,1389.0,1 S,
sunrise,1,18,13085917,SunRice Kangaroo Brand Australia Rice - Low GI,10.95,2kg,
sunrise,1,19,13292900,Sunrice Hinata Short Grain Rice,9.5,5kg,
sunrise,1,20,13283029,Sunrice Protein Chips - Barbeque,4.8,50g,
starfruit,1,1,12714749,[BCRS] Life Bottle Drink - Rock Sugar Starfruit Juice,30.0,24 x 480ml (CTN),Halal
starfruit,1,2,13281013,[BCRS] Allswell Bottle Drink - Starfruit,1.95,1L,Halal
starfruit,1,3,90210667,LEGO 75405 Starwars Home One Starcruiser,98.9,1 S,
sling,1,1,13290084,Winnie Everyday Sling Tote Bag,79.9,1 per pack,
sling,1,2,90218835,Ulanzi F01 Camera Sling Bag,32.6,1 S,
sling,1,3,90215078,Simple Full Sized Tablet Sling Bag - Black,22.0,1 S,
sling,1,4,90215048,Simple Full Sized Tablet Sling Bag - Grey,22.0,1 S,
sling,1,5,90235126,Water Polo Mobile Canvas Sling Messenger Bag for Tablet-Green,20.0,1 S,
sling,1,6,90235141,Water Polo Mobile Canvas Sling Messenger Bag for Tablet-Khaki,20.0,1 S,
sling,1,7,90235132,Water Polo Mobile Canvas Sling Messenger Bag for Tablet-Black,20.0,1 S,
sling,1,8,2,Vintage Canvas Sling Bag Messenger Bag for Tablet - Khaki,20.0,1 S,
sling,1,9,1,Vintage Canvas Sling Bag Messenger Bag for Tablet - Black,20.0,1 S,
sling,1,10,90180151,Vintage Canvas Sling Bag Messenger Bag for Tablet - Green,20.0,1 S,
sling,1,11,90237550,Waterproof Compact Mini Tablet Sling Bag - Navy,19.0,1 S,
sling,1,12,90237519,Waterproof Compact Mini Tablet Sling Bag - Grey,19.0,1 S,
sling,1,13,90237508,Waterproof Compact Mini Tablet Sling Bag - Black,19.0,1 S,
sling,1,14,90235651,"TriFlex Utility Pouch Sling, Belt Pouch & Carabiner - Black",13.5,1 S,
sling,1,15,90235645,"TriFlex Utility Pouch Sling, Belt Pouch & Carabiner - Navy",13.5,1 S,
sling,1,16,90235644,"TriFlex Utility Pouch Sling, Belt Pouch & Carabiner - Grey",13.5,1 S,
sling,1,17,90028937,AMMEDA Child Arm Sling Rehabilitation,10.9,1 S,
sling,1,18,90028936,AMMEDA Adult Arm Sling Rehabilitation,10.9,1 S,
sling,1,19,90241083,Reisenthel Allrounder Cross Sling Bag - Rhombus Midnight Gold,69.23,1 S,
sling,1,20,90241100,Reisenthel Allrounder Cross Sling Bag - Leo Macchiato,62.23,1 S,
atole,1,1,13118241,Bioderma Atoderm PP Baume,44.72,500ml,
atole,1,2,90100770,Adidas Dynamic Pulse Athletes Men's EDT Natural Spray,12.9,100 ML,
atole,1,3,13118240,Bioderma Atoderm PP Baume,24.72,200ml,
atole,1,4,90245900,"Acer Iconia Tab X12-21M-86DD 12.6"" AMOLED Tablet",699.0,1 S,
atole,1,5,14,"Acer Iconia Tablet X12-11-8759, 12.6-Inch, AMOLED, Android 14",549.0,1 S,
atole,1,6,90214705,Garmin Instinct 3 AMOLED - 45mm,478.0,1 S,
atole,1,7,90059331,Musashi ZMA+ Specialized Minerals For Sport Athlete,26.4,120 G,
atole,1,8,13201477,La Roche-Posay Toleriane Caring Wash,40.05,200ml,
atole,1,9,13117559,La Roche-Posay Toleriane Ultra Cream,49.3,40ml,
atole,1,10,13275151,Avene Tolerance Control Skin Soothing & Recovery Kit,54.9,1 per pack,
atole,1,11,13144520,La Roche-Posay Toleriande Sensitive Fluide,49.3,40ml,
atole,1,12,13184229,La Roche-Posay Toleriane Toner QD,43.9,200ml,
atole,1,13,13253117,Avene Tolerance Toner,41.7,200ml,
atole,1,14,13253078,Avene Tolerance Hydra10 Fluid,41.7,40ml,
atole,1,15,90246430,Bai Sheng You Probiotic High Sugar Tolerant Active Dry Yeast,0.59,5 G,
atole,1,16,90195175,Bormioli Rocco Toledo Ricamo Blu - 18-Piece Dinnerware Set,95.0,1 S,
atole,1,17,90175962,Bormioli Rocco Toledo - Salad Bowl 19cm,24.0,4 S,
atole,1,18,90175963,Bormioli Rocco Toledo Opalware - Cereal Bowl 17cm,18.0,6 S,
seltzer,1,1,90123017,White Claw Hard Seltzer - Natural Lime,49.5,6 x 355 ML,
seltzer,1,2,90123015,White Claw Hard Seltzer - Ruby Grapefruit,49.5,6 x 355 ML,
seltzer,1,3,90123013,White Claw Raspberry Hard Seltzer,49.5,6 x 355 ML,
seltzer,1,4,90123011,White Claw Hard Seltzer - Mango,49.5,6 x 355 ML,
seltzer,1,5,90123019,White Claw Black Cherry Hard Seltzer,49.5,6 x 355 ML,
seltzer,1,6,90123018,White Claw Black Cherry Hard Seltzer,9.95,355 ML,
seltzer,1,7,90123016,White Claw Natural Lime Hard Seltzer,9.95,355 ML,
seltzer,1,8,90123014,White Claw Ruby Grapefruit Hard Seltzer,9.95,355 ML,
seltzer,1,9,90123012,White Claw Raspberry Hard Seltzer,9.95,355 ML,
seltzer,1,10,90123010,White Claw Mango Hard Seltzer,9.95,355 ML,
spam,1,1,10221464,Hormel Spam Luncheon Meat - Lite,6.65,340g,
spam,1,2,397407,Hormel Spam Luncheon Meat - 25% Less Sodium,6.65,340g,
spam,1,3,11100410,Hormel Spam Luncheon Meat - Classic,6.65,340g,
spam,1,4,11830173,Hormel Spam Luncheon Meat - Hormel Bacon,6.65,340g,
spam,1,5,90239425,Mareterra Conservas Shrimp Scampi Pate,13.41,94 G,
spam,1,6,13184516,Coren Iberico Pork Luncheon Meat - Magro,4.02,200g,
spam,1,7,90239408,Mareterra Conservas Squid in its Ink Pate,13.41,94 G,
spam,1,8,90239413,Mas Pares Goose Foie Gras Pyramid,35.01,80 G,
spam,1,9,90239414,Mas Pares Duck Truffled Foie Gras Bloc Pyramid,31.41,80 G,
spam,1,10,90239424,Mareterra Conservas San Juan - Sardines with Paprika Pate,13.41,94 G,
spam,1,11,90239423,Mareterra Conservas Spider Crab Pate,13.41,94 G,
spam,1,12,90239407,Mas Pares Duck Foie Gras Pyramid with Figs,36.9,130 G,
spam,1,13,90239406,Mas Pares Duck Foie Gras Bloc with Orange & Cointreau,34.9,130 G,
spam,1,14,90239389,Mas Pares Duck Foie Gras Bloc,34.9,130 G,
spam,1,15,1,Mas Pares Duck Foie Gras Pyramid,29.61,80 G,
spam,1,16,90239415,Mareterra Conservas Veggie Pate - Candied Piquillo,13.41,94 G,
spam,1,17,90239422,Mareterra Conservas Octopus with Grelos Pate,13.41,94 G,
spam,1,18,13229510,Adabi Sambal Kerang - Spicy Cockles,3.25,160g,
spam,1,19,90031736,Tokai Pickled Stamina Garlic Shiso Katsuo Aji,4.95,80 G,
spam,1,20,90252431,La Fragua Extra Chickpeas,3.15,390 G,
tamarind,1,1,11062995,Dahlia Tamarind Paste,1.28,300g,Halal
tamarind,1,2,13111773,Dahlia Tamarind Paste,3.31,1kg,Halal
tamarind,1,3,13057163,Singlong Tamarind Paste,1.22,300g,
tamarind,1,4,13157225,Singlong Instant Sauce - Assam Fish,2.04,120g,Halal
tamarind,1,5,90008099,Telugu Tamarind Paste 300G -- By Dashmesh,3.53,300 G,
tamarind,1,6,90054225,Malika Tamarind Bar Seedless 500G -- By Dashmesh,3.5,500 G,
tamarind,1,7,13000997,Brahim's Sauce - Spicy Tamarind,2.65,180g,Halal
tamarind,1,8,90247599,Amocan Vegetarian Assam Fish Paste,3.15,100 G,
tamarind,1,9,13282250,Yeo's Paste - Spicy Tamarind,1.95,100g,Halal
tamarind,1,10,90247597,Amocan Spicy Sour Assam Paste,3.15,100 G,
tamarind,1,11,13128983,FairPrice Asian Recipe Paste Mix - Assam Fish,2.25,200g,Halal
tamarind,1,12,90063861,Chua Hah Seng Sour Tamarind Paste Concentrate,3.05,380 ML,
tamarind,1,13,90047055,Tungsan Straits Story Assam Fish Paste,4.65,240 G,
tamarind,1,14,90056855,MUSC Instant Assam Prawn Paste,3.6,100 G,
tamarind,1,15,90047054,Tungsan Assam Fish Paste,8.65,1 KG,
tamarind,1,16,90056854,MUSC Instant Assam Fish Paste,3.6,100 G,
tamarind,1,17,90223086,Dian Xiao Er Assam Paste 2 Packs - Frozen,14.17,250 G,
tamarind,1,18,90026030,Yi Dah Xing Veg Assam Codfish,4.3,300 G,
tamarind,1,19,90221693,"Dian Xiao Er Bundle Sauce Assam, Sambal, Curry Fish",21.26,3 x 250 G,
tamarind,1,20,90100516,Hampstead Tea Organic Biodynamic Assam Tea Bags,8.5,40 G,
sambar,1,1,90219193,EL-Dina Crispy Prawn Chilli,4.95,165 G,Halal
sambar,1,2,90003710,Baba's Sambar Mix,5.2,250 G,
sambar,1,3,1,Mr Joy's Sambal Belacan,4.8,180 G,
sambar,1,4,90219148,EL-Dina Crispy Anchovies Chilli,4.95,165 G,Halal
sambar,1,5,52431,Glory Nonya Sambal Chili,2.47,250g,
sambar,1,6,13241902,Cj Bibigo Korean Bulgogi Sauce - Mild & Sweet,5.55,500g,Halal
sambar,1,7,12258121,Laoganma Sauce Condiments - Spicy Chili Crisp,3.2,210g,
sambar,1,8,12434471,CJ Haechandle Gochujang Red Pepper Paste,6.01,500g,
sambar,1,9,341389,Taho Lemon Chili Sauce - Extra Hot,1.94,180g,
sambar,1,10,12310735,Heinz ABC Chili Sauce - Sambal Asli,2.63,395g,Halal
sambar,1,11,11229046,Singlong Sambal - Belacan Chili,3.0,230g,Halal
sambar,1,12,13166233,Toh's Daily Chili Garlic - Original,9.6,200g,Halal
sambar,1,13,345208,Lee Kum Kee Sauce - Chili Bean,3.75,226g,Halal
sambar,1,14,42101,Singlong Sambal - Nasi Lemak Chili,3.26,230g,Halal
sambar,1,15,341404,Taho Blachan Chili with Shrimp Paste,2.25,180g,
sambar,1,16,13015665,Soup Restaurant Samsui Sauce - Sambal,6.93,150g,
sambar,1,17,13025201,Singlong Chilli Paste,1.73,500g,Halal
sambar,1,18,12258156,Laoganma Sauce Condiments - Chili with Peanut,3.2,210g,
sambar,1,19,13096865,OS Chilli Paste,2.35,500g,Halal
sambar,1,20,13069397,Prima Taste Paste - Sambal Belachan,2.25,80g,Halal
tiramisu,1,1,13107386,Cornetto Mini Ice Cream Cone - Tiramisu & Dark Chocolate,7.96,12 x 28ml,Halal
tiramisu,1,2,13257713,Beryl's Classic Tiramisu - Milk Chocolate,3.5,65g,
tiramisu,1,3,13257712,Beryl's Classic Tiramisu - Almond Milk Chocolate,3.5,65g,
tiramisu,1,4,10796807,Loacker Quadratini Crispy Wafers - Tiramisu,6.85,220g,
tiramisu,1,5,13236439,Julie's Charm Sandwich - Tiramisu,3.63,172g,Halal
tiramisu,1,6,13257711,Beryl's Classic Tiramisu - Almond White Chocolate,3.5,65g,
tiramisu,1,7,13290503,[BCRS] Nescafe Milk Coffee Bottle Drink - Tiramisu Latte,7.8,4 x 280ml,
tiramisu,1,8,13277208,Sara Lee Creamy Tiramisu Cake,13.45,415g,
tiramisu,1,9,90040900,Beryl's Tiramisu Almond Dark Chocolate,14.5,300 G,
tiramisu,1,10,90040899,Beryl's Tiramisu Almond Milk Chocolate,14.5,300 G,
tiramisu,1,11,90062984,Ramly Cheesecake - Tiramisu,3.0,60 G,
tiramisu,1,12,90040898,Beryl's Tiramisu Almond White Chocolate,14.5,300 G,
tiramisu,1,13,90040886,Beryl's Tiramisu Almond Milk Chocolate,10.8,180 G,
tiramisu,1,14,90056439,Beryl's Tiramisu Milk Chocolate (Pink Color Heart Shape Tin),10.9,80 G,
tiramisu,1,15,90222154,Dian Xiao Er Cream Snowball Mochi-Tiramisu,13.08,300 G,
tiramisu,1,16,90023904,"Schar Savoiardi, Biscuits for Tiramisu - Gluten Free",12.3,200 G,
tiramisu,1,17,90040885,Beryl's Tiramisu Almond White Chocolate,10.8,180 G,
tiramisu,1,18,90040887,Beryl's Tiramisu Almond Green Tea Chocolate,10.8,180 G,
tiramisu,1,19,90253601,Tago Biscuits with Tiramisu Flavored Cream,4.9,180 G,
tiramisu,1,20,90163530,HBAF Tiramisu Almond,7.97,120 G,
selects,1,1,13294144,Marigold HL Milk - Select Matcha Latte,3.95,946ml,
selects,1,2,13012866,Marigold Peel Fresh Select Juice - Yuzu,3.9,946ml,
selects,1,3,13255418,S&W Select Garbanzo Beans,2.73,400g,
selects,1,4,337528,Ajinomoto Pure Select Mayonnaise,4.95,400g,
selects,1,5,13051825,Marigold Peel Fresh Select Juice - Yuzu,7.2,1.89L,Halal
selects,1,6,90098347,Daawat Select Basmati Rice,5.56,1 KG,
selects,1,7,13047989,Royal Select Sparkling Juice - Red Grape,3.5,750ml,Halal
selects,1,8,13047999,Royal Select Sparkling Juice - White Grape,3.5,750ml,Halal
selects,1,9,13094820,Royal Select Sparkling Apple Juice,3.5,750ml,Halal
selects,1,10,90247662,Michel Torino Select Reserve Malbec Argentina Red Wine,26.5,750 ML,
selects,1,11,13094821,Royal Select Sparkling Drink - Peach,3.5,750ml,Halal
selects,1,12,90193240,Eusik Baby Rice Porridge Select - Abalone & Veg 10mths+,7.5,145 G,
selects,1,13,90193241,Eusik Baby Rice Porridge Select - Cod & Quinoa 10mths+,7.5,145 G,
selects,1,14,90193237,Eusik Baby Rice Porridge Select Bundle For 10m+ - 2 flavours,54.0,145 G,
selects,1,15,90247998,Beyblade X CX-06 Random Booster Fox Blush Select,16.9,1 S,
selects,1,16,90110139,Jack Daniel's Sinatra Select,250.0,1000 ML,
selects,1,17,90169688,Gardena Water Control Select,221.1,1 S,
selects,1,18,90110142,Jack Daniel's Single Barrel Select,145.0,750 ML,
selects,1,19,90193239,Eusik Baby Rice Porridge Select - Abalone & Veg 10mths+,54.0,8 x 145 G,
selects,1,20,90193238,"Eusik Baby Rice Porridge Select - Cod & Quinoa, 10mths+",54.0,145 G,
stack,1,1,90253682,Quest Stack Protein Bars Salted Caramel,69.9,12 x 67 G,
stack,1,2,90253685,Quest Stack Protein Bars Cinnamon Brown Sugar,65.51,804 G,
stack,1,3,13234351,HomeProud Collapsible Storage Box - Stackable,25.14,1 per pack,
stack,1,4,90250435,MTRADE Smile Face Expression Stackable Crayon,22.5,36 S,
stack,1,5,90241704,Cubble Stackable Formula Dispenser with Individual Lids,7.9,1 S,
stack,1,6,1,Ninja Double Stack Air Fryer with Probe SL451,329.0,1 S,
stack,1,7,90248506,Aerogaz AZ319AF Dual Stack 11.0L Air Fryer,199.0,1 S,
stack,1,8,90191889,Joseph Joseph M-Cuisine 4pcs Stack Microwave Cooking Set,75.0,1 S,
stack,1,9,90249981,Melissa n Doug Scoop n Stack Ice Cream Cone Playset,34.9,1 S,
stack,1,10,90238424,Vtech Stack n Discover Rings,29.9,1 S,
stack,1,11,90239822,Fisher Price Brilliant Basics Rock a Stack,22.9,1 S,
stack,1,12,90059785,SISTEMA Lunch Stack To Go Rectangle (BLUE),18.5,1800 ML,
stack,1,13,90059786,SISTEMA Lunch Stack To Go Rectangle (PURPLE),18.5,1800 ML,
stack,1,14,90036350,Vintia Stack Stackable Wine Glass 25Cl,14.7,3 S,
stack,1,15,2318,Toyomi Multi-Function Electric Stackable Steamer ST 2318,118.0,1 S,
stack,1,16,90210898,JIJI.SG IRIS Stackable Chair - Black,29.9,1 S,
stack,1,17,90210941,JIJI.SG FYNN Stackable Stool - Wooden Seat,17.9,1 S,
stack,1,18,90243913,JIJI.SG BLASIUS Stackable Storage Box - 20L/44x30x25cm,7.9,1 S,
rounds,1,1,13097801,Malaysia Round Cabbage,3.25,1 per pack,
rounds,1,2,90194297,Yuan Zhen Yuan Eggplant Round,2.9,500 G,
rounds,1,3,90110548,Aw's Market Fresh Malaysian Pork Eye Round,6.88,300 G,
rounds,1,4,90110506,Aw's Market Fresh Malaysian Pork Eye Round (Sliced),6.98,300 G,
rounds,1,5,90110507,Aw's Market Fresh Malaysian Pork Eye Round Minced,6.02,300 G,
rounds,1,6,90025529,Aw's Market Fresh Australia Pork Eye Round (Tender),6.26,300 G,
rounds,1,7,13001633,Fortune Hokkien Noodle - Round,1.52,450g,Halal
rounds,1,8,13244422,New Moon Low Calorie Konjac Noodles - Round,2.5,270g,
rounds,1,9,10014350,HomeProud Microwave-Safe Food Container - Round (M),4.69,10 per pack,
rounds,1,10,10014369,HomeProud Microwave-Safe Food Container - Round,3.41,10 per pack,
rounds,1,11,11210863,HomeProud Microwave-Safe Food Container - Round (S),3.11,10 per pack,
rounds,1,12,13186263,HomeProud Biodegradable Plates - Round (10 inch),8.76,18 per pack,
rounds,1,13,13264213,Bai Cao Wei Hawthorn Round,2.9,208g,
rounds,1,14,90032645,Shin Hua Shin Hua Potato Glass Noodle(Round) 400 G,3.1,400 G,
rounds,1,15,90220608,Disposable 840ml Round Plastic Food Container with Lid,4.6,10 S,
rounds,1,16,90077876,Mr Joy's Seafood Tofu Semi Round Hotpot,5.06,270 G,
rounds,1,17,2,Dodomu Biodegradable Disposable Natural Round Plate,5.5,50 S,
rounds,1,18,11151701,HomeProud Aluminium Tray - Round,2.59,1 per pack,
rounds,1,19,1,Dodomu Beauty Face Round Cotton Pads - Honeycomb,4.95,100 S,
rounds,1,20,3,Dodomu Biodegradable Disposable Natural Round Plate,4.9,50 S,
rosemary,1,1,13273407,FairPrice Moisturising Hand Soap - Mint & Rosemary,3.01,500ml,
rosemary,1,2,13242829,Chef's Fin Rosemary Chicken with Roasted Potatoes & Vegetables,5.5,280g,Halal
rosemary,1,3,13252819,Cloversoft Anti-Bacterial Hand Wash - Grapefruit & Rosemary,6.01,500ml,
rosemary,1,4,13255906,S-Pure Roasted Chicken Breast - Rosemary & Lemon,7.8,300g,Halal
rosemary,1,5,13242723,Cloversoft 2 in 1 Bleach-Free Toilet Cleaner - Rosemary & Ginger,3.99,500ml,
rosemary,1,6,13268320,Cloversoft Anti-bacterial Hand Wash Refill - Grapefruit Rosemary,3.95,500ml,
rosemary,1,7,13274810,MasterFoods Herbs - Rosemary Leaves,4.08,18g,
rosemary,1,8,13211476,"Cloversoft Plant-Based Body Wash - Lavender, Rosemary & Orange",14.2,750ml,
rosemary,1,9,13252843,Cloversoft Plant-Based Body Wash - Grapefruit & Rosemary,14.2,750ml,
rosemary,1,10,13291009,"Cloversoft Body Wash - Lavender, Rosemary & Orange (Refill)",9.9,600ml,
rosemary,1,11,13236611,Bio-Home Laundry Sheet Detergent - Eucalyptus & Rosemary,13.01,25 per pack,
rosemary,1,12,13246374,McCormick Seasoning - Rosemary,5.25,23g,
rosemary,1,13,13173304,OB Finest Specialty Crackers - Cashew & Rosemary,8.0,150g,
rosemary,1,14,90020292,Churo Rosemary,0.95,10 G,
rosemary,1,15,90161369,Herbal Essences Bio:renew Rosemary and Herbs Moisture Shampoo,13.98,400 ML,
rosemary,1,16,90040786,"Simply Organic Rosemary Leaf Whole, 35g",9.12,35 G,
rosemary,1,17,13278950,Gravox Lamb & Rosemary Gravy,5.95,165g,
rosemary,1,18,90190439,Cannamela Cannamela Rosemary Leaves,4.48,14 G,
rosemary,1,19,1,Carmencita Rosemary,3.55,25 G,
rosemary,1,20,90243385,Ayumi Naturals Hair Oil Coconut & Rosemary,36.0,150 ML,
thyme,1,1,10256173,MasterFoods Herbs - Thyme Leaves,4.94,10g,
thyme,1,2,90190437,Cannamela Cannamela Thyme Leaves,3.92,8 G,
thyme,1,3,1,Simply Natural Organic Thyme,7.9,50 G,
thyme,1,4,90040814,Simply Organic Spices Thyme Leaf,9.41,22 G,Organic
thyme,1,5,90233423,La Curiosa Mackerel Fillets In Olive Oil With Lemon Thyme,15.9,120 G,
thyme,1,6,90165168,Essentiq Hair Therapy Anti-Dandruff Shampoo - Thyme & Zinc,38.0,250 ML,
thyme,1,7,90231603,Feral No 3 - Beet Pepper Thyme Oak 0.0 Red Wine,32.48,750 ML,
thyme,1,8,90252331,Yarra Valley Black Garlic Wild Thyme Worcestershire Sauce,13.9,250 ML,
thyme,1,9,90190432,Cannamela Cannamela Organic Sicilian Thyme,7.12,7 G,
thyme,1,10,90061797,Carmencita Thyme,5.05,20 G,
thyme,1,11,90216671,Thyme Herbs Leaf/Leaves,5.3,20 G,
thyme,1,12,90023626,Melodi Greek Thyme Raw Honey,25.95,400 G,
thyme,1,13,90194484,JM Flower Thyme Herbs Plant,11.8,1 S,
thyme,1,14,90212543,Ecostore - Multi Purpose Kitchen Cleaner - Orange & Thyme,9.0,500 ML,
thyme,1,15,90223914,RedMan Thyme Leaves,3.5,30 G,
thyme,1,16,90202140,Thyme Seeds,2.52,1 S,
thyme,1,17,13144049,PurSoft Facial Tissue Box - SG Theme (3 ply),6.06,4 x 120 per pack,
thyme,1,18,10766552,Kwong Cheong Thye Superior Soya Sauce - Dark,5.5,640ml,Halal
thyme,1,19,13126961,Chan Kong Thye Black Sweet Rice Vinegar,7.34,750ml,
roni,1,1,90195582,PS5 Rise of the Ronin / R3,97.9,1 S,
roni,1,2,13193027,FairPrice Frozen Roti Prata,6.31,20 per pack,Halal
roni,1,3,10186398,Spring Home Roti Paratha - Plain,6.95,1.3kg (20 per pack),
roni,1,4,496415,Spring Home Roti Paratha - Plain,2.82,325g (5 per pack),
roni,1,5,13051972,FairPrice Frozen Roti Prata,2.17,480g (6 per pack),Halal
roni,1,6,10196799,Chinatown Roti Prata - Original,9.58,30 per pack,
roni,1,7,10221763,Spring Home Roti Paratha - Onion,7.95,1.3kg (20 per pack),
roni,1,8,13258550,Prima Taste Sauce - Roti Prata Curry,6.01,270g,Halal
roni,1,9,13033254,English Tea Shop Organic Tea - Rooibos,7.03,20 x 2g,Organic
roni,1,10,13138348,Teekanne Rooibos Tea Bags - Caramel,6.06,20 per pack,
roni,1,11,90017866,Nature's Nutrition Organic SOD Rooibos Tea,23.5,100 S,
roni,1,12,13138349,Teekanne Rooibos Tea Bags - Orange,6.06,20 per pack,
roni,1,13,13229134,Tsaio Relaxing Body Wash - Rooibos Tea,17.06,600ml,
roni,1,14,11761542,Robitussin Ex Cough Syrup - Chesty Coughs,12.95,100ml,
roni,1,15,90039381,Rooiberg Cabernet Sauvignon South Africa Red Wine,24.5,750 ML,
roni,1,16,11663352,Pasar Herbal Soup - Song Rong Yi Zhi Tang,6.62,100g,
roni,1,17,13263442,Romio Red Wine - Primitivo Puglia IGT,35.0,750ml,
roni,1,18,13218340,Vig Romio Sangiovese Rubicone Igt Appassimento,38.9,750ml,
roni,1,19,90039382,Rooiberg Chenin Blanc South Africa White Wine,22.7,750 ML,
roni,1,20,13266147,Good Today Blended Tea - Orange Rooibos,9.95,10 x 4.7g,
tequila,1,1,13244625,Don Julio Tequila Blanco,89.0,750ml,
tequila,1,2,90163097,El Toro El Toro Limon y Sal Tequila (Lemon),44.0,700 ML,
tequila,1,3,90248472,Nohaca Tequila - Plata,108.0,700 ML,
tequila,1,4,90248463,Nohaca Tequila - Reposado,116.0,700 ML,
tequila,1,5,13273981,Topanito Reposado Tequila 100% Agave,89.9,700ml,
tequila,1,6,13273978,Topanito Blanco Tequila 100% Agave,84.9,700ml,
tequila,1,7,90163098,El Toro El Toro Jalapeno Tequila,55.0,700 ML,
tequila,1,8,90163099,El Toro EL Toro Tequila Blanco Classic,44.0,700 ML,
tequila,1,9,90117160,Herradura Anejo,109.0,750 ML,
tequila,1,10,90117161,Herradura Reposado,99.0,750 ML,
tequila,1,11,90117162,Herradura Silver,88.0,750 ML,
seabreeze,1,1,90132800,Axe Marine Sea Breeze & Sage Non Stop Fresh Deodorant Spray,6.98,150 ML,
rowal,1,1,13179402,Pasar Royal Gala Apples,4.45,800g,
rowal,1,2,13051638,Simple Organic Apple - Royal Gala,6.95,900g,Organic
rowal,1,3,13111322,Royal Umbrella Thai Hom Mali Rice,16.25,5kg,
rowal,1,4,13111324,Royal Umbrella Thai Hom Mali Rice,31.5,10kg,
rowal,1,5,384959,FairPrice Royal Premium Bathroom Tissue - Heavy Weight 2ply,5.05,10 per pack,
rowal,1,6,13081251,FairPrice AAA Golden Royal Dragon Thai White Fragrant Rice,11.95,5kg,
rowal,1,7,13081252,FairPrice AAA Golden Royal Dragon Thai White Fragrant Rice,23.15,10kg,
rowal,1,8,13271712,Golden Chef Royale Thai Hom Mali Fragrant Rice,12.95,5kg,
rowal,1,9,13164716,Royal Umbrella Thai Hom Mali Rice,3.8,1kg,
rowal,1,10,13136865,Royal India Basmati Rice - Extra Long,17.8,5kg,
rowal,1,11,11961907,Nature's Wonders The Royal Mix,8.8,220g,
rowal,1,12,13164719,Royal Umbrella Thai Hom Mali Rice,9.58,2.5kg,
rowal,1,13,13089396,Royal Umbrella Thai Hom Mali Fragrant Rice - New Crop,16.6,5kg,
rowal,1,14,13273421,Gardenia Loaf - Chocolate Royale,3.9,340g,
rowal,1,15,13144372,FairPrice Royal Gold Facial Tissue 3ply Box,5.7,5 x 120 per pack,
rowal,1,16,13181862,Mama Royal Natural Dishwashing Liquid - Citrus Blossom,3.97,500ml,
rowal,1,17,13181861,Mama Royal Natural Dishwashing Liquid - Fresh Jasmine Green,3.97,500ml,
rowal,1,18,13086179,FairPrice AAA Golden Royal Dragon Thai White Fragrant Rice,6.6,2.5kg,
rowal,1,19,10460254,FairPrice Royal Premium Facial Tissue 2ply Box,6.06,5 x 200 per pack,
rowal,1,20,90124509,Royal King Long Grain Basmati Rice,12.95,5 KG,
temple,1,1,90237374,"Therabody Smart Goggles 2nd Gen Eye & Temple Massager, Black",329.0,1 S,
temple,1,2,90229196,LEGO 71848 NINJAGO The Temple Bounty,269.9,1 S,
temple,1,3,90214830,LEGO 75358 Stars Wars Tenoo Jedi Temple,58.4,1 S,
temple,1,4,90021076,SYH Kim Zua Temple of Heaven 6cm Incense Coil - Bundle of 4,6.15,4 x 0.95 L,
temple,1,5,13231130,Botak Farmer Tempeh,1.6,170g,
temple,1,6,13072293,John West Tempters Tuna - Lemon & Cracked Pepper,2.52,95g,
temple,1,7,13180999,John West Tempters Tuna - Chilli,2.3,95g,
temple,1,8,13072296,John West Tempters Tuna - Onion & Tomato,2.52,95g,
temple,1,9,13175103,John West Tempters Tuna - Sweet Corn & Mayonnaise,2.52,95g,
temple,1,10,11383908,John West Tempters Salmon - Onion & Tomato,3.93,95g,
temple,1,11,13206635,Temole Broccoli Puffs - Cheese,4.99,56g,
temple,1,12,13206638,Temole Cauliflower Puffs - Sour Cream,4.99,56g,
temple,1,13,13206636,Temole Broccoli Puff - Sweet Chili,4.99,56g,
temple,1,14,90014929,Biona Organic Tempeh,10.9,400 G,
temple,1,15,13206637,Temole Cauliflower Puffs - Chili Lime,4.99,56g,
temple,1,16,1,Woh Handcrafted Tempeh Chips Black Truffle,4.95,50 G,
temple,1,17,90250735,Woh Handcrafted Tempeh Chips Bbq,6.95,100 G,
temple,1,18,90188366,PowerPac Air Fryer 4.8L with Tempered Glass Basket (PPAF345),59.9,1 S,
temple,1,19,90248231,TOI Frozen SoyaBean Fritters (Tempe),5.5,210 G,
sapote,1,1,90238110,JM Flower Saboten Kitchen Scissors,45.3,1 S,
barfi,1,1,90062475,Niks Besan Barfi 500G -- By Dashmesh,9.43,500 G,
barfi,1,2,13211457,Oatside Oat Milk - Barista Edition,6.1,1L,Halal
barfi,1,3,12128669,Barilla Base for Bolognese Pasta Sauce with Italian Tomato,3.5,400g,Halal
barfi,1,4,13263702,Barilla Italian Pasta - Spaghetti No.5,3.88,500g,Halal
barfi,1,5,12712521,Oatside Oat Milk - Barista Edition,29.9,6 x 1L,Halal
barfi,1,6,141903,Barilla Basilico Pasta Sauce with Italian Tomato,3.5,400g,Halal
barfi,1,7,13201062,Oatly Dairy Free Oat Milk Drink - Barista Edition,5.5,1L,Halal
barfi,1,8,13165406,Barilla Italian Pasta - Penne Rigate,3.88,500g,Halal
barfi,1,9,141797,Barilla Napoletana Pasta Sauce with Italian Tomato and Herbs,3.5,400g,Halal
barfi,1,10,144212,Barilla Pesto Genovese Pasta Sauce with Fresh Italian Basil,6.95,190g,
barfi,1,11,144220,Barilla Arrabbiata Pasta Sauce with Italian Tomato and Chilli Peppers,3.5,400g,Halal
barfi,1,12,13165407,Barilla Italian Pasta - Fusilli,3.88,500g,Halal
barfi,1,13,13165422,Barilla Italian Pasta - Chifferi Elbows,3.88,500g,Halal
barfi,1,14,13266000,Barilla Italian Pasta - Spaghetti No.3,3.88,500g,Halal
barfi,1,15,13165408,Barilla Italian Pasta - Farfalle,3.88,500g,Halal
barfi,1,16,13266010,Barilla Italian Pasta - Linguine 13,3.88,500g,Halal
barfi,1,17,13267022,Barilla Italian Pasta - Love Shapes,3.88,400g,Halal
barfi,1,18,13165423,Barilla Italian Pasta - Angel Hair,3.88,500g,Halal
barfi,1,19,13237119,Barilla Pomodoro Sauce,3.5,400g,
barfi,1,20,13237114,Barilla Italian Pasta - Pipe Rigate,3.88,500g,
saag,1,1,90056518,Swad Sarson Ka Saag 450G -- By Dashmesh,2.84,450 G,
saag,1,2,13026152,San Remo Pasta - Spaghetti,2.25,500g,Halal
saag,1,3,13263702,Barilla Italian Pasta - Spaghetti No.5,3.88,500g,Halal
saag,1,4,13024621,San Remo Pasta - Instant Spaghetti,2.72,500g,Halal
saag,1,5,13026178,San Remo Pasta - Linguine,2.72,500g,Halal
saag,1,6,13143647,Eu Yan Sang Essence of Chicken - Traditional,39.8,12 x 70g,
saag,1,7,13026157,San Remo Pasta - Angel Hair Spaghetti,2.25,500g,Halal
saag,1,8,13217100,La Molisana Spaghetti,3.63,500g,
saag,1,9,12321928,Naturel Organic Pasta - Spaghetti,3.56,500g,Organic
saag,1,10,13266000,Barilla Italian Pasta - Spaghetti No.3,3.88,500g,Halal
saag,1,11,10521838,Pasar Dried Pearl Sago,1.37,250g,
saag,1,12,13184515,FairPrice Pasta - Spaghetti,2.45,500g,Halal
saag,1,13,13107380,FairPrice Gold Growing Up Milk Formula - Stage 3,29.77,900g,Halal
saag,1,14,13266010,Barilla Italian Pasta - Linguine 13,3.88,500g,Halal
saag,1,15,13243054,Chef's Fin Spaghetti Aglio Olio with Chicken Bacon & Mushrooms,5.5,280g,Halal
saag,1,16,13205572,PediaSure 10+ Milk Powder - Classic Vanilla,56.7,800g,Halal
saag,1,17,13094018,Nestle NAN OPTIPRO Toddler Growing Up Milk (Now with 5-MO Complex) - Stage 4,79.5,1.6kg,Halal
saag,1,18,13165423,Barilla Italian Pasta - Angel Hair,3.88,500g,Halal
saag,1,19,13217096,La Molisana Spaghetto Quadrato,3.63,500g,
saag,1,20,12025977,Colavita Pasta - Spaghetti,2.25,500g,
tartare,1,1,13096837,FairPrice Tartar Sauce,4.08,320g,Halal
tartare,1,2,49595,Bake King Cream Of Tartar,3.55,80g,Halal
tartare,1,3,90130444,Kewpie Kewpie Tartar Sauce Bundle of 2,7.45,260 ML,
tartare,1,4,13292789,Kewpie Tartar Sauce,3.65,130ml,Halal
tartare,1,5,90225226,RedMan Tartar Sauce,28.0,3 L,
tartare,1,6,1,Nylabone Advanced Oral Care Dog Liquid Tartar Remover,25.2,1 S,
tartare,1,7,90078562,Virbac C.E.T. Veggiedent Tartar Control Chews,22.7,224 G,
tartare,1,8,90221372,RedMan Cream Of Tartar,22.4,1 KG,
tartare,1,9,90031857,Green Earth Golden Tartary Buckwheat,8.8,250 G,
scampi,1,1,90239425,Mareterra Conservas Shrimp Scampi Pate,13.41,94 G,
scampi,1,2,90248241,Cantina Sampietrana 68 Vignaioli Red Wine,57.0,750 ML,
scampi,1,3,90175815,Cantina Sampietrana Trefilari Salento IGP Primitivo Red Wine,57.0,750 ML,
scampi,1,4,90175814,Cantina Sampietrana Settebraccia Negroamaro IGP Susumaniello,57.0,750 ML,
scampi,1,5,90175813,Cantina Sampietrana Sumaest Susumaniello IGP Red Wine,54.0,750 ML,
scampi,1,6,90248251,Cantina Sampietrana Sessantenario Malvasia Nera Igp Salento,48.75,750 ML,
scampi,1,7,90248132,Cantina Sampietrana Salento IGP Syrah Red Wine,48.75,750 ML,
scampi,1,8,90175818,Cantina Sampietrana Brindisi DOP Riserva Since 1952 Red Wine,47.25,750 ML,
scampi,1,9,90175816,Cantina Sampietrana Squinzano DOP Riserva Red Wine,47.25,750 ML,
scampi,1,10,90175817,Cantina Sampietrana Le Monache Salice Salentino DOP Riserva,47.25,750 ML,
scampi,1,11,90175812,Cantina Sampietrana Terre Cave Negroamaro IGP Primitivo,47.25,750 ML,
scampi,1,12,90175811,Cantina Sampietrana Cinquantino Salento IGP Primitivo Red Win,40.5,750 ML,
scampi,1,13,90248226,Cantina Sampietrana Cinquantino Puglia Igp Fiano,39.0,750 ML,
scampi,1,14,90248225,Cantina Sampietrana Cinquantino Puglia IGP Rosato Negroamaro,39.0,750 ML,
scampi,1,15,90214609,"PD100W 75,000mAh Camping Powerstation",349.0,1 S,
scampi,1,16,90011950,ToddlerFinest Kids Children Teepee Camping Tent (Pink),69.95,1 S,
scampi,1,17,90011948,ToddlerFinest Kids Children Teepee Camping Tent (Grey),69.95,1 S,
scampi,1,18,90068684,Adventure World Camping Bed / Safari Bed,69.9,1 S,
scampi,1,19,90207604,LEGO 41726 Friends Holiday Camping Trip,35.9,1 S,
scampi,1,20,90224753,HOMIE Bamboo Pillow Cover -Bear Camping XL,29.99,1 S,
armadillo,1,1,90233342,Barbadillo Quadis Joven Red Wine,36.72,750 ML,
armadillo,1,2,90233325,Barbadillo Tinto Red Wine,33.68,750 ML,
armadillo,1,3,90233332,Barbadillo Blanco White Wine,19.9,750 ML,
armadillo,1,4,90233306,Barbadillo Blanco Semidulce White Wine,19.9,750 ML,
armadillo,1,5,1,Barbadillo Mixed Rebujito,18.92,750 ML,
armadillo,1,6,90233305,Jopo De Lobo Pedro Red Wine,29.18,375 ML,
tapenade,1,1,90247861,Maixei Taggiasca Olive Tapenade,13.41,180 G,
tamarinds,1,1,11062995,Dahlia Tamarind Paste,1.28,300g,Halal
tamarinds,1,2,13111773,Dahlia Tamarind Paste,3.31,1kg,Halal
tamarinds,1,3,13057163,Singlong Tamarind Paste,1.22,300g,
tamarinds,1,4,90008099,Telugu Tamarind Paste 300G -- By Dashmesh,3.53,300 G,
tamarinds,1,5,90054225,Malika Tamarind Bar Seedless 500G -- By Dashmesh,3.5,500 G,
tamarinds,1,6,13000997,Brahim's Sauce - Spicy Tamarind,2.65,180g,Halal
tamarinds,1,7,13282250,Yeo's Paste - Spicy Tamarind,1.95,100g,Halal
tamarinds,1,8,90063861,Chua Hah Seng Sour Tamarind Paste Concentrate,3.05,380 ML,
tamarinds,1,9,90163269,Ken Ken Licorice Preserved Tamarind,3.65,200 G,
tamarinds,1,10,13218884,Pasar Tamarind Slice,1.32,50g,
tamarinds,1,11,90083342,Orchid Tamarind,3.6,1 KG,
tamarinds,1,12,90107531,Gemini Brand Tamarind,4.94,500 G,
tapioca,1,1,90214987,"Agro Fresh Tapioca  Root( (Cassava,Ubi Kayu)",1.65,450 G,
tapioca,1,2,12337612,Batak House Singapore Houten Tapioca Chips - Chili,5.09,8 x 35g,
tapioca,1,3,13186832,FairPrice Tapioca Crisps,2.2,180g,Halal
tapioca,1,4,12121256,Flying Man Brand Tapioca Starch,1.22,500g,
tapioca,1,5,13187000,FairPrice Tapioca Flour,1.16,500g,
tapioca,1,6,13186833,FairPrice Sambal Chilli Tapioca Crisps,2.05,120g,Halal
tapioca,1,7,240549,Camel Tapioca Ikan Bilis - Chilli,1.98,120g,Halal
tapioca,1,8,13190532,Kracker King Chip - Tapioca Chip,2.41,150g,Halal
tapioca,1,9,90034572,Mr Best Sambal Chilli Tapioca Crisps,5.95,280 G,
tapioca,1,10,13214110,Kracker King Sambal Chilli Tapioca Chips,2.41,150g,
tapioca,1,11,13149567,Bob's Red Mill Flour - Starch Tapioca,11.0,454g,
tapioca,1,12,90042557,AAA Tapioca Pearl,3.1,375 G,
tapioca,1,13,90182235,Houten Chilli Tapioca Chips - Bundle of 2,10.15,2 x 280 G,
tapioca,1,14,90122266,SnackFirst Curry Tapioca Chips (Old School Crackers),5.9,60 G,
tapioca,1,15,90131395,Singapore Houten Chilli Tapioca IkanBilis&Nut - Bundle of 2,4.4,2 x 100 G,
tapioca,1,16,90131392,Singapore Houten Chilli Tapioca Chips with Ikan Bilis and Nut,8.2,500 G,
tapioca,1,17,90134406,SnackFirst Shredded Tapioca Fries (Old School Crackers),5.9,120 G,
tapioca,1,18,90248937,TOI Tapioca Fritters (Cireng),5.0,275 G,
tapioca,1,19,90151113,CAP KAPAL ABC Tapioca Starch 1KG,5.95,1 G,
tapioca,1,20,90055584,Green Earth Organic Tapioca Starch,4.2,200 G,
roy,1,1,13179402,Pasar Royal Gala Apples,4.45,800g,
roy,1,2,13051638,Simple Organic Apple - Royal Gala,6.95,900g,Organic
roy,1,3,13111322,Royal Umbrella Thai Hom Mali Rice,16.25,5kg,
roy,1,4,13111324,Royal Umbrella Thai Hom Mali Rice,31.5,10kg,
roy,1,5,384959,FairPrice Royal Premium Bathroom Tissue - Heavy Weight 2ply,5.05,10 per pack,
roy,1,6,13081251,FairPrice AAA Golden Royal Dragon Thai White Fragrant Rice,11.95,5kg,
roy,1,7,13081252,FairPrice AAA Golden Royal Dragon Thai White Fragrant Rice,23.15,10kg,
roy,1,8,13271712,Golden Chef Royale Thai Hom Mali Fragrant Rice,12.95,5kg,
roy,1,9,13164716,Royal Umbrella Thai Hom Mali Rice,3.8,1kg,
roy,1,10,13136865,Royal India Basmati Rice - Extra Long,17.8,5kg,
roy,1,11,11961907,Nature's Wonders The Royal Mix,8.8,220g,
roy,1,12,13164719,Royal Umbrella Thai Hom Mali Rice,9.58,2.5kg,
roy,1,13,13089396,Royal Umbrella Thai Hom Mali Fragrant Rice - New Crop,16.6,5kg,
roy,1,14,13273421,Gardenia Loaf - Chocolate Royale,3.9,340g,
roy,1,15,13144372,FairPrice Royal Gold Facial Tissue 3ply Box,5.7,5 x 120 per pack,
roy,1,16,13181862,Mama Royal Natural Dishwashing Liquid - Citrus Blossom,3.97,500ml,
roy,1,17,13181861,Mama Royal Natural Dishwashing Liquid - Fresh Jasmine Green,3.97,500ml,
roy,1,18,13086179,FairPrice AAA Golden Royal Dragon Thai White Fragrant Rice,6.6,2.5kg,
roy,1,19,10460254,FairPrice Royal Premium Facial Tissue 2ply Box,6.06,5 x 200 per pack,
roy,1,20,90124509,Royal King Long Grain Basmati Rice,12.95,5 KG,
screwdriver,1,1,11950319,HomeProud Screwdriver Set - 5 in 1,6.06,1 per pack,
screwdriver,1,2,90252971,HOTO Electric Screwdriver Kit,86.0,1 S,
screwdriver,1,3,90252984,HOTO Electric Precision Screwdriver Kit Pro,82.0,1 S,
screwdriver,1,4,90221811,Black+Decker Rapid Driver Screwdriver (BCF611CK 3.6V),79.0,1 S,
screwdriver,1,5,90009444,Einhell Electric Cordless Screwdriver (3.6V) TE-SD 3.6 / 1 Li,49.9,1 S,
screwdriver,1,6,90252965,HOTO 3.6V Cordless Screwdriver,43.0,1 S,
screwdriver,1,7,90199264,Stanley STHT0-70887 48pc Screwdriver Kit,39.5,1 S,
screwdriver,1,8,90250279,Xiaomi Electric Precision Screwdriver,37.0,1 S,
screwdriver,1,9,90247558,Steve & Leif Electric Cordless 3.6V Portable Screwdriver,29.9,1 S,
screwdriver,1,10,90080198,Black+Decker Alkaline Screwdriver 6V w/ 14 Pcs Bits - A7073,26.9,1 S,
screwdriver,1,11,90250603,Xiaomi Mi Precision Screwdriver Kit,24.0,1 S,
screwdriver,1,12,90069518,Stanley Cushion Grip Screwdriver 6 Pcs Set W/Bonus Tester,23.11,1 S,
screwdriver,1,13,90194505,Precision Screwdriver Set / Handy DIY Tool Kit,8.94,1 S,
screwdriver,1,14,90199287,Stanley 68-072 Screwdriver Insert Bit Set,12.8,1 S,
screwdriver,1,15,90069527,Stanley 6 Way Quick Change Cushion Grip Screwdriver,9.99,1 S,
screwdriver,1,16,90069215,Stanley Screwdriver Set Precision Bi-Mat/6Pc,8.98,1 S,
screwdriver,1,17,90069216,Stanley 6 Pcs Metal Precision Screwdriver Set,7.97,1 S,
screwdriver,1,18,90010275,Steve & Leif 9-In-1 Pocket Micro Precision Screwdriver Set,5.6,1 S,
screwdriver,1,19,90211679,Coloured Precision Screwdriver Set,5.5,1 S,
screwdriver,1,20,1,Precision Screwdriver Set - Large,5.5,1 S,
scotch,1,1,11150987,3M Scotch-Brite High Performance Cloth - Kitchen,6.46,2 per pack,
scotch,1,2,13211350,3M Scotch-Brite Scrub Sponges - Tough Clean,4.34,3 per pack,
scotch,1,3,13213352,3M Scotch-Brite Scrub Sponges - Tough Clean,5.05,4 per pack,
scotch,1,4,13021786,3M Scotch-Brite General Purpose Cloths,13.12,5 per pack,
scotch,1,5,13181178,3M Scotch-Brite Scrub Dots Scrub Sponge - Non-Scratch,4.59,2 per pack,
scotch,1,6,13289206,Scotch Brite Easy Clean Scrub Sponge - Non-Scratch,2.95,3 per pack,
scotch,1,7,13042143,3M Scotch-Brite Scour Pads - Stainless Steel,5.5,3 per pack,
scotch,1,8,13092047,3M Scotch-Brite Starter Kit - Easy Sweeper Plus,28.67,1 per pack,
scotch,1,9,11868307,3M Scotch-Brite Scrub Sponges - Non-Scratch (Blue),6.16,3 per pack,
scotch,1,10,11646691,3M Scotch-Brite Sponge Cloths,5.14,2 per pack,
scotch,1,11,12622691,3M Scotch-Brite Dusting Cloth - High Performance,7.67,2 per pack,
scotch,1,12,11150995,3M Scotch-Brite High Performance Cloth - Bathroom,7.56,1 per pack,
scotch,1,13,13232389,3M Scotch Brite Scrub Pad - Tough Clean,3.74,3 per pack,
scotch,1,14,13269810,Scotch-Brite Starter Kit - Easy Sweeper Plus Paperwiper (Q600),29.95,1 per pack,
scotch,1,15,11868251,3M Scotch-Brite Scrub Sponges - Heavy Duty,6.16,3 per pack,
scotch,1,16,13181179,3M Scotch-Brite Scrub Dots Scrub Sponges - Heavy Duty,4.59,2 per pack,
scotch,1,17,13027361,3M Scotch-Brite Disposable Wet Paper Wiper Refills,5.91,1 per pack,
scotch,1,18,12697925,3M Scotch-Brite Mop Refill - Latex,10.09,1 per pack,
scotch,1,19,11868278,3M Scotch-Brite Scrub Sponges - Delicate Care (Pink),6.16,3 per pack,
scotch,1,20,630021,3M Scotch-Brite Scrub Sponge - All Purpose Cleaning Pad,2.73,1 per pack,
avena,1,1,12709683,Dutch Lady Avengers UHT Kid Milk - Full Cream,24.0,40 x 125ml (CTN),Halal
avena,1,2,13219435,Avene Sunblock - Triabsorb SPF50+,56.9,50ml,
avena,1,3,13117136,Avene Thermal Spring Water Twin Pack,20.9,2 x 150ml,
avena,1,4,13268976,Avene Ultra Fluid SPF50+ Sunblock - Invisible,54.9,50ml,
avena,1,5,13117120,Avene Cicalfate Restorative Protective Cream,23.9,40ml,
avena,1,6,13235203,Avene Hydrance Boost Serum,69.9,30ml,
avena,1,7,13205047,Avene Lotion Cleanser - Extremely Gentle,36.9,200ml,
avena,1,8,90201522,Elizabeth Arden Eau de Parfum - 5th Avenue,24.9,30 ML,
avena,1,9,13154863,Avene Cicalfate Lip Balm,22.7,10ml,
avena,1,10,13117134,Avene Thermal Spring Water,20.9,3 x 50ml,
avena,1,11,13277158,Avene Vitamin Activ Cg Radiance Boost Ki,99.9,1 per pack,
avena,1,12,13276731,Avene Sunblock - Anti-Age Fluid SPF50,82.9,40ml,
avena,1,13,13253079,Avene Hyaluron Triple Correction Eye Cream,72.9,15ml,
avena,1,14,13117172,Avene Protect Lotion SPF50,64.7,100ml,
avena,1,15,13268983,Avene Ultra Fluid SPF50+ Sunblock - Oil Control,56.9,50ml,
avena,1,16,13117145,Avene Hydrance Deep Moist Lotion,55.9,200ml,
avena,1,17,13291827,Avene Hydrance SPF 30 Hydrating Cream,53.9,40ml,
avena,1,18,13117110,Avene Hydrating Emulsion - Light,52.9,40ml,
avena,1,19,13268985,Avene Cicalfate+ Scar Gel,41.7,30ml,
avena,1,20,13118238,Avene Soapless Cleanser Gel - Cleanance,36.7,200ml,
fritos,1,1,90256551,Bodegas Frutos Villar Miralmonte Reserva Red Wine,47.38,750 ML,
fritos,1,2,90256550,Bodegas Frutos Villar Calderona Reserva Red Wine,41.54,750 ML,
fritos,1,3,90256504,Bodegas Frutos Villar Miralmonte Crianza Red Wine,38.93,750 ML,
fritos,1,4,90256544,Bodegas Frutos Villar Calderona Crianza Red Wine,36.99,750 ML,
fritos,1,5,90256527,Bodegas Frutos Villar Miralmonte Roble Red Wine,34.38,750 ML,
fritos,1,6,90256528,Bodegas Frutos Villar Miralmonte Joven Red Wine,32.44,750 ML,
fritos,1,7,90256543,Bodegas Frutos Villar Calderona Joven Red Wine,31.79,750 ML,
fritos,1,8,90256494,Bodegas Frutos Villar Vina Calderona Blush Rose,31.79,750 ML,
fritos,1,9,90253210,Shrimply Good Shrimp Frits - Tomato,6.8,120 G,
fritos,1,10,90224382,Shrimply Good - Spicy Nori Shrimp Frits,6.8,120 G,
fritos,1,11,90224367,Shrimply Good - Salted Egg Shrimp Frits,6.8,120 G,
fresco,1,1,90005858,Villa Sandi Il Fresco Millesimato Prosecco - Case6x750ml,253.0,6 x 750 ML,
fresco,1,2,90189550,Villa Sandi IL Fresco Rose Sparkling Wine,42.8,750 ML,
fresco,1,3,90189539,Villa Sandi Il Fresco Prosecco Rose Mil Brut,42.8,750 ML,
fresco,1,4,90189551,Villa Sandi IL Fresco Brut Prosecco Sparkling Wine,42.8,750 ML,
fresco,1,5,13287347,Frescobaldi Tenuta Red Wine - Castiglioni,115.9,1.5L,
fresco,1,6,90103430,Baby/Chat Potatoes,3.99,3 S,
fresco,1,7,90103431,Red Skin Potato,9.0,500 G,
fresco,1,8,90243204,FreshCo Lemons (Fresh),2.25,400 G,
fresco,1,9,90247216,FreshCo Carrots (Fresh),2.97,500 G,
fresco,1,10,90236542,FreshCo Capsicum Green,3.96,260 G,
fresco,1,11,90240750,FreshCo. White Dragon Fruit,3.0,400 G,
fresco,1,12,90248572,FreshCo. Pineapple (Honey Variety),4.0,1.3 KG,
fresco,1,13,90240709,FreshCo. Red Dragon Fruit,5.0,500 G,
fresco,1,14,90103429,FreshCo. Sebago Potatoes,4.75,500 G,
fresco,1,15,90236529,FreshCo Capsicum Yellow,5.45,300 G,
fresco,1,16,90240565,FreshCo. Cantaloupe,15.3,2 KG,
fresco,1,17,90247231,FreshCo Chilli Padron,9.0,200 G,
fresco,1,18,90246913,FreschCo Figs (Fresh),12.0,200 G,
fresco,1,19,90238870,FreshCo. Kohlrabi,10.5,550 G,
fresco,1,20,90243212,FreshCo Jalapeno (Fresh),10.98,200 G,
frying,1,1,90088639,Kirei Nissin Moriyama Salt Flavoured Karaage Ko Frying Flour,5.1,100 G,
frying,1,2,90204701,Korea's Ottogi Frying Batter Mix,3.6,20 x 500 G,
frying,1,3,90010807,Clearspring Organic Sunflower Frying Oil,43.9,2 L,
frying,1,4,90010806,Clearspring Organic Sunflower Frying Oil,25.9,0,Organic
frying,1,5,90184592,"Berghoff 24cm Non-stick Frying Pan, Lightweight Aluminium",47.5,1 S,
frying,1,6,90145173,Tramontina Paris 28cm Non Stick Frying Pan,35.9,1 S,
frying,1,7,90152629,Tramontina 20cm Frying pan Loreto,17.9,20 CM,
frying,1,8,90107633,"Tramontina Grano 26cm Frying Pan, S/S 3 Ply Base/Non-Stick",139.0,1 PC,
frying,1,9,90107634,"Tramontina Grano 20cm Frying Pan, S/S 3 Ply Base/Non-Stick",119.9,1 PC,
frying,1,10,1,Tramontina Frying Pan - Grano,109.9,1 S,
frying,1,11,90218095,Tramontina 26cm Frying Pan - Grano,99.9,1 S,
frying,1,12,90251887,Tramontina Frying Pan - Grano,94.9,1 S,
frying,1,13,90218120,Tramontina 20cm Frying Pan - Grano,89.9,1 S,
frying,1,14,90199266,Tramontina Brava Frying Pan - 24cm,89.9,1 S,
frying,1,15,90035759,"Tramontina Grano 26cm Frying Pan, S/S 3 Ply Base/Non Stick",89.9,1 PC,
frying,1,16,90173499,K-ART 3D Iron Frying Pan 30CM,79.9,30 CM,
frying,1,17,90035758,"Tramontina Grano 20cm Frying Pan, S/S 3 Ply Base/Non Stick",79.9,1 PC,
frying,1,18,90187426,Cornell 16L Oil Free Frying Air Oven,79.0,1 S,
frying,1,19,90248507,K-ART Titanium Non-Stick Frying Pan - 26 cm,74.9,1 S,
frying,1,20,90215306,Tramontina 28cm Frying Pan - Allegra,74.9,1 S,
caramel,1,1,13163592,Starbucks Coffee Capsules - Caramel Macchiato,9.45,12 per pack,Halal
caramel,1,2,90023097,Monin Syrup - Caramel,18.16,700 ML,Halal
caramel,1,3,90247187,Zerup Zero Sugar Syrup - Salted Caramel,16.9,1 L,
caramel,1,4,90201232,Zerup Zero Sugar Syrup - Cane Sugar +,16.9,1 L,
caramel,1,5,90221270,RedMan Syrup - Caramel,19.2,750 ML,
caramel,1,6,90115647,Mathieu Teisseire Sea Salt Caramel Syrup,17.9,700 ML,
caramel,1,7,90186458,Zerup Zero Sugar Syrup - Caramel,16.9,1 L,
caramel,1,8,90186453,Zerup Zero Sugar Syrup - White Peach,16.9,1 L,
caramel,1,9,13236968,Starbucks Nespresso Premium Coffee Capsules - Smooth Caramel,9.25,51g,
caramel,1,10,13177020,Starbucks Instant Premium Mixes - Caramel Latte,5.85,4 per pack,
caramel,1,11,90115590,Mathieu Teisseire Caramel Syrup,17.9,700 ML,
caramel,1,12,90218118,Zerup Zero Sugar Syrup - Rootbeer,16.9,1 L,
caramel,1,13,13267333,FairPrice 3-In-1 White Coffee - Salted Caramel,6.25,15 x 35g,
caramel,1,14,90201221,Zerup Zero Sugar Syrup - Lemon Lime,16.9,1 L,
caramel,1,15,13281712,[BCRS] Nescafe Espresso Concentrate - Caramel,9.95,500ml,
caramel,1,16,13292448,[BCRS] Nescafe Espresso Concentrate - Caramel + Free Milk,9.95,1 per pack,Halal
caramel,1,17,13287103,Starbucks Liquid Concentrates - Caramel,11.5,6 x 25ml,
caramel,1,18,13138348,Teekanne Rooibos Tea Bags - Caramel,6.06,20 per pack,
caramel,1,19,13276770,Moccona Liquid Espresso - Caramel,8.95,8 x 20ml,Halal
caramel,1,20,13244242,Frenche Roast Indulgence - Salted Caramel,5.95,16 x 23g,Halal
caramel,1,21,13291264,Moccona Liquid Espresso Caramel + GWP,17.0,16 x 20ml,Halal
caramel,1,22,13226290,Old Town 3 in 1 Instant White Coffee - Salted Caramel,9.25,13 x 31.6g,Halal
caramel,1,23,12452768,"Haagen-Dazs Ice Cream - Caramel, Biscuit & Cream",14.77,473ml,
caramel,1,24,13146353,Carman's Gourmet Protein Bars - Salted Caramel Nut Butter,8.5,5 x 40g,Halal
fondue,1,1,90086344,Chasseur Cast Iron Bourguignonne Fondue Set 21cm Red/Sand,218.0,1 S,
fondue,1,2,12702130,Loacker Crispy Wafers - Fondente,6.6,5 x 37.5g,
brown,1,1,13216789,SongHe Noble Berry Rice,6.06,1kg,Halal
brown,1,2,13181370,FairPrice Thai Brown Unpolished Rice,11.3,5kg,
brown,1,3,13049984,Naturel Organic Rice - Mixed Brown and Red,11.0,2kg,Organic
brown,1,4,13267871,The Little Rice Company Wholegrain Brown Rice -  Low Gi,14.95,5kg,
brown,1,5,13255994,SongHe 8020 Mixed Fragrant + Red Rice,17.25,5kg,Halal
brown,1,6,13172379,Songhe Noble Brown Rice,17.25,5kg,
brown,1,7,13181371,FairPrice Thai Brown Rice - Unpolished,6.95,2.5kg,
brown,1,8,13249625,Kinmemai Japanese Better Brown Rice,10.95,1kg,
brown,1,9,11698846,Naturel Organic Rice - Brown,11.0,2kg,Organic
brown,1,10,13086201,FairPrice Thai Rice Blend,7.95,2.5kg,
brown,1,11,90041274,PaddyKing Thai Tri-Color Wholegrain Rice,9.95,2.5 KG,
brown,1,12,90041276,PaddyKing Thai Riceberry,6.05,1 KG,
brown,1,13,13190073,Royal Umbrella Thai Fragrant Mixed Rice,6.55,2kg,
brown,1,14,13190074,Royal Umbrella Thai Fragrant Brown Rice,6.55,2kg,
brown,1,15,90041275,PaddyKing Thai Red Cargo Rice,5.0,1 KG,
brown,1,16,13244703,FairPrice Thai Brown Unpolished Rice,3.99,1kg,
brown,1,17,90041897,PaddyKing Thai Brown Rice,16.5,5 KG,
brown,1,18,13098974,Naturel Organic Rice - Brown,5.4,750g,Organic
brown,1,19,13041004,EcoBrown's Unpolished Brown Rice - Original,14.37,5kg,Halal
brown,1,20,13033157,Fresh Rice Organic Thai Hom Mali Rice - Mixed Brown,5.95,1kg,Organic
england,1,1,11,Wilmax England Porcelain Baking Dish With Handles,28.9,1 S,
england,1,2,90056108,Wilmax England Thermo Glass Jar With Lid 950 ML,14.02,1 PC,
england,1,3,90138482,Wilmax England Porcelain Dish 15X9X4.5Cm,8.98,1 S,
england,1,4,90094802,UNME Ergonomic School Bag - England Blue,149.0,1 S,
england,1,5,90094764,UNME Ergonomic School Bag - England Pink,149.0,1 S,
england,1,6,90056091,Wilmax England Porcelain Deep Plate 6Pcs set,70.55,6 S,
england,1,7,90056090,Wilmax England Porcelain Dinner Plate 6Pcs Set,64.49,6 S,
england,1,8,1,Wilmax England Porcelain Tea Pot (2150ml),49.9,1 S,
england,1,9,90138476,Wilmax England Porcelain Tea Pot 1750ml Color Box,40.27,1 S,
england,1,10,90229852,Wilmax England Porcelain Tea Pot 1.75L,39.9,1 S,
england,1,11,90056122,Wilmax England Thermo Glass Tea Pot 1450 ML,39.9,1 S,
england,1,12,90143165,Wilmax England Bamboo Platter Round 35.5Cm,39.26,1 S,
england,1,13,90056420,Wilmax England Porcelain Baking Dish With Handles 2600ml,39.26,1 PC,
england,1,14,90229828,Wilmax England Porcelain Baking Dish With Handles 2050ml,38.9,1 S,
england,1,15,90056135,Wilmax England Porcelain Tea Pot 1.35 L,38.25,1 S,
england,1,16,90056121,Wilmax England Thermo Glass Tea Pot 950 ML,37.24,1 S,
england,1,17,90056117,Wilmax England Thermo Glass Tea Pot 850 ML,35.22,1 S,
england,1,18,90056105,Wilmax England Thermo Glass Jug 2100 ML,34.9,1 S,
england,1,19,90056120,Wilmax England Thermo Glass Tea Pot 600 ML,33.2,1 S,
extender,1,1,90234161,TP-Link BE11000 Tri-Band Wi-Fi 7 Range Extender,319.0,1 S,
extender,1,2,90087817,IONA Halogen Grill with Extender Ring - GLTB112,79.8,1 S,
extender,1,3,90234163,TP-Link RE205 AC750 Wi-Fi Range Extender,40.9,1 S,
extender,1,4,90234057,TP-Link RE200 AC750 Wi-Fi Range Extender,38.9,1 S,
extender,1,5,90234126,TP-Link 300Mbps Wi-Fi Range Extender,30.9,1 S,
extender,1,6,90234059,TP-Link AX1500 Wi-Fi 6 Range Extender,59.0,1 S,
extender,1,7,1,Razer Goliathus Extended Chroma Soft Gaming Mouse Mat Pink,89.01,1 S,
extender,1,8,13076060,Magiclean Wiper Handy Duster - Extendable,14.21,1 per pack,
extender,1,9,10947003,Panadol Extend For Muscle & Joint Pain Relief Caplets 18 per pack,9.95,18 per pack,
extender,1,10,13253426,Homeproud Extendable Handle (HP6773),5.6,1 per pack,
extender,1,11,90085950,RPR Extend My Colour Shampoo,45.0,1000 ML,
extender,1,12,90163449,Kao Quickle Handy Duster - Extendable,15.5,1 S,
extender,1,13,90085948,RPR Extend My Colour Conditioner,45.0,1000 ML,
extender,1,14,90085951,RPR Extend My Colour Shampoo,19.5,300 ML,
extender,1,15,90085949,RPR Extend My Colour Conditioner,19.5,300 ML,
extender,1,16,90037871,Vesta Canary Extendable with Lock Duster (83-113Cm),10.5,1 S,
extender,1,17,90128304,Houze SLIM Compact X Extendable Drying Rack,18.88,1 S,
extender,1,18,90207782,Cuisinart Pasta Extruder Attachment,269.0,1 S,
extender,1,19,90145576,Lucky Baby Smart System Extendable Gate On Wheel - White,169.0,1 S,
extender,1,20,90251886,Tramontina Everyday Extendable Dish Rack,79.0,1 S,
brioche,1,1,13271382,Gardenia Loaf - Brioche,3.8,380g,Halal
brioche,1,2,13224312,Bakeri Traditional Brioche,6.65,425g,
brioche,1,3,13224308,Bakeri Brioche Buns,4.95,3 per pack,
brioche,1,4,13224310,Bakeri Garlic & Cheese Brioche,6.95,425g,
brioche,1,5,1,RedMan Brioche Mould (65mm),10.4,1 S,
brioche,1,6,90221978,RedMan Brioche Mould (78mm),10.4,1 S,
brioche,1,7,90223281,Cuoca Premium Bread Mix - Brioche,8.4,250 G,
brioche,1,8,13224311,Bakeri Cheddar & Herbs Brioche,6.95,425g,
brioche,1,9,90254161,"Dallagiovanna Flour - for Panettone, Brioche & Viennoiserie",53.99,10 KG,
dominicana,1,1,13273980,Chinola Liqueur - Mango,72.0,700ml,
eclair,1,1,90096743,BI-ES Fabio Verso Eclaire For Women Eau De Parfum,19.9,100 ML,
eclair,1,2,90227446,Silikomart Silicone Mould Kit - Pop Eclair,37.1,1 S,
eclair,1,3,90231802,PS5 Clair Obscur: Expedition 33 / R2,59.9,1 S,
elderberries,1,1,13290068,Difflam Natural Soothing Throat Drops - Elderberry,6.9,18 x 45g,Halal
elderberries,1,2,13118671,Sambucol Black Elderberry - Kids,23.5,120ml,
elderberries,1,3,13118670,Sambucol Black Elderberry Liquid,23.5,120ml,
elderberries,1,4,90052517,Earth's Creation Elderberry Natural Sambucus Immune Gummy,39.9,60 S,
elderberries,1,5,90189673,Holistic Way Elderberry Immune Gummy — Vegan,29.55,60 S,Halal
elderberries,1,6,90231155,The Good Vitamin Kids Elderberry Immunity,23.96,90 S,
elderberries,1,7,90083542,Nano Singapore Sambucus Elderberry Gummies,19.9,60 S,Halal
elderberries,1,8,90241652,Scalzo Preserve Extra - Elderberry,15.3,230 G,
elderberries,1,9,90122948,Rodenbach Fruitage Belgian Cherry Elderberry Flanders Red Ale,6.95,250 ML,
gimlet,1,1,13231269,Gillette Blue II Plus Disposable Razor,6.5,8 + 2 per pack,
gimlet,1,2,90108495,Gillette Shaving Foam Sensitive,4.9,200 ML,
gimlet,1,3,13137383,Gillette Simply Venus Disposable Razor - Basic (3 Blades),3.0,2 per pack,
gimlet,1,4,13047764,Gillette Disposable Razor - Blue II Plus,6.95,5 + 1 per pack,
gimlet,1,5,10460887,Gillette Foamy Shave Foam - Lemon Lime,7.02,175g,
gimlet,1,6,13031762,Gillette Fusion Proglisle Shave Gel - Cooling,11.95,195g,
gimlet,1,7,10460860,Gillette Foamy Shave Foam - Menthol,7.02,175g,
gimlet,1,8,13009292,Gillette Satin Care Shave Gel - Sensitive Skin,10.08,195g,
gimlet,1,9,13210072,Gillette Razor Refill - Fusion 5,24.35,4 per pack,
gimlet,1,10,13210086,Gillette Razor with Refill - Fusion 5 Proglide,21.9,1 per pack,
gimlet,1,11,13197921,Gillette Venus Razor - Comfort Glide White Tea,15.6,2 per pack,
gimlet,1,12,13210097,Gillette Razor with Refill - Fusion 5,18.9,1 per pack,
gimlet,1,13,90108496,Gillette Classic Shaving Foam Regular,4.9,200 ML,
gimlet,1,14,90160566,Gillette Shaving Gel Sensitive Soothing with Aloe Vera,9.98,200 ML,
gimlet,1,15,13222220,Gillette Labs Razor - Exfoliating Bar,21.45,1 per pack,
gimlet,1,16,10185547,Gillette For Women Disposable Razors - Daisy (Ultra Grip),7.55,3 per pack,
gimlet,1,17,13260397,Gillette Labs Quick Rinse Shave Foam,12.95,240ml,
gimlet,1,18,13197914,Gillette Venus Catridge Refill - Smooth,18.9,4 per pack,
gimlet,1,19,90160565,"Gillette Fusion5 Aloe Ultra Sensitive Shaving Gel, 5X action",11.98,200 ML,
gimlet,1,20,13047951,Gillette Disposable Razor - Blue II Plus,8.05,5 per pack,
fufu,1,1,13278702,Fukuyama Cooked Snow Crab Portions,8.95,250g,
fufu,1,2,13242129,Fukuyama Hokkaido Scallops,29.9,400g,
fufu,1,3,90067763,Mr Joy's Steamboat Fukubukuro Roe (Taiwan),11.33,400 G,
fufu,1,4,90135307,Fukuyama Tonkotsu Ramen Noodle With Soup Base,5.8,240 G,
fufu,1,5,90026028,Kirei Kanesu Aji No Furusato Tororo Premium Japan Soba Noodle,8.7,450 G,
fufu,1,6,90026029,Kirei Fuku-Fuku Marushin Kiri Mochi Japanese Rice Cake,9.7,400 G,
fufu,1,7,90016063,Fukuyama Setouchi Shio Dry Ramen Noodle With Soup Base,7.5,240 G,
fufu,1,8,90016570,Hashimoto Fuku Yude Azuki Japan Red Bean Paste Tin,5.5,190 G,
fufu,1,9,90016062,Fukuyama Onomichi Ramen Dry Ramen Noodle With Soup Base,7.05,240 G,
fufu,1,10,90163052,Shinshin Curry Fukujinzuke Pickled Vegetable,4.95,100 G,
fufu,1,11,13115899,3M Futuro Wraparound Support For Her - Wrist,40.67,1 per pack,
fufu,1,12,13115898,3M Futuro Wraparound Support For Her - Ankle,40.67,1 per pack,
fufu,1,13,13115893,3M Futuro Comfort Stablizing Brace - Wrist,37.59,1 per pack,
fufu,1,14,90232429,Fukuoka Yame Japan  Green Tea Resealable Pack,9.45,30 G,
fufu,1,15,90135316,Fukuyama Hiroshima Ramen With Soup Base (Tonkotsu Shoyu),7.5,230 G,
fufu,1,16,90135315,Fukuyama Hiroshima Masuyamiso Miso Ramen Noodle With Soup Bas,7.05,250 G,
fufu,1,17,90031734,Tokai Curry Fukujinzuke Pickled Vegetable,4.95,100 G,
fufu,1,18,90031733,Tokai Tokkyu Fukujinzuke Pickled Vegetable,4.95,100 G,
fufu,1,19,90163046,Shinshin Fukujinzuke Pickled Vegetables,4.75,150 G,
fufu,1,20,90185053,Farfalla Frost-free Upright Freezer FUF-119NF,763.9,1 S,
divan,1,1,13177581,Tian Tian Mian Dian Dumplings - Cabbage & Pork,5.33,500g,
divan,1,2,13177580,Tian Tian Mian Dian Dumplings - Mushroom & Pork,5.33,500g,
divan,1,3,13181860,Three Legs Cooling Water Cooltopia Bottle Water - Divine Peach,1.48,320ml,Halal
divan,1,4,13136328,Moist Diane Shampoo - Extra Fresh & Hydrate,15.7,450ml,
divan,1,5,13201422,Diane Perfect Beauty Extra Shampoo - Hair Fall Control,15.7,450ml,
divan,1,6,13136329,Moist Diane Treatment - Extra Fresh & Hydrate,15.7,450ml,
divan,1,7,13252845,Moist Diane Perfect Beauty Protect Body Wash - Dry Skin,9.9,750ml,
divan,1,8,13252846,Moist Diane Perfect Beauty Protect Body Wash - Active Deo,9.9,750ml,
divan,1,9,13093749,Moist Diane Botanical Shampoo - Moist,17.5,480ml,
divan,1,10,13252848,Moist Diane Perfect Beauty Protect Body Wash - Brightening,9.9,750ml,
divan,1,11,13201451,Diane Perfect Beauty Extra Treatment - Hair Fall Control,15.7,450ml,
divan,1,12,13252847,Moist Diane Perfect Beauty Protect Body Wash - Fresh & Cool,9.9,750ml,
divan,1,13,13136277,Moist Diane Treatment - Extra Moist & Shine,15.7,450ml,
divan,1,14,13101997,Moist Diane Botanical Shampoo - Organic Lavender,17.5,480ml,
divan,1,15,13136321,Moist Diane Shampoo - Extra Moist & Shine,15.7,450ml,
divan,1,16,13271343,Moist Diane Perfect Beauty Protect Body Wash - Dry Skin (Refill),6.9,600ml,
divan,1,17,13136325,Moist Diane Perfect Beauty Extra Treatment - Smooth & Straight,15.7,700ml,
divan,1,18,13136322,Moist Diane Shampoo - Extra Volume & Scalp,15.7,450ml,
divan,1,19,13282921,Diane Perfect Beauty Protect Body Wash - Family Protect,10.9,750ml,
divan,1,20,13102006,Moist Diane Botanical Treatment - Organic Lavender,17.5,480ml,
herring,1,1,90163492,Canine Caviar LID - Herring (Alkaline) (Grain-Free),231.58,10 KG,
herring,1,2,90252496,"Now Fresh Grain-Free Dry Food - Trout, Salmon, Herring",53.25,1.58 KG,
herring,1,3,90231608,The Better Cod & Herring Bites,8.9,80 G,
herring,1,4,90139011,Burp Everyday Casserole With Lamb Herring & Salmon,2.26,100 G,
herring,1,5,90226532,Kormat Baby Playmat 1.5 Thickness - Modern Herringbone,259.0,1 S,
herring,1,6,90241204,Reisenthel Allday Backpack M -  Herringbone Sand,69.23,1 S,
herring,1,7,90240992,Reisenthel Allrounder M Duffel  Bag -  Herringbone Sand,66.43,1 S,
herring,1,8,90241093,Reisenthel Allrounder Cross Sling Bag - Herringbone Sand,55.93,1 S,
herring,1,9,90240277,Reisenthel Shopper XL - Herringbone Sand,55.93,1 S,
herring,1,10,90240911,Reisenthel Foldable Shopping Trolley - Herringbone Dark Blue,50.33,1 S,
herring,1,11,90240269,Reisenthel Shopper M - Herringbone Sand,32.13,1 S,
herring,1,12,13257290,Energizer Battery - Hearing Aid (AZ312),8.46,4 per pack,
herring,1,13,13255323,Energizer Battery - Hearing Aid (AZ13),8.46,4 per pack,
herring,1,14,13255227,Energizer Battery - Hearing Aid (AZ675),8.46,4 per pack,
herring,1,15,13257287,Energizer Battery - Hearing Aid (AZ10),8.46,4 per pack,
breakfast,1,1,13145636,Nestle Breakfast Cereal Packet - Honey Stars,1.64,70g,Halal
breakfast,1,2,13206550,Nestle Koko Krunch Economic Pack,8.5,450g,Halal
breakfast,1,3,10591166,Nestle Cereal - Variety School Pack,4.9,6 x 20g / 25g,Halal
breakfast,1,4,13044035,Nestle Breakfast Cereal Packet - Koko Crunch,1.64,70g,Halal
breakfast,1,5,13206560,Nestle Milo Cereal Economic Pack,8.5,450g,Halal
breakfast,1,6,13206570,Nestle Cereal - Honey Stars Econopack,8.5,450g,Halal
breakfast,1,7,13184589,Nestle Cereal - Gold Cornflakes,5.95,500g,
breakfast,1,8,13208400,Nestle Trix Cereal,6.97,330g,Halal
breakfast,1,9,114843,Nestle Cereal - Koko Krunch,6.46,300g,Halal
breakfast,1,10,13174343,Post Cereals - Waffle Crisp,7.52,326g,
breakfast,1,11,80440,Nestle Cereal - Milo,4.0,150g,Halal
breakfast,1,12,13245073,Nestle Cereal - Milo,1.64,70g,Halal
breakfast,1,13,13180964,Kellogg's Cereal - Froot Loops,8.9,400g,Halal
breakfast,1,14,10613679,Nestle Cereal - Milo,5.65,300g,Halal
breakfast,1,15,13015879,Nestle Cereal - Honey Gold Cornflakes,5.95,370g,Halal
breakfast,1,16,10531411,Kellogg's Cereal - School Pack,5.2,170g,
breakfast,1,17,13263174,Nestle Cereal - Triple Fun Pack,4.9,6 x 50g,Halal
breakfast,1,18,12291378,Post Sweetened Rice Cereal Fruity Pebbles,5.55,311g,
breakfast,1,19,250902,Nestle Cereal - Koko Krunch (Multipack),4.9,6 x 25g,Halal
breakfast,1,20,13023868,Familia Swiss Cereal - Choco Bits,8.46,375g,
gin,1,1,13113086,Suntory Roku Gin,64.0,700ml,
gin,1,2,13289307,Suntory Roku Gin Noryo Tea,67.0,700ml,
gin,1,3,13190765,Bombay Sapphire Gin,62.0,750ml,
gin,1,4,13267667,Suntory Roku Gin Sakura Blossom,64.0,700ml,
gin,1,5,13087578,Tanqueray London Dry Gin,59.0,700ml,
gin,1,6,13221930,Malfy Gin Originale,69.0,700ml,
gin,1,7,13201872,Hendrick's Gin,85.0,700ml,
gin,1,8,13221925,Malfy Gin Rosa,69.0,700ml,
gin,1,9,13277096,Venakki Mixology Gin,39.9,700ml,
gin,1,10,90049518,Kapriol Gin Grapefruit n Hibiscus Italy,66.2,700 ML,
gin,1,11,90049516,Kapriol Dry Gin Italy,57.3,700 ML,
gin,1,12,13072239,Gordon's London Dry Gin,50.36,700ml,
gin,1,13,13221932,Malfy Gin Con Limone,69.0,700ml,
gin,1,14,13263851,Hendrick's Grand Cabaret Gin,75.0,700ml,
gin,1,15,13221931,Malfy Gin Con Arancia,69.0,700ml,
gin,1,16,13221446,Suntory Gin - Sui,52.0,700ml,
gin,1,17,13191912,Brass Lion Butterfly Pea Gin,110.01,500ml,
gin,1,18,13186079,Four Pillars Shiraz Gin - Bloody,103.15,700ml,
gin,1,19,13186090,Four Pillars Rare Dry Gin,100.1,700ml,
gin,1,20,13191913,Brass Lion Singapore Dry Gin,98.91,500ml,
hazelnuts,1,1,13263736,Nutella Hazelnut Spread,18.9,1kg,Halal
hazelnuts,1,2,13225770,Old Town 3 in 1 Instant White Coffee - Hazelnut,9.25,13 x 31.6g,Halal
hazelnuts,1,3,13084527,Munchy's Oat Krunch Crackers - Chunky Hazelnut,3.78,208g (8 per pack),Halal
hazelnuts,1,4,13206006,Nutella Hazelnut Spread,7.8,350g,Halal
hazelnuts,1,5,12128845,Meiji Yan Yan Stick Biscuits - Choco-Hazelnut,1.37,44g,
hazelnuts,1,6,13070846,Kellogg's Crunchy Nut Oat Granola - Hazelnuts & Chocolate,9.6,380g,Halal
hazelnuts,1,7,13056909,Ritter Sport Chocolate - Dark Whole Hazelnuts,6.55,100g,
hazelnuts,1,8,13061037,Lindt Lindor Cornet Chocolate Balls - Hazelnut,18.5,200g,
hazelnuts,1,9,13242058,FairPrice 3-In-1 White Coffee - Hazelnut,6.25,15 x 40g,Halal
hazelnuts,1,10,13287608,Ferrero Rocher 70% Dark Chocolate Tablet - Hazelnut,5.5,90g,Halal
hazelnuts,1,11,12170445,Lindt Swiss Classic Chocolate Bar - Milk with Roasted Hazelnuts,7.6,100g,
hazelnuts,1,12,13155127,Lindt Les Grandes Chocolate Bar - Milk + 34% Hazelnut,13.55,150g,
hazelnuts,1,13,13021938,Munchy's Oat Krunch Crackers - Chunky Hazelnut,5.6,390g (15 per pack),Halal
hazelnuts,1,14,13206007,Nutella Hazelnut Cocoa Spread,13.85,680g,Halal
hazelnuts,1,15,13153001,Cadbury Dairy Milk Chocolate Block - Hazelnut,6.2,180g,
hazelnuts,1,16,13036473,Carman's Nut Bars - Almond with Hazelnut & Vanilla,7.3,5 x 35g,Halal
hazelnuts,1,17,13257708,Old Town 3 in 1 Instant White Coffee - Hazelnut + GWP,15.95,26 x 31.6g,Halal
hazelnuts,1,18,13097963,Nescafe Instant S'pore White Coffee - Gao Siew Dai (Hazelnut),8.45,14 x 30g,Halal
hazelnuts,1,19,13229936,Redondo Creme Wafers - Chocolate Hazelnut,4.3,300g,Halal
hazelnuts,1,20,13269604,Loacker Crispy Wafers - Break3 Hazelnut,3.2,76g,
brandy,1,1,13139901,Martell Cognac VSOP Aged in Red Barrels,89.0,700ml,
brandy,1,2,10779636,Hennessy VSOP Liquor - Cognac,88.0,700ml,
brandy,1,3,13129325,Mr Dowell's V.S.O.P Brandy,12.22,180ml,
brandy,1,4,13218323,Martell Noblige Cognac,108.0,700ml,
brandy,1,5,90204571,SHIN Brandy Umeshu Japan,23.7,500 ML,
brandy,1,6,126385,Martell Cordon Bleu,288.0,700ml,
brandy,1,7,455156,Taylors Tawny Port,41.9,750ml,
brandy,1,8,13147002,Mr Dowell's Brandy,24.96,375ml,
brandy,1,9,13221949,Martell Chanteloup XXO,756.94,700ml,
brandy,1,10,13178407,Martell Cognac VSOP Aged in Red Barrels,161.48,1L,
brandy,1,11,13239991,Frapin VSOP Cognac Grande Champagne,131.2,700ml,
brandy,1,12,13262650,ABK6 Vsop Chinese New Year 2025 Edition,128.0,700ml,
brandy,1,13,444521,Courvoisier VSOP Cognac,120.21,700ml,
brandy,1,14,13251309,ABK6 VS Single Estate Cognac,89.0,700ml,
brandy,1,15,13241390,Ferrand Cognac 10 Generations,88.81,500ml,
brandy,1,16,90104642,Godet Cognac X.O. Fine Champagne,260.99,700 ML,
brandy,1,17,90117176,ABK6 Cognac XO Family Cellar,199.0,700 ML,
brandy,1,18,90074937,Godet Godet Cognac V.S. Classique,100.99,700 ML,
brandy,1,19,90074936,Godet Godet Cognac V.S.O.P. Original,100.99,700 ML,
brandy,1,20,40,KWV Brandy VSOP 40%,87.0,750 ML,
dock,1,1,90210065,D.LAB Type-C Male to USB3.0 female adapter,12.0,1 S,
dock,1,2,90240536,"Razer Thunderbolt 5 Dock Mercury White available in UK, SG,HK",612.81,1 S,
dock,1,3,90237299,Skyzer AirTx BT530 Bluetooth Transmitter & Receiver,79.0,1 S,
dock,1,4,90233457,ASUS NUC 15 Pro U5-225H Intel Arc 16G (8*2) 512GB Win 11 Pro,1949.0,1 S,
dock,1,5,90251455,Acer Aspire XC-1860 (CU516512G) Compact Desktop Tower,1599.0,1 S,
dock,1,6,90233013,ASUS NUC 15 Pro U3-100U Intel Graphics 8G 512GB Win 11 Pro,1499.0,1 S,
dock,1,7,90251517,Acer Aspire XC-1860 Compact Desktop Tower (CU58512G),1199.0,1 S,
dock,1,8,90245111,Ledger Stax Touchscreen Crypto Hardware Wallet,639.0,1 S,
dock,1,9,90213046,Eureka J20 Redefining Robot Vacuum-AutoWash Dock(Self-Empty),599.0,1 S,
dock,1,10,90240545,"Razer Thunderbolt 5 Dock Chroma available in UK, SG, HK, MY",622.71,1 S,
dock,1,11,90232039,Cooler Master M2000 Platinum Full Modular PSU,559.0,1 S,
dock,1,12,90232061,Cooler Master MasterFrame 600 Black ATX Case,499.0,1 S,
dock,1,13,90240527,Razer Core X V2 Thunderbolt 5 External Graphics Enclosure,494.01,1 S,
dock,1,14,90252999,FiiO DM15 R2R Portable CD Player - Black,399.0,1 S,
dock,1,15,1,Ledger Flex Touchscreen Crypto Hardware Wallet,399.0,1 S,
dock,1,16,90177477,Belkin Usb-C Dual Hdmi Display Docking Station,342.0,1 S,
dock,1,17,90251101,Ledger Flex-Recovery Crypto Hardware Wallet - Neptune Blue,319.2,1 S,
dock,1,18,90253014,FiiO BTR17 Bluetooth AMP/DAC - Black,319.0,1 S,
dock,1,19,90243785,Belkin USB-C 11-in-1 Dock with Dual HDMI,299.0,1 S,
grouse,1,1,90156304,Catch Seafood King Grouper Fish Slice,9.99,240 G,
grouse,1,2,90126509,Aw's Market Fresh Black Grouper Sliced,7.56,150 G,
grouse,1,3,90126510,Aw's Market Fresh Black Grouper Fillet,7.56,150 G,
grouse,1,4,90018614,Aw's Market Fresh Red Grouper Fillet (Ang Gau),19.6,150 G,
grouse,1,5,90025683,Aw's Market Fresh Red Grouper Head (Ang Gao),37.62,800 G,
grouse,1,6,90125142,Aw's Market Red Grouper Sliced (Ang Gau) CNY Steamboat,20.16,150 G,
grouse,1,7,90163211,Aw's Market Fresh Black Grouper Head,14.0,1 KG,
grouse,1,8,90169211,Aw's Market Fresh Red Grouper Whole Butterfly (Ang Gau),48.96,700 G,
grouse,1,9,90156397,Aw's Market Red Grouper (Whole),48.96,700 G,
grouse,1,10,90149299,Aw's Market Fresh Flower Grouper (Butterfly),7.92,400 G,
grouse,1,11,90149300,Aw's Market Fresh Flower Grouper (Chopped),7.92,400 G,
grouse,1,12,90019816,Aw's Market Fresh Flower Grouper,7.92,400 G,
grouse,1,13,90169214,Aw's Market Fresh Red Grouper Fillet Cube (Ang Gau),19.6,150 G,
grouse,1,14,90163210,Aw's Market Fresh Red Grouper Steak (Ang Gau),16.8,150 G,
grouse,1,15,13005783,Seaco Frozen Fish Fillet - Grouper,13.5,500g,
grouse,1,16,90011138,Catch Seafood Wild King Grouper Portion Cut,5.95,180 G,
grouse,1,17,90205696,Serve Red Grouper Slice Hotpot Steamboat - Frozen,17.81,200 G,
grouse,1,18,90189590,Pan Royal Fresh Flower Grouper - Cleaned and Gutted,9.5,400 G,
grouse,1,19,90189584,Pan Royal Fresh Red Grouper,30.5,400 G,
grouse,1,20,90189593,Pan Royal Fresh Black Grouper - Cleaned and Gutted,25.0,800 G,
groundhog,1,1,90245677,Cubble Silicone Teething Mitten - Groundhog (Dusty Blue),8.9,1 S,
groundhog,1,2,90245676,Cubble Silicone Teething Mitten - Groundhog (Olive),8.9,1 S,
groundhog,1,3,90245674,Cubble Silicone Teething Mitten - Groundhog (Dusty Pink),8.9,1 S,
groundhog,1,4,90245690,Cubble Silicone Teething Mitten - Groundhog (Ivory),8.9,1 S,
groundhog,1,5,90245668,Cubble Silicone Teething Mitten - Groundhog (Blush),8.9,1 S,
harina,1,1,90228921,Bob's Red Mill Golden Masa Harina Flour,10.4,680 G,
harina,1,2,90224729,Bob's Red Mill Golden Corn Flour - Masa Harina,8.0,624 G,
harina,1,3,90226575,FarmFresh X Olagud RTE Chicken Breast (Hainanese),2.95,90 G,Halal
harina,1,4,11398544,Prima Taste Paste - Fragrant Hainanese Chicken Rice,2.25,80g,
harina,1,5,11126872,Singlong Mix - Hainanese Chicken Rice,1.73,90g,Halal
harina,1,6,13138026,Tay's Hainanese Chicken Thigh - Boneless,8.35,380g (2 per pack),Halal
harina,1,7,11863637,FairPrice Hainanese Kaya with Honey,3.34,400g,Halal
harina,1,8,11008200,Prima Taste Sauce Kit - Hainanese Chicken Rice,8.78,405g,
harina,1,9,13257826,Golden Chef Paste - Singapore Hainanese Chicken Rice,2.2,80g,Halal
harina,1,10,10184181,Chng Kee's Hainanese Chicken Rice Mix,3.99,240ml,Halal
harina,1,11,10350151,Woh Hup Paste - Singapore Hainanese Chicken Rice,5.37,190g,
harina,1,12,11863653,FairPrice Hainanese Kaya with Honey,2.6,250g,Halal
harina,1,13,13244250,Ah Huat Teh Blends - Hainan Tea,7.02,15 x 32g,Halal
harina,1,14,10705194,Asian Home Gourmet Spice Paste - Singapore Hainanese Chicken Rice,3.28,50g,Halal
harina,1,15,13260402,Tanniu Hainan Wenchang Chicken - Steamed Half Chicken,9.95,400g,
harina,1,16,90021712,AAA Hainanese Chicken Rice Mix,4.5,230 G,
harina,1,17,90021710,AAA Hainanese Kaya Coconut Jam 400 G,4.0,400 G,
harina,1,18,90238939,Heng's Hainanese Chicken Rice Paste,3.63,100 G,
harina,1,19,13127686,Happy Belly Singapore Paste - Hainanese Chicken Rice,3.21,50g,Halal
harina,1,20,90219122,Hainanese Chicken Rice - Frozen,7.5,150 G,
griddle,1,1,90195532,Zojirushi Electric Griddle EA-KFQ20,285.0,1 S,
griddle,1,2,90206233,"LODGE 20 x 10.5"" Seasoned Cast Iron Reversible Grill/Griddle",129.0,1 S,
griddle,1,3,90206242,"LODGE 16.75x9.5"" Seasoned Cast Iron Reversible Grill/Griddle",75.9,1 S,
griddle,1,4,90202568,Cuisinart Griddler With Non Stick Deep Pan,514.0,1 S,
griddle,1,5,9205,Toyomi Half & Half Griddler and BBQ Grill BBQ 9205,65.9,14 S,
griddle,1,6,90062975,Ramly Griddies Fries,8.2,1 KG,Halal
griddle,1,7,90116934,LEGO 76183 Batcave The Riddler Face off,119.9,1 S,
heat,1,1,13048268,Ebene Bio-Heat Pain Relief Cream - Glucosamine,22.9,50g,
heat,1,2,13127603,Ebene Roll-On Bio Heat Pain Relief Lotion,6.9,80ml,
heat,1,3,13202981,Ammeltz Heat Therapy Menstrual Cramp,4.59,2 per pack,
heat,1,4,13000819,Ebene Bio-Heat Pain Relief Cream - Extra Strength,10.9,50g,
heat,1,5,12337129,Ebene Bio-Heat Pain Relief Cream,7.9,50g,
heat,1,6,90199042,Epitex Knee Heat Pad Relaxer,10.97,6 S,
heat,1,7,90198429,Epitex Neck & Shoulder Heat Pad Warmer,9.27,5 S,
heat,1,8,90237160,Gladleigh Heat Pack - Foot Warmer (Adhesive),7.8,20 S,
heat,1,9,90198985,Epitex Eye Heat Pad Steamer,6.71,5 S,
heat,1,10,90237139,Gladleigh Heat Pack - Body Warmer (Adhesive),6.6,20 S,
heat,1,11,90053331,Mentholatum Deep Heating Rub Cream 94.4g - By Medic Drugstore,10.75,94.4 G,
heat,1,12,90025590,D.LAB Digital mosquito liquid heater repellent,29.0,,
heat,1,13,13051074,Snake Brand Prickly Heat Cooling Powder - Classic,1.68,140g,
heat,1,14,13051049,Snake Brand Prickly Heat Cooling Powder - Classic,3.34,280g,
heat,1,15,90015598,Gits Heat & Eat - Palak Paneer 285G -- By Dashmesh,3.53,285 G,
heat,1,16,90015591,Gits Heat & Eat - Dal Makhani 300G -- By Dashmesh,2.42,300 G,
heat,1,17,90015592,Gits Heat & Eat - Dal Palak 300G -- By Dashmesh,2.5,300 G,
heat,1,18,90015599,Gits Heat & Eat - Paneer Makhani 285G -- By Dashmesh,3.53,285 G,
heat,1,19,90015606,Gits Heat & Eat - Tadka Dal 300G -- By Dashmesh,2.42,300 G,
heat,1,20,13280407,Ellips Hair Vitamin - Hair Treatment (Heat Protection),9.73,95ml,Halal
grandules,1,1,13246384,McCormick Garlic Granules,5.25,54g,
grandules,1,2,13033534,Nin Jiom Concentrated Granules - Cold Remedy,14.71,10 x 5g,
grandules,1,3,13116483,Esentiel Epsom Salts Granules,5.05,375g,
grandules,1,4,13136276,Fluimucil 100mg Granules Sachets,21.09,30 x 5g,
grandules,1,5,90031010,Green Earth Lecithin Granules,11.9,150 G,
grandules,1,6,90068346,Ural Effervescent Granules Sugar Free 4g x 28s,32.95,28 S,
grandules,1,7,90086123,Mosquito Killer Bti Granules 300g,16.9,1 S,
grandules,1,8,90235396,GardenScent Garlic Granules,13.95,300 G,
grandules,1,9,90086124,Mosquito Killer Bti Granules 120g,11.0,1 S,
grandules,1,10,90163499,Dajana Basic Tropical Granules,8.68,130 G,
grandules,1,11,90162629,Dajana Basic Tropical Granules,4.4,55 G,
grandules,1,12,110809,Wei Chuan Fried Gluten (Granule) in Soy Sauce,1.73,170g,
grandules,1,13,53116,Wei Chuan Fried Gluten (Granule) in Soy Sauce with Peanut,1.73,170g,
grandules,1,14,13155127,Lindt Les Grandes Chocolate Bar - Milk + 34% Hazelnut,13.55,150g,
grandules,1,15,90205744,Kimlan Fried Gluten (Granule) in Soy Sauce with Peanut,8.8,396 G,
grands,1,1,90112654,Chateau La Fleur Cravignac Saint-Emilion Grand Cru Red Wine,60.0,750 ML,
grands,1,2,13068238,Dourthe Grands Terroirs Red Wine - Graves,29.9,750ml,
grands,1,3,90147463,Chateau Le Loup Saint-Emilion Grand Cru Red Wine,53.2,750 ML,
grands,1,4,90049514,De Bernard Grand Cuvee Rose Spumante Brut Millesimato,21.5,750 ML,
grands,1,5,90114020,Chateau La Croix Cantenac Saint-Emilion Grand Cru Red Wine,51.75,750 ML,
grands,1,6,13263851,Hendrick's Grand Cabaret Gin,75.0,700ml,
grands,1,7,13288681,Chateau Grand Barrail Lamarzelle Figeac - Saint-Milion Grand CRU,44.9,750ml,
grands,1,8,90147464,Chateau Capet Duverget Saint-Emilion Grand Cru Red Wine,53.2,750 ML,
grands,1,9,90147462,Chateau Paran Justice Saint-Emilion Grand Cru Red Wine,53.2,750 ML,
grands,1,10,13211989,Grand Burge Margaret River Ink Cabernet Sauvignon,44.0,750ml,
grands,1,11,13068240,Dourthe Grands Terroirs Red Wine - Shiraz,29.9,750ml,
grands,1,12,13220288,Chateau Red Wine - Grand Puy Lacoste,127.9,750ml,
grands,1,13,13263347,Chateau Grand Barrail Lamarzelle Figeac,55.9,750ml,
grands,1,14,90147465,Aurelius Saint-Emilion Grand Cru Red Wine,63.0,750 ML,
grands,1,15,13291512,Laurent Perrier Grand Siecle Champagne,288.0,750ml,
grands,1,16,13294475,Chateau Prelude a Grand Puy Ducasse Red Wine,80.0,750ml,
grands,1,17,13220121,Chateau Grand Barrail Dourthe,74.0,750ml,
grands,1,18,13038543,Grand Vin Red Wine - Chateau de Ricaud,58.22,750ml,
grands,1,19,90204760,Hacienda Lopez De Haro Grand Reserva,51.29,750 ML,
grands,1,20,90197921,Taittinger Prelude Grand Crus,149.0,750 ML,
dishes,1,1,90211881,Pipper Standard Dish Washing Liquid Refill - Citrus,7.57,750 ML,
dishes,1,2,90250732,Camime Dish Durable Sponge,3.5,5 S,
dishes,1,3,10378146,Glad Container with Lid - Deep Dish (L),7.39,3 per pack,
dishes,1,4,90211878,Pipper Standard Dish Washing Liquid Refill - Spearmint,7.57,750 ML,
dishes,1,5,13210386,Homeproud Dish Scrub Brush,3.92,1 per pack,
dishes,1,6,90250049,Camime Dish Durable Grey Sponge,3.9,5 S,
dishes,1,7,90036149,Babyganics Foaming Dish Bottle Soap - Fragrance Free,14.8,473 ML,
dishes,1,8,90211875,Pipper Standard Dish Washing Liquid - Spearmint,8.72,900 ML,
dishes,1,9,90250057,Camime Dish Tough Sponge,2.9,3 S,
dishes,1,10,13257836,Haday Soy Sauce - Cold Dish Sauce,2.9,450ml,
dishes,1,11,90211877,Pipper Standard Dish Washing Liquid - Citrus,9.2,900 ML,
dishes,1,12,13242981,3M Command Soap Dish - 17728,12.01,1 per pack,
dishes,1,13,90250056,Camime Cellulose Dish Wood Pulp Cotton Sponge - Purple,1.9,1 S,
dishes,1,14,90250048,Camime Cellulose Dish Wood Pulp Cotton Sponge - Blue,1.9,1 S,
dishes,1,15,90250750,Camime Cellulose Dish Wood Pulp Cotton Sponge - Yellow,1.9,1 S,
dishes,1,16,90140952,White Magic Dish Drying Mat Snow,21.9,1 S,
dishes,1,17,90028261,Kirei BAKING DAYS Oven Chef Deep Rectangular Dish Tray Red,20.8,24 CM,
dishes,1,18,90057517,White Magic Eco Basics Coconut Dish Brush,10.0,1 S,
dishes,1,19,90250065,Camime Cellulose Dish Wood Pulp Cotton Sponge - Green,1.9,1 S,
dishes,1,20,90140950,White Magic Dish Drying Mat Charcoal,21.9,1 S,
dha,1,1,13186559,Scott's DHA Gummies - Multiflavours,24.5,60 per pack,Halal
dha,1,2,13159861,Scott's DHA Gummies - Blackcurrant,24.5,60 per pack,Halal
dha,1,3,13256231,Scott's DHA Gummies - Strawberry,24.5,60 per pack,
dha,1,4,13086163,Scott's DHA Gummies - Strawberry,6.5,15 per pack,
dha,1,5,13256345,Scott's DHA Gummies - Orange,24.5,60 per pack,
dha,1,6,13159862,Scott's DHA Gummies - Blackcurrant,6.5,15 per pack,Halal
dha,1,7,13086162,Scott's DHA Gummies - Orange,6.5,15 per pack,
dha,1,8,13139816,Nature's Aid Mini Drops for Infants & Children - DHA,38.7,50ml,
dha,1,9,11074806,Panadol Children's Suspension - Orange (1 - 12 Years),10.75,60ml,
dha,1,10,13112490,Nurofen for Children Oral Suspension - Orange,12.55,60ml,
dha,1,11,13056789,Panadol Children's Chewable Tablets - Cherry,8.75,24 per pack,
dha,1,12,61747,Panadol Children's Suspension - Strawberry (1 Month+),9.75,60ml,
dha,1,13,13195512,Blackmores Omega High DHA Fish Oil,40.71,60 per pack,Halal
dha,1,14,13114706,AFC Ultimate DHA 70 Twin Pack,99.0,2 x 60 per pack,
dha,1,15,90112774,LABO Nutrition Kids DHA Brain & Bone Burstlets,38.9,135 S,
dha,1,16,13077167,Panadol Extra with Optizorb Caplets,9.95,20 per pack,
dha,1,17,13069119,Panadol with Optizorb Caplets,7.95,20 per pack,
dha,1,18,13282963,Panadol Extra with Optizorb Caplets,13.25,30 per pack,
dha,1,19,13259430,Panadol Cough & Cold,14.45,16 per pack,
dha,1,20,13096480,Panadol ActiFast Caplets,11.75,20 per pack,
hocks,1,1,13087472,Coffee Hock 100% Natural Chrysanthemum Teabag - Brown Sugar,3.95,10 x 10g,Halal
hocks,1,2,13070018,Coffee Hock Instant Coffee-O Bags - Kosong (Strong & Refreshing),2.75,20 x 10g,Halal
hocks,1,3,13226837,Coffee Hock Instant Coffee-O Bags Gao Gao - Kosong (Sugar Free),4.85,15 x 12g,Halal
hocks,1,4,13129415,Coffee Hock Tea Bags - Lemongrass & Pandan with Brown Sugar,3.95,10 x 10g,Halal
hocks,1,5,13226836,Coffee Hock 2 in 1 Instant Coffee-O Bags Gao Gao - Raw Sugar,4.85,15 x 20g,Halal
hocks,1,6,13070017,Coffee Hock 2 in 1 Instant Coffee-O Bags - Raw Sugar,2.75,20 x 18g,Halal
hocks,1,7,13194580,Coffee Hock 100% Natural Red Date Teabag,4.55,10 per pack,Halal
hocks,1,8,90246372,Hock Huat Fish Shape Satay,1.35,20 S,
hocks,1,9,90076862,Tasty Food Affair Pork Hock Cut,8.0,1 KG,
hocks,1,10,90215214,Snow Treasures Soon Hock Whole (Marble Goby) (M),24.64,600 G,
hocks,1,11,90035540,Catch Seafood Soon Hock Fish Whole,13.85,350 G,
hocks,1,12,90237583,Churo Pork Hock Cut (Frozen),7.44,1 KG,
hocks,1,13,90215177,Snow Treasures Soon Hock Whole (Marble Goby) (L),29.95,0.8 KG,
hocks,1,14,90215196,Snow Treasures Soon Hock Whole (Marble Goby) (S),19.25,400 G,
hocks,1,15,90189575,Pan Royal Fresh Soon Hock,22.5,500 G,
hocks,1,16,90066200,KSP Fresh Pork Front Hock - Half,14.9,500 G,
hocks,1,17,90253247,Xiao Xiang Rou Hunan Hanshou Pork Front Hock Half,13.9,600 G,
hocks,1,18,90116258,Master Grocer Pork Hock Cube IQF 1KG Frozen,7.95,1 KG,
hocks,1,19,1,Borrowdale Free-Range Pork Hock,9.6,0.8 KG,
hocks,1,20,13219028,Ego Hacks Candy - Regular,2.52,130g,
dal,1,1,90014856,Shahi Golden Yellow Moong Dal,2.35,500 G,
dal,1,2,90044294,Natures Choice Premium Quality Toor Dal,3.7,500 G,
dal,1,3,90044293,Natures Choice Premium Quality Toor Dal,6.9,1 KG,
dal,1,4,90033057,Haldiram's Moong Dal,2.0,150 G,
dal,1,5,90015591,Gits Heat & Eat - Dal Makhani 300G -- By Dashmesh,2.42,300 G,
dal,1,6,90015592,Gits Heat & Eat - Dal Palak 300G -- By Dashmesh,2.5,300 G,
dal,1,7,90015606,Gits Heat & Eat - Tadka Dal 300G -- By Dashmesh,2.42,300 G,
dal,1,8,90253403,Dal Bello Asolo Prosecco Superiore Docg Millesimato Extra Dry,28.88,750 ML,
dal,1,9,90253421,Dal Bello Prosecco Doc Treviso Extra Dry,29.9,750 ML,
dal,1,10,90253420,Dal Bello Prosecco Doc Treviso Rose Millesimato Brut,38.32,750 ML,
dal,1,11,90253430,Dal Bello Prosecco Doc Treviso Millesimato Brut,29.9,750 ML,
dal,1,12,340175,St.Dalfour Fruit Spread - Strawberry,6.35,284g,Halal
dal,1,13,340167,St.Dalfour Fruit Spread - Four Fruits,6.35,284g,Halal
dal,1,14,222547,St.Dalfour Fruit Spread - Blueberry,6.35,284g,Halal
dal,1,15,10761428,St.Dalfour Fruit Spread - Cranberry with Blueberries,6.35,284g,Halal
dal,1,16,222612,St.Dalfour Fruit Spread Minis,3.5,3 x 28g,
dal,1,17,12285314,St.Dalfour Fruit Spread - Thick Cut Orange,6.35,284g,Halal
dal,1,18,10308738,St.Dalfour Fruit Spread - Pineapple & Mango,6.35,284g,Halal
dal,1,19,358524,St.Dalfour Fruit Spread - Raspberry,6.35,284g,Halal
dal,1,20,13051985,St.Dalfour Fruit Spread - Black Cherry,6.35,284g,Halal
glug,1,1,13281521,[BCRS] F & N Seasons Bottle Drink - Ice Lemon Tea (Zero Sugar),2.1,1.5L,
glug,1,2,90018638,Aw's Market Fresh Whole Seabass Glutted (Kukup Sea),7.56,450 G,
glug,1,3,11935071,Ajinomoto Monosodium Glutamate (MSG),4.02,500g,
glug,1,4,13008494,Kong Guan Boneless Chicken Glutinous Rice,1.3,135g,
glug,1,5,12121221,Erawan Elephant Glutinous Rice Flour,2.34,600g,
glug,1,6,498429,Chinatown Glutinous Rice Ball - Black Sesame,2.88,300g,
glug,1,7,13215764,Songhe Glutinous Rice,4.03,1kg,
glug,1,8,498403,Chinatown Glutinous Rice Ball - Peanut & White Sesame,2.88,300g,
glug,1,9,340612,Spring Home Glutinous Rice Ball - Sesame,2.52,200g (10 per pack),
glug,1,10,110809,Wei Chuan Fried Gluten (Granule) in Soy Sauce,1.73,170g,
glug,1,11,53116,Wei Chuan Fried Gluten (Granule) in Soy Sauce with Peanut,1.73,170g,
glug,1,12,10033770,FairPrice Frozen Glutinous Rice Ball - Peanut,2.22,200g (10 per pack),Halal
glug,1,13,12361241,Spring Home Chicken Glutinous Rice Dumpling,4.44,270g (3 per pack),
glug,1,14,13087646,FairPrice Thailand Rice - Glutinous,6.95,2.5kg,
glug,1,15,13019369,Abbott Glucerna Triple Care Milk Formula - Classic Vanilla,53.9,800g,Halal
glug,1,16,10033797,FairPrice Frozen Glutinous Rice Ball - Sesame,2.22,200g (10 per pack),Halal
glug,1,17,13105250,Lee Kum Kee Gluten Free Soy Sauce,5.7,500ml,
glug,1,18,13066291,GlucosCare Premium Tea (Sugar Blocker),26.5,48 x 2.5g,
glug,1,19,13134082,Taisun Mixed Congee - Black Glutinous Rice & Job's Tears,1.75,255g,
glug,1,20,13180882,Abbott Glucerna Triple Care Milk Formula - Wheat,53.9,800g,Halal
cilantro,1,1,10344552,Pasar Local Celery (Daun Sup),1.65,100g,
cilantro,1,2,10682666,Pasar Thai Chinese Parsley,1.48,50g,
cilantro,1,3,90143859,Agro Fresh Indian Fresh coriander leaves,2.4,75 G,
cilantro,1,4,90126043,Vegeponics Pesticide-Free Coriander (SG Local),2.64,60 G,
cilantro,1,5,13032554,House Brand Powder - Coriander,1.6,125g,
cilantro,1,6,10255226,MasterFoods Herbs - Coriander Leaves,4.69,5g,
cilantro,1,7,90010686,Malika Coriander Seeds 500G -- By Dashmesh,3.58,500 G,
cilantro,1,8,90229363,Everest Coriander Powder,2.75,200 G,
cilantro,1,9,90190416,Cannamela Cannamela Coriander,1.0,15 G,
cilantro,1,10,90190479,Cannamela Cannamela Ground Coriander,4.48,23 G,
cilantro,1,11,13257934,Bai Xiang Noodles Bowl - Coriander,2.75,115g,
cilantro,1,12,90040773,"Simply Organic Coriander Seed Ground, 65g",11.31,65 G,Organic
cilantro,1,13,90040820,Simply Organic Spices Cilantro,9.41,22 G,Organic
cilantro,1,14,90190433,Cannamela Cannamela Organic Coriander From Sardinia,7.12,20 G,
cilantro,1,15,90007214,Delphi Lemon and Coriander Hummus Dip,6.5,170 G,
cilantro,1,16,90034284,Green Earth Green Earth Coriander Seed,3.75,100 G,
cilantro,1,17,90003709,Baba Coriander Powder,12.7,1 KG,
cilantro,1,18,90223896,RedMan Coriander - Ground,4.2,60 G,
cilantro,1,19,90205312,Vigo Kombucha Organic Live Tea - Cucumber + Coriander,3.95,330 ML,
cilantro,1,20,90003948,Ruchi Coriander Pickle,3.5,300 G,
grill,1,1,13080900,Friskies Delish Cat Dry Food - Meaty Grills,7.18,1kg,
grill,1,2,90037473,Vesta Metal Grill Net,3.5,2 S,
grill,1,3,90037681,Vesta Metal Grill Net 24x19Cm with Handle,3.2,1 S,
grill,1,4,13080888,Friskies Adult Dry Cat Food - Meaty Grills,17.11,2.5kg,
grill,1,5,90004444,Char-Broil Universal 2 Burner Basic Grill Cover (Medium),40.64,1 S,
grill,1,6,90010479,Char-Broil Grill+ Sliding Skewers Set (4 Pcs),20.26,1 S,
grill,1,7,90010477,Char-Broil Grill+ Folding Beer Can Chicken Roasting Rack,14.15,1 S,
grill,1,8,13259022,McCormick Grill Mates Sauce - Spicy Korean,6.06,500g,
grill,1,9,90037569,Vesta Metal Grill Net 40x30Cm,4.5,1 S,
grill,1,10,90152701,Vesta Foldable Metal Grill Net 27x21Cm With Stand,4.2,1 S,
grill,1,11,13259024,McCormick Grill Mates Sauce - Sichuan Mala,6.06,500g,
grill,1,12,13271040,Lamb Weston Frozen Grill Fries - Salt & Pepper,6.65,500g,
grill,1,13,90065034,The Grill Master Fan Club Cabernet Sauvignon Argentina Red,20.8,750 ML,
grill,1,14,90065033,The Grill Master Fan Club Malbec Argentina Red Wine,20.8,750 ML,
grill,1,15,13112672,McCormick Grill Mates BBQ Sauce - Chilli & Pepper,6.52,500g,Halal
grill,1,16,90065036,The Grill Master Fan Club Sauvignon Blanc Argentina White,23.1,750 ML,
grill,1,17,228652,McCormick Grill Mates Seasoning - Montreal Steak,7.64,96g,
grill,1,18,90088798,The Grill Master Fan Club Cabernet Sauvignon Argentina,243.6,12 x 750 ML,
grill,1,19,90088797,The Grill Master Fan Club Malbec Argentina Red Wine,243.6,12 x 750 ML,
grill,1,20,13232829,Tefal Easy Fry & Grill Air Fryer - XXL (EY801827),249.0,1 per pack,
churros,1,1,13291398,Ben & Jerry's Ice Cream - Churifcally Churros-y,15.18,465ML,
churros,1,2,90201998,Baby Churro Sticks - Banana,7.9,30 G,
churros,1,3,90201959,Baby Churro Sticks - Apple,7.9,30 G,
churros,1,4,90152404,General Mills Cereal Cinnamon Toast Crunch Churro,13.92,337.37 G,
churros,1,5,90173835,"Bebest Kids Churros ""Strawberry""",6.9,45.5 G,
churros,1,6,90024128,"Tramontina Churrasco 3 Piece Barbecue Set, Brown",79.9,1 PC,
churros,1,7,90024126,"Tramontina Churrasco 12 Piece Tableware Set, Red",59.9,1 PC,
churros,1,8,90024125,"Tramontina Churrasco 12 Piece Tableware Set, Brown",59.9,1 PC,
churros,1,9,90024120,"Tramontina Churrasco 2 Piece Barbecue Set, Brown",49.9,1 PC,
churros,1,10,90024145,Tramontina Churrasco Cutting and Serving Board,42.9,1 S,
churros,1,11,90024132,Tramontina Churrasco Meat Tong - Red,39.9,1 S,
churros,1,12,90024146,Tramontina Churrasco Cutting and Serving Board,42.9,1 PC,
churros,1,13,90024131,"Tramontina Churrasco Meat Tong, Brown",39.9,1 PC,
churros,1,14,90107794,Tramontina Churrasco 3 Piece Barbecue Set,35.9,1 PC,
churros,1,15,90144974,"Tramontina Tramontina Churrasco Jumbo Fork, Red",10.9,0.05 KG,
churros,1,16,90144973,"Tramontina Tramontina Churrasco Jumbo Fork, Brown",10.9,0.05 KG,
churros,1,17,90144976,"Tramontina Tramontina Churrasco Table Fork, Red",8.9,0.04 KG,
churros,1,18,90144975,Tramontina Churrasco Table Fork - Brown,8.9,1 S,
chorizo,1,1,90222054,Carmencita Chorizo Paella Kit with Enamelled Pan 2 servings,33.0,265 G,
chorizo,1,2,90153394,The Meat Club Free Range Spicy Chorizo Sausages - Frozen,23.7,350 G,
chorizo,1,3,90222309,KSP Cooked Chorizo Pork Sausage,12.34,350 G,
chorizo,1,4,90249742,Ryan's Chicken Chorizo Sausages (Chilled),12.0,400 G,
chorizo,1,5,90235886,Hummings.com Condolences Wreath - Azure Horizon (KWS765),283.4,1 S,
chorizo,1,6,90240112,Nintendo Switch 2 Animal Crossing: New Horizons,69.9,1 S,
chorizo,1,7,90214911,LEGO 77037 Horizon Adventures,62.9,1 S,
chorizo,1,8,90211846,PS5 LEGO Horizon Adventures / R3,54.9,1 S,
chorizo,1,9,90210364,Nintendo Switch LEGO Horizon Adventures,37.9,1 S,
chorizo,1,10,90119318,Partyforte CNY 48x16Cm Velvet Horizontal Banner-JinYuManTang,3.8,1 S,
chorizo,1,11,90119314,Partyforte CNY 48x16Cm Velvet Horizontal Banner-ChuRuPingAn,3.8,1 S,
chorizo,1,12,90119319,Partyforte CNY 48x16Cm Velvet Horizontal Banner-WuFuLingMen,3.8,1 S,
chorizo,1,13,90119316,Partyforte CNY 48x16Cm Velvet Horizontal Banner-ZhaoCaiJinBao,3.8,1 S,
chorizo,1,14,90119315,Partyforte CNY 48x16Cm Velvet Horizontal Banner-GongXiFaCai,3.8,1 S,
classico,1,1,13205604,Heinz Classico Pasta Sauce - Roasted Garlic,7.6,680g,
classico,1,2,13205603,Heinz Classico Pasta Sauce - Four Cheese,7.6,680g,
classico,1,3,90048972,Coppola Pasta Sauce - Classico (Tomato & Basilico),4.4,350 G,
classico,1,4,377699,Bertolli Olive Oil - Classico,20.95,1L,
classico,1,5,308511,Bertolli Olive Oil - Classico,6.95,250ml,
classico,1,6,13256992,Lavazza Crema E Gusto - Classico,8.8,57g,
classico,1,7,90188682,Capotondo Chianti Classico Italy 2022,31.8,750 ML,
classico,1,8,90059023,Domini Veneti Valpolicella DOC Classico Italy Red Wine,27.4,750 ML,
classico,1,9,11493699,Illy Roasted Coffee Beans - Classico,23.33,250g,
classico,1,10,13208003,Segafredo Espresso Coffee Capsules - Classico,7.6,10 per pack,
classico,1,11,13237656,Lavazza Espresso Maestro - Classico,8.8,57g,
classico,1,12,90188681,Lodolaio Chianti Classico Riserva Italy,44.3,750 ML,
classico,1,13,90059830,Domini Veneti Soave DOC Classico Italy White Wine,27.4,750 ML,
classico,1,14,90120448,Cantina Di Custoza Amarone Della Valpolicella Classico DOCG,89.9,750 ML,
classico,1,15,90231590,Poggio dei Salici Chianti Classico DOCG Red Wine,33.9,750 ML,
classico,1,16,13028867,Ruffino Red Wine - Riserva Ducale Chianti Classico,64.0,750ml,
classico,1,17,90190950,Palazzo Di Varignana Villa Amagioia Metodo Classico Brut,59.9,750 ML,
classico,1,18,90195655,Classico Italiano Sun Dried Tomatoes,6.95,285 G,
classico,1,19,90016743,illy Whole Bean Classico Coffee - Medium Roast,282.7,12 x 250 G,
classico,1,20,90196542,Bolla Amarone Della Valpolicella Classico Riserva - Red Wine,78.9,750 ML,
chutney,1,1,13003761,Borges Black Olives - Pitted,4.15,230g,
chutney,1,2,110966,Singlong Pickled Green Chilli,3.56,360g,Halal
chutney,1,3,10505643,AAA Salted Plums,1.43,220g,Halal
chutney,1,4,13206368,S&B Crunchy Garlic with Chili Oil,6.31,110g,
chutney,1,5,13281075,Borges Green Olives - Pitted,4.15,340g,
chutney,1,6,13003790,Borges Green Olives - Sliced,4.15,340g,
chutney,1,7,13021232,AAA Fermented Black Bean,1.99,180g,Halal
chutney,1,8,11457743,Tostitos Chunky Salsa (Medium),7.74,439.4g,
chutney,1,9,13250950,Lee Kum Kee Chilli Oil - Fire Hot Dried Shrimp,5.95,205g,
chutney,1,10,13003793,Borges Green Olives - Whole,5.15,230g,
chutney,1,11,13003748,Borges Black Olives - Whole,4.15,350g,
chutney,1,12,13056236,AAA Pickled Mustard with Chili,4.35,900g,Halal
chutney,1,13,90008880,Telephone Brand Sat-Isabgol (Psyllium Husk),4.5,100 G,
chutney,1,14,13257237,Cholula Salsa - Original (Medium),7.95,340g,
chutney,1,15,90022132,Iliada Green Pitted Olives,7.5,370 G,
chutney,1,16,90015249,Biona Organic Harissa Chilli Relish,8.4,125 G,
chutney,1,17,13257236,Cholula Salsa - Smoky Chipotle (Hot),7.95,340g,
chutney,1,18,90158252,AAA Sichuan Mustard Whole (250g),2.55,250 G,
chutney,1,19,90241863,AAA Sour Pickled Mustard Strip,4.9,500 G,
chutney,1,20,13214740,Sing Long Pickled Ginger Slice,2.25,190g,
cannelloni,1,1,90223838,Granoro N.76 Cannelloni di semola - gli Speciali,2.8,250 G,
cannelloni,1,2,12603984,Cirio Cannellini (White Beans),3.2,400g,
cannelloni,1,3,90185851,LITALY White Cannellini,3.4,400 G,
cannelloni,1,4,1,Strianese Cannellini White Kidney Beans,2.79,400 G,
cannelloni,1,5,90236893,Strianese Cannellini White Kidney Beans,54.99,24 x 400 G,
chestnuts,1,1,13076659,F & N NutriWell Reduced Sugar Drink - Water Chestnut & Sugar Cane,2.77,946ml,Halal
chestnuts,1,2,13059205,Tong Garden Roasted Chestnuts without Shell,4.65,5 x 60g,Halal
chestnuts,1,3,11109415,Yifon Roasted Organic Chestnuts,1.68,100g,Organic
chestnuts,1,4,12325494,Sanwa Roasted Chestnuts without Shell,1.98,120g,Halal
chestnuts,1,5,90024607,Sanwa Roasted Chestnut,7.0,500 G,
chestnuts,1,6,13281071,[BCRS] Allswell Bottle Drink - Water Chestnut & Sugar Cane (Less Sugar),1.95,1L,Halal
chestnuts,1,7,13032377,Hong Da Biscuits - Chestnut,3.59,500g,
chestnuts,1,8,13281005,[BCRS] Allswell Bottle Drink - Water Chestnut & Sugarcane,1.95,1L,Halal
chestnuts,1,9,13087482,BoBo Prawn & Chestnut Roll,3.15,150g,Halal
chestnuts,1,10,13217971,Pasar Dried Chestnut,5.7,200g,
chestnuts,1,11,90026747,Pan Tang Pure Chestnut Flour,4.1,250 G,
chestnuts,1,12,90002864,Kochi Ice Shimanto Kuri Chestnut Japanese Ice Cream,3.95,115 ML,
chestnuts,1,13,13153088,Beauty Hair Color Dye - 5.4 Light Copper Chestnut,35.56,160ml,
chestnuts,1,14,13155284,Liese Creamy Bubble Hair Colour - Chestnut Brown,20.27,1 per pack,
chestnuts,1,15,90067242,Laobanniang Dried Chestnuts (small),16.29,500 G,
chestnuts,1,16,90215372,Chestnut Soy Milk Cream Daifuku Japan Frozen Mochi Dessert,2.9,60 G,
chestnuts,1,17,90243331,Cubble Muslin Nursing Cover - Chestnut,19.9,1 S,
chestnuts,1,18,90212392,Palazzo Di Varignana Chestnut Honey,17.51,500 G,
chestnuts,1,19,90190869,Ziaja Leg Gel Horse Chestnut Extract,12.9,100 ML,
chestnuts,1,20,90250122,Ecomommeal Baby Porridge Pouch - Chestnut & Pumpkin,4.9,100 G,
capers,1,1,90018066,Biona Organic Capers in Extra Virgin Olive Oil,10.26,120 G,
capers,1,2,90204682,Biona Organic Capers in Wine Vinegar,10.26,140 G,Organic
capers,1,3,90248940,Casina Rossa Capers in Wine,10.95,110 G,
capers,1,4,90248909,Casina Rossa Capers in Sea Salt,10.95,70 G,
capers,1,5,90231592,"Tenuta Fragassi Bruschetta with Dried Tomatoe, Olives & Caper",7.74,145 G,
capers,1,6,90143674,Coelsanus Lacrimella Capers,9.0,210 G,
capers,1,7,90251443,Sublime No. 11 Lemon Caper and Dill Butter,9.9,90 G,
capers,1,8,90232333,Ristoris Gourmet Capers In Vinegar,14.4,540 G,
capers,1,9,90251950,Antica Conserveria Capers in Vinegar,15.8,700 G,
capers,1,10,90237049,Polli Capers In Wine Vinegar,11.69,565 G,
capers,1,11,1,Polli Capers In Wine Vinegar,4.49,100 G,
capers,1,12,90237107,Polli Spread - Green Olives And Capers,7.19,140 G,
capers,1,13,90249618,Ponti Capers in Salt,6.79,125 G,
capers,1,14,90248289,Ryan's Chicken Caprese (300g-320g) (CH),11.6,300 G,
capers,1,15,90249602,Antica Conserveria Fine Caperberries with Stem,17.5,680 G,
capers,1,16,90168256,Johnson's Baby Cotton Buds 100% Pure Cotton & PaperSticks 200,4.98,1 S,
celtuce,1,1,90115831,Baba Special Celtuce Salad Wangi VE-065 (2GM),2.54,2 G,
cerdo,1,1,90248946,Cerbona Muesli Bar - Dark Chocolate Raspberry (Sugar Free),8.91,5 x 20 G,
cerdo,1,2,90248918,Cerbona Muesli Bar - Sour Cherry,8.91,5 x 20 G,
cerdo,1,3,90248952,Cerbona Oat Bar - Walnut,9.72,5 x 40 G,
cerdo,1,4,90248950,Cerbona Muesli Bar - Choco Biscuit,8.91,5 x 20 G,
cerdo,1,5,90248944,Cerbona Muesli Bar - Coffee,8.91,5 x 20 G,
cerdo,1,6,90248961,Cerbona Oat Bar - Double Chocolate,9.72,5 x 40 G,
cerdo,1,7,126385,Martell Cordon Bleu,288.0,700ml,
cerdo,1,8,13199739,Los Cardos Red Wine - Malbec,35.0,750ml,
cerdo,1,9,90247618,Cerbona Muesli Max Bar - Raspberry & Lemon,10.62,5 x 30 G,
cerdo,1,10,90248951,Cerbona Oat Bar - Sour Cherry Vanilla,9.72,5 x 40 G,
cerdo,1,11,90248943,Cerbona Muesli Bar - Chocolate,8.91,5 x 20 G,
cerdo,1,12,13199740,Los Cardos Red Wine - Cabernet Sauvignon,35.0,750ml,
cerdo,1,13,13199741,Los Cardos White Wine - Sauvignon Blanc,35.0,750ml,
cerdo,1,14,90165160,Essentiq Shower Gel And Shampoo For Men 3-in-1 - Cardomom Tea,25.0,250 ML,
cerdo,1,15,90247643,Cerbona Muesli Max Bar - Chocolate Caramel,10.62,5 x 30 G,
cerdo,1,16,90247633,Cerbona Muesli Max Bar - Strawberry Chocolate,10.62,5 x 30 G,
cerdo,1,17,90247632,Cerbona Muesli Max Bar - Hazelnuts & Caramel,10.62,30 G,
cerdo,1,18,90114452,Zac Butchery Chicken Cordon Bleu Pack,14.5,500 G,
cerdo,1,19,90038523,Credo Pastry Baking Brush 18.5Cm,3.9,1 S,
cerdo,1,20,90058358,Credo Classic Can Opener 17.5Cm,21.9,1 S,
clementine,1,1,90146376,Nordics Natural Kid's Toothpaste Orange & Clementine,13.0,50 ML,
clementines,1,1,90146376,Nordics Natural Kid's Toothpaste Orange & Clementine,13.0,50 ML,
casino,1,1,90244269,My Arcade Casino Player 3945 Handheld Games,195.0,1 S,
casino,1,2,90244268,My Arcade Casino Pixel 3947 Handheld Games,64.0,1 S,
casino,1,3,90248940,Casina Rossa Capers in Wine,10.95,110 G,
casino,1,4,90248909,Casina Rossa Capers in Sea Salt,10.95,70 G,
casino,1,5,90231992,Casio TQ-140-7DF Alarm Clock,15.42,1 S,
casino,1,6,90231454,Casio FX-991MS-2 Scientific Calculator,36.58,1 S,
casino,1,7,90232022,Casio TQ-228-4DF Alarm Clock,19.4,1 S,
casino,1,8,90220656,Casio Digital Piano PX-S7000 Harmonious Mustard,4340.0,1 S,
casino,1,9,90220680,Casio Digital Piano PX-S7000 White,4040.0,1 S,
casino,1,10,90220639,Casio Digital Piano PX-S7000 Black,4040.0,1 S,
casino,1,11,90220628,Casio Digital Piano AP-750 Black,3420.0,1 S,
casino,1,12,90220626,Casio Digital Piano PX-S6000 Black,3030.0,1 S,
casino,1,13,90220665,Casio Digital Piano AP-550 White,2920.0,1 S,
casino,1,14,90220653,Casio Digital Piano AP-550 Brown,2920.0,1 S,
casino,1,15,90220663,Casio Digital Piano AP-S450 Black,2620.0,1 S,
casino,1,16,90220610,Casio Digital Piano PX-S5000 Black,2020.0,1 S,
casino,1,17,90220672,Casio Celviano AP-470 Digital Piano Brown,1920.0,1 S,
casino,1,18,90220662,Casio Celviano AP-470 Digital Piano Black,1920.0,1 S,
casino,1,19,90220624,Casio Celviano AP-470 Digital Piano White,1920.0,1 S,
casino,1,20,90220674,Casio Privia Digital Piano PX-870 Brown,1870.0,1 S,
cheez,1,1,13255522,The Laughing Cow Cheez Dippers - Strawberry,6.3,105g,
cheez,1,2,13052764,Cheezels Cheese Rings Snack - Original (Multipack),2.9,8 x 13g,Halal
cheez,1,3,13092994,Friskies Party Mix Cat Treats - Cheezy Craze Crunch,5.4,60g,
cheez,1,4,90176919,Glico Sugar Off Cheeze With Cheese,5.0,40 G,
cheez,1,5,90168299,Cheezels Soft Cheesy Cheese Ring Snack 4S,19.56,140 G,
cheez,1,6,90168300,Cheezels Soft Cheesy Cheese Ring Snack 2S,9.78,140 G,
cheez,1,7,90163924,Cheezels Soft Cheesy Cheese Ring Snack,4.89,140 G,
cheez,1,8,90163925,Cheezels Soft Cheesy Cheese Ring Snack Family Pack 8S,4.49,15 G,
cheez,1,9,90148103,Cheezels Soft Cheesy Cheese Ring Snack Family Pack - 2 packs,1.49,15 G,
cheez,1,10,13225079,Delicato Pork Sausage - Truffle Cheese,8.4,300g,
cheez,1,11,13020600,BoBo Chicken Sausage - Cheese,3.87,200g,Halal
cheez,1,12,13209328,Johnsonville Smoked Chicken Sausage - Cheese,11.65,360g,
cheez,1,13,13281696,[BCRS] F & N Flavoured Bottle Drink - Cheeky Cherryade,2.1,1.5L,Halal
cheez,1,14,13206437,Willms German Sausage - Cheese Wiener,6.62,200g,
cheez,1,15,12714902,[BCRS] F & N Flavoured Bottle Drink - Cheeky Cherryade,24.5,12 x 1.5L,Halal
cheez,1,16,90020489,Aw's Market Beef Cheek,12.0,300 G,
cheez,1,17,90127084,Aw's Market Beef Cheek Minced,8.8,150 G,
cheez,1,18,90046412,Hego Black Angus Beef Cheek Chilled,17.38,400 G,
cheez,1,19,90127091,Aw's Market Beef Cheek Cube,12.0,300 G,
cheez,1,20,12056466,Cowhead Cheese Slices - Cheddar,9.95,3 x 250g (12 per pack),Halal
brulee,1,1,90012379,Kirei Hokkaido Cheese Cake - Brulee,21.8,270 G,
brulee,1,2,90075458,Carmencita Creme Brulee Mix,4.3,56 G,
brulee,1,3,90023132,Monin Creme Brulee Syrup,18.16,700 ML,
brulee,1,4,90016693,La Perruche Cassonade Brown Sugar (Sugar For Crme Brulee),13.1,750 G,
bruschetta,1,1,90014639,Kitchen & Love Sundried Tomato Bruschetta,9.12,225 G,
bruschetta,1,2,90028426,Kitchen & Love Piquillo & Artichoke Bruschetta,9.12,225 G,
bruschetta,1,3,90014643,Kitchen & Love Artichoke Bruschetta,9.12,225 G,
bruschetta,1,4,90231592,"Tenuta Fragassi Bruschetta with Dried Tomatoe, Olives & Caper",7.74,145 G,
bruschetta,1,5,90014642,Kitchen & Love Olive Medley Bruschetta,9.12,225 G,
bruschetta,1,6,90231564,Tenuta Fragassi Asparagus Bruschetta,7.74,145 G,
bruschetta,1,7,90231573,Tenuta Fragassi Artichoke Bruschetta,7.74,145 G,
bruschetta,1,8,90231585,Tenuta Fragassi Mediterranean Bruschetta,6.84,145 G,
bruschetta,1,9,90231572,Tenuta Fragassi Sweet Peppers Bruschetta,6.84,145 G,
bruschetta,1,10,90231570,Tenuta Fragassi Mushroom Bruschetta,6.84,145 G,
bruschetta,1,11,90190415,Cannamela Cannamela Bruschetta Mix,1.0,35 G,
bruschetta,1,12,90143123,Kitchen & Love Artichoke & Jalepeno Bruschetta,9.6,225 G,
custard,1,1,13240331,Arla Protein Pudding - Chocolate,3.8,200g,
custard,1,2,12589991,Lotte Happy Promise Cream Cake - Custard,2.86,138g,
custard,1,3,48779,Khong Guan Sandwich Biscuits - Custard,2.7,200g,
custard,1,4,13240333,Arla Protein Pudding - Hazelnut Latte,3.8,200g,
custard,1,5,90072944,Orion Custard Pie 6p (Halal),2.3,138 G,
custard,1,6,12194703,Bird's Custard Powder - Original,2.9,300g,Halal
custard,1,7,13253778,Treats Croissant - Custard,1.1,55g,Halal
custard,1,8,13240332,Arla Protein Pudding - Salted Caramel,3.8,200g,
custard,1,9,1,Carmencita Vanillepudding Custard,4.3,61 G,
custard,1,10,90232766,Carmencita Pudding / Custard Mix,4.3,20 G,
custard,1,11,90013733,CB Mini Custard Bun (8pcs),2.4,240 G,
custard,1,12,90108524,Crystal Jade Salted Egg Yolk Custard Bun,11.91,6 S,
custard,1,13,90078086,TungLok Custard Egg Yolk Bun,32.21,24 S,
custard,1,14,90221374,RedMan Super Instant Custard Powder,90.4,10 KG,
custard,1,15,90173951,Cap Bintang Custard Powder 300g,4.95,300 G,
custard,1,16,90124793,Kirei Fujiya - Hakodate Pudding Japan Custard Pudding,6.6,105 G,
custard,1,17,90223047,RedMan Bakeable Instant Custard Powder Freeze Stable,19.2,1 KG,
custard,1,18,90095848,Nona Custard Powder,4.85,300 G,
custard,1,19,13263706,Ayam Brand Pulled Chicken - Honey Mustard,3.48,150g,Halal
custard,1,20,13271014,FairPrice Cashew - Honey Mustard,2.45,100g,Halal
custard,1,21,13034962,Maille Dijon Mustard - Original,5.6,215g,
creole,1,1,90132588,Duralex Lys Creole Cup 22cl + Saucer (Set of 6),36.0,1 S,
crabapples,1,1,90254352,Popoto Instant Camera Mini Two-Tone Chinese Crabapple,129.0,1 S,
buckwheat,1,1,13100252,Hime Japanese Noodles - Buckwheat,7.64,720g,
buckwheat,1,2,90074890,SIX FORTUNE Soba Buckwheat Noodle,3.99,300 G,
buckwheat,1,3,13132174,Naturel Organic 100% Buckwheat Pasta - Spaghetti,4.02,250g,Organic
buckwheat,1,4,90248343,Si Xiao Jie Buckwheat Noodle Mixed With Scallion Oil,1.9,91 G,
buckwheat,1,5,90068780,Kirei Banshu Soba Japan Jukusei Traditional Buckwheat Noodle,7.5,320 G,
buckwheat,1,6,13266152,Good Today Buckwheat Tea,9.45,100 x 1.5g,
buckwheat,1,7,90157348,Itomen Banshu Cha Soba Japanese Green Tea Buckwheat Noodle,8.9,250 G,
buckwheat,1,8,90253378,Diet Food Organic Buckwheat Soba,9.9,250 G,Organic
buckwheat,1,9,13266091,Good Today Buckwheat Noodles,16.95,2 x 900g,
buckwheat,1,10,90016361,Kirei Shimadaya Ishiusubiki Soba Frozen Buckwheat Noodle,10.0,480 G,
buckwheat,1,11,90253393,Diet Food Organic Ramen Buckwheat Noodles,11.9,280 G,Organic
buckwheat,1,12,90031219,Green Earth Organic Hulled Buckwheat,4.8,500 G,
buckwheat,1,13,90031435,Green Earth Organic Buckwheat Noodles,6.9,300 G,
buckwheat,1,14,90184813,IKO Buckwheat Oat Cracker,5.6,130 G,
buckwheat,1,15,90032893,Green Earth Organic Buckwheat Flour,6.0,500 G,
buckwheat,1,16,90225847,Bob's Red Mill Whole Grain Buckwheat Flour,11.2,624 G,
buckwheat,1,17,90031901,Green Earth Organic Hulled Buckwheat,9.6,1000 G,
buckwheat,1,18,90095741,Sau Tao Buckwheat Noodle 600 G,5.35,600 G,
buckwheat,1,19,90238930,Green Earth Organic - Buckwheat Tea,4.9,250 G,
buckwheat,1,20,90223366,RedMan Roasted Golden Buckwheat Puff,16.0,300 G,
cornstarch,1,1,50055,Pagoda Pure Corn Flour,1.17,400g,Halal
cornstarch,1,2,13197494,FairPrice Corn Flour,1.01,400g,
cornstarch,1,3,12262809,Flying Man Brand Corn Flour,1.11,400g,
cornstarch,1,4,10319322,SunFlower White Corn Flour,1.82,400g,
cornstarch,1,5,13267100,Johnson's Cornstarch Baby Powder - Classic,3.0,200g,
cornstarch,1,6,105850,Pagoda Pure Corn Flour,1.83,454g,
cornstarch,1,7,13178750,Bob's Red Mill Corn Starch,8.58,510g,
cornstarch,1,8,13267099,Johnson's Cornstarch Baby Powder - Classic,6.5,500g,
cornstarch,1,9,13267114,Johnson's Cornstarch Baby Powder - Blossoms,3.0,200g,
cornstarch,1,10,90214920,Johnson's Cornstarch Baby Powder - Bedtime,5.9,400 G,
cornstarch,1,11,90214915,Johnson's Cornstarch Baby Powder - Blossoms,5.9,400 G,
cornstarch,1,12,90209656,Johnson's Cornstarch Baby Powder - Classic,2.7,100 G,
cornstarch,1,13,90209657,Johnson's Cornstarch Baby Powder - Blossoms,2.7,100 G,
cornstarch,1,14,13178744,Bob's Red Mill Organic Corn Flour,10.59,624g,Organic
cornstarch,1,15,90214921,Johnson's Cornstarch Baby Powder - Classic,5.9,400 G,
cornstarch,1,16,90151116,CAP BINTANG CAP BINTANG Corn Starch,5.05,400 G,
cornstarch,1,17,90015093,Pureen Baby Powder - Cornstarch,4.95,300 G,
cornstarch,1,18,90080180,Green Earth Organic Corn Flour,5.9,250 G,
cornstarch,1,19,90168298,Cap Bintang Corn Starch 1kg,8.95,1 KG,
cornstarch,1,20,90227017,Bob's Red Mill Cornstarch,7.2,510 G,
gras,1,1,1,Heritage Harvest Foie Gras Slice - Frozen,29.95,200 G,
gras,1,2,90239413,Mas Pares Goose Foie Gras Pyramid,35.01,80 G,
gras,1,3,90239414,Mas Pares Duck Truffled Foie Gras Bloc Pyramid,31.41,80 G,
gras,1,4,90239407,Mas Pares Duck Foie Gras Pyramid with Figs,36.9,130 G,
gras,1,5,90239406,Mas Pares Duck Foie Gras Bloc with Orange & Cointreau,34.9,130 G,
gras,1,6,90239389,Mas Pares Duck Foie Gras Bloc,34.9,130 G,
gras,1,7,90020492,Aw's Market Beef Grassfed Mince,6.4,150 G,
gras,1,8,90046419,Hego Grass Fed Beef Minced - Chilled,13.49,400 G,Halal
gras,1,9,90020488,Aw's Market Beef Point End Grassfed Brisket,13.46,500 G,
gras,1,10,90020490,Aw's Market Beef Grassfed Knuckle Cubes,6.72,150 G,
gras,1,11,90046414,Hego Grass Fed Beef Chuck Tender Chilled,13.9,400 G,
gras,1,12,90053030,Aw's Market Beef Grassfed Prime Steer Tenderloin,13.28,150 G,
gras,1,13,90127089,Aw's Market Beef Point End Grassfed Brisket Stir Fry,6.4,150 G,
gras,1,14,90145961,Aw's Market Beef Grassfed Knuckle Minced,6.72,150 G,
gras,1,15,90145944,Aw's Market Beef Grassfed Prime Steer Tenderloin Roast,36.0,500 G,
gras,1,16,90127090,Aw's Market Beef Point End Grassfed Brisket Cube,6.4,150 G,
gras,1,17,90127082,Aw's Market Beef Point End Grassfed Brisket Minced,6.4,150 G,
gras,1,18,90207339,Aw's Market Beef Grassfed Prime Steer Ribeye Roast,67.2,1 KG,
gras,1,19,90021558,Hego Grass Fed Beef Ribeye - Chilled,14.9,300 G,Halal
burdock,1,1,90150403,100% Pure Burdock & Neem Healthy Scalp Shampoo,62.0,474 ML,
burdock,1,2,90122140,Kirei Asagobo Katsuo Burdock Bonito Flavored Pickles,6.9,80 G,
burdock,1,3,90066432,"Wakodo Japanese Pilaf with Chicken, Burdock & Vegetables",5.9,100 G,
burdock,1,4,90204063,100% Pure Burdock & Neem Healthy Scalp Conditioner,62.0,474 ML,
burdock,1,5,90060323,Laobanniang Fried Burdock Roots (pieces),5.08,100 G,
burdock,1,6,90158157,Kirei Frozen Gobo Kakiage Burdock Vegetable Tempura,16.9,360 G,
burdock,1,7,90122141,Kirei Hayabori Sato Gobo Burdock Amakuchi Sweet Shoyu Pickles,6.55,80 G,
burdock,1,8,90031873,Green Bio Tech Burdock Tea,16.8,20 x 5 G,
burdock,1,9,90137402,GardenScent Organic Burdock Root,12.95,70 G,
burdock,1,10,90034256,Green Earth Burdock Bee Hoon,6.4,200 G,
burdock,1,11,90110807,Green Earth Burdock Slice,4.5,100 G,
burdock,1,12,90031201,Green Earth Burdock Powder,4.5,50 G,
cooler,1,1,90245736,JIJI.SG NILO Portable Cooler Ice Box - Klein Blue (80L),169.0,1 S,
cooler,1,2,90111234,Igloo Playmate Ice Box Mini Cooler 4 Quarts Red,50.0,1 S,
cooler,1,3,90242613,Igloo MaxCold Cooler Box S-Glide 110QT(104Ltr),498.0,1 S,
cooler,1,4,90242624,IGLOO Maxcold Cooler Box Marine Ultra 70Quarts Roller - White,280.0,1 S,
cooler,1,5,90202006,IGLOO Ice Cooler Box Latitude 60 Quarts W/ Rollers - ECOCOOL,248.0,1 S,
cooler,1,6,90087562,Igloo 400 Series Water Cooler 10 gallon with tap,250.0,1 S,
cooler,1,7,90087643,IGLOO Profile II Ice Box 60QT (56 L) 98-can with Roller,208.0,1 S,
cooler,1,8,90188413,IGLOO Ice Cooler Box Wheelie Cool 38 Quarts (36 Ltr) - Roller,160.0,1 S,
cooler,1,9,90152984,Igloo Ice Cooler Box Profile II 28 Qt with Roller,175.0,1 S,
cooler,1,10,90087564,Igloo Igloo 400 Series Water Cooler 3 gallon with tap,135.0,1 S,
cooler,1,11,90172640,Igloo Ice Box Profile II 50 Quarts (45 Ltr) Blue,140.0,1 S,
cooler,1,12,90150015,Cosmoplast KeepCold Trolley Ice Box/Cooler Box-Dark Grey (30L,132.33,1 S,
cooler,1,13,90111227,Igloo Ice Cooler Latitude 16Qts(15L) 24-Can Blue With Roller,130.0,1 S,
cooler,1,14,90245754,JIJI.SG NILO Portable Cooler Ice Box - Klein Blue (55L),118.0,1 S,
cooler,1,15,90172641,Igloo Ice Box Profile II 30 Quarts (28 Ltr) 41-Can Blue,110.0,1 S,
cooler,1,16,90111229,Igloo Ice Cooler Box Latitude 16 Quarts (15 Ltr) 24-Can Blue,99.0,1 S,
cooler,1,17,90111228,Igloo Ice Cooler Box - Latitude 16 Quarts Red,99.0,1 S,
cooler,1,18,90230721,Igloo Legend Ice Cooler Box 17 Quart(16L) Hard Insulate- Teal,108.0,1 S,
cooler,1,19,90087649,IGLOO Playmate Cooler Box 16QT (15 Ltr) 30-Can Red,98.0,1 S,
cooler,1,20,90141414,IGLOO ICE BOX PLAYMATE ELITE 16QT BLUE,90.0,1 S,
cough,1,1,13004346,Panadol Cold + Flu Sinus Max Caplets,11.95,12 per pack,
cough,1,2,12691689,Nin Jiom Pei Pa Koa Cough Syrup (Convenient Pack),8.6,10 per pack,
cough,1,3,146367,Nin Jiom Pei Pa Koa Cough Syrup,8.6,300ml,
cough,1,4,13259430,Panadol Cough & Cold,14.45,16 per pack,
cough,1,5,13074422,Panadol Cold Relief PE Caplets,11.95,12 per pack,
cough,1,6,13084082,Nin Jiom Pei Pa Koa Cough Syrup - No Sugar Added,8.6,150ml,
cough,1,7,13113286,Difflam Lozenges - Honey & Lemon,13.85,16 per pack,
cough,1,8,90024940,Natural Aid Coughs & Colds Relief Oral Spray,26.0,30 ML,
cough,1,9,70409,African Sea-Coconut Cough Mixture,6.9,177ml,
cough,1,10,13148678,Woods' Peppermint Cough Syrup,11.46,200ml,
cough,1,11,13113278,Leftose Tablets,6.31,30 per pack,
cough,1,12,78271,Nin Jiom Pei Pa Koa Cough Syrup,5.5,150ml,
cough,1,13,13098848,Panadol Cold & Flu Hot Remedy - Lemon,8.75,5 per pack,
cough,1,14,13033534,Nin Jiom Concentrated Granules - Cold Remedy,14.71,10 x 5g,
cough,1,15,10578156,Woods' Peppermint Cough Syrup,6.3,100ml,
cough,1,16,13113289,Difflam Sugar Free Lozenges - Eucalyptus & Menthol,13.85,16 per pack,
cough,1,17,13136275,Zambon Fluimucil Acetylcycsteine Tablet,15.6,10 per pack,
cough,1,18,13229053,SanJin Watermelon Frost Throat Powder Spray,4.89,3g,
cough,1,19,13113347,Prospan Cough Syrup,11.61,100ml,
cough,1,20,12691769,Nin Jiom Concentrated Powder - Chuanbei Anti-Cough,7.59,6 x 2.5g,
chai,1,1,90131445,IQBar Plant Protein Bar - Matcha Chai,5.5,45 G,
chai,1,2,11577788,Sun Kee Vegetable Broken Chai Bo,0.66,150g,
chai,1,3,441147,Ping Pong Brand Hong Kong Poh Chai Mee,1.64,220g,Halal
chai,1,4,90131439,IQBar Plant Protein Bar - Matcha Chai x 12,59.0,45 G,
chai,1,5,453556,Poh Tai Hong Kong Po Chai Pills,7.9,10 per pack,
chai,1,6,10737102,FairPrice Vegetarian Can Food - Lo Han Chai,2.0,283g,
chai,1,7,11245927,Companion Can Food - Mun-Chai-Ya (Peking Vegetarian Roast Duck),2.2,285g,Halal
chai,1,8,13291072,Po Chai Pills Sachets,7.9,10 per pack,
chai,1,9,13284736,Avalanche 99% Sugar Free - Chai Latte,8.5,200g,
chai,1,10,90016922,Ora Organic So Lean & So Clean Protein Powder - Vanilla Chai,90.0,600 G,
chai,1,11,90221514,RedMan Concentrate Syrup -  Spiced Chai,25.6,750 ML,
chai,1,12,90218444,Tsuboichi Japan Masala Chai Latte Mix Powder Resealable Pack,9.9,100 G,
chai,1,13,13058850,Renmano Chairman's White Wine - Chardonnay,33.0,750ml,
chai,1,14,13058853,Renmano Chairmans's Red Wine - Shiraz,33.0,750ml,
chai,1,15,13058851,Renmano Chairman's Red Wine - Carbernet Sauvignon,33.0,750ml,
chai,1,16,10965754,HomeProud Bicycle Chain Lock,5.1,1 per pack,
chai,1,17,90204375,Multifunctional Baby Chair - Pink,129.9,1 S,
chai,1,18,90204411,Multifunctional Baby Chair - Blue,79.9,1 S,
chai,1,19,90082004,Air Val Paw Patrol Chaise Shower Gel and Shampoo (Blue),12.9,400 ML,
chai,1,20,90183361,Everbest Vegan Chai Gor EB (5pcs),4.95,350 G,
burgundy,1,1,10689120,Bigen Speedy Hair Color Conditioner - Burgundy Brown,15.9,1 per pack,
burgundy,1,2,13273940,L'Oreal Paris Casting Creme Gloss Hair Dye - 316 Burgundy,9.9,1 per pack,
burgundy,1,3,13291356,Quicktouch Hair Color - 662 Burgundy Wine,12.07,1 per pack,
burgundy,1,4,13280423,Bigen Easy'n Natural Hair Color - BG5 Light Burgundy Brown,10.9,1 per pack,
burgundy,1,5,11183762,Bigen Silk Touch Hair Cream Colour - 5P Elegant Burgundy,13.9,1 per pack,
burgundy,1,6,13230496,Garnier Color Natural Cream - 3.16 Burgundy,10.6,145g,
burgundy,1,7,90229133,Orient Kano Bezel Automatic Divers Watch-Burgundy(RA-AA0011B),373.0,1 S,
burgundy,1,8,1,Spiegelau Burgundy Glas,86.9,1 S,
burgundy,1,9,90226192,RedMan Apron - Burgundy,14.7,1 S,
burgundy,1,10,90172437,Smart Microfiber System Dishcloth 2 pcs Pack Grey/Burgundy,8.9,2 S,
burgundy,1,11,90225776,Sugarflair Blossom Tint (Edible Dusting Colour) - Burgundy,7.2,7 ML,
burgundy,1,12,90228557,RedMan Satin Ribbon - Burgundy,6.4,1 S,
burgundy,1,13,90223596,AmeriColor Softgel Paste Food Color - Burgundy,5.6,22 ML,
burgundy,1,14,90033838,SUNNEX Fast Food Polypropylene Tray Burgundy,4.94,1 S,
burgundy,1,15,90188796,Dabur Vatika Henna Hair Colour - Burgandy 3.6,6.9,6 x 10 G,
composite,1,1,90222508,RedMan Composite Konjac Jelly 3Q,20.8,3.8 KG,
composite,1,2,90250643,Xiaomi Body Composition Scale S400,27.0,1 S,
composite,1,3,90018257,Good Virtues Co. Makeup Remover - Calm And Composed Purifying,9.4,150 ML,
composite,1,4,90005284,POKON Organic Garden Compost,16.29,40 L,
composite,1,5,90206381,JM Flower Bulrush Moisture Retaining Compost (60L),35.0,1 S,
composite,1,6,90206372,"JM Flower Bulrush Rose, Tree & Shrub Compost (60L)",35.0,1 S,
composite,1,7,90206329,JM Flower Bulrush Multi-Purpose Compost with John Innes (60L),35.0,1 S,
composite,1,8,90194647,JM Flower Bulrush Multi-Purpose Compost (60L),33.0,1 S,
composite,1,9,90170331,Caterina Crystal Compote Footed Bowl D16xH16Cm,28.0,1 S,
composite,1,10,90194786,JM Flower Universal Multi-Purpose • Compost (40L),30.0,1 S,
composite,1,11,90005285,POKON Organic Garden Compost,10.08,20 L,
composite,1,12,90194646,JM Flower Universal Multi-Purpose • Compost (10L),8.8,1 S,
colorados,1,1,90190316,Colorrose Queen's Cameo Gradation Blush 01 Sweet Moon,35.9,4 G,
colorados,1,2,90190318,Colorrose Queen's Cameo Gradation Blush 02 Elegant Moon,35.9,4 G,
colorados,1,3,90172317,Colorrose Queen's cameo lipstick 03 Isabella,29.9,3.6 G,
colorados,1,4,90172318,Colorrose Queen's cameo lipstick 02 Sofia,29.9,3.6 G,
colorados,1,5,90172319,Colorrose Queen's cameo lipstick 01 Diana,29.9,3.6 G,
buttermilk,1,1,13067408,Kellogg's Eggo Frozen Waffles - Buttermilk,6.85,10 per pack,
buttermilk,1,2,13177135,Cowhead Buttermilk Pancakes,5.3,240g,Halal
buttermilk,1,3,13277833,FairPrice Pancake Mix - Buttermilk,4.5,325g,Halal
buttermilk,1,4,90098352,Amul Buttermilk Masti By Dashmesh (Pack of 2),5.19,1 L,
buttermilk,1,5,90007831,Amul Buttermilk Masti By Dashmesh [Carton],24.2,200 ML,
buttermilk,1,6,13097421,Betty Crocker Pancake Mix - Butter Milk,3.97,400g,Halal
buttermilk,1,7,90227008,Bob's Red Mill Pancake & Waffle Mix - Whole Grain Buttermilk,10.4,680 G,
buttermilk,1,8,1,RedMan Flavour - Buttermilk,21.6,510 ML,
buttermilk,1,9,90224649,Yes You Can Pancake Mix - Buttermilk,8.8,300 G,
mimosa,1,1,90202834,Colle Manora Mimosa Monferrato DOC,29.9,750 ML,
mimosa,1,2,90201549,Elizabeth Arden Eau De Toilette - Green Tea Mimosa,24.9,100 ML,
mimosa,1,3,90191114,Yellow Tail Cocktail Mimosa Blood Orange,34.9,750 ML,
mimosa,1,4,90233732,Epitex Serenova Diffuser 120ml - Ylang Mimose,16.91,1 S,
holes,1,1,90218422,Otafuku Japan Takoyaki Plate 16 holes (Iron Casting Type),39.5,1 S,
holes,1,2,90203288,Bonbijou Anti Dust-Mite High Density Foam Mattress W/Hole,99.0,1 S,
holes,1,3,90207729,Cuisinart Takoyaki Plate With 19 Holes,82.0,1 S,
holes,1,4,90074579,LOCK&LOCK Glass Food Container with Steam Hole Round 950ml,29.9,1 S,
holes,1,5,90017820,Alfax SP10 Sheet Protector 0.1mm A4 (11 holes),15.9,1 S,
holes,1,6,90017428,Alfax CH3030 Refillable Clear Holder A4 - Black (30 holes),13.1,1 S,
holes,1,7,90017821,Alfax SP606 Sheet Protector Matte 0.06mm A4 (11 holes),10.9,1 S,
holes,1,8,90165354,Kudi Pet Cat Nail Clipper With Hole,10.68,21 G,
holes,1,9,90093706,Steve & Leif Leather Hole Punch (9 Inch),10.08,1 S,
holes,1,10,90017819,Alfax SP05 Sheet Protector 0.05mm A4 (11 holes),8.8,1 S,
holes,1,11,90024320,Alfax CH3022 Clear Holder Refillable A4 - Yellow  (30 holes),8.3,1 S,
holes,1,12,90024318,Alfax CH3022 Clear Holder Refillable A4 - Orange (30 holes),8.3,1 S,
holes,1,13,90077215,Enlivo PD0673478 Exam Pad with Hole A4 - Side Bound,6.7,3 S,
holes,1,14,90112849,Suntex Bamboo Hole Cover - 44MM,6.2,2 S,
holes,1,15,90111121,Steve & Leif Neodymuim Magnet 10x3mm + 3mm Hole 8pcs,6.0,8 S,
holes,1,16,90111120,Steve & Leif Neodymuim Magnet 15x4mm + 5mm Hole 4pcs,6.0,4 S,
holes,1,17,90017750,Alfax PU24 2-Hole Puncher - Blue,5.6,1 S,
holes,1,18,90017749,Alfax PU24 2-Hole Puncher - Black,5.6,1 S,
holes,1,19,90004004,A4 11 Hole Sheet Protector 0.06mm,5.55,100 PC,
holes,1,20,90198418,Citylife Storage Basket Organizer with holes - White,5.5,1 S,
blanket,1,1,13290088,Winnie Multi-Function Cushion Blanket,79.9,1 per pack,
blanket,1,2,90245905,JIJI.SG SANT Ice Silk Blanket - Super Single (Blue),19.9,1 S,
blanket,1,3,90253861,Epitex Softicool Icecool Queen Blanket - Dusty Lilac,228.65,1 S,
blanket,1,4,90253829,Epitex Softicool Icecool Queen Blanket - Blue Grey,228.65,1 S,
blanket,1,5,90253837,Epitex Softicool Icecool Queen Blanket - Tint Violet,228.65,1 S,
blanket,1,6,90253836,Epitex Softicool Icecool Queen Blanket - Pink Taupe,228.65,1 S,
blanket,1,7,90253845,Epitex Softicool Icecool Queen Blanket - Warm Grey,228.65,1 S,
blanket,1,8,90253844,Epitex Softicool Icecool Queen Blanket - Mint Grey,228.65,1 S,
blanket,1,9,90236849,Epitex Softicool Icecool Queen Blanket - Vista Purple,228.65,1 S,
blanket,1,10,90236788,Epitex Softicool Icecool Queen Blanket - Cool Grey,228.65,1 S,
blanket,1,11,90236817,Epitex Softicool Icecool Queen Blanket - Lake Blue,228.65,1 S,
blanket,1,12,90236011,Epitex Softicool Icecool Queen Blanket - Haze Blue,228.65,1 S,
blanket,1,13,90253958,Epitex Softicool Icecool Single Blanket - Mint Grey,169.15,1 S,
blanket,1,14,90253944,Epitex Softicool Icecool Single Blanket - Tint Violet,169.15,1 S,
blanket,1,15,90253838,Epitex Softicool Icecool Single Blanket - Dusty Lilac,169.15,1 S,
blanket,1,16,90253860,Epitex Softicool Icecool Single Blanket - Blue Grey,169.15,1 S,
blanket,1,17,90253847,Epitex Softicool Icecool Single Blanket - Pink Taupe,169.15,1 S,
blanket,1,18,90253846,Epitex Softicool Icecool Single Blanket - Warm Grey,169.15,1 S,
blanket,1,19,90244887,Epitex Piyomi Kids Collection 1200TC Blanket - Cosmetic,169.15,1 S,
blanket,1,20,90244886,Epitex Piyomi Kids Collection 1200TC Blanket - Sunflower,169.15,1 S,
hips,1,1,90052715,Earth's Creation Timed Release Vitamin C 1000mg & Rose Hips,39.9,60 S,
hips,1,2,90176145,"Now Foods Tea Bag - Heavenly Hip Hibiscus, Herbal Punch Tea",13.9,24 S,
hips,1,3,90086036,Sunlight Gentle Gradefruit & Rose HIP,6.2,800 ML,
hips,1,4,90167746,Open Farm Hip & Joint Chews (90pcs),76.19,110 G,
hips,1,5,90172594,Natural Dog Company Hip & Joint Supplement,49.9,270 G,
hips,1,6,90124364,Nutri Botanics Vitamin C 1000mg Time Release with Rose Hip,33.9,60 S,
hips,1,7,90015383,Now Foods Solutions Certified Organic Rose Hip Seed Oil,27.9,30 ML,
hips,1,8,90235548,ATOPALM Baby Hip Cleanser,25.5,200 ML,
hips,1,9,90015421,Now Foods Rose Hip Seed Oil,23.9,30 ML,
hips,1,10,90153078,iti Hip & Joint - Beef Jerky W Deer Powder,13.89,100 G,
hips,1,11,90156110,M&C (Vetiq) Healthy Treats Joint & Hip,6.83,70 G,
hips,1,12,90218552,6 In 1 Ergonomically Baby Carrier,99.9,1 S,
hips,1,13,90172338,Natural Dog Company Hip & Joint Oil (16oz),49.9,16 OZ,
hips,1,14,90146786,Happi Doggy Care Regular 4-inch Chew - Hip & Joint Support,10.9,150 G,
hips,1,15,12041651,Thirsty Hippo Moisture Absorber,10.8,6 + free 2 x 600ml,
hips,1,16,13266442,Thirsty Hippo Moisture Absorber - Charcoal,10.8,6 x 280g + Free 2 x 280g,
hips,1,17,13190493,Kinder Happy Hippo Cocoa,4.9,5 per pack,Halal
hips,1,18,90014515,Traditional Medicinals Organic Hisbiscus 16 Teabag,12.5,24 G,
hips,1,19,12706462,Thirsty Hippo Moisture Absorber,79.73,32 x 600ml (CTN),
hips,1,20,13284422,Hipp Baby Food - Plum Blackcurrant in Pear,4.2,100g,Organic
blossom,1,1,13267114,Johnson's Cornstarch Baby Powder - Blossoms,3.0,200g,
blossom,1,2,13212833,Little Blossom Organic Brown Rice Puffs - Strawberry,5.6,40g,Organic
blossom,1,3,13212834,Little Blossom Organic Baby Puffs - Apple Broccoli,5.6,40g,Organic
blossom,1,4,13266446,Little Blossom Organic Brown Rice Puffs - Strawberry Mini,9.5,10 x 4g,Organic
blossom,1,5,13212840,Little Blossom Organic Brown Rice Puffs - Sweet Potato,5.6,40g,Organic
blossom,1,6,13250944,Little Blossom Fruity Sticks - Mixed Berry,2.5,12g,Halal
blossom,1,7,13250945,Little Blossom Veggie Sticks - Tomato & Carrot,2.5,12g,Halal
blossom,1,8,13250946,Little Blossom Veggie Sticks - Seaweed & Corn,2.5,12g,Halal
blossom,1,9,13212606,Little Blossom Organic Baby Puffs - Pumpkin,5.6,40g,Organic
blossom,1,10,90214915,Johnson's Cornstarch Baby Powder - Blossoms,5.9,400 G,
blossom,1,11,90209657,Johnson's Cornstarch Baby Powder - Blossoms,2.7,100 G,
blossom,1,12,90159473,Johnsons Blossoms Baby Soap with Vitamin E & Floral,2.85,75 G,
blossom,1,13,90112873,Johnson's Blossoms Baby Powder With Long Lasting Fragrance,4.66,200 G,
blossom,1,14,10847117,Dettol Body Wash - Sakura Blossom,5.8,900g,
blossom,1,15,13181862,Mama Royal Natural Dishwashing Liquid - Citrus Blossom,3.97,500ml,
blossom,1,16,13265097,FairPrice Scented Gel - Sakura Blossoms,3.99,180g,
blossom,1,17,13246474,Downy Peach Blossom Concentrate Fabric Conditioner Softener Refill,7.95,1L,
blossom,1,18,11698424,Khong Guan Assortment Biscuits - Blossoms (Tin),6.55,700g,Halal
blossom,1,19,13222504,Dettol Disinfectant Spray - Sakura Blossom,7.5,450ml,
blossom,1,20,62927,Plum Blossom Brand Hua Tiao Chiew,12.0,380ml,
not,1,1,10020227,Yeo's Packet Drink - Chrysanthemum Tea (Not So Sweet),11.6,24 x 250ml (CTN),Halal
not,1,2,10020234,Yeo's Packet Drink - Lemon Barley (Not So Sweet),11.51,24 x 250ml (CTN),Halal
not,1,3,13013547,Vitasoy Soya Bean Packet Drink - Not So Sweet (Less Sugar),3.95,6 x 250ml,Halal
not,1,4,457631,Yeo's Packet Drink - Chrysanthemum Tea (Not So Sweet),2.45,6 x 250ml,Halal
not,1,5,457681,Yeo's Packet Drink - Winter Melon Tea (Not So Sweet),2.95,6 x 250ml,Halal
not,1,6,10312497,Double A Premium A4 Paper - 80gsm,7.03,500 per pack,
not,1,7,11533670,Double A Premium A4 Paper - 80gsm,35.14,5 x 500 per pack (CTN),
not,1,8,13269956,Capri-Sun Juice Packet Drink - Nothing Artificial Orange,10.95,8 x 200ml,
not,1,9,13269955,Capri-Sun Juice Packet Drink - Nothing Artificial Blackcurrants,10.95,8 x 200ml,
not,1,10,13269954,Capri-Sun Juice Packet Drink - Nothing Artificial Tropical,10.95,8 x 200ml,
not,1,11,90247156,Wood Frame Mini Chalkboard,3.75,1 S,
not,1,12,90144751,NCLA Nail Lacquer - Not So Sweet,26.0,13.3 ML,
not,1,13,90241891,CozyNest Drawing Book - Brown (A4),6.9,4 S,
not,1,14,90241864,CozyNest A5 Diary - Sky blue,6.9,1 S,
not,1,15,90241859,CozyNest A5 Diary - Grey,6.9,1 S,
not,1,16,90241858,CozyNest A5 Diary - Pink,6.9,1 S,
not,1,17,90127493,Paperone COPIER A4 Paper-70gsm (ream),6.9,1 S,
not,1,18,90021053,SYH Kim Zua Joss Paper Notes Ju Hua Qian - Bundle of 4,6.15,4 x 1 S,
not,1,19,90131205,Paperone ALL PURPOSE A4 Paper-80gsm (5 ream/ Box),37.2,5 S,
not,1,20,90131158,Paperone COPIER A4 Paper-70gsm (5 ream/ Box),33.9,5 S,
contents,1,1,90002234,Hamaotome Miso Shiru No Gu Japanese Dried Miso Soup Contents,5.7,50 G,
contents,1,2,90028950,ALCARE First Aid Box Content A - Plastic (MOM),79.45,1 S,
contents,1,3,90028951,ALCARE First Aid Box Content B - Plastic (MOM),99.53,1 S,
contents,1,4,90249044,Razer Kiyo V2 - 4K30 Webcam for Content and Streaming-Quartz,286.11,1 S,
contents,1,5,90248866,Razer Kiyo Webcam for Content Streaming-White - V2-4K30,286.11,1 S,
contents,1,6,90240535,Razer Kiyo V2 4K30 Webcam content creation Black Edition,286.11,1 S,
contents,1,7,90249023,Razer Kiyo Webcam Content Streaming-Quartz - V2 X-1080p60,147.51,1 S,
contents,1,8,90248880,Razer Kiyo Webcam for Content Streaming-White - V2 X-1080p60,147.51,1 S,
contents,1,9,90240525,Razer Kiyo V2 X 1080p60 Webcam content creation Black Edition,147.51,1 S,
contents,1,10,90028952,ALCARE First Aid Box Content C - Plastic (MOM),127.6,1 S,
contents,1,11,13281648,[BCRS] Nescafe Espresso Concentrate - Black,9.95,500ml,Halal
contents,1,12,13281680,[BCRS] Nescafe Espresso Concentrate - Sweet Vanilla,9.95,500ml,Halal
contents,1,13,13043358,Milkmaid Sweetened Condensed Milk - Full Cream (High Calcium),2.45,392g,Halal
contents,1,14,274663,Campbell's Condensed Soup - Cream of Mushroom,2.25,290g,Halal
contents,1,15,13146960,Top Concentrated Liquid Detergent Refill - Super Low Suds,4.84,1.5kg,
contents,1,16,13216049,Downy Sunrise Fresh Concentrate Fabric Conditioner Softener Refill,14.5,3.5L,
contents,1,17,10459093,Carnation Evaporated Milk - Full Cream,2.34,390g,Halal
contents,1,18,13146935,Top Concentrated Liquid Detergent Refill - Anti-Bacterial,4.84,1.6kg,
contents,1,19,13187647,Downy Antibac Concentrate Fabric Conditioner Softener Refill,7.95,1.4L,
contents,1,20,13216047,Downy Mystique Concentrate Fabric Conditioner Softener Refill,14.5,3L,
nettles,1,1,90099726,Traditional Medicinals Organic Nettle Leaf,12.5,24 G,
nettles,1,2,90165169,Essentiq Hair Therapy Shampoo Oily Scalp Nettle & Lavender,36.0,250 ML,
nettles,1,3,90085449,Essentiq Shampoo For Greasy Hair Nettle & Lemon Peel Mini,4.5,20 ML,
nettles,1,4,90137337,GardenScent Organic Nettle Leaf,12.95,50 G,
nettles,1,5,90239252,IONA 1.7L Electric Kettle Stainless Steel - GLK1701B,21.8,1 S,
nettles,1,6,10,Russell Taylors SpeedBoil Stainless Steel Retro Kettle RK-10,49.99,1 S,
nettles,1,7,90119790,IONA 1.8L Cordless Kettle - Black GLK1806B,19.8,1 S,
nettles,1,8,90237617,Toyomi 4.5L Electric Air Pot Hot Water Dispenser EPA 458SS,89.9,1 S,
nettles,1,9,90250684,Xiaomi Smart Kettle 2 Pro,68.0,1 S,
nettles,1,10,90241654,Mayer 1L Electric Glass Kettle MMEKG1080-GN - Green,57.0,1 S,
nettles,1,11,90201373,Cornell 4L Electric Water Boiler Airpot - CTPS40WH,54.9,1 S,
nettles,1,12,90241051,PowerPac Digital Kettle Jug 1.8L - (PPJ2035),49.0,1 S,
nettles,1,13,90246591,Breville 3L Instant Hot Water Dispenser (LWA200BSS),338.0,1 S,
nettles,1,14,90107475,Tiger 5 Litre Electric Air Pot,319.0,1 S,
nettles,1,15,90247393,Balmuda The Pot - Black,269.0,1 S,
nettles,1,16,90247379,Balmuda The Pot - White,269.0,1 S,
nettles,1,17,90093457,Odette Temperature Control Electric Kettle - Grey,209.9,1 S,
nettles,1,18,90246577,Breville 1.7L Crystal Clear Kettle (BKE750),197.0,1 S,
nettles,1,19,90196930,Zojirushi 3L Micom Electric Dispensing Pot CD-WBQ30,198.0,1 S,
nettles,1,20,90163657,Tiger 1LT Electric kettle,179.0,1 S,
okara,1,1,90172984,Organic Wave Overnight Oat - Protein Booster with Okara Powde,6.9,120 G,
okara,1,2,90231156,Churo Whole Okra Lady Finger (Frozen),4.29,1 KG,
okara,1,3,13238234,Hey Chips - Okra,4.99,20g,
okara,1,4,90160134,Kirei Tokiwa Okaasan No Aji E-dashi Tsuyu Japanese Seasoning,10.4,360 ML,
okara,1,5,90016232,Unkai Honkaku Taiga No Hitoshizuku Okawa Mugi Wheat Shochu,55.2,720 ML,
okara,1,6,90177672,Kirei Tokiwa Okaasan No Aji E-Dashi Tsuyu Japanese Seasoning,31.3,1 L,
okara,1,7,90247176,Okayama Yuzu Koji Miso Paste Tub Japan,18.8,110 G,
okara,1,8,90202135,Okra Lady's Fingers Seeds,2.52,1 S,
okara,1,9,90178508,Golden Cat Wet Can Food - Tuna & Shirasu & Okaka,32.4,24 x 80 G,
okara,1,10,90156463,Okazaki Fine Mesh Net Laundry Washing Bag (Cylinder Type),5.5,1 S,
okara,1,11,90156467,Okazaki Fine Mesh Net Laundry Washing Bag (Flat Type),5.5,1 S,
okara,1,12,90043127,Red Okra Seeds,3.53,1 S,
okara,1,13,90207666,Fine and Coarse Double Nets Laundry Washing Bag 45X30Cm,5.5,1 S,
okara,1,14,90215919,Toilet Blue Wash - 2 pieces,5.5,1 S,
okara,1,15,90213920,Vegetable Peeling Sponge,5.5,1 S,
okara,1,16,90207683,Fine Net Laundry Washing Bag (Ball Type) Dia. 25Cm,5.5,1 S,
okara,1,17,90207682,Fine Mesh Laundry Bag (Flat Type) Extra-Large 60X60Cm,5.5,1 S,
okara,1,18,90207681,Fine Net Laundry Washing Bag (Cylinder Type) Dia.25X35Cm,5.5,1 S,
okara,1,19,90207665,Fine Mesh Laundry Washing Bag (Flat Type With String) 50X35Cm,5.5,1 S,
okara,1,20,90207627,Fine Mesh Net Laundry Washing Bag (Flat Type) Large 55X40Cm,5.5,1 S,
negros,1,1,90233712,Gato Negro Sweet Red Dulce Tinto Wine,16.95,750 ML,
negros,1,2,90188176,Gato Negro Chilean Red Wine - Merlot,19.9,750 ML,
negros,1,3,90188172,Gato Negro Chardonnay Chilean White Wine,19.9,750 ML,
negros,1,4,90235501,Gato Negro Sweet Dulce White Wine,16.95,750 ML,
negros,1,5,90188175,Gato Negro Chilean Red Wine - Carmenere,19.9,750 ML,
negros,1,6,90235500,Gato Negro Sweet Rose Dulce Rose Wine,16.95,750 ML,
negros,1,7,90087688,Rolser Jet038 Tweed Negro/Black,74.0,0.95 L,
negros,1,8,90188174,Gato Negro Chilean Red Wine - Pinot Noir,19.9,750 ML,
negros,1,9,90188177,Gato Negro Cabernet Sauvignon Chilean Red Wine,19.9,750 ML,
negros,1,10,90188173,Gato Negro Chilean White Wine - Sauvignon Blanc,19.9,750 ML,
negros,1,11,90232024,Dark Fire Negroamaro Puglia IGT Italy Red Wine,22.95,750 ML,
negros,1,12,13275865,Bottega Negroni Liquore,58.0,700ml,
negros,1,13,90175814,Cantina Sampietrana Settebraccia Negroamaro IGP Susumaniello,57.0,750 ML,
negros,1,14,90175812,Cantina Sampietrana Terre Cave Negroamaro IGP Primitivo,47.25,750 ML,
negros,1,15,90248225,Cantina Sampietrana Cinquantino Puglia IGP Rosato Negroamaro,39.0,750 ML,
negros,1,16,90250477,Santero 958 Negroni - Ready to Drink,38.99,750 ML,
navel,1,1,13166439,Koala Easy Peel Australia Navel Orange,7.95,1kg,
navel,1,2,13293397,Vitor Australia High Brix Navel Oranges,4.95,800g,
navel,1,3,90006551,MTRADE Five Stones Game,13.0,12 S,
navel,1,4,90006560,MTRADE Mini Balance Puzzle Game Assortment,10.9,24 S,
navel,1,5,90006556,MTRADE Magic Cube Game,9.9,6 S,
navel,1,6,13138901,HomeProud Party Balloons - Novelty Shape,2.9,20 per pack,
navel,1,7,90006592,MTRADE Animal Gel Roller Pen 0.5mm Black Ink,36.0,48 S,
navel,1,8,90006577,MTRADE Sea Animal Peg-Top Stamper,13.9,24 S,
navel,1,9,90006575,MTRADE Zoo Animal Peg-Top Stamper,13.9,24 S,
navel,1,10,90006574,MTRADE Farm Animal Peg-Top Stamper,13.9,24 S,
navel,1,11,90006573,MTRADE Dinosaur Peg-Top Stamper,13.9,24 S,
navel,1,12,90006579,MTRADE Mini Smile Face Erasers,8.9,30 S,
navel,1,13,90006566,MTRADE Mini Shapes Rainbow Magic Spring,5.0,12 S,
navel,1,14,90224540,Balocco Novellini Biscuits,4.9,350 G,
navel,1,15,13217231,Legaris Red Wine - Alcubilla De Avellaneda,92.0,750ml,
navel,1,16,90212330,Wavelength Board Game,49.9,1 S,
navel,1,17,90199006,Mavella Superfoods Immune Boost 10g sachets x 14 handy pack,41.94,0.14 KG,
navel,1,18,1,Mavella Superfoods Immune Boost 10g sachets x 14 handy pack,38.4,0.14 KG,
navel,1,19,90199359,Mavella Superfoods Kombucha Energy Powder,27.0,40 G,
navel,1,20,10,Mavella Superfoods Kombucha Beauty Powder Cannister Can - 10,27.0,40 G,
nance,1,1,13164870,Gatsby Styling Gel & Wax - Nuance Type,8.96,100g,
nance,1,2,13228516,Lion Dance Chao Shan Beef Balls - Original,13.6,400g,
nance,1,3,90088779,Jean Vincent Sancerre France White Wine,52.95,750 ML,
nance,1,4,90063805,Laobanniang Lance Asiabell Roots,30.56,500 G,
nance,1,5,13116058,Accu-Chek Lancets - FastClix,24.09,102 per pack,
nance,1,6,13229764,Accu Chek Softclix Lancets,24.07,100 per pack,
nance,1,7,13118374,Abbott Lancets - Thin,18.33,100 per pack,
nance,1,8,90090994,Arrighi Italian Pasta - Gancetti (51),3.25,500 G,
nance,1,9,90021077,SYH Kim Zua Prayer Pack Bai Zu Xian Ancestor - Bundle of 4,5.25,4 x 0.95 L,
nance,1,10,1,Logitech H540 USB Headset With Noise-Cancelling Mic,79.0,1 S,
nance,1,11,90022029,SYH Kim Zua Ancestor Gold Silver,10.15,1 S,
nance,1,12,90181610,Sony WH-1000XM5 Wireless Noise Cancelling Headphones - Black,589.0,1 S,
nance,1,13,90181589,Sony WH-1000XM5 Wireless Noise Cancelling Headphones - Silver,589.0,1 S,
nance,1,14,90181588,Sony WH-1000XM5 Wireless Noise Cancelling Headphones - Blue,589.0,1 S,
nance,1,15,90247648,Sony WH-1000XM6 Noise Cancelling Wireless Headphones - Pink,509.0,1 S,
nance,1,16,90199459,Logitech Zone Wireless 2 Teams Noise Cancellation Headset,406.0,1 S,
nance,1,17,90199467,Logitech Zone Wireless 2 UC Noise Cancellation Headset,406.0,1 S,
nance,1,18,90255470,Sony Wireless Noise Cancelling Earbuds - Silver,339.0,1 S,
nance,1,19,90248898,Sony WF-1000XM6 Wireless Noise Cancelling Earbuds - Black,339.0,1 S,
nance,1,20,90181585,Sony WF-1000XM5 Wireless Noise Cancelling Headphones - Black,269.0,1 S,
namasu,1,1,90003048,Narasu's Pure Instant Granulated Instant Coffee [Green],6.8,100 G,
namasu,1,2,90003046,Narasu's Insta Strong Granulated Instant Coffee [Red],6.0,100 G,
namasu,1,3,90025945,Narasus Pure Filter Coffee (PB),11.7,500 G,
namasu,1,4,90003047,Narasu's Pure Instant Granulated Instant Coffee [Green],4.2,50 G,
namasu,1,5,90003045,Narasu's Insta Strong Granulated Instant Coffee [Red],4.05,50 G,
namasu,1,6,90013984,Yamasu's Instant Kani Crab Miso Soup Mix - Kirei,11.5,47.5 G,
namasu,1,7,90013983,Yamasu's Instant Shrimp Ebi Miso Soup Mix - Kirei,11.5,61.8 G,
namasu,1,8,90136240,Kirei Yamasu Mala Sauce Japanese Chinese Style Spicy Sauce,9.4,105 G,
bluberries,1,1,90090840,YayaPapaya Blueberry,4.95,1 S,
bluberries,1,2,10632060,Fresh Blueberries,3.95,125g,
bluberries,1,3,10691837,Fresh Corindi Australia Super Jumbo Blueberries,12.95,200g,
bluberries,1,4,90089361,ZENXIN Organic Blueberries,6.9,125 G,Organic
bluberries,1,5,13177827,Berryfield Whole Frozen Blueberries,23.9,1kg,
bluberries,1,6,90143075,OOB Organic Blueberries | Frozen,13.41,450 G,Organic
bluberries,1,7,10761428,St.Dalfour Fruit Spread - Cranberry with Blueberries,6.35,284g,Halal
bluberries,1,8,13289690,Tamar Valley Greek Style Creamery Yoghurt - Blueberries,9.95,700g,
bluberries,1,9,13270096,Harvest Fields Dried Blueberries,6.5,140g,
bluberries,1,10,90063847,Laobanniang Dried Blueberries,18.5,500 G,
bluberries,1,11,90253621,SnackFirst Summer Blueberries - Superfood Dried Fruits,12.9,200 G,
bluberries,1,12,90227627,RedMan Dried Blueberries,40.0,1 KG,
bluberries,1,13,90127116,Foodsterr Dried Blueberries - By Foodsterr,12.99,200 G,
bluberries,1,14,90122072,FirstMate Chicken with Blueberries for Cats,78.2,4.54 KG,
bluberries,1,15,90122068,FirstMate Cage-Free Duck with Blueberries for Cats,78.2,4.54 KG,
bluberries,1,16,90122070,FirstMate Pacific Ocean Fish with Blueberries for Cats,76.5,4.54 KG,
bluberries,1,17,90156064,"Little Big Paw Duck - Blueberries, Courgette, Pumpkin (Hypo)",4.75,390 G,
bluberries,1,18,90253281,SnackFirst Antioxidants Medley - Mixed Nuts and Blueberries,11.9,200 G,
bluberries,1,19,13111893,Naturipe USA Blueberries,8.95,310g,
bluberries,1,20,90122073,FirstMate Chicken with Blueberries for Cats,52.0,1.8 KG,
bluberries,1,21,13259887,Lux Liquid Hydration Glow Bodywash Refill - Mulberries,6.06,800ml,
bleu,1,1,126385,Martell Cordon Bleu,288.0,700ml,
bleu,1,2,90222800,Paris Bleu Sistelle Eau de Parfum - Jardin de Sistelle,58.1,85 ML,
bleu,1,3,90173476,Paris Bleu French Club for Him Eau de Parfum,38.5,90 ML,
bleu,1,4,90200735,Paris Bleu Cyrus Airman Edp (M),79.1,100 ML,
bleu,1,5,90190742,Paris Bleu Writer Parfum,68.6,100 ML,
bleu,1,6,90249448,Paris Bleu Author Elixir de Parfum,58.1,100 ML,
bleu,1,7,90249461,Paris Bleu Cyrus Writer Anonymous Parfum,58.1,100 ML,
bleu,1,8,90249458,Paris Bleu Tobacco Club Eau de Parfum,58.1,100 ML,
bleu,1,9,1,Paris Bleu Cyrus Writer Eau de Parfum,58.1,100 ML,
bleu,1,10,90222776,Paris Bleu Sistelle Eau de Parfum - Malena Lush Gardenia,58.1,100 ML,
bleu,1,11,90180809,Paris Bleu Fleur de Soie Eau de Parfum,58.1,100 ML,
bleu,1,12,90180808,Paris Bleu Unforgiven Escape in Capri Eau de Parfum,48.0,100 ML,
bleu,1,13,90180807,Paris Bleu Unforgiven Fresh Hibiscus Eau de Parfum,48.0,100 ML,
bleu,1,14,90180806,Paris Bleu Unforgiven Gypsy Sage Eau de Parfum,48.0,100 ML,
bleu,1,15,90249449,Paris Bleu Sistelle Beyond Stars Only Me Eau de Parfum,48.0,100 ML,
bleu,1,16,90222782,Paris Bleu Sistelle Eau de Parfum - Golden Girl,48.0,100 ML,
bleu,1,17,90222790,Paris Bleu Eau de Parfum - Blue Dawn,48.0,100 ML,
bleu,1,18,90246343,Paris Bleu Cyrus Writer Eau de Parfum,42.0,60 ML,
bleu,1,19,90249429,Paris Bleu Sistelle Incidence Sweet Eau de Parfum,38.5,100 ML,
bleu,1,20,90200724,Paris Bleu The Essentials Master Sense Edp (M),38.5,100 ML,
bowls,1,1,12521284,HomeProud Disposable Paper Plates (17.78cm),2.8,30 per pack,
bowls,1,2,13103576,HomeProud Biodegradable Plates (15cm),2.86,18 per pack,
bowls,1,3,90012036,MTRADE Disposable 6 Inch White Paper Plates,3.5,50 S,
bowls,1,4,13103580,HomeProud Biodegradable Dessert Bowl,2.75,18 per pack,
bowls,1,5,43240,HomeProud Disposable Bowls - Small,1.53,10 per pack,
bowls,1,6,90012058,MTRADE Disposable 7 Oz PP White Plastic Bowl,4.9,50 S,
bowls,1,7,11208704,HomeProud Plastic Plates - White (25.4cm),3.0,10 per pack,
bowls,1,8,90005449,MTRADE Disposable 9 Inch Eco Biodegradable Plates,8.9,50 S,
bowls,1,9,90012038,MTRADE Disposable 9 Inch White Paper Plates,4.9,50 S,
bowls,1,10,563727,HomeProud Disposable Bowls - Big,4.2,10 per pack,
bowls,1,11,90012037,MTRADE Disposable 7 Inch White Paper Plates,3.9,50 S,
bowls,1,12,90005447,MTRADE Disposable 7 Inch Eco Biodegradable Plates,5.9,50 S,
bowls,1,13,90005448,MTRADE Disposable 6 Inch Eco Biodegradable Plates,4.9,50 S,
bowls,1,14,11216464,HomeProud Plastic Plates - White (18cm),3.56,10 per pack,
bowls,1,15,90005445,MTRADE Disposable 9 Inch White Plastic Plates,8.5,50 S,
bowls,1,16,90005460,MTRADE Disposable 12 Oz PP White Plastic Bowl,7.9,50 S,
bowls,1,17,13186263,HomeProud Biodegradable Plates - Round (10 inch),8.76,18 per pack,
bowls,1,18,13251850,Hefty Ecosave Plates (8-3/4inch),5.95,22 per pack,
bowls,1,19,13251851,Hefty Ecosave Plates (6-3/4inch),5.95,30 per pack,
bowls,1,20,90150163,MTRADE Disposable 10 Oz Eco Biodegradable Bowl,6.5,50 S,
nail,1,1,90144737,NCLA Nail Lacquer - Volume VI,26.0,15 ML,
nail,1,2,13039154,Vaseline Intensive Care Healthy Hands and Nails,4.99,85ml,
nail,1,3,90083308,Byphasse Nail Polish Remover,3.9,250 ML,
nail,1,4,90144751,NCLA Nail Lacquer - Not So Sweet,26.0,13.3 ML,
nail,1,5,90083812,Kinepin Nail Clipper J1056,3.9,1 S,
nail,1,6,90083813,Kinepin Toenail Clipper J1054,3.9,1 S,
nail,1,7,90082085,Beauty Language Nail Polish Remover,3.9,190 ML,
nail,1,8,90144753,NCLA Nail Lacquer - Back To Black,26.0,13.3 ML,
nail,1,9,90081342,Evoluderm Nail Polish Remover,3.9,200 ML,
nail,1,10,90217053,MUST 6395 Nail Clipper,3.9,1 S,
nail,1,11,90153306,NCLA Nail Lacquer - Barbie Party,26.0,1 S,
nail,1,12,90144754,NCLA Nail Lacquer - Lost In The Canyons,26.0,13.3 ML,
nail,1,13,90137883,Eveline Argan Elixir Regenerating Oil for Cuticles & Nails,7.9,12 ML,
nail,1,14,90144762,NCLA Nail Lacquer - Out of This World,26.0,13.3 ML,
nail,1,15,90217057,MUST 6400 Toenail Clipper,3.9,1 S,
nail,1,16,90217038,MUST 6403 Sapphire Nail File,3.9,1 S,
nail,1,17,215,Eclipse Nail Polish - 215,3.9,15 ML,
nail,1,18,90090882,Eclipse Nail Color #129,3.9,15 ML,
nail,1,19,90083832,Kinepin Nail File J0235,3.9,1 S,
nail,1,20,90083814,Kinepin Nail Clipper J1053,3.9,1 S,
mojito,1,1,90115631,Mathieu Teisseire Mojito Syrup,17.9,700 ML,
mojito,1,2,13206850,Teekanne Cool Sensations Cold Brew Tea - Berry Mojito,7.95,18 per pack,
mojito,1,3,90231356,CHOOSE Mojito Cocktail,15.95,750 ML,
mojito,1,4,13271119,Comfort Beads White Peach + Mojito,8.07,200g,
mojito,1,5,1,Naked Life Non-Alcoholic Cocktail - Mojito,17.39,4 x 250 ML,
mojito,1,6,90213892,Naked Life Non-Alcoholic Cocktail - Mojito,77.51,24 x 250 ML,
mojito,1,7,90207865,Toschi Syrup - Mojito Mint,12.9,250 ML,
mojito,1,8,90023161,Master of Mixes Mojito Mixer,15.14,1 L,
mojito,1,9,13276618,Omron Automatic Blood Pressure Monitor - IQ BT Hem (7194T),159.0,1 per pack,
mojito,1,10,13276619,Omron Automatic Blood Pressure Monitor - EZ BT Large Hem (7183T),119.0,1 per pack,
mojito,1,11,12162373,Braun ThermoScan Lens Filters,13.15,40 per pack,
mojito,1,12,13201528,Nissei Blood Pressure Montior (DS-11),72.5,1 per pack,
mojito,1,13,13266168,Microlife 3AQ1 Blood Pressure Monitor,99.0,1 per pack,
mojito,1,14,13291511,Yuwell Blood Pressure Monitor - YE620B,69.0,1 per pack,
mojito,1,15,13118182,Omron AC Adaptor,29.3,1 per pack,
mojito,1,16,13246008,Flowflex SARS-CoV-2 Antigen Rapid Test,10.5,3 per pack,
mojito,1,17,13249602,All Test Sars-CoV-2 Antigen Rapid Test - Nasal Swab,6.99,2 per pack,
mojito,1,18,13094022,Ebene Bio-Ray Foot Massage Men Long Socks - Black Free Size (One Pair),39.41,1 per pack,
mojito,1,19,13210515,Flowflex SARS-CoV-2 Antigen Rapid Test,4.99,1 per pack,
mojito,1,20,13269806,OMRON MC-F300 Forehead Thermometer,99.0,1 per pack,
bison,1,1,90139440,High Prairie Canine Formula - Bison & Roasted Venison,146.9,12.2 KG,
bison,1,2,90139439,High Prairie Puppy Formula - Bison & Roasted Venison,146.9,12.2 KG,
bison,1,3,11882221,Crunchy Fresh Lollo Bionda Lettuce,2.55,120g,
bison,1,4,90014903,Biona Organic Chick Peas,4.56,400 G,
bison,1,5,13024823,Tiger Brand Rice Stick Bihon,2.73,250g,Halal
bison,1,6,90205627,Biona Organic Pure Maple Syrup Dark Grade A,16.06,330 G,Organic
bison,1,7,90218091,Biona Organic Beetroot Juice Pressed,10.47,750 ML,Organic
bison,1,8,90014898,Biona Organic Black Beans,4.56,400 G,Organic
bison,1,9,90014901,Biona Organic Butter Beans,4.56,400 G,Organic
bison,1,10,90014909,Biona Organic Red Kidney Beans,4.56,400 G,Organic
bison,1,11,90017959,Biona Organic Pomegranate Juice Pure,14.87,1 L,
bison,1,12,90204779,Biona Organic Pure Maple Syrup Amber Grade A,16.06,330 G,
bison,1,13,90087539,Biona Organic Pure Juice - Tart Cherry,18.9,1 L,
bison,1,14,90014907,Biona Organic Mixed Beans,4.56,400 G,
bison,1,15,3,Biona Organic Sauerkraut,4.88,360 G,Organic
bison,1,16,90014883,Biona Organic Rye Vitality Bread with Sprouted Seeds,6.64,500 G,
bison,1,17,90014920,Biona Organic Chopped Tomatoes,5.38,400 G,
bison,1,18,90087477,Biona Organic Apple Juice,8.71,750 ML,
bison,1,19,90014877,Biona Organic Rye Bread,7.89,500 G,
bison,1,20,90014912,Biona Organic Beetroot Sliced,5.9,340 G,
mule,1,1,13056515,Scott Multi Purpose Kitchen Towel Rolls,6.06,8 per pack,
mule,1,2,13052764,Cheezels Cheese Rings Snack - Original (Multipack),2.9,8 x 13g,Halal
mule,1,3,13255459,FairPrice Multipurpose Disinfectant Wipes,4.2,50 per pack,
mule,1,4,12683443,M&M's Chocolate Candies - Milk (Funsize),7.8,175.5g (13 per pack),
mule,1,5,12683670,M&M's Chocolate Candies - Peanut (Funsize),7.8,175.5g (13 per pack),
mule,1,6,12683849,Snickers Chocolate Bar - Funsize,7.8,12 x 20g,
mule,1,7,13012296,Oreo Sandwich Cookie Multipack - Vanilla,3.05,236.2g,Halal
mule,1,8,13160723,Ritz Sandwich Biscuits Multipack - Cheese Cream,3.0,243g,Halal
mule,1,9,12478562,Quaker Oats Instant Oatmeal - Smooth & Creamy (Free 100g),5.4,800g + free 100g,Halal
mule,1,10,10497962,Ajax Fabuloso Multi-Purpose Cleaner - Lavender Fresh,6.4,3L,
mule,1,11,13212611,Oreo Sandwich Cookies Multipack - Mildly Sweet,3.05,248.4g,Halal
mule,1,12,13162989,Chipsmore Cookies Multipack - Original,4.45,224g,Halal
mule,1,13,12072327,Dettol Multi Surface Cleaner - Lavender,6.95,2.5L,
mule,1,14,13218895,FairPrice Multipurpose Pure Baking Soda,5.5,1.8kg,
mule,1,15,13190429,Nestle Kit Kat Milk Chocolate Pack,11.4,18 x 15g,Halal
mule,1,16,12603773,Kinder Bueno Chocolate Wafer Bar - Milk T2x10 Valuepack,13.95,8 + 2 free per pack,
mule,1,17,13214826,Walch Multi-Purpose Disinfectant Wipes - High Efficiency,10.08,84 per pack,
mule,1,18,13071915,Bio-Home Multi-Surface Cleaner - Lemongrass & Green Tea,5.05,500ml,
mule,1,19,13232422,Homeproud Multi-Purpose Bags - Small,1.82,60 per pack,
mule,1,20,12331704,FairPrice Rolled Oats,4.8,1kg,
one,1,1,12454720,Knorr Hao Chi All in One Seasoning,1.73,100g,
one,1,2,13242576,Top Nanox One Ultra Concentrated Liquid Detergent Refill - Anti-Odour,12.01,765g,
one,1,3,13196977,Dettol All In One Disinfectant Spray - Wild Lavender,7.5,450ml,
one,1,4,13242574,Top Nanox One Ultra Concentrated Liquid Detergent - Bright,7.95,600g,
one,1,5,11034687,Take One Baby Bites - Carrot,3.01,50g,
one,1,6,13196976,Dettol All In One Disinfectant Spray - Lemon Breeze,7.5,450ml,
one,1,7,10173060,Take One Baby Bites - Original,3.01,50g,
one,1,8,12454675,Knorr Hao Chi All in One Seasoning,3.56,300g,
one,1,9,13242330,Top Nanox One Ultra Concentrated Liquid Detergent Refill Pack,12.67,740g,
one,1,10,10427526,Take One Baby Bites - Vegetable,3.01,50g,
one,1,11,13242309,Top Nanox One Ultra Concentrated Liquid Detergent,9.9,600g,
one,1,12,13242573,Top Nanox One Ultra Concentrated Liquid Detergent - Anti-Odour,7.95,600g,
one,1,13,13022246,Sunsweet Ones California Prunes,13.9,340g,
one,1,14,13165079,Nature One Dairy Premium Milk Drink Formula - Step 3,33.2,900g,
one,1,15,13242575,Top Nanox One Ultra Concentrated Liquid Detergent Refill - Bright,12.01,765g,
one,1,16,13224192,Golden Chef All-in-one Seasoning,2.95,300g,
one,1,17,13219333,Purina One Dry Cat Food - Salmon and Tuna,22.3,1.2kg,
one,1,18,13237695,Purina One Dry Cat Food - Urinary Care with Chicken,19.9,1.2kg,
one,1,19,13266076,Fab All In One Low Suds Laundry Capsules - Sakura (Refill),9.9,24 per pack,
one,1,20,13219334,Purina One Dry Cat Food - Chicken,19.9,1.2kg,
poi,1,1,90020488,Aw's Market Beef Point End Grassfed Brisket,13.46,500 G,
poi,1,2,90127089,Aw's Market Beef Point End Grassfed Brisket Stir Fry,6.4,150 G,
poi,1,3,90127090,Aw's Market Beef Point End Grassfed Brisket Cube,6.4,150 G,
poi,1,4,90127082,Aw's Market Beef Point End Grassfed Brisket Minced,6.4,150 G,
poi,1,5,13179107,Poise Liners For Bladder Leakage - Extra Long (21.5cm),4.75,22 per pack,
poi,1,6,13179114,Poise Liners For Bladder Leakage - Regular (19cm),4.75,26 per pack,
poi,1,7,13179485,Poise Pads For Bladder Leakage - Extra Plus (36.5cm),4.75,10 per pack,
poi,1,8,13179482,Poise Pads For Bladder Leakage - Regular (24.8cm),4.75,16 per pack,
poi,1,9,13179481,Poise Pads For Bladder Leakage - Extra (31.5cm),4.75,12 per pack,
poi,1,10,13249731,Poise Liners For Bladder Leakage - Charcoal Extra Long,4.75,20 per pack,
poi,1,11,13179483,Poise Pads For Bladder Leakage - Super (27.6cm),4.75,14 per pack,
poi,1,12,13249732,Poise Charcoal Liner - Light,4.75,22 per pack,
poi,1,13,13268888,Poise Liners For Bladder Leakage - Extra Long (21.5cm)Value Pack,7.95,44 per pack,
poi,1,14,13268889,Poise Liners For Bladder Leakage - Extra Plus (36.5cm)Value Pack,7.95,20 per pack,
poi,1,15,13268886,Poise Liners For Bladder Leakage - Regular (19cm) Value Pack,7.95,52 per pack,
poi,1,16,13268887,Poise Liners For Bladder Leakage - Extra (31.5cm) Value Pack,7.95,24 per pack,
poi,1,17,90042047,Zebra Zebra Name Pen Fine Point Permanent Marker (Black Ink),13.0,10 S,
poi,1,18,90247820,Pilot Bullet Point Permanent Marker (Black) P-MPM-30F-3B,3.3,3 S,
poi,1,19,90251215,Zebra Retractable Bold Chisel Point Permanent Marker (Black),2.6,1 S,
poi,1,20,90130210,Pentel Bullet Point Permanent Marker Black Color N850-AO(BULK,12.0,12 S,
mulberries,1,1,13259915,Lux Liquid Hydration Glow - Mulberries,9.84,900ml,
mulberries,1,2,11862896,PomeFresh Organic 100% Pure Natural Juice - Mulberry,16.14,1L,Organic
mulberries,1,3,90228977,Sunny Fruit Organic Mulberries,10.46,150 G,Organic
mulberries,1,4,13259887,Lux Liquid Hydration Glow Bodywash Refill - Mulberries,6.06,800ml,
mulberries,1,5,13285366,Health+ Mulberry Puree,18.9,5 x 30ml,
mulberries,1,6,90018461,Shih Chuan Mulberry Vinegar,11.5,600 ML,
mulberries,1,7,90087842,Simply Natural Organic Mulberry Leaf Tea,6.9,16 x 2.5 G,Organic
mulberries,1,8,13176715,PomeFresh Organic 100% Pure Natural Juice - Mulberry,6.97,330ml,Organic
mulberries,1,9,13241636,Vietjoy Leaf Tea Bags - Mulberry,15.28,20 per pack,
mulberries,1,10,13279485,Ling Ling Guo Fruit Tea - Mulberry,4.95,500ml,
mulberries,1,11,90060315,Laobanniang Dried Mulberry Leaf Grain Tea,10.18,200 G,
mulberries,1,12,90110812,Green Earth Black Mulberry,4.9,100 G,
mulberries,1,13,90248582,SnackFirst Bushy Mulberries - Natural Snack Fruit,10.9,200 G,Organic
mulberries,1,14,90110824,Green Earth Mulberry Leaf Tea,4.9,100 G,
mulberries,1,15,90194625,JM Flower Mulberry Blooms Flower Bouquet,121.5,1 S,
mulberries,1,16,90170591,GBT Mulberry Leaf Tea,17.9,60 G,
mulberries,1,17,90220434,JM Flower Mulberry Plant,16.0,1 S,
mulberries,1,18,90184788,Green Earth Organic Black Sesame Walnut Mulberry Cereal,14.0,500 G,
mulberries,1,19,90237123,Agrisicilia Jam - Black Mulberry,12.49,360 G,
mulberries,1,20,90248608,Mulberry Vinegar,20.8,600 ML,
pimiento,1,1,13112390,Figaro Stuffed Green Olive with Pimento-Paste,3.94,340g,
pimento,1,1,13112390,Figaro Stuffed Green Olive with Pimento-Paste,3.94,340g,
pilaf,1,1,90066432,"Wakodo Japanese Pilaf with Chicken, Burdock & Vegetables",5.9,100 G,
pilaf,1,2,90248745,FITNET Urbano Abdominal Pilates Board - Purple,44.9,1 S,
pocky,1,1,13072764,Glico Pocky Biscuit Sticks Share Pack - Chocolate,4.89,8 x 22g,Halal
pocky,1,2,13072765,Glico Pocky Biscuit Sticks Share Pack - Strawberry,4.89,8 x 21g,Halal
pocky,1,3,13078118,Glico Pocky Biscuit Sticks - Chocolate,1.43,47g,
pocky,1,4,13267991,Glico Pocky Biscuit Sticks - Milk,1.0,40g,Halal
pocky,1,5,13150320,Glico Pocky Family Pack Biscuit Sticks - Cookies & Cream,4.89,8 per pack,
pocky,1,6,13078130,Glico Pocky Biscuit Sticks - Strawberry,1.43,45g,
pocky,1,7,13078144,Glico Pocky Biscuit Sticks - Cookies & Cream,1.43,40g,Halal
pocky,1,8,90079137,Glico Pocky Chocolate Family,5.5,101.6 G,
pocky,1,9,13078134,Glico Pocky Biscuit Sticks - Green Tea Matcha,1.43,35g,Halal
pocky,1,10,90079138,Glico Pocky Strawberry Family,5.5,93.6 G,
pocky,1,11,90079136,Glico Pocky Salad Family Size,5.07,118 G,
pocky,1,12,90063899,Haitai  Glico Pocky Blueberry,3.2,41 G,
pocky,1,13,90168106,Glico Tsbu Ichio Pocky (Strawberry),3.95,55 G,
pocky,1,14,90162993,Glico Almond Crush Pocky,3.95,46 G,
pocky,1,15,90175203,Glico Pocky Extrafine Choco,3.95,75.4 G,
pocky,1,16,90103496,Glico Choco Mint Pocky,7.22,65 G,
pocky,1,17,90187948,Glico Pocky Chocolate Family Size,5.9,101.6 G,
pocky,1,18,90187949,Glico Pocky Strawberry Family Size,5.9,93.6 G,
pocky,1,19,90238085,Glico Giant Pocky - Uji Matcha,23.9,109.2 G,
pocky,1,20,90056470,GLICO Glico Pocky Gokuboso,4.55,75.4 G,
berry,1,1,90090840,YayaPapaya Blueberry,4.95,1 S,
berry,1,2,10632060,Fresh Blueberries,3.95,125g,
berry,1,3,13061814,Australian Strawberries,4.95,250g,
berry,1,4,13244708,Berryworld South Africa Jumbo Blueberry,5.95,150g,
berry,1,5,10691837,Fresh Corindi Australia Super Jumbo Blueberries,12.95,200g,
berry,1,6,13269346,Driscoll's China Strawberry,16.45,330g,
berry,1,7,90089361,ZENXIN Organic Blueberries,6.9,125 G,Organic
berry,1,8,90143074,OOB Organic Mixed Berries (Frozen),13.41,450 G,Organic
berry,1,9,13177827,Berryfield Whole Frozen Blueberries,23.9,1kg,
berry,1,10,13177826,Berryfield Whole Frozen Strawberries,23.9,1kg,
berry,1,11,13214540,Berryfield Whole Frozen Gold Mango,23.9,1kg,
berry,1,12,90028006,Seaboss Minori No Hyakusen Mixed Berries - Frozen,11.0,500 G,
berry,1,13,10559457,Meiji Low Fat Yoghurt - Mixed Berry,1.01,135g,Halal
berry,1,14,13097780,Marigold Low Fat Yoghurt - Mixed Berries,1.0,130g,Halal
berry,1,15,12704372,Ribena Blackcurrant Fruit Packet Drink - Less Sweet,13.9,24 x 200ml (CTN),Halal
berry,1,16,13023974,Ribena Blackcurrant Fruit Packet Drink - Less Sweet,3.83,6 x 200ml,Halal
berry,1,17,13277502,Fairprice Anti-Bacterial Foaming Hand Soap Refill - Berries Joy,2.0,200ml,
berry,1,18,13056848,Kirei Kirei Anti-bacterial Hand Soap Refill - Nourishing Berries,2.34,200ml,
berry,1,19,10632335,Ribena Blackcurrant Fruit Packet Drink - Regular,3.83,6 x 200ml,Halal
berry,1,20,13277493,Fairprice Moisturising Foaming Hand Soap - Berries Joy,3.5,250ml,
n,1,1,13097478,Malaysia Natural Fresh Japanese Cucumber,1.8,400g,
n,1,2,13236467,Chef Nai Bai,1.35,200g,
n,1,3,12714767,[BCRS] FairPrice Pure Drinking Water,6.5,12 x 1.5L,
n,1,4,12714768,[BCRS] FairPrice Pure Drinking Bottle Water,7.2,24 x 600ml,
n,1,5,10020227,Yeo's Packet Drink - Chrysanthemum Tea (Not So Sweet),11.6,24 x 250ml (CTN),Halal
n,1,6,12704723,Pokka Packet Drink - Oolong Tea (No Sugar Added),7.55,24 x 250ml (CTN),Halal
n,1,7,13280720,[BCRS] Authentic Tea House Ayataka No Sugar Japanese Green Tea,8.25,12 x 300ml,Halal
n,1,8,11320974,FairPrice Bacon - Streaky,4.95,200g,
n,1,9,12714766,[BCRS] FairPrice Pure Drinking Bottle Water,7.0,24 x 330ml,
n,1,10,12714970,[BCRS] F & N Ice Mountain Drinking Bottle Water,9.85,24 x 600ml,Halal
n,1,11,11321037,FairPrice Breakfast Ham,3.1,200g,
n,1,12,12714887,[BCRS] F & N Ice Mountain Drinking Bottle Water,9.85,12 x 1.5L,
n,1,13,13281261,[BCRS] Authentic Tea House Ayataka No Sugar Japanese Green Tea,2.15,1.5L,Halal
n,1,14,12713134,Pokka Packet Drink Sencha Japanese Green Tea - No Sugar,10.95,24 x 250ml (CTN),
n,1,15,13281465,[BCRS] F & N Ice Mountain Sparkling Can Water - Lemon (No Sugar),5.2,6 x 325ml,Halal
n,1,16,13281257,[BCRS] Pokka Bottle Drink - Jasmine Green Tea (No Sugar Added),1.95,1.5L,
n,1,17,13225979,FairPrice Honey Baked Ham,3.25,200g,
n,1,18,13281509,[BCRS] Evian Natural Mineral Bottle Water,17.75,6 x 1.5L,
n,1,19,13280945,[BCRS] Pokka Bottle Drink - Oolong Tea (No Sugar Added),2.25,1.5L,Halal
n,1,20,12715145,[BCRS] Evian Natural Mineral Bottle Water,25.95,330ml x 24S,
pakora,1,1,90033250,DEEP Spinach Pakora,5.0,1 S,
pakora,1,2,13250584,Loreal Cosmetics Panorama Waterproof Mascara,30.5,1 per pack,
pakora,1,3,90210164,Ribbon Pakoda,2.1,150 G,Halal
pakora,1,4,90033358,DEEP Onion Pakoda,4.5,1 S,
pig,1,1,90092643,Mr Joy's Pig Tendon Frozen,19.07,500 G,
pig,1,2,13232307,Squealing Pig Pinot Noir,39.0,750ml,
pig,1,3,90218489,AW'S Market Frozen Pig Ear,7.2,1 S,
pig,1,4,90200632,Naturaverde Peppa Pig Toothpaste Strawberry,3.9,1 S,
pig,1,5,90067184,Laobanniang Fried Pig Tendon,18.0,100 G,
pig,1,6,13132860,Pigeon Liquid Cleanser - Twin Refill Pack,15.8,2 x 650ml,
pig,1,7,13273621,Pigeon Aqua Baby Wipes - Hard Lid Cover,14.2,6 x 70 per pack,
pig,1,8,13195574,Pigeon Baby Laundry Detergent Refill Pack - Liquid,7.03,720ml,
pig,1,9,13101790,Pigeon Baby Wet Tissues - Hand & Mouth,6.0,2 x 60 per pack,
pig,1,10,13273623,Pigeon Aqua Baby Wipes - Resealable Label,3.0,3 x 20 per pack,
pig,1,11,13101753,Pigeon Wet Tissues - Anti-Bacterial,3.6,60 per pack,
pig,1,12,540105,Pigeon Cotton Swabs Paper Stem with Case,4.34,200 per pack,
pig,1,13,13273622,Pigeon Aqua Baby Wipes - Hard Lid Cover,9.3,3 x 70 per pack,
pig,1,14,13101786,Pigeon Baby Liquid Cleanser,14.26,700ml,
pig,1,15,677883,Pigeon Cotton Swabs Paper Stem with Case - Extra Thin,4.95,200 per pack,
pig,1,16,13283181,Pigeon Hand & Mouth Wet Tissues,2.0,2 x 20 per pack,
pig,1,17,548472,Pigeon Cotton Balls,2.9,100 per pack,
pig,1,18,13230468,Pigeon Natural Botanical Baby Head & Body Wash Eco Refill Pack,18.06,900ml,
pig,1,19,13237857,Pigeon Baby Laundry Capsule,14.03,42 per pack,
pig,1,20,13184072,Pigeon Anti-Mosquito Patch,7.67,24 per pack,
peppermint,1,1,13240792,Eclipse Plus Soothing Herbal Mint - Honey Lemon,3.85,30g,
peppermint,1,2,13281440,[BCRS] Pokka Bottle Drink - Green Tea Peppermint,2.25,1.5L,Halal
peppermint,1,3,11162232,Twinings Pure Infusion Teabags - Peppermint,10.85,25 x 2g,
peppermint,1,4,12434164,Wrigley's Eclipse Sugar Free Mints Candy - Blackcurrant,3.84,35g,Halal
peppermint,1,5,13011261,Dilmah Infusion Pure Tea Bags - Peppermint Leaves,6.62,20 x 1.5g,Halal
peppermint,1,6,11758685,Teekanne Herbal Infusion Tea Bag - Peppermint,6.06,20 x 2.25g,
peppermint,1,7,90099729,Traditional Medicinals Organic Peppermint,12.5,24 G,
peppermint,1,8,11583571,Wrigley's Eclipse Sugar Free Mints Candy - Spearmint,3.84,35g,
peppermint,1,9,90139877,"NutraTea Raspberry Leaf & Peppermint Tea, 20 Tea Bag",10.71,40 G,
peppermint,1,10,90087829,Simply Natural Organic Peppermint Tea,5.9,16 x 2 G,Organic
peppermint,1,11,11066830,Wrigley's Eclipse Sugar Free Mints Candy - Peppermint,3.84,35g,
peppermint,1,12,13231862,Wrigley's Eclipse Sugar Free Mints Candy - Grape,3.84,34g,
peppermint,1,13,13266146,Good Today Peppermint Leaf Tea,6.55,20 x 2g,
peppermint,1,14,13052399,Wrigley's Eclipse Sugar Free Mints Candy - Berry,3.84,35g,Halal
peppermint,1,15,1,Carmencita Peppermint Tea,2.9,15 G,
peppermint,1,16,13291768,[BCRS] Kang Shi Fu Bottle Drink - Ice-Cold Black Tea (Peppermint),1.75,500ml,
peppermint,1,17,90199348,Wing Joo Loong Peppermint,6.0,40 G,
peppermint,1,18,90213898,English Tea Shop Loose Leaf Pyramid - Perfect Peppermint,23.0,50 S,
peppermint,1,19,90213999,English Tea Shop Tea Bag Sachets - Perfect Peppermint,45.0,100 S,
peppermint,1,20,3,English Tea Shop Organic Peppermint,44.94,6 x 30 G,
peppermint,1,21,90063319,English Tea Shop Organic - Peppermint,6.96,20 S,
peppermint,1,22,13254894,"Bulla Crunch Ice Cream Sticks - Vanilla, Orange, Peppermint",13.96,8 per pack,
peppermint,1,23,13063906,Colgate Plax Mouthwash - Peppermint Fresh,10.08,1L,
peppermint,1,24,13199831,Colgate Plax Mouthwash - Peppermint Fresh,17.27,3 x 750ml,
peppermint,1,25,13027756,Whittaker's Mini Dark Chocolate Bar - Dark Peppermint,10.95,12 x 15g,
pasteles,1,1,90203525,Dodomu Lolli Party Napkin - Pastel Green,6.9,20 S,
pasteles,1,2,90203495,Dodomu Lolli Party Napkin - Pastel Pink,6.9,20 S,
pasteles,1,3,90201484,Dodomu Lolli Party Straw - Pastel Green,6.9,10 S,
pasteles,1,4,90253834,Pilot Rexgrip Mechanical Pencil 0.5mm (Pastel Colours),15.0,1 S,
pasteles,1,5,90241668,Cubble Silicone Storage Bag for Breast Pump - Pastel Blue 1L,22.9,1 S,
pasteles,1,6,90201489,Dodomu Lolli Party 7 Inch Paper Plates - Pastel Pink,8.0,10 S,
pasteles,1,7,90240569,Cozy Nest Kids Scissors - Pastel Yellow,7.9,1 S,
pasteles,1,8,90241339,CozyNest Shredded Paper - Pastel Orange,4.9,100 G,
pasteles,1,9,90201482,Dodomu Lolli Party Paper Cup- Pastel Pink,4.9,10 S,
pasteles,1,10,90247086,CozyNest Baby Pastel Mix Pompoms,3.9,130 S,
pasteles,1,11,90249687,Cozyn Starpaper Pastel,3.0,1 S,
pasteles,1,12,90202441,novita Water Purifier W38 - Pastel Mint,298.0,1 S,
pasteles,1,13,90254526,NoelGifts Fresh Table Florals - Pastel Perfection (ABFB9B),109.0,1 S,
pasteles,1,14,90234455,Connetix Square Pack - Pastel (40 Piece),99.0,1 S,
pasteles,1,15,90234470,Connetix Transport Pack - Pastel (50 Piece),99.0,1 S,
pasteles,1,16,90254599,NoelGifts Fresh Table Florals - Pastel Perfection (ABFB9A),87.2,1 S,
pasteles,1,17,90234415,Connetix Geometry Pack - Pastel (40 Piece),85.0,1 S,
pasteles,1,18,90093574,Odette 2-Slice Bread Toaster (Pastel Orange),74.9,1 S,
pasteles,1,19,90131739,Parklon Multipurpose Mat Pastel Mood (M12),65.0,1 S,
pasteles,1,20,90234461,Connetix Base Plate Lemon & Peach Pack - Pastel (2 Piece),59.0,1 S,
pao,1,1,157885,Kong Guan Pau - BBQ Pork,3.68,360g (6 per pack),
pao,1,2,157893,Kong Guan Tau Sar Pau,2.8,6 per pack,
pao,1,3,10469961,Kong Guan Pau - Chicken,3.68,360g (6 per pack),
pao,1,4,474338,Kong Guan Pau - Yam,3.68,360g (6 per pack),
pao,1,5,157877,Kong Guan Pau - Pork,3.68,360g (6 per pack),
pao,1,6,13105622,Lim Kee Mini Pau - Pandan,3.3,280g (8 per pack),
pao,1,7,13105623,Lim Kee Mini Pau - Yam,3.3,280g (8 per pack),
pao,1,8,90185727,Bee Sim Pork Char Siew Pau,4.05,6 S,
pao,1,9,90032582,Lim Kee Mini Tau Sar Pau,3.16,280 G,
pao,1,10,90032583,Lim Kee Mini Lian Yong Pau,3.59,280 G,
pao,1,11,90050774,Bee Sim Big Pork Pau (with Egg),4.39,2 S,
pao,1,12,90185742,Bee Sim Handmade Kong Bak Pau,6.65,4 S,
pao,1,13,90050778,Bee Sim Small Chicken Pau,4.5,6 S,
pao,1,14,90254092,Bee Sim Big Pau - Vegetable,3.4,2 S,
pao,1,15,90057186,Bee Sim Mini Red Bean Pau,4.84,9 S,
pao,1,16,90050779,Bee Sim Lotus Paste Pau,4.2,6 S,
pao,1,17,90032579,Lim Kee Mini Coffee Pau,3.59,280 G,
pao,1,18,90050780,Bee Sim Mini Lotus Paste Pau,4.84,9 S,
pao,1,19,90254073,Bee Sim Big Pau - Chicken,3.6,2 S,
pao,1,20,90050775,Bee Sim Small Pork Pau,4.5,6 S,
minestrone,1,1,90014657,Kitchen & Love Minestrone Soup Mix,7.11,500 G,
minestrone,1,2,90061555,Wakodo Minestrone With Beans And Vegetables,5.95,80 G,
minestrone,1,3,90163176,Wakodo Minestrone With Tuna & Vegetable,4.28,80 G,
parts,1,1,90211844,PS5 The Last of Us Part II Remastered / R3,67.9,1 S,
parts,1,2,90195545,PS5 The Last of Us Part II Remastered / R2,55.9,1 S,
parts,1,3,2,Nintendo Switch Love is All Around Collection [Part 1/Part 2],62.9,1 S,
parts,1,4,90234713,Tackaon Plate - Yellow (4 Parts),34.0,1 S,
parts,1,5,90234678,Tackaon Plate - Mint (4 Parts),34.0,1 S,
parts,1,6,90234667,Tackaon Plate - Brown (4 Parts),34.0,1 S,
parts,1,7,90234653,Tackaon Plate - Pink (4 Parts),34.0,1 S,
parts,1,8,90234616,Tackaon Plate - Ivory (4 Parts),34.0,1 S,
parts,1,9,1,GoPro Grab Bag Of Mounts And Parts,32.0,1 S,
parts,1,10,90234716,Tackaon 3 Parts Plate - Brown,25.3,1 S,
parts,1,11,90234656,Tackaon 3 Parts Plate - Mint,25.3,1 S,
parts,1,12,90234635,Tackaon 3 Parts Plate - Pink,25.3,1 S,
parts,1,13,90234577,Tackaon 3 Parts Plate - Ivory,25.3,1 S,
parts,1,14,90234620,Tackaon 3 Parts Plate - Yellow,25.3,1 S,
parts,1,15,90168730,JML Korea King Beka Detachable Handle | Spare Part,19.9,1 S,
parts,1,16,90234595,MODU'I Silicone Cube Tray - Pink (12 Parts),18.8,1 S,
parts,1,17,90234660,Tackaon 2 Parts Plate - Brown,18.2,1 S,
parts,1,18,90233926,Firgi Double Sealed Cube Tray - Warm Grey (12 Parts),16.9,1 S,
parts,1,19,90233925,Firgi Double Sealed Cube Tray - Beige (6 Parts),16.9,1 S,
parts,1,20,90233924,Firgi Double Sealed Cube Tray - Warm Grey (4 Parts),16.9,1 S,
michelada,1,1,90201787,Fattoria Poggio Capponi Michelangelo Rosso Toscano IGT,39.9,750 ML,
pannetone,1,1,90225883,"Caputo Oro Panettone Type ""00"" Flour",84.8,25 KG,
pannetone,1,2,90224572,RedMan Panettone Mould - Cocoa Paper,17.5,1 S,
pannetone,1,3,90227095,RedMan Mould Panettone Alto - Brown/Gold,4.8,25 S,
pannetone,1,4,1,RedMan Mould Panettone Alto - Gold,4.8,10 S,
pannetone,1,5,3,RedMan Mould Panettone Alto - Gold,4.2,10 S,
pannetone,1,6,2,RedMan Mould Panettone Alto - Gold,3.5,10 S,
pannetone,1,7,4,RedMan Mould Panettone Alto - Gold,3.2,10 S,
pannetone,1,8,90227075,RedMan Mould Panettone Alto - Gold,3.2,10 S,
pannetone,1,9,90227069,RedMan Panettone Paper Mould - Gold,2.4,10 S,
pannetone,1,10,90254161,"Dallagiovanna Flour - for Panettone, Brioche & Viennoiserie",53.99,10 KG,
paper,1,1,13072284,Tempo Petit Handkerchief - Neutral (4ply),2.95,18 x 7 per pack,
paper,1,2,38225,Diamond Aluminum Foil (25 square feet),2.75,1 per pack,
paper,1,3,13081079,Lacy's Chefbake Baking Paper - 5m,2.8,1 per pack,
paper,1,4,11654448,FairPrice Facial Tissue 2ply Box,5.35,5 x 200 per pack,
paper,1,5,258005,Glad Cling Wrap (200 square feet),4.69,1 per pack,
paper,1,6,13113513,Glad Cook & Bake Non-stick Paper (10m),6.52,1 per pack,
paper,1,7,13076942,Diamond Aluminum Foil (75 square feet),6.65,1 per pack,
paper,1,8,13281764,Vinda Hanging Hand Towel (4ply),2.95,1 per pack,
paper,1,9,475063,FairPrice Soft Paper Serviettes,0.97,100 per pack,
paper,1,10,10225676,FairPrice 2ply Pocket Facial Tissue,3.26,64 x 10 per pack,
paper,1,11,13182386,FairPrice 3ply Pocket Facial Tissue,3.99,48 x 8 per pack,
paper,1,12,12710047,FairPrice Royal Premium Facial Tissue,49.75,50 x 200 per pack (CTN),
paper,1,13,10606479,Mekong Vietnam Rice Paper - 16cm,1.02,100g,
paper,1,14,12710042,FairPrice Soft Pocket Handkerchiefs,44.65,400 x 10 per pack (CTN),
paper,1,15,41088,HomeProud Disposable Paper Plates (22.86cm),5.3,50 per pack,
paper,1,16,12521284,HomeProud Disposable Paper Plates (17.78cm),2.8,30 per pack,
paper,1,17,10973359,HomeProud Cling Wrap (240 square feet),3.85,1 per pack,
paper,1,18,41129,HomeProud Disposable Cups - White,2.8,40 per pack,
paper,1,19,13149816,Glad Aluminum Foil - Non-Stick (5m x 30cm),4.63,1 per pack,
paper,1,20,13201226,Diamond Brand Aluminum Foil - Heavy Duty,3.15,1 per pack,
method,1,1,12360812,Lifebuoy Antibacterial Hand Wash - Total Protect,2.95,200ml,
method,1,2,1,Method Gel Hand Wash - Sea Minerals Refill,15.06,1 L,
method,1,3,13100654,Method Gel Hand Wash - Sea Mineral,7.6,354ml,
method,1,4,12360820,Lifebuoy Antibacterial Hand Wash - Mild Care,2.95,200ml,
method,1,5,90240176,Method Gel Hand Wash - Sea Minerals Refill,60.2,4 x 1 L,
method,1,6,90174550,Method Body Wash - Berry Balance,14.0,532 ML,
method,1,7,12360847,Lifebuoy Antibacterial Hand Wash - Activ Fresh (Menthol),2.95,200ml,
method,1,8,90240157,Method Gel Hand Wash - Pink Grapefruit Refill,60.2,4 x 1 L,
method,1,9,90111298,Method Body Wash - Stay Hydrated,14.0,532 ML,
method,1,10,13223515,Lifebuoy Handwash - Lemon Fresh,2.95,200ml,
method,1,11,13287777,Dove Body Wash Serum - Hydration Boost,10.9,547ml,
method,1,12,90053372,Method Foaming Hand Wash - French Lavender,8.6,300 ML,
method,1,13,13149673,Dove Go Fresh Body Wash - Rose x Aloe Vera,5.9,1L,
method,1,14,90240172,Method Foaming Hand Wash - Pink Grapefruit Refill,60.2,4 x 828 ML,
method,1,15,90192516,Method Foaming Hand Wash - French Lavender,51.5,6 x 300 ML,
method,1,16,90222115,Method Aluminum Gel Hand Wash - Violet + Lavender,45.5,3 x 354 ML,
method,1,17,90174539,Method Mens 2in1 Shampoo+Conditioner Sea+Surf,16.05,414 ML,
method,1,18,90004907,Method Foaming Hand Wash - Green Tea Aloe,8.6,300 ML,
method,1,19,13287361,Method Red Wine - California Cabernet Sauvignon,42.9,750ml,
method,1,20,90240138,Method Foaming Hand Wash - Waterfall Refill,15.05,828 ML,
method,1,21,90111300,Method Body Wash - Energy Boost,14.0,532 ML,
idli,1,1,90252524,DEEP Udupi Idli,5.15,255 G,
idli,1,2,90022132,Iliada Green Pitted Olives,7.5,370 G,
idli,1,3,90022131,Iliada Extra Virgin Olive Oil Kalamata PDO,24.9,500 ML,
idli,1,4,90022133,Iliada Extra Virgin Olive Oil Kalamata PDO,45.9,1 L,
idli,1,5,90078742,Illiada Sun Dried Tomatoes,8.6,250 G,
idli,1,6,90081089,Iliada Experience Green Pitted Olives - Low Salt,7.5,340 G,
idli,1,7,90022136,Iliada Kalamata Pitted Olives,7.5,370 G,
idli,1,8,90015614,Gits Idly Mix 200G -- By Dashmesh,2.4,200 G,
idli,1,9,13118199,Iliadin Adult Nasal Decongestant Solution - Drops,13.4,10ml,
idli,1,10,90081090,Iliada Experience Kalamata Pitted Olives - Low Salt,7.5,340 G,
idli,1,11,13118665,Iliadin Decongestant Nasal Drops - Child (1 - 6 years),12.79,10ml,
idli,1,12,90208009,Iliada Low Salt Mixed Pitted Olives,7.5,340 G,
idli,1,13,90243441,Iliada Extra Virgin PDO Kalamata Olive Oil Chefs Way,20.9,500 ML,
idli,1,14,90243450,Iliada Premium Greek Extra Virgin Olive Oil Chefs Way,20.9,500 ML,
idli,1,15,90022137,Iliada Mixed Greek Olives,7.5,370 G,
idli,1,16,90031569,Anarkali Idly Rice,15.8,5 KG,
idli,1,17,90097701,Anarkali Idly Rice & Urid Gota Pack,19.9,6 KG,
idli,1,18,90041001,Iliadin Infant Drop 0.01-Percent 5Ml (1 Year Old),12.3,5 ML,
idli,1,19,90118809,Anarkali Masala Garlic Idly Podi - By Syed Mohamed Traders,4.5,250 G,
idli,1,20,90059822,Anarkali Sesame Idly Podi,4.5,250 G,
ladoo,1,1,90062481,Niks Motichur Ladoo 500G -- By Dashmesh,9.08,500 G,
ladoo,1,2,90204912,FNP Premium Box of Motichoor Ladoos,59.0,1 S,
ladoo,1,3,13259585,Wet Brush Mini Detangler Geos - Lagoon,12.9,1 per pack,
ladoo,1,4,90237702,"Ladolea Fleur de Sel, Greek Sea Salt in a Ceramic Pot",25.8,100 G,
ladoo,1,5,90237687,Ladolea Greek Oregano in a Ceramic Pot,23.9,15 G,
ladoo,1,6,1,"Ladolea Fleur de Sel, Greek Sea Salt",9.9,200 G,
kumquats,1,1,13273773,Ling Ling Guo Gourd Fruit Tea - Honeysuckle and Kumquat,5.9,1L,
kumquats,1,2,13279495,Ling Ling Guo Fruit Tea - Kumquat Oolong,4.95,500ml,
kumquats,1,3,90252798,Laobanniang Refreshing Herbal Candy - Kumquat & Lemon,10.5,500 G,
kumquats,1,4,90143508,Laobanniang Dried Kumquat,4.06,200 G,
kumquats,1,5,90034300,Green Earth Kumquat Slice,4.9,200 G,
kumquats,1,6,90253294,Spa Foods Dried Ginger with Honey and Kumquat by Atasco,4.5,20 G,
kumquats,1,7,90253293,Spa Foods Dried Kumquat Coated With Pickled Apricot by Atasco,4.5,40 G,
kumquat,1,1,90143508,Laobanniang Dried Kumquat,4.06,200 G,
kumquat,1,2,90034300,Green Earth Kumquat Slice,4.9,200 G,
kumquat,1,3,90253294,Spa Foods Dried Ginger with Honey and Kumquat by Atasco,4.5,20 G,
kumquat,1,4,90253293,Spa Foods Dried Kumquat Coated With Pickled Apricot by Atasco,4.5,40 G,
kumquat,1,5,90252798,Laobanniang Refreshing Herbal Candy - Kumquat & Lemon,10.5,500 G,
kumquat,1,6,13273773,Ling Ling Guo Gourd Fruit Tea - Honeysuckle and Kumquat,5.9,1L,
kumquat,1,7,13279495,Ling Ling Guo Fruit Tea - Kumquat Oolong,4.95,500ml,
knockwurst,1,1,13191568,Willms German Sausage - Bockwurst,10.69,400g,
knockwurst,1,2,13206439,Willms German Sausage - Truffle Bockwurst,8.35,260g,
knockwurst,1,3,90149785,Tasty Food Affair Smokey Chicken Bockwurst Sausage,8.6,300 G,
knockwurst,1,4,90192439,Jill's Sausages Classic Bockwurst (Nitrite Free),11.0,320 G,
knockwurst,1,5,90039629,Willms Bockwurst Pork Sausage - Made in Germany,10.95,400 G,
knockwurst,1,6,90249793,Ryan's Pork Bockwurst Sausages (Chilled),12.9,400 G,
pan,1,1,13232804,Tefal Induction Wok Pan - 28cm,89.9,1 per pack,
pan,1,2,90027720,Kirei Tamago Yaki Cooking Pan [Standard] (9.5x15cm) Unit,24.2,15 CM,
pan,1,3,90027719,Kirei Tamago Yaki Cooking Pan [Slim Type] (8x18cm) Unit,21.8,18 CM,
pan,1,4,90214000,NoStik Silicon Pan & Omelet Liner,19.95,1 S,
pan,1,5,90184592,"Berghoff 24cm Non-stick Frying Pan, Lightweight Aluminium",47.5,1 S,
pan,1,6,90079090,"Tramontina Paris 16cm Sauce Pan w Glass Lid, Black/Non-Stick",31.9,1 PC,
pan,1,7,90145173,Tramontina Paris 28cm Non Stick Frying Pan,35.9,1 S,
pan,1,8,90198741,Pujadas Aluminium Non-Stick Fry Pan With Bakelite Handle-20cm,22.0,1 S,
pan,1,9,90036569,Vesta Japan Egg Pan 20x15Cm,18.0,1 S,
pan,1,10,90152629,Tramontina 20cm Frying pan Loreto,17.9,20 CM,
pan,1,11,90176900,HappyCall Crocodile IH 30cm Graphene Wok Pan With Glass Lid,300.0,1 S,
pan,1,12,90086342,Chasseur Cast Iron Sauce Pan 20cm with Lid Red/Sand,198.0,1 S,
pan,1,13,90237282,"Tramontina All-In-One Plus 30cm 7 Pcs Wok Pan Set, Grey",179.0,1 S,
pan,1,14,90237281,"Tramontina All-In-One Plus 30cm 7 Pcs Wok Pan Set, Blue",179.0,1 S,
pan,1,15,90086351,Chasseur Cast Iron Grill Pan Round 26cm Red/Black,180.0,1 S,
pan,1,16,90086349,Chasseur Cast Iron Grill Pan Rectangular 28x24cm Red/Black,180.0,1 S,
pan,1,17,90086347,Chasseur Cast Iron Fry Pan Round 28cm Cast Handle Red/Black,160.0,1 S,
pan,1,18,90086352,Chasseur Cast Iron Grill Pan Square 26cm Red/Black,160.0,1 S,
pan,1,19,90237261,"Tramontina Fiora 28cm 5 Pcs Multi-Purpose Pan Set, White",149.0,1 S,
pan,1,20,90237274,"Tramontina Fiora 28cm 5 Pcs Multi-Purpose Pan Set, Grey",149.0,1 S,
kamikaze,1,1,90015586,Spy Cocktail Kamikaza - Blue Lime (Alc 4%),8.8,2 x 275 ML,
kamikaze,1,2,90034067,Kapiti Kahikatea Camembert,10.0,125 G,
knish,1,1,90149526,Kirei Akagi Kishimen Japanese Thin Flat Udon Noodle,5.6,270 G,
knish,1,2,90243400,Tsukiji Kanisho Snow Crab Platter (Half Shell) - Frozen,37.1,400 G,
knish,1,3,90099894,Takara Nihon no Nouen Kishu Ume Plum Can Chu Hai 4%,7.6,350 ML,
knish,1,4,187733,Beringer Knights Valley Red Wine - Cabernet Sauvignon,70.0,750ml,
knish,1,5,1,Tsukiji Kanisho Frozen Sashimi-Grade Raw King Crab Cluster,82.6,800 G,
knish,1,6,90238531,Tsukiji Kanisho Jumbo Snow Crab Claw - Frozen,25.36,250 G,
knish,1,7,90059398,HAGURUMA Haguruma Wafu Non Oil Dressing Kishu Plum,10.14,200 ML,
knish,1,8,90051200,Kishu Sesame Goma Dare Dressing,10.14,225 G,
knish,1,9,90232244,Razer Kishi V3 Pro XL USB C Controller for Full-Sized Tablets,296.01,1 S,
knish,1,10,90232231,Razer Kishi V3 Pro USB C Gaming Controller,226.71,1 S,
knish,1,11,90240603,Razer Kishi V3 USB-C controller Android/iPhone Phantom White,177.21,1 S,
knish,1,12,90231880,LEGO 31168 Creator Medieval Horse Knight Castle,170.9,1 S,
knish,1,13,90224084,LEGO 71846 NINJAGO The Fire Knight Mech,170.9,1 S,
knish,1,14,90232251,Razer Kishi V3 USB C Gaming Controller for Android/iPhone,157.41,1 S,
knish,1,15,90252767,PS5 LEGO Batman: Legacy of the Dark Knight / R2,79.9,1 S,
knish,1,16,90225820,Red Knight Bread Flour,60.0,25 KG,
knish,1,17,90225288,Golden Knight Bread Flour,56.7,25 KG,
knish,1,18,90102379,Partyforte Halloween Masked Knight Girl Adult Costume,39.9,1 S,
knish,1,19,90200942,PS5 Gotham Knights,34.9,1 S,
julep,1,1,11094022,Jules Destrooper Biscuits - Butter Crisps,4.89,100g,
julep,1,2,11093580,Jules Destrooper Biscuits - Belgian Chocolate Thins,4.89,100g,
julep,1,3,11094057,Jules Destrooper Biscuits - Almond Thins,4.89,100g,
julep,1,4,90014633,Kitchen & Love Sliced Tri-color Jalepenos,8.1,350 G,
julep,1,5,90143123,Kitchen & Love Artichoke & Jalepeno Bruschetta,9.6,225 G,
jicama,1,1,90217617,Masseria Calongo Apulian Turnip Greens in Extra Virgin Olive,7.45,220 G,
joe,1,1,13168209,Maple Joe 100% Pure Maple Syrup,12.5,190ml,
joe,1,2,90096179,Char-Broil Oklahoma Joe's Hickory Wood Pellets,39.9,9 KG,
joe,1,3,90004442,Char-Broil Oklahoma Joe's BBQ Smoking Wood Chunks - Mesquite,30.45,1 S,
joe,1,4,2016,Helen & Joey White Wine Estate Inara Pinot Gris 2016,51.0,750 ML,
joe,1,5,2015,Helen & Joey Rose Wine Estate 'Inara' 2015,49.0,750 ML,
jellyfish,1,1,90140879,Seaboss Chuka Kurage (Seasoned Jellyfish),6.8,200 G,
jujube,1,1,11761622,Hudson's Eumenthol Jujubes Lozenges - Classic (Red),2.95,50g,
jujube,1,2,13023985,Hudson's Eumenthol Jujubes Lozenges - Honey Lemon,2.95,50g,Halal
jujube,1,3,13023986,Hudson's Eumenthol Jujubes Lozenges - Fresh Mint,2.95,50g,Halal
jujube,1,4,90044268,Prestigio Delights Red Dates with Seed (Jujube),3.0,250 G,
jujube,1,5,13285367,Health+ Original Jujube Essence,18.9,5 x 30ml,
jujube,1,6,90253340,Laobanniang Xinjiang Natural Grey Jujube,8.0,500 G,
jujube,1,7,90134092,Hudson's Eumenthol Jujubes Classic (Bottle),3.9,50 G,
jujube,1,8,90087954,BeBecook Brewed Korean Pear Drink w Bellflower Root - Jujube,3.1,120 ML,
jujube,1,9,90087963,BeBecook Brewed Korean Pear Drink w Bellflower Root - Jujube,56.0,20 x 120 ML,
jujube,1,10,90193236,"Eusik Baby Rice Porridge - Sweet Pumpkin & Jujube, 6mths+",44.5,145 G,
jujube,1,11,1,Dajung Honey Jujube Tea,11.5,580 G,
jujube,1,12,90132452,Eusik Baby Rice Porridge - Sweet Pumpkin & Jujube 6mths+,6.2,145 G,
jujube,1,13,90158997,BeBecook Brewed Korean Golden Pear Drink w Bellflower & Jujub,6.2,120 ML,
pate,1,1,90212391,Agromar Sardine Pate,8.46,100 G,
pate,1,2,90018070,Biona Organic Black Olive Pate,7.11,120 G,
pate,1,3,90239408,Mareterra Conservas Squid in its Ink Pate,13.41,94 G,
pate,1,4,90202210,Agromar White Tuna Pate,8.46,100 G,
pate,1,5,90202182,Agromar Anchovy Pate,8.46,100 G,
pate,1,6,1,Agromar Sea Urchin Pate,13.9,100 G,
pate,1,7,90239424,Mareterra Conservas San Juan - Sardines with Paprika Pate,13.41,94 G,
pate,1,8,90239423,Mareterra Conservas Spider Crab Pate,13.41,94 G,
pate,1,9,90212373,Agromar Smoked Salmon Pate,9.41,100 G,
pate,1,10,90202199,Agromar Spider Crab Pate,9.41,100 G,
pate,1,11,90239425,Mareterra Conservas Shrimp Scampi Pate,13.41,94 G,
pate,1,12,90239415,Mareterra Conservas Veggie Pate - Candied Piquillo,13.41,94 G,
pate,1,13,90239422,Mareterra Conservas Octopus with Grelos Pate,13.41,94 G,
pate,1,14,90239421,Mareterra Conservas Galician Octopus Pate,13.41,94 G,
pate,1,15,90202197,Agromar Scallop Pate,10.9,100 G,
pate,1,16,90212348,Agromar Octopus Pate,9.41,100 G,
pate,1,17,90202198,Agromar Red Scorpionfish Pate,9.41,100 G,
pate,1,18,13197395,Fancy Feast Classic Pate Cat Food - Tender Beef Feast,1.66,85g,
pate,1,19,13009923,Friskies Cat Can Food - Pate Salmon Dinner,1.58,156g,
isolate,1,1,90016938,Amazonia Raw Isolate Protein Powder Vanilla,72.0,500 G,Organic
isolate,1,2,90016936,Amazonia Raw Isolate Protein Powder Natural,72.0,500 G,Organic
isolate,1,3,90016937,Amazonia Raw Isolate Protein Powder Natural,130.0,1 KG,
isolate,1,4,90016940,Amazonia Raw Isolate Protein Powder Choc Coconut,72.0,500 G,
isolate,1,5,90016939,Amazonia Raw Isolate Protein Powder Vanilla,130.0,1 KG,
isolate,1,6,90209883,Recogen Prime Collagen & Whey Protein Isolate Powder,109.0,30 S,
isolate,1,7,90209893,Recogen Active Collagen & Whey Protein Isolate Powder,45.0,14 S,
isolate,1,8,90016941,Amazonia Raw Isolate Protein Powder Choc Coconut,130.0,1 KG,
isolate,1,9,2,Rule1 Protein 100% Whey Isolate/Whey Hydrolysate Vanilla,45.0,450 G,
isolate,1,10,90255520,Nintendo Switch Solateria (AS),47.9,1 S,
lasagne,1,1,395229,San Remo Pasta - Instant Lasagna,3.87,250g,
lasagne,1,2,11979568,Barilla Italian Pasta - Lasagne With Eggs,4.03,250g,
lasagne,1,3,10893316,San Remo Pasta - Instant Lasagna (Large),3.87,250g,
lasagne,1,4,90023199,La Molisana Lasagna Sheets Pasta,5.95,500 G,
lasagne,1,5,90215517,Arrighi Italian Lasagne - 100% Durum Wheat,5.35,500 G,
lasagne,1,6,90181350,Arcos Lasagna Server 175 MM,24.0,1 S,
lasagne,1,7,90244160,Morrisons Free from Gluten Lasagne Sheets,7.95,250 G,
lasagne,1,8,90168127,Burp Chicken Kiwi Lasagna For Dog,6.37,80 G,
lasagne,1,9,90223911,Granoro Gluten Free - Lasagne,4.9,250 G,
lasagne,1,10,90093448,Armando Pasta Lasagna Sheets,4.9,500 G,
lasagne,1,11,90221391,RedMan Pasta Lasagna Semola,4.2,500 G,
meringues,1,1,90223245,RedMan Meringue Mix,4.0,250 G,
marshmallow,1,1,10022318,Mello Kingdom Marshmallow,2.04,200g,
marshmallow,1,2,13243968,Golden Boronia Nougat - Original Crunchy,6.62,100g,
marshmallow,1,3,13244398,Golden Boronia Nougat - Original Soft,6.62,100g,
marshmallow,1,4,12375301,Corniche Snow White Mega Marshmallows,3.15,300g,
marshmallow,1,5,13244404,Golden Boronia Nougat - Cappuccino Crunchy,6.62,100g,
marshmallow,1,6,90088410,Tenkei Chocolate Marshmallow,4.45,78 G,
marshmallow,1,7,90090620,Tenkei Strawberry Marshmallow,4.45,78 G,
marshmallow,1,8,90140983,Bessho Chocolate Soft Cream Marshmallow,8.3,100 G,
marshmallow,1,9,90142700,Eiwa White Marshmallow,6.0,100 G,
marshmallow,1,10,90188003,Eiwa Blueberry Marshmallow,4.58,65 G,
marshmallow,1,11,90224500,RedMan Premium Quality Marshmallow - Mini Twist,4.2,250 G,
marshmallow,1,12,90221388,RedMan Marshmallow Cylinder - Assorted Color (5-8mm),4.2,1 S,
marshmallow,1,13,90152392,SnackFirst Berry Nutty Chewy Nougats  - New Zealand Candies,10.9,200 G,
marshmallow,1,14,90113528,SnackFirst Salted Caramel Chewy Nougats,10.9,200 G,
marshmallow,1,15,90109912,Gin Thye Ruan Tang Soft Peanut Candy,5.5,2 PC,
marshmallow,1,16,90224477,RedMan Premium Quality Marshmallow - Heart Strawberry,4.2,250 G,
marshmallow,1,17,90224481,RedMan Premium Quality Marshmallow - Assorted Color (Mini),4.2,250 G,
marshmallow,1,18,90224476,RedMan Premium Quality Marshmallow - Assorted Color (Large),4.2,250 G,
marshmallow,1,19,90221415,RedMan Marshmallows White Mini (5-8mm),4.2,1 S,
marshmallow,1,20,90221414,RedMan Marshmallows S'More,4.2,250 G,
jam,1,1,340175,St.Dalfour Fruit Spread - Strawberry,6.35,284g,Halal
jam,1,2,13144635,Golden Light Jam - Strawberry,2.86,450g,Halal
jam,1,3,12229785,Bonne Maman Jam - Strawberry,7.25,370g,
jam,1,4,340167,St.Dalfour Fruit Spread - Four Fruits,6.35,284g,Halal
jam,1,5,222547,St.Dalfour Fruit Spread - Blueberry,6.35,284g,Halal
jam,1,6,11788796,Frezfruta Jam - Strawberry (No Cane Sugar Added),4.9,410g,
jam,1,7,13212331,Harvest Fields Fruit Spread - Strawberry,4.9,240g,Halal
jam,1,8,13282909,Harvest Fields Fruit Spread - Cranberry & Blueberry,4.9,240g,Halal
jam,1,9,141078,Stute Diabetic Jam - Strawberry Extra Jam,6.45,430g,
jam,1,10,10761428,St.Dalfour Fruit Spread - Cranberry with Blueberries,6.35,284g,Halal
jam,1,11,11027049,Frezfruta Jam - Strawberry,3.47,450g,
jam,1,12,222612,St.Dalfour Fruit Spread Minis,3.5,3 x 28g,
jam,1,13,12229793,Bonne Maman Jam - Wild Blueberry,7.6,370g,
jam,1,14,13282916,Harvest Fields Fruit Spread - Four Fruits,4.9,240g,Halal
jam,1,15,12285314,St.Dalfour Fruit Spread - Thick Cut Orange,6.35,284g,Halal
jam,1,16,10308738,St.Dalfour Fruit Spread - Pineapple & Mango,6.35,284g,Halal
jam,1,17,12229806,Bonne Maman Jam - Raspberry Preserves,7.6,370g,
jam,1,18,13147372,Golden Light Jam - Blackcurrant,2.86,450g,Halal
jam,1,19,13212330,Harvest Fields Fruit Spread - Blueberry,4.9,240g,Halal
jam,1,20,300351,Smucker's Jam Preserves - Strawberry,7.34,340g,
meatloaf,1,1,12535264,EL-Dina Chicken Meat Loaf - Original,4.7,340g,Halal
meatloaf,1,2,12535256,EL-Dina Chicken Meat Loaf - Black Pepper,4.3,340g,Halal
meatloaf,1,3,12535221,EL-Dina Chicken Meat Loaf - Cheese,4.3,340g,Halal
meatloaf,1,4,90174322,Willms Pork Meatloaf,10.8,400 G,
medley,1,1,13257595,Fancy Feast Medleys Cat Food - Tuna Tuscany & Long Grain Rice,1.95,85g,
medley,1,2,13276425,Blush Medley Grape Tomato,5.0,200g,
medley,1,3,13083333,Temptations Cat Treats - Seafood Medley,4.69,75g,
medley,1,4,13257594,Fancy Feast Medleys Cat Food - Tuna Florentine With Spinach,1.95,85g,
medley,1,5,90014642,Kitchen & Love Olive Medley Bruschetta,9.12,225 G,
medley,1,6,90194323,"SnackFirst Aloha Medley - Dried Mango, Apricots, Coconut Mix",11.9,200 G,
medley,1,7,90240060,SnackFirst Kacang Puteh Medley - Mixed Peanuts Nuts Snacks,6.9,200 G,
medley,1,8,13257593,Fancy Feast Medleys Cat Food - White Meat Chicken Florentine With Spinach,1.95,85g,
medley,1,9,90112934,SnackFirst Supreme Brainy Medley (Mixed Baked Nuts No Salt),16.9,200 G,
medley,1,10,90112913,SnackFirst Bar Snacks Medley - BBQ Mixed Nuts and Crisps,10.9,150 G,
medley,1,11,13257592,Fancy Feast Medleys Cat Food - Wild Salmon Florentine With Spinach,1.95,85g,
medley,1,12,90134411,SnackFirst Flying Burger Balls Medley (3 Popular Biscuit Mix),6.9,150 G,
medley,1,13,90253282,"SnackFirst Seedy Trail Medley -Mixed Nuts, Seeds, Raisins",11.9,200 G,
medley,1,14,90240052,SnackFirst Healthy Medley - Macadamias with Nuts and Pumpkin,14.9,200 G,
medley,1,15,90234776,KADEKA KM80WBC Medley Series Wine Chiller,3798.0,1 S,
medley,1,16,90234747,KADEKA KM80WC Medley Series Wine Chiller,3798.0,1 S,
medley,1,17,90169975,SnackFirst Supreme Popular Medley - Salted Nuts Mixes,16.9,200 G,
medley,1,18,90134403,SnackFirst Supreme Honey Medley (Honey Roasted Nuts & Crisps),16.9,200 G,
medley,1,19,90122268,SnackFirst Supreme Hearty Medley (Mixed Nuts and Fruits),16.9,200 G,
medley,1,20,90122258,SnackFirst Supreme Ketogenic Medley-Pecans Walnuts Macadamia,16.9,200 G,
meatless,1,1,90182626,Viya Crab Frozen Crab Roll Halal - Frozen,16.85,250 G,Halal
meatless,1,2,90025016,Bad Lab Shampoo - Fearless Soothing Anti-Dandruff,9.35,400 ML,
meatless,1,3,90178703,Excel Seamless Tone Blush SB04,25.9,41 G,
meatless,1,4,90178705,Excel Seamless Tone Blush SB01,25.9,41 G,
meatless,1,5,90160858,Isle Of Dogs NL-Tearless Puppy Shampoo (Cotton+Orchid),22.0,473 G,
meatless,1,6,90160653,Ken Ken Vannamei Prawn Meat Headless Shellon 91/110 - Frozen,15.9,1 KG,
meatless,1,7,90215446,everblue Natural Soap Free Body Wash - Fearless,9.45,400 ML,
mcnuggets,1,1,13177941,Freezepak Crispy Chicken Nuggets,9.95,1kg,Halal
mcnuggets,1,2,355504,Farmland Frozen Chicken Nuggets - Original,4.38,400g,
mcnuggets,1,3,13217799,FreezePak Frozen Crispy Flamin Nuggets,9.95,800g,Halal
mcnuggets,1,4,13166228,Nestle Milo Nuggets - Party Packs,6.95,8 x 15g,Halal
mcnuggets,1,5,12528099,Farmland Frozen Chicken Nuggets - Hot and Spicy,4.38,400g,
mcnuggets,1,6,12360898,CP Easy Snack - Crispy Chicken Nuggets,9.7,850g,Halal
mcnuggets,1,7,13250970,Tay Tatsuda Golden Chicken Nugget,12.9,1kg,Halal
mcnuggets,1,8,13292393,Dodo Kiddos Chicken Nuggets - Toy Story,6.95,500g,Halal
mcnuggets,1,9,13178224,Farmland Frozen Chicken Nuggets - Fully Cooked,9.45,1kg,
mcnuggets,1,10,13070580,Milo Nuggets Snack,1.8,25g,Halal
mcnuggets,1,11,13280675,Magnolia Ice Cream Nuggets - Hershey's Triple Chocolate,7.45,4 x 45ml,Halal
mcnuggets,1,12,90187737,Tegel Free Range Crispy Chicken Tenders (Frozen),9.9,400 G,
mcnuggets,1,13,13292412,FairPrice Chicken Nuggets,7.95,850g,
mcnuggets,1,14,90187734,Tegel Free Range Tempura Chicken Nuggets (Frozen),9.9,400 G,
mcnuggets,1,15,90187735,Tegel Free Range Panko Chicken Tenders (Frozen),9.9,375 G,
mcnuggets,1,16,90033542,Royal Delights Chicken Nugget,9.5,1 KG,
mcnuggets,1,17,90109118,Tasty Food Affair Tempura Chicken Nugget,12.5,1 KG,
mcnuggets,1,18,90023313,Hego Chicken Nuggets (Frozen),5.89,500 G,Halal
mcnuggets,1,19,90035068,DODO Chicken Nugget (In Batter),7.25,1 KG,
mcnuggets,1,20,90053565,DODO Kiddos Fish Nuggets - Original,4.31,300 G,
lefse,1,1,90128277,Leffe Brune Belgian Dubbel Brown Ale Beer,6.9,330 ML,
lefse,1,2,90123436,Leffe Leffe Blond Belgian Strong Golden Ale Beer,6.9,330 ML,
marsala,1,1,90239185,Lilibeo Marsala Semi Dry Fortified Wine,49.99,1 L,
marsala,1,2,13147373,Golden Light Jam - Orange Marmalade,2.86,450g,Halal
marsala,1,3,12420432,Bonne Maman Jam - Bitter Orange Marmalade,7.25,370g,
marsala,1,4,90101878,Maggi Masala Noodles -- By Dashmesh [Bundle of 2],3.88,280 G,
marsala,1,5,300335,Smucker's Jam Preserves - Sweet Orange Marmalade,7.34,340g,
marsala,1,6,141101,Stute Diabetic Jam - Fine Cut Orange Marmalade,7.42,430g,
marsala,1,7,11788761,Frezfruta Jam - Orange Marmalade (No Sugar Added),5.24,410g,
marsala,1,8,90044952,Kozhi Koden's Special Masala Murukku,3.95,200 G,
marsala,1,9,90022638,MDH Butter Chicken Masala 100G -- By Dashmesh,2.84,100 G,
marsala,1,10,90176918,Duerr's Fine Cut Marmalade,5.46,454 G,
marsala,1,11,1,Everest Garam Masala,3.45,100 G,
marsala,1,12,90121774,Duerr's Seville Orange Marmalade Jam(Fine Cut),6.06,340 G,
marsala,1,13,13274740,Aachi Curry Masala Paste - Meat,2.6,250g,Halal
marsala,1,14,90207834,Maggi Instant Noodles - Masala,2.05,280 G,
marsala,1,15,90228208,Kurkure Soild Masti Masala Twisteez,2.0,61 G,
marsala,1,16,90040818,Simply Organic Garam Masala,17.95,85 G,Organic
marsala,1,17,13274739,Aachi Curry Masala Paste - Fish,2.6,250g,Halal
marsala,1,18,13193374,Shan Chicken Masala,2.14,50g,Halal
marsala,1,19,13251329,Mackays Marmalade - Pink Grapefruit,6.05,340g,
marsala,1,20,90008854,Haldirams Nimbu Masala,5.5,400 G,
loquats,1,1,13181239,Polar Nature Drops Herbal Candy - Loquat (Sugar Free),3.1,60g,Halal
loquats,1,2,13240793,Eclipse Plus Soothing Herbal Mint - Loquat Pear,3.85,30g,
loquats,1,3,90031469,Green Bio Tech Loquat Herbal Candy,4.8,75 G,
lau,1,1,13198788,FairPrice Laundry Liquid Detergent - Flora,11.2,4.4L,
lau,1,2,13250003,Golden Chef Lau Pa Sat Satay Street - Chicken (Unskewered),8.0,300g,
lau,1,3,13250002,Golden Chef Lau Pa Sat Satay Street - Beef (Unskewered),8.0,300g,
lau,1,4,13226770,Laundrin Laundry Detergent Refill Pack - Classic Floral,14.16,720g,
lau,1,5,13226757,FairPrice Bleach - Extra White,3.9,4L,
lau,1,6,13239702,Dynamo Laundry Detergent Refill - Anti-Bacterial,11.5,2.2kg,
lau,1,7,13187770,FairPrice Laundry Liquid Detergent - Anti-Bacterial,3.82,1.8L,
lau,1,8,13187754,FairPrice Laundry Liquid Detergent - Flora,3.82,1.8L,
lau,1,9,13239713,Dynamo Laundry Detergent Refill - 3X Odor Remover,11.5,2.4kg,
lau,1,10,13239701,Dynamo Laundry Detergent Refill - Eau De Rose,11.5,2.4kg,
lau,1,11,11527326,Essence Delicate Laundry Detergent - Floral,2.04,125ml,
lau,1,12,11246268,Essence Delicate Laundry Detergent - Floral,9.62,1L,
lau,1,13,13239710,Dynamo Laundry Detergent Refill - Color Care,11.5,2.4kg,
lau,1,14,90211885,Pipper Standard Laundry Detergent - Lemongrass,10.97,900 ML,
lau,1,15,13278076,FairPrice Laundry Capsules Refill - Freesia,19.2,40 per pack,
lau,1,16,13224328,Ka 4-in-1 Laundry Capsules Detergent Refill,29.9,54 per pack,
lau,1,17,13287091,Ka 4in1 Laundry Capsules Bundle - Anti-Bacterial,34.9,100 per pack,
lau,1,18,13239714,Dynamo Laundry Detergent Refill - Anti-Bacterial,12.9,3kg,
lau,1,19,13278077,FairPrice Laundry Capsules Refill - Gardenia,19.2,40 per pack,
lau,1,20,13187764,FairPrice Laundry Liquid Detergent - Colour Care,3.82,1.8L,
macaroon,1,1,337700,San Remo Pasta - Elbows,2.25,500g,Halal
macaroon,1,2,12321979,Naturel Organic Pasta - Macaroni,3.56,500g,Organic
macaroon,1,3,13165422,Barilla Italian Pasta - Chifferi Elbows,3.88,500g,Halal
macaroon,1,4,13224690,San Remo 3 Mins Quick Cook Macaroni,2.25,500g,Halal
macaroon,1,5,337718,San Remo Pasta - Macaroni,2.25,500g,
macaroon,1,6,10601723,San Remo Pasta - Large Shells,2.25,500g,
macaroon,1,7,13097839,Maggi 5-Minute Instant Cup Pasta - Swiss Cheese Macaroni,2.67,63g,
macaroon,1,8,13083276,Prego Pasta - Macaroni,2.0,500g,Halal
macaroon,1,9,13096830,Maggi 5-Minute Instant Cup Pasta - Carbonara Cream Macaroni,2.67,63g,
macaroon,1,10,13026146,Alce Nero Organic Durum Wheat Pasta - Macaroni,3.41,500g,Halal
macaroon,1,11,13260795,San Remo Pasta - Casarecce,2.25,500g,Halal
macaroon,1,12,13165424,Barilla Italian Pasta - Maccheroni,3.88,500g,Halal
macaroon,1,13,1,La Molisana Maccheroni Pasta,3.63,500 G,
macaroon,1,14,13266085,Good Today Macaroni,2.45,500g,
macaroon,1,15,12712012,Maggi 5-Minute Instant Cup Pasta - Carbonara Cream Macaroni,18.8,8 x 63g (CTN),
macaroon,1,16,12712013,Maggi 5-Minute Instant Cup Pasta - Swiss Cheese Macaroni,18.8,8 x 63g (CTN),
macaroon,1,17,90212463,La Molisana Orecchiette Pugliesi N.30,3.63,500 G,
macaroon,1,18,90200624,La Molisana Caserecce Molisane N.29,3.63,500 G,
macaroon,1,19,90252483,MTRADE 12 Inch Standard Latex Balloon Macaron Colours,6.9,50 S,
macaroon,1,20,90211152,Disposable Tablecloth - Macaron Blue,3.24,1 S,
mcdouble,1,1,13097846,Double FP Thai Hom Mali Premium Quality Fragrant Rice,12.3,5kg,
mcdouble,1,2,13021571,Darlie Double Action Freshness Toothpaste - Fresh + Clean,7.85,3 x 200g,
mcdouble,1,3,13098940,Double FP Thai Hom Mali Premium Quality Fragrant Rice,20.3,10kg,
mcdouble,1,4,13162990,Chipsmore Cookies Multipack - Double Chocolate,4.45,224g,Halal
mcdouble,1,5,13206087,Darlie Double Action Freshness Toothpaste - Fresh + Clean,10.9,4 x 175g,
mcdouble,1,6,12161311,Double Decker Crackers - Chicken (Mini Packs),2.78,10 x 10g,
mcdouble,1,7,13278601,Magnum Ice Cream - Double Cherry,12.11,3 x 85ml,
mcdouble,1,8,12161303,Double Decker Crackers - Prawn (Mini Packs),2.78,10 x 15g,
mcdouble,1,9,12403819,Meiji Yan Yan Stick Biscuits - Tsukebo Chocolate (Double Dip),1.37,48g,
mcdouble,1,10,278615,Double Pagoda Sesame Oil - Pure,4.64,250ml,
mcdouble,1,11,11229003,Meiji Hello Panda Biscuits - Double Chocolate,6.67,234g (9 x 26g),
mcdouble,1,12,10312497,Double A Premium A4 Paper - 80gsm,7.03,500 per pack,
mcdouble,1,13,13086267,Double FP Thai Hom Mali Premium Quality Fragrant Rice - New Crop,12.95,5kg,
mcdouble,1,14,13088145,Chipsmore Cookies - Double Chocolate,2.0,135g,Halal
mcdouble,1,15,13025139,Sofsil Fabric Softener Refill - Double-Action,2.59,1.5L,
mcdouble,1,16,278590,Double Pagoda Sesame Oil - Pure,3.25,150ml,
mcdouble,1,17,13097847,Double FP Thai Hom Mali Premium Quality Fragrant Rice,3.55,1kg,
mcdouble,1,18,550352,Ziploc Double Zipper Storage Bags - Jumbo,9.48,8 per pack,
mcdouble,1,19,13098979,Double FP Thai Hom Mali Premium Quality Fragrant Rice,7.45,2.5kg,
mcdouble,1,20,13290039,Winnie Compact Foldable Umbrella (Double-Side Printing),49.9,1 per pack,
mary,1,1,90248466,Mary St Sydney Dry Gin,92.5,1 L,
mary,1,2,90248513,Mary St Raspberry Gin Liqueur,59.0,1 L,
mary,1,3,90222291,Catch Seafood Crab Cake Maryland,14.89,448 G,
mary,1,4,90248505,"Mary St Citrus Gin,",92.5,1 L,
mary,1,5,90023162,Master of Mixes Classic Bloody Mary Mixer,15.14,1 L,
mary,1,6,11039816,ThyGrace Marketing Honey Cherry Tomato,2.45,200g,
mary,1,7,11520415,Marigold Packet Drink - Chrysanthemum Tea (LessSweet),8.8,24 x 250ml (CTN),Halal
mary,1,8,11520466,Marigold Packet Drink - Lemon Barley (Less Sweet),8.8,24 x 250ml (CTN),Halal
mary,1,9,12705960,Marigold Packet Drink - Ice Peach Tea (Less Sweet),9.95,24 x 250ml (CTN),Halal
mary,1,10,12709540,Marigold Packet Drink - Jasmine Green Tea (Less Sweet),8.8,24 x 250ml (CTN),Halal
mary,1,11,12707647,Marigold Packet Drink - Soya Bean (Less Sweet),9.95,24 x 250ml (CTN),Halal
mary,1,12,11048157,Marigold Packet Drink - Lychee (Less Sweet),9.95,24 x 250ml (CTN),Halal
mary,1,13,12709289,Marigold Packet Drink - Soya Bean (Less Sweet),17.65,12 x 1L (CTN),Halal
mary,1,14,90110551,Aw's Market Fresh Malaysian Pork Big Spare Ribs,7.0,300 G,
mary,1,15,90018634,Aw's Market Whole Chicken Cut,10.56,1100 G,
mary,1,16,90018616,Aw's Market Fresh Asian Seabass Fillet,7.56,250 G,
mary,1,17,90134679,Aw's Market Chicken Breast (Skinless),3.9,200 G,
mary,1,18,90160955,"Agro Fresh Hairy Gourd (Marrow, Fuzzy Squash)",2.98,550 G,
mary,1,19,90018603,Aw's Market Fresh Australia Pork Loin Boneless,5.59,300 G,
mary,1,20,90018590,Aw's Market Fresh Australia Pork Collar,6.0,300 G,
limas,1,1,178914,Cap Limau Fried Shallot Crisps,2.95,200g,
limas,1,2,454744,Cap Limau Yu Yee Medicated Oil,3.18,10ml,
limas,1,3,13220998,Dr Beckmann Limescale Remover,7.9,500ml,
limas,1,4,12109441,Cap Limau Breadcrumbs,5.85,1kg,Halal
limas,1,5,178972,Cap Limau Chilli Paste,1.68,500g,Halal
limas,1,6,178948,Cap Limau Kentucky All Purpose Seasoned Flour,1.4,200g,Halal
limas,1,7,13189412,Liease Blaune Creamy Foam Color - 1NM Natural Matt Ash,20.27,1 per pack,
limas,1,8,12258682,Safi Anti Dandruff Shampoo - Limau Purut & Serai,6.01,360ml,
limas,1,9,90020865,Cif Perfect Finish Limescale Remover,7.9,435 ML,
limas,1,10,90035054,Uncle Lim's Choice Vegetable Spring Roll (L),5.5,600 G,
limas,1,11,90035053,Uncle Lim's Choice Vegetable Spring Roll (S),5.0,400 G,
limas,1,12,90035052,Uncle Lim's Choice Curry Potato Samosa,5.0,400 G,
limas,1,13,90035055,Uncle Lim's Choice Imitation Abalone Sliced With Sauce,6.46,300 G,
limas,1,14,90053658,Cap Limau Yu Yee Oil 48 ML - By Medic Drugstore,10.85,48 ML,
limas,1,15,90241440,Magic Amah Taiwan Limescale Killer Spray,5.9,1 S,
limas,1,16,90113975,Cap Limau Yu Yee Oil,7.25,22 ML,
limas,1,17,90251329,The Hidden Sea - Shiraz - Limestone Coast - Red Wine,45.6,750 ML,
limas,1,18,90214838,Baking Soda for Appliance Descaler / Limescale Remover,5.5,240 G,
limas,1,19,90136168,Cap Limau Yu Yee Oil,60.55,12 x 10 ML,
brains,1,1,13108290,US Clinicals Strong Brain Kids - Brain & Memory Booster,37.59,60 per pack,
brains,1,2,13231117,Kordel's Care for Brain Vegetal Capsules,62.3,60 per pack,
brains,1,3,90034362,MTRADE Mini Geduldspiele Cube Brain Teasers,15.9,24 S,
brains,1,4,90038864,Holistic Way Premium Brain Food Ginkgo DHA,42.0,60 S,
brains,1,5,90244868,BioFinest Super Mushrooms Brain Energy Immune & Gut Health,19.95,90 S,
brains,1,6,90185348,Biofinest Ginkgo Biloba Brain Gummy Supplement Vitamin B C D,19.95,60 S,
brains,1,7,90121892,EC Sports Neuro+ Brain Boost Memory Supplement,59.9,130 G,
brains,1,8,90112775,LABO Nutrition OmaxPure Omega 3 DHA Fish Oil - Brain Support,49.9,120 S,
brains,1,9,90112774,LABO Nutrition Kids DHA Brain & Bone Burstlets,38.9,135 S,
brains,1,10,90251965,Biofinest Brain Focus Bacopa Lions Mane Soft Chews,29.95,60 S,
brains,1,11,90205073,Brain Booster Supplement Vitamin Ginkgo Ashwagandha Focus,29.95,90 S,
brains,1,12,90249792,The Good Vitamin Good Brain Pouch,16.1,28 S,
brains,1,13,90100670,"AFC Japan Vitamin B Complex – Energy, Brain & Skin Support",12.6,30 S,
brains,1,14,90156640,Green Earth Green Earth Healthy Brain Herbal Soup,9.9,137 G,
brains,1,15,90070182,Earth's Creation Brain Booster Focus Fuel Bacopa Kids,39.5,60 S,
brains,1,16,90081269,The Foodiepedia Kids TCM Herbal Soup - Brain Tonifying Soup,7.9,1 G,
brains,1,17,13055480,Narcissus Can Food - Braised Peanuts,0.86,170g,
brains,1,18,747769,Mili Braised Peanuts,0.75,170g,
brains,1,19,11925914,AAA Braised Peanuts,0.76,170g,Halal
brains,1,20,11245441,Companion Can Food - Braised Vegetarian Abalone,2.2,285g,Halal
lion,1,1,13074189,Magiclean Pipe & Sink Cleaner,7.03,500ml,
lion,1,2,13094610,Lion Pipeman Concentrated Declogging Gel - Sink & Drain,6.37,450ml,
lion,1,3,90016069,Lion Japan Kitchen Paper Rolls Pack,24.1,2 S,
lion,1,4,13075253,Magiclean Pipe & Sink Cleaner Refill,5.6,500ml,
lion,1,5,90217826,Lion Soflan Dryer Soflan,10.8,25 S,
lion,1,6,90167912,Dodomu Cartoon Shower Cap - Lion,4.4,1 S,
lion,1,7,13228516,Lion Dance Chao Shan Beef Balls - Original,13.6,400g,
lion,1,8,90158792,El-Dina Chicken Bakso (Meat Ball) Halal - Frozen,4.45,300 G,Halal
lion,1,9,13111479,Golden Lion Brand Rice Stick (Kuey Teow),2.8,500g,Halal
lion,1,10,13078158,Golden Lion Brand Rice Vermicelli,2.8,500g,Halal
lion,1,11,90158793,EL-Dina Beef Bakso (Meat Ball) Halal - Frozen,4.45,300 G,Halal
lion,1,12,70227,Tai Sun Rice Vermicelli,1.2,400g,Halal
lion,1,13,13078153,Golden Lion Brand - Thai Rice Vermicelli,1.55,400g,Halal
lion,1,14,13191912,Brass Lion Butterfly Pea Gin,110.01,500ml,
lion,1,15,90148353,Chateau La Louvire Les Lions de la Louvire Red Wine,46.8,750 ML,
lion,1,16,13191913,Brass Lion Singapore Dry Gin,98.91,500ml,
lion,1,17,90111264,Pearlie White Kids Toothbrush Singa Lion,5.7,1 S,
lion,1,18,13276715,Daou Soul of a Lion Cabernet Sauvignon Red Wine,225.0,750ml,
lion,1,19,13246799,Brass Lion Navy Strength Gin,118.0,500ml,
lion,1,20,13191910,Brass Lion Pahit Pink Gin,109.0,500ml,
lion,1,21,13294459,Chateau Lion De Fleur De Bouard Bordeaux Blend Red Wine,60.0,750ml,
lion,1,22,90165194,Sweet Home Stereoscopic Animals Hand Towel - Grey Sea Lion,6.0,1 S,
lion,1,23,90142107,"Now Foods Lion's Mane 500 mg, Super Mushroom",41.9,60 S,
lion,1,24,90145578,Lucky Baby Smart System Foldable Safety Play Yard - Lion,299.0,1 S,
lion,1,25,90251570,LEGO 31386 Creator Wild Animals Majestic Lion,99.9,1 S,
